juris_id,ecozone,canfi_species,genus,species,variety,a,b,k,cap,volm,count,rmse
AB,4,100,PICE,SPP,NA,99.99999999,-1.36992495,0.8955708015,1.6735619313,509.04072206,20,0.04714614369999999
AB,4,101,PICE,MAR,NA,2.5578459249,-0.419600601,0.5,2.3881899193,27.484256527,2,NA
AB,4,105,PICE,GLA,NA,99.99999999,-1.36992495,0.8955708015,1.6735619313,509.04072206,20,0.04714614369999999
AB,4,200,PINU,SPP,NA,99.99999999,-1.49678421,0.9345147449,1.1590154105,322.9076603,11,0.0198199685
AB,4,203,PINU,BAN,NA,99.99999999,-1.49678421,0.9345147449,1.1590154105,322.9076603,11,0.0198199685
AB,4,204,PINU,CON,NA,99.99999999,-1.49678421,0.9345147449,1.1590154105,322.9076603,11,0.0198199685
AB,4,204,PINU,CON,LAT,99.99999999,-1.49678421,0.9345147449,1.1590154105,322.9076603,11,0.0198199685
AB,4,206,PINU,ALB,NA,14.303240356,-0.62988058,0.3984527681,5.4123235993,377.89513718,19,0.098253808
AB,4,216,PINU,MUR,NA,99.99999999,-1.442567232,0.904534462,1.3543925338,322.9076603,12,0.02404520279999999
AB,4,300,ABIE,SPP,NA,1.3500229781,-0.057247049,1e-8,1.2868662935,423.80330269,19,0.0760513066
AB,4,302,ABIE,BAL,NA,1.3500229781,-0.057247049,1e-8,1.2868662935,423.80330269,19,0.0760513066
AB,4,500,PSEU,MEN,NA,4.6939618767,-0.624615236,0.8207506994,1.1935257787,477.87548132,12,0.0252206422
AB,4,500,PSEU,MEN,MEN,4.6939618767,-0.624615236,0.8207506994,1.1935257787,477.87548132,12,0.0252206422
AB,4,500,PSEU,MEN,GLA,4.6939618767,-0.624615236,0.8207506994,1.1935257787,477.87548132,12,0.0252206422
AB,4,500,PSEU,SPP,NA,4.6939618767,-0.624615236,0.8207506994,1.1935257787,477.87548132,12,0.0252206422
AB,4,600,LARI,SPP,NA,2.4231023081,-0.527469778,0.9455645849,2.0186454098,199.53544906,8,0.0573144306
AB,4,601,LARI,DEC,NA,2.4231023081,-0.527469778,0.9455645849,2.0186454098,199.53544906,8,0.0573144306
AB,4,602,LARI,LAR,NA,2.4231023081,-0.527469778,0.9455645849,2.0186454098,199.53544906,8,0.0573144306
AB,4,603,LARI,OCC,NA,10.744989083,-0.46301133,0.1744027789,4.3921293665,795.06432589,34,0.1634903799
AB,4,1200,POPU,SPP,NA,19.949369626,-0.933149241,0.8055462475,2.6637404404,451.73612404,19,0.0683497672
AB,4,1201,POPU,TRE,NA,19.949369626,-0.933149241,0.8055462475,2.6637404404,451.73612404,19,0.0683497672
AB,4,1203,POPU,BAL,NA,1.0656577617,-0.011628762,1e-8,1.0165328822,364.49530193,9,0.0076530796
AB,4,1203,POPU,BAL,BAL,1.0656577617,-0.011628762,1e-8,1.0165328822,364.49530193,9,0.0076530796
AB,4,1204,POPU,TRI,NA,1.0656577617,-0.011628762,1e-8,1.0165328822,364.49530193,9,0.0076530796
AB,4,1205,POPU,DEL,NA,1.0656577617,-0.011628762,1e-8,1.0165328822,364.49530193,9,0.0076530796
AB,4,1205,POPU,DEL,DEL,1.0656577617,-0.011628762,1e-8,1.0165328822,364.49530193,9,0.0076530796
AB,4,1214,POPU,AGU,NA,1.0656577617,-0.011628762,1e-8,1.0165328822,364.49530193,9,0.0076530796
AB,4,1303,BETU,PAP,PAP,24.782425941,-0.778651784,0.2688077901,2.9193162287,217.08427507,6,0.2030558509
AB,4,1303,BETU,PAP,NA,24.782425941,-0.778651784,0.2688077901,2.9193162287,217.08427507,6,0.2030558509
AB,5,100,PICE,SPP,NA,1.2877105535,-0.042899264,1e-8,1.228879116,658.35024885,32,0.05123424079999999
AB,5,101,PICE,MAR,NA,11.657793836,-0.493473745,0.0607439165,5.2418972533,392.98012476,20,0.0730047875
AB,5,105,PICE,GLA,NA,1.2877105535,-0.042899264,1e-8,1.228879116,658.35024885,32,0.05123424079999999
AB,5,200,PINU,SPP,NA,24.127518384,-0.822585886,0.6795653135,7.7179642721,643.08305851,33,0.0808013776
AB,5,203,PINU,BAN,NA,14.508758905,-1.043240677,0.9305086259,4.548556252,228.61569283,12,0.0538285134
AB,5,204,PINU,CON,LAT,24.127518384,-0.822585886,0.6795653135,7.7179642721,643.08305851,33,0.0808013776
AB,5,204,PINU,CON,NA,24.127518384,-0.822585886,0.6795653135,7.7179642721,643.08305851,33,0.0808013776
AB,5,216,PINU,MUR,NA,23.180830851,-0.855144261,0.7492695982,7.3114374716,643.08305851,33,0.05654215929999999
AB,5,300,ABIE,SPP,NA,1.3500229781,-0.057247049,1e-8,1.2868662935,423.80330269,19,0.0760513066
AB,5,302,ABIE,BAL,NA,1.3500229781,-0.057247049,1e-8,1.2868662935,423.80330269,19,0.0760513066
AB,5,500,PSEU,MEN,NA,4.6939618767,-0.624615236,0.8207506994,1.1935257787,477.87548132,12,0.0252206422
AB,5,500,PSEU,MEN,MEN,4.6939618767,-0.624615236,0.8207506994,1.1935257787,477.87548132,12,0.0252206422
AB,5,500,PSEU,MEN,GLA,4.6939618767,-0.624615236,0.8207506994,1.1935257787,477.87548132,12,0.0252206422
AB,5,500,PSEU,SPP,NA,4.6939618767,-0.624615236,0.8207506994,1.1935257787,477.87548132,12,0.0252206422
AB,5,600,LARI,SPP,NA,2.4231023081,-0.527469778,0.9455645849,2.0186454098,199.53544906,8,0.0573144306
AB,5,601,LARI,DEC,NA,2.4231023081,-0.527469778,0.9455645849,2.0186454098,199.53544906,8,0.0573144306
AB,5,602,LARI,LAR,NA,2.4231023081,-0.527469778,0.9455645849,2.0186454098,199.53544906,8,0.0573144306
AB,5,1200,POPU,SPP,NA,8.7372930301,-0.662743733,0.7158536827,4.1107421991,802.89670489,33,0.0842272209
AB,5,1201,POPU,TRE,NA,8.7372930301,-0.662743733,0.7158536827,4.1107421991,802.89670489,33,0.0842272209
AB,5,1203,POPU,BAL,BAL,1.6864362939,-0.104293488,1e-8,1.5402607704,504.07910798,24,0.1176998073
AB,5,1203,POPU,BAL,NA,1.6864362939,-0.104293488,1e-8,1.5402607704,504.07910798,24,0.1176998073
AB,5,1204,POPU,TRI,NA,1.6864362939,-0.104293488,1e-8,1.5402607704,504.07910798,24,0.1176998073
AB,5,1205,POPU,DEL,DEL,1.6864362939,-0.104293488,1e-8,1.5402607704,504.07910798,24,0.1176998073
AB,5,1205,POPU,DEL,NA,1.6864362939,-0.104293488,1e-8,1.5402607704,504.07910798,24,0.1176998073
AB,5,1214,POPU,AGU,NA,1.6864362939,-0.104293488,1e-8,1.5402607704,504.07910798,24,0.1176998073
AB,5,1303,BETU,PAP,NA,24.782425941,-0.778651784,0.2688077901,2.9193162287,217.08427507,6,0.2030558509
AB,5,1303,BETU,PAP,PAP,24.782425941,-0.778651784,0.2688077901,2.9193162287,217.08427507,6,0.2030558509
AB,6,100,PICE,SPP,NA,1.2877105535,-0.042899264,1e-8,1.228879116,658.35024885,32,0.05123424079999999
AB,6,101,PICE,MAR,NA,11.657793836,-0.493473745,0.0607439165,5.2418972533,392.98012476,20,0.0730047875
AB,6,105,PICE,GLA,NA,1.2877105535,-0.042899264,1e-8,1.228879116,658.35024885,32,0.05123424079999999
AB,6,200,PINU,SPP,NA,24.127518384,-0.822585886,0.6795653135,7.7179642721,643.08305851,33,0.0808013776
AB,6,203,PINU,BAN,NA,14.508758905,-1.043240677,0.9305086259,4.548556252,228.61569283,12,0.0538285134
AB,6,204,PINU,CON,LAT,24.127518384,-0.822585886,0.6795653135,7.7179642721,643.08305851,33,0.0808013776
AB,6,204,PINU,CON,NA,24.127518384,-0.822585886,0.6795653135,7.7179642721,643.08305851,33,0.0808013776
AB,6,216,PINU,MUR,NA,23.180830851,-0.855144261,0.7492695982,7.3114374716,643.08305851,33,0.05654215929999999
AB,6,300,ABIE,SPP,NA,1.3500229781,-0.057247049,1e-8,1.2868662935,423.80330269,19,0.0760513066
AB,6,302,ABIE,BAL,NA,1.3500229781,-0.057247049,1e-8,1.2868662935,423.80330269,19,0.0760513066
AB,6,500,PSEU,MEN,NA,4.6939618767,-0.624615236,0.8207506994,1.1935257787,477.87548132,12,0.0252206422
AB,6,500,PSEU,MEN,GLA,4.6939618767,-0.624615236,0.8207506994,1.1935257787,477.87548132,12,0.0252206422
AB,6,500,PSEU,MEN,MEN,4.6939618767,-0.624615236,0.8207506994,1.1935257787,477.87548132,12,0.0252206422
AB,6,500,PSEU,SPP,NA,4.6939618767,-0.624615236,0.8207506994,1.1935257787,477.87548132,12,0.0252206422
AB,6,600,LARI,SPP,NA,2.4231023081,-0.527469778,0.9455645849,2.0186454098,199.53544906,8,0.0573144306
AB,6,601,LARI,DEC,NA,2.4231023081,-0.527469778,0.9455645849,2.0186454098,199.53544906,8,0.0573144306
AB,6,602,LARI,LAR,NA,2.4231023081,-0.527469778,0.9455645849,2.0186454098,199.53544906,8,0.0573144306
AB,6,1200,POPU,SPP,NA,8.7372930301,-0.662743733,0.7158536827,4.1107421991,802.89670489,33,0.0842272209
AB,6,1201,POPU,TRE,NA,8.7372930301,-0.662743733,0.7158536827,4.1107421991,802.89670489,33,0.0842272209
AB,6,1203,POPU,BAL,BAL,1.6864362939,-0.104293488,1e-8,1.5402607704,504.07910798,24,0.1176998073
AB,6,1203,POPU,BAL,NA,1.6864362939,-0.104293488,1e-8,1.5402607704,504.07910798,24,0.1176998073
AB,6,1204,POPU,TRI,NA,1.6864362939,-0.104293488,1e-8,1.5402607704,504.07910798,24,0.1176998073
AB,6,1205,POPU,DEL,NA,1.6864362939,-0.104293488,1e-8,1.5402607704,504.07910798,24,0.1176998073
AB,6,1205,POPU,DEL,DEL,1.6864362939,-0.104293488,1e-8,1.5402607704,504.07910798,24,0.1176998073
AB,6,1214,POPU,AGU,NA,1.6864362939,-0.104293488,1e-8,1.5402607704,504.07910798,24,0.1176998073
AB,6,1303,BETU,PAP,NA,24.782425941,-0.778651784,0.2688077901,2.9193162287,217.08427507,6,0.2030558509
AB,6,1303,BETU,PAP,PAP,24.782425941,-0.778651784,0.2688077901,2.9193162287,217.08427507,6,0.2030558509
AB,9,100,PICE,SPP,NA,1.2877105535,-0.042899264,1e-8,1.228879116,658.35024885,32,0.05123424079999999
AB,9,101,PICE,MAR,NA,11.657793836,-0.493473745,0.0607439165,5.2418972533,392.98012476,20,0.0730047875
AB,9,104,PICE,ENG,GLA,1.2379278978,-0.032741871,1e-8,1.0912938108,344.45976567,11,0.01259299449999999
AB,9,104,PICE,ENG,NA,1.2379278978,-0.032741871,1e-8,1.0912938108,344.45976567,11,0.01259299449999999
AB,9,105,PICE,GLA,NA,1.2877105535,-0.042899264,1e-8,1.228879116,658.35024885,32,0.05123424079999999
AB,9,109,PICE,SPP,NA,1.2877105535,-0.042899264,1e-8,1.228879116,658.35024885,32,0.05123424079999999
AB,9,200,PINU,SPP,NA,24.127518384,-0.822585886,0.6795653135,7.7179642721,643.08305851,33,0.0808013776
AB,9,203,PINU,BAN,NA,14.508758905,-1.043240677,0.9305086259,4.548556252,228.61569283,12,0.0538285134
AB,9,204,PINU,CON,NA,24.127518384,-0.822585886,0.6795653135,7.7179642721,643.08305851,33,0.0808013776
AB,9,204,PINU,CON,LAT,24.127518384,-0.822585886,0.6795653135,7.7179642721,643.08305851,33,0.0808013776
AB,9,206,PINU,ALB,NA,14.303240356,-0.62988058,0.3984527681,5.4123235993,377.89513718,19,0.098253808
AB,9,216,PINU,MUR,NA,23.180830851,-0.855144261,0.7492695982,7.3114374716,643.08305851,33,0.05654215929999999
AB,9,300,ABIE,SPP,NA,1.3500229781,-0.057247049,1e-8,1.2868662935,423.80330269,19,0.0760513066
AB,9,302,ABIE,BAL,NA,1.3500229781,-0.057247049,1e-8,1.2868662935,423.80330269,19,0.0760513066
AB,9,304,ABIE,LAS,NA,1.3500229781,-0.057247049,1e-8,1.2868662935,423.80330269,19,0.0760513066
AB,9,305,ABIE,MX2,NA,1.3500229781,-0.057247049,1e-8,1.2868662935,423.80330269,19,0.0760513066
AB,9,306,ABIE,MIX,NA,1.3500229781,-0.057247049,1e-8,1.2868662935,423.80330269,19,0.0760513066
AB,9,500,PSEU,MEN,MEN,4.6939618767,-0.624615236,0.8207506994,1.1935257787,477.87548132,12,0.0252206422
AB,9,500,PSEU,MEN,GLA,4.6939618767,-0.624615236,0.8207506994,1.1935257787,477.87548132,12,0.0252206422
AB,9,500,PSEU,MEN,NA,4.6939618767,-0.624615236,0.8207506994,1.1935257787,477.87548132,12,0.0252206422
AB,9,500,PSEU,SPP,NA,4.6939618767,-0.624615236,0.8207506994,1.1935257787,477.87548132,12,0.0252206422
AB,9,600,LARI,SPP,NA,2.4231023081,-0.527469778,0.9455645849,2.0186454098,199.53544906,8,0.0573144306
AB,9,601,LARI,DEC,NA,2.4231023081,-0.527469778,0.9455645849,2.0186454098,199.53544906,8,0.0573144306
AB,9,602,LARI,LAR,NA,2.4231023081,-0.527469778,0.9455645849,2.0186454098,199.53544906,8,0.0573144306
AB,9,603,LARI,OCC,NA,10.744989083,-0.46301133,0.1744027789,4.3921293665,795.06432589,34,0.1634903799
AB,9,604,LARI,LYA,NA,2.4231023081,-0.527469778,0.9455645849,2.0186454098,199.53544906,8,0.0573144306
AB,9,1150,UNKN,SPP,NA,15.285302617,-0.725116796,0.6564656383,5.6783869873,658.35024885,33,0.077327055
AB,9,1200,POPU,SPP,NA,8.7372930301,-0.662743733,0.7158536827,4.1107421991,802.89670489,33,0.0842272209
AB,9,1201,POPU,TRE,NA,8.7372930301,-0.662743733,0.7158536827,4.1107421991,802.89670489,33,0.0842272209
AB,9,1203,POPU,BAL,NA,1.6864362939,-0.104293488,1e-8,1.5402607704,504.07910798,24,0.1176998073
AB,9,1203,POPU,BAL,BAL,1.6864362939,-0.104293488,1e-8,1.5402607704,504.07910798,24,0.1176998073
AB,9,1204,POPU,TRI,NA,1.6864362939,-0.104293488,1e-8,1.5402607704,504.07910798,24,0.1176998073
AB,9,1205,POPU,DEL,NA,1.6864362939,-0.104293488,1e-8,1.5402607704,504.07910798,24,0.1176998073
AB,9,1205,POPU,DEL,DEL,1.6864362939,-0.104293488,1e-8,1.5402607704,504.07910798,24,0.1176998073
AB,9,1214,POPU,AGU,NA,1.6864362939,-0.104293488,1e-8,1.5402607704,504.07910798,24,0.1176998073
AB,9,1303,BETU,PAP,PAP,24.782425941,-0.778651784,0.2688077901,2.9193162287,217.08427507,6,0.2030558509
AB,9,1303,BETU,PAP,NA,24.782425941,-0.778651784,0.2688077901,2.9193162287,217.08427507,6,0.2030558509
AB,9,1404,ACER,NEG,NA,24.782425941,-0.778651784,0.2688077901,2.9193162287,217.08427507,6,0.2030558509
AB,9,1500,GENH,SPP,NA,24.782425941,-0.778651784,0.2688077901,2.9193162287,217.08427507,6,0.2030558509
AB,9,1550,GENH,SPP,NA,24.782425941,-0.778651784,0.2688077901,2.9193162287,217.08427507,6,0.2030558509
AB,9,3500,SALI,SPP,NA,22.613650576,-1.273999178,0.9814423067,1.996000608,496.33000001,23,0.0134739097
AB,9,3508,SALI,DIS,NA,22.613650576,-1.273999178,0.9814423067,1.996000608,496.33000001,23,0.0134739097
AB,10,100,PICE,SPP,NA,1.2877105535,-0.042899264,1e-8,1.228879116,658.35024885,32,0.05123424079999999
AB,10,101,PICE,MAR,NA,11.657793836,-0.493473745,0.0607439165,5.2418972533,392.98012476,20,0.0730047875
AB,10,104,PICE,ENG,GLA,1.2877105535,-0.042899264,1e-8,1.228879116,658.35024885,32,0.05123424079999999
AB,10,104,PICE,ENG,NA,1.2877105535,-0.042899264,1e-8,1.228879116,658.35024885,32,0.05123424079999999
AB,10,105,PICE,GLA,NA,1.2877105535,-0.042899264,1e-8,1.228879116,658.35024885,32,0.05123424079999999
AB,10,200,PINU,SPP,NA,24.127518384,-0.822585886,0.6795653135,7.7179642721,643.08305851,33,0.0808013776
AB,10,203,PINU,BAN,NA,14.508758905,-1.043240677,0.9305086259,4.548556252,228.61569283,12,0.0538285134
AB,10,204,PINU,CON,LAT,24.127518384,-0.822585886,0.6795653135,7.7179642721,643.08305851,33,0.0808013776
AB,10,204,PINU,CON,NA,24.127518384,-0.822585886,0.6795653135,7.7179642721,643.08305851,33,0.0808013776
AB,10,213,PINU,FLE,NA,14.303240356,-0.62988058,0.3984527681,5.4123235993,377.89513718,19,0.098253808
AB,10,216,PINU,MUR,NA,23.180830851,-0.855144261,0.7492695982,7.3114374716,643.08305851,33,0.05654215929999999
AB,10,300,ABIE,SPP,NA,1.3500229781,-0.057247049,1e-8,1.2868662935,423.80330269,19,0.0760513066
AB,10,302,ABIE,BAL,NA,1.3500229781,-0.057247049,1e-8,1.2868662935,423.80330269,19,0.0760513066
AB,10,304,ABIE,LAS,NA,1.3500229781,-0.057247049,1e-8,1.2868662935,423.80330269,19,0.0760513066
AB,10,500,PSEU,MEN,MEN,4.6939618767,-0.624615236,0.8207506994,1.1935257787,477.87548132,12,0.0252206422
AB,10,500,PSEU,MEN,GLA,4.6939618767,-0.624615236,0.8207506994,1.1935257787,477.87548132,12,0.0252206422
AB,10,500,PSEU,MEN,NA,4.6939618767,-0.624615236,0.8207506994,1.1935257787,477.87548132,12,0.0252206422
AB,10,500,PSEU,SPP,NA,4.6939618767,-0.624615236,0.8207506994,1.1935257787,477.87548132,12,0.0252206422
AB,10,600,LARI,SPP,NA,2.4231023081,-0.527469778,0.9455645849,2.0186454098,199.53544906,8,0.0573144306
AB,10,602,LARI,LAR,NA,2.4231023081,-0.527469778,0.9455645849,2.0186454098,199.53544906,8,0.0573144306
AB,10,604,LARI,LYA,NA,2.4231023081,-0.527469778,0.9455645849,2.0186454098,199.53544906,8,0.0573144306
AB,10,1150,UNKN,SPP,NA,15.285302617,-0.725116796,0.6564656383,5.6783869873,658.35024885,33,0.077327055
AB,10,1200,POPU,SPP,NA,8.7372930301,-0.662743733,0.7158536827,4.1107421991,802.89670489,33,0.0842272209
AB,10,1201,POPU,TRE,NA,8.7372930301,-0.662743733,0.7158536827,4.1107421991,802.89670489,33,0.0842272209
AB,10,1203,POPU,BAL,BAL,1.6864362939,-0.104293488,1e-8,1.5402607704,504.07910798,24,0.1176998073
AB,10,1203,POPU,BAL,NA,1.6864362939,-0.104293488,1e-8,1.5402607704,504.07910798,24,0.1176998073
AB,10,1204,POPU,TRI,NA,1.6864362939,-0.104293488,1e-8,1.5402607704,504.07910798,24,0.1176998073
AB,10,1205,POPU,DEL,DEL,1.6864362939,-0.104293488,1e-8,1.5402607704,504.07910798,24,0.1176998073
AB,10,1205,POPU,DEL,NA,1.6864362939,-0.104293488,1e-8,1.5402607704,504.07910798,24,0.1176998073
AB,10,1214,POPU,AGU,NA,1.6864362939,-0.104293488,1e-8,1.5402607704,504.07910798,24,0.1176998073
AB,10,1303,BETU,PAP,PAP,24.782425941,-0.778651784,0.2688077901,2.9193162287,217.08427507,6,0.2030558509
AB,10,1303,BETU,PAP,NA,24.782425941,-0.778651784,0.2688077901,2.9193162287,217.08427507,6,0.2030558509
AB,10,1404,ACER,NEG,NA,8.209286639,-0.937604084,0.9441136339,2.1757055543,509.09,24,0.02533570359999999
AB,10,1550,GENH,SPP,NA,24.782425941,-0.778651784,0.2688077901,2.9193162287,217.08427507,6,0.2030558509
AB,10,3500,SALI,SPP,NA,22.613650576,-1.273999178,0.9814423067,1.996000608,496.33000001,23,0.0134739097
AB,10,3508,SALI,DIS,NA,22.613650576,-1.273999178,0.9814423067,1.996000608,496.33000001,23,0.0134739097
AB,14,100,PICE,SPP,NA,95.025276625,-1.435452351,0.9417504845,1.3923992491,588.99654381,18,0.02287754989999999
AB,14,101,PICE,MAR,NA,11.657793836,-0.493473745,0.0607439165,5.2418972533,392.98012476,20,0.0730047875
AB,14,104,PICE,ENG,NA,95.025276625,-1.435452351,0.9417504845,1.3923992491,588.99654381,18,0.02287754989999999
AB,14,104,PICE,ENG,GLA,95.025276625,-1.435452351,0.9417504845,1.3923992491,588.99654381,18,0.02287754989999999
AB,14,105,PICE,GLA,NA,95.025276625,-1.435452351,0.9417504845,1.3923992491,588.99654381,18,0.02287754989999999
AB,14,109,PICE,SPP,NA,95.025276625,-1.435452351,0.9417504845,1.3923992491,588.99654381,18,0.02287754989999999
AB,14,200,PINU,SPP,NA,14.303240356,-0.62988058,0.3984527681,5.4123235993,377.89513718,19,0.098253808
AB,14,201,PINU,MON,NA,1.4902992256,-1e-8,1e-8,1.4902992067,1504.6814376,5,0.3948630429
AB,14,203,PINU,BAN,NA,14.303240356,-0.62988058,0.3984527681,5.4123235993,377.89513718,19,0.098253808
AB,14,204,PINU,CON,NA,14.303240356,-0.62988058,0.3984527681,5.4123235993,377.89513718,19,0.098253808
AB,14,204,PINU,CON,LAT,14.303240356,-0.62988058,0.3984527681,5.4123235993,377.89513718,19,0.098253808
AB,14,206,PINU,ALB,NA,14.303240356,-0.62988058,0.3984527681,5.4123235993,377.89513718,19,0.098253808
AB,14,213,PINU,FLE,NA,14.303240356,-0.62988058,0.3984527681,5.4123235993,377.89513718,19,0.098253808
AB,14,216,PINU,MUR,NA,14.303240356,-0.62988058,0.3984527681,5.4123235993,377.89513718,19,0.098253808
AB,14,217,PINU,ALB,FLE,14.303240356,-0.62988058,0.3984527681,5.4123235993,377.89513718,19,0.098253808
AB,14,300,ABIE,SPP,NA,1.3500229781,-0.057247049,1e-8,1.2868662935,423.80330269,19,0.0760513066
AB,14,302,ABIE,BAL,NA,1.3500229781,-0.057247049,1e-8,1.2868662935,423.80330269,19,0.0760513066
AB,14,304,ABIE,LAS,NA,1.3500229781,-0.057247049,1e-8,1.2868662935,423.80330269,19,0.0760513066
AB,14,306,ABIE,MIX,NA,1.3500229781,-0.057247049,1e-8,1.2868662935,423.80330269,19,0.0760513066
AB,14,402,TSUG,HET,NA,11.488415038,-0.636861524,0.7089974287,5.0126293064,2781.2295939,46,0.1345308569
AB,14,500,PSEU,MEN,NA,4.6939618767,-0.624615236,0.8207506994,1.1935257787,477.87548132,12,0.0252206422
AB,14,500,PSEU,MEN,GLA,4.6939618767,-0.624615236,0.8207506994,1.1935257787,477.87548132,12,0.0252206422
AB,14,500,PSEU,MEN,MEN,4.6939618767,-0.624615236,0.8207506994,1.1935257787,477.87548132,12,0.0252206422
AB,14,500,PSEU,SPP,NA,4.6939618767,-0.624615236,0.8207506994,1.1935257787,477.87548132,12,0.0252206422
AB,14,600,LARI,SPP,NA,2.4231023081,-0.527469778,0.9455645849,2.0186454098,199.53544906,8,0.0573144306
AB,14,602,LARI,LAR,NA,2.4231023081,-0.527469778,0.9455645849,2.0186454098,199.53544906,8,0.0573144306
AB,14,603,LARI,OCC,NA,10.744989083,-0.46301133,0.1744027789,4.3921293665,795.06432589,34,0.1634903799
AB,14,604,LARI,LYA,NA,2.4231023081,-0.527469778,0.9455645849,2.0186454098,199.53544906,8,0.0573144306
AB,14,702,THUJ,PLI,NA,4.4761010347,-0.665365348,0.9374459254,3.0884774154,5154.3458716,54,0.1187294783
AB,14,1150,UNKN,SPP,NA,14.863011992,-0.659137394,0.466838994,5.4293269865,588.99654381,24,0.0965261261
AB,14,1200,POPU,SPP,NA,31.614783434,-0.929572214,0.5035654706,4.8645161915,343.34153688,11,0.2760909904
AB,14,1201,POPU,TRE,NA,31.614783434,-0.929572214,0.5035654706,4.8645161915,343.34153688,11,0.2760909904
AB,14,1203,POPU,BAL,BAL,1.6864362939,-0.104293488,1e-8,1.5402607704,504.07910798,24,0.1176998073
AB,14,1203,POPU,BAL,NA,1.6864362939,-0.104293488,1e-8,1.5402607704,504.07910798,24,0.1176998073
AB,14,1204,POPU,TRI,NA,1.6864362939,-0.104293488,1e-8,1.5402607704,504.07910798,24,0.1176998073
AB,14,1205,POPU,DEL,DEL,1.6864362939,-0.104293488,1e-8,1.5402607704,504.07910798,24,0.1176998073
AB,14,1205,POPU,DEL,NA,1.6864362939,-0.104293488,1e-8,1.5402607704,504.07910798,24,0.1176998073
AB,14,1214,POPU,AGU,NA,1.6864362939,-0.104293488,1e-8,1.5402607704,504.07910798,24,0.1176998073
AB,14,1303,BETU,PAP,PAP,24.782425941,-0.778651784,0.2688077901,2.9193162287,217.08427507,6,0.2030558509
AB,14,1303,BETU,PAP,NA,24.782425941,-0.778651784,0.2688077901,2.9193162287,217.08427507,6,0.2030558509
AB,14,1404,ACER,NEG,NA,24.782425941,-0.778651784,0.2688077901,2.9193162287,217.08427507,6,0.2030558509
AB,14,1550,GENH,SPP,NA,24.782425941,-0.778651784,0.2688077901,2.9193162287,217.08427507,6,0.2030558509
AB,14,3500,SALI,SPP,NA,39.109885028,-1.096166705,1.0395380127,10,187.50573097,6,0.5531057976
BC,4,100,PICE,SPP,NA,15.064863625,-1.072076004,1.0569739943,5.1694150465,762.59457018,23,0.2102293749
BC,4,101,PICE,MAR,NA,78.941349805,-1.148613366,1.0090600029,8.7870935795,257.35412127,9,0.3897963516
BC,4,104,PICE,ENG,NA,15.064863625,-1.072076004,1.0569739943,5.1694150465,762.59457018,23,0.2102293749
BC,4,104,PICE,ENG,GLA,15.064863625,-1.072076004,1.0569739943,5.1694150465,762.59457018,23,0.2102293749
BC,4,105,PICE,GLA,NA,15.064863625,-1.072076004,1.0569739943,5.1694150465,762.59457018,23,0.2102293749
BC,4,111,PICE,LUT,NA,15.064863625,-1.072076004,1.0569739943,5.1694150465,762.59457018,23,0.2102293749
BC,4,111,PICE,LUT,X,15.064863625,-1.072076004,1.0569739943,5.1694150465,762.59457018,23,0.2102293749
BC,4,200,PINU,SPP,NA,20.603696998,-0.586169305,9.9e-9,5.5672784776,568.79515544,9,0.5511893649
BC,4,203,PINU,BAN,NA,20.603696998,-0.586169305,9.9e-9,5.5672784776,568.79515544,9,0.5511893649
BC,4,204,PINU,CON,NA,20.603696998,-0.586169305,9.9e-9,5.5672784776,568.79515544,9,0.5511893649
BC,4,204,PINU,CON,LAT,20.603696998,-0.586169305,9.9e-9,5.5672784776,568.79515544,9,0.5511893649
BC,4,206,PINU,ALB,NA,20.603696998,-0.586169305,9.9e-9,5.5672784776,568.79515544,9,0.5511893649
BC,4,208,PINU,PON,NA,99.99999999,-1.904928107,1.0243772058,2.7774168809,831.22503028,19,0.0857561571
BC,4,213,PINU,FLE,NA,20.603696998,-0.586169305,9.9e-9,5.5672784776,568.79515544,9,0.5511893649
BC,4,300,ABIE,SPP,NA,85.285011388,-1.100905919,1e-8,2.7868553497,266.2594042,2,3.242461e-11
BC,4,301,ABIE,AMA,NA,85.285011388,-1.100905919,1e-8,2.7868553497,266.2594042,2,3.242461e-11
BC,4,302,ABIE,BAL,NA,85.285011388,-1.100905919,1e-8,2.7868553497,266.2594042,2,3.242461e-11
BC,4,304,ABIE,LAS,NA,85.285011388,-1.100905919,1e-8,2.7868553497,266.2594042,2,3.242461e-11
BC,4,308,ABIE,BIF,NA,85.285011388,-1.100905919,1e-8,2.7868553497,266.2594042,2,3.242461e-11
BC,4,400,TSUG,SPP,NA,16.232547509,-0.700629227,0.7040288131,5.9722648521,1390.6147969,46,0.1567960521
BC,4,402,TSUG,HET,NA,16.232547509,-0.700629227,0.7040288131,5.9722648521,1390.6147969,46,0.1567960521
BC,4,403,TSUG,MER,NA,16.232547509,-0.700629227,0.7040288131,5.9722648521,1390.6147969,46,0.1567960521
BC,4,404,TSUG,MER,HET,16.232547509,-0.700629227,0.7040288131,5.9722648521,1390.6147969,46,0.1567960521
BC,4,500,PSEU,MEN,NA,15.609250245,-0.987997507,0.9965617944,3.6532915723,1855.6885895,54,0.0258711995
BC,4,500,PSEU,MEN,MEN,15.609250245,-0.987997507,0.9965617944,3.6532915723,1855.6885895,54,0.0258711995
BC,4,500,PSEU,MEN,GLA,15.609250245,-0.987997507,0.9965617944,3.6532915723,1855.6885895,54,0.0258711995
BC,4,500,PSEU,SPP,NA,15.609250245,-0.987997507,0.9965617944,3.6532915723,1855.6885895,54,0.0258711995
BC,4,600,LARI,SPP,NA,5.0486787263,-0.5,0.5,1.5448269296,72.27241858,1,NA
BC,4,602,LARI,LAR,NA,5.0486787263,-0.5,0.5,1.5448269296,72.27241858,1,NA
BC,4,603,LARI,OCC,NA,5.0486787263,-0.5,0.5,1.5448269296,72.27241858,1,NA
BC,4,604,LARI,LYA,NA,5.0486787263,-0.5,0.5,1.5448269296,72.27241858,1,NA
BC,4,700,THUJ,SPP,NA,5.3221578302,-0.45183117,0.591822115,4.2982191337,2571.7093279,54,0.1319784328
BC,4,702,THUJ,PLI,NA,5.3221578302,-0.45183117,0.591822115,4.2982191337,2571.7093279,54,0.1319784328
BC,4,901,TAXU,BRE,NA,5.3221578302,-0.45183117,0.591822115,4.2982191337,2571.7093279,54,0.1319784328
BC,4,1100,GENC,SPP,NA,15.064863625,-1.072076004,1.0569739943,5.1694150465,762.59457018,23,0.2102293749
BC,4,1200,POPU,SPP,NA,37.014804532,-0.817438836,0.4706868758,8.2530829829,804.52699911,32,0.2243297728
BC,4,1201,POPU,TRE,NA,37.014804532,-0.817438836,0.4706868758,8.2530829829,804.52699911,32,0.2243297728
BC,4,1203,POPU,BAL,NA,23.679081829,-0.898722086,0.8066186405,6.4570626763,1054.2821665,16,0.1066297637
BC,4,1203,POPU,BAL,BAL,23.679081829,-0.898722086,0.8066186405,6.4570626763,1054.2821665,16,0.1066297637
BC,4,1204,POPU,TRI,NA,23.679081829,-0.898722086,0.8066186405,6.4570626763,1054.2821665,16,0.1066297637
BC,4,1300,BETU,SPP,NA,89.915417316,-1.247268761,0.9151566666,6.8344383769,454.14807021,12,0.1576567027
BC,4,1303,BETU,PAP,PAP,89.915417316,-1.247268761,0.9151566666,6.8344383769,454.14807021,12,0.1576567027
BC,4,1303,BETU,PAP,NA,89.915417316,-1.247268761,0.9151566666,6.8344383769,454.14807021,12,0.1576567027
BC,4,1305,BETU,ALA,NA,89.915417316,-1.247268761,0.9151566666,6.8344383769,454.14807021,12,0.1576567027
BC,4,1305,BETU,NEO,NA,89.915417316,-1.247268761,0.9151566666,6.8344383769,454.14807021,12,0.1576567027
BC,4,1308,BETU,PAP,NEO,89.915417316,-1.247268761,0.9151566666,6.8344383769,454.14807021,12,0.1576567027
BC,4,1314,BETU,OCC,NA,89.915417316,-1.247268761,0.9151566666,6.8344383769,454.14807021,12,0.1576567027
BC,4,1400,ACER,SPP,NA,0.9956195229,-1e-8,0.0107624303,1.0063819138,1286.0246106,5,0.00849268429999999
BC,4,1403,ACER,MAC,NA,0.9956195229,-1e-8,0.0107624303,1.0063819138,1286.0246106,5,0.00849268429999999
BC,4,1420,ACER,CIR,NA,0.9956195229,-1e-8,0.0107624303,1.0063819138,1286.0246106,5,0.00849268429999999
BC,4,1500,GENH,SPP,NA,75.294152431,-1.402438385,0.9768117188,4.9655371664,1074.6115577,34,0.1761427865
BC,4,1800,ALNU,SPP,NA,75.294152431,-1.402438385,0.9768117188,4.9655371664,1074.6115577,34,0.1761427865
BC,4,1802,ALNU,RUB,NA,75.294152431,-1.402438385,0.9768117188,4.9655371664,1074.6115577,34,0.1761427865
BC,4,2100,QUER,SPP,NA,0.9956195229,-1e-8,0.0107624303,1.0063819138,1286.0246106,5,0.00849268429999999
BC,4,2803,PRUN,EMA,NA,75.294152431,-1.402438385,0.9768117188,4.9655371664,1074.6115577,34,0.1761427865
BC,4,3930,MALU,COR,NA,75.294152431,-1.402438385,0.9768117188,4.9655371664,1074.6115577,34,0.1761427865
BC,4,3930,MALU,FUS,NA,75.294152431,-1.402438385,0.9768117188,4.9655371664,1074.6115577,34,0.1761427865
BC,4,3930,MALU,SPP,NA,75.294152431,-1.402438385,0.9768117188,4.9655371664,1074.6115577,34,0.1761427865
BC,9,100,PICE,SPP,NA,99.99999999,-1.684738727,1.0007008148,1.0879630134,398.34442386,3,0.0127671958
BC,9,101,PICE,MAR,NA,30.342111417,-0.848173505,0.7845537508,9.6656326607,402.45365206,9,0.2291253427
BC,9,104,PICE,ENG,GLA,57.386198055,-1.371878311,1.078906705,4.9314276416,762.47661989,25,0.2266564577
BC,9,104,PICE,ENG,NA,57.386198055,-1.371878311,1.078906705,4.9314276416,762.47661989,25,0.2266564577
BC,9,105,PICE,GLA,NA,57.386198055,-1.371878311,1.078906705,4.9314276416,762.47661989,25,0.2266564577
BC,9,106,PICE,SIT,X,10.402849082,-0.786749098,0.9363133697,3.8093799438,2605.2795371,103,0.05772729969999999
BC,9,106,PICE,SIT,NA,10.402849082,-0.786749098,0.9363133697,3.8093799438,2605.2795371,103,0.05772729969999999
BC,9,111,PICE,LUT,NA,57.386198055,-1.371878311,1.078906705,4.9314276416,762.47661989,25,0.2266564577
BC,9,111,PICE,LUT,X,57.386198055,-1.371878311,1.078906705,4.9314276416,762.47661989,25,0.2266564577
BC,9,200,PINU,SPP,NA,18.490595125,-0.816886115,0.7447597904,4.2803015243,602.98422592,21,0.0936135152
BC,9,203,PINU,BAN,NA,18.490595125,-0.816886115,0.7447597904,4.2803015243,602.98422592,21,0.0936135152
BC,9,204,PINU,CON,LAT,18.490595125,-0.816886115,0.7447597904,4.2803015243,602.98422592,21,0.0936135152
BC,9,204,PINU,CON,NA,18.490595125,-0.816886115,0.7447597904,4.2803015243,602.98422592,21,0.0936135152
BC,9,206,PINU,ALB,NA,18.490595125,-0.816886115,0.7447597904,4.2803015243,602.98422592,21,0.0936135152
BC,9,208,PINU,PON,NA,99.99999999,-1.904928107,1.0243772058,2.7774168809,831.22503028,19,0.0857561571
BC,9,213,PINU,FLE,NA,18.490595125,-0.816886115,0.7447597904,4.2803015243,602.98422592,21,0.0936135152
BC,9,300,ABIE,SPP,NA,85.285011388,-1.100905919,1e-8,2.7868553497,266.2594042,2,3.242461e-11
BC,9,301,ABIE,AMA,NA,85.285011388,-1.100905919,1e-8,2.7868553497,266.2594042,2,3.242461e-11
BC,9,302,ABIE,BAL,NA,85.285011388,-1.100905919,1e-8,2.7868553497,266.2594042,2,3.242461e-11
BC,9,304,ABIE,LAS,NA,85.285011388,-1.100905919,1e-8,2.7868553497,266.2594042,2,3.242461e-11
BC,9,308,ABIE,BIF,NA,85.285011388,-1.100905919,1e-8,2.7868553497,266.2594042,2,3.242461e-11
BC,9,400,TSUG,SPP,NA,16.232547509,-0.700629227,0.7040288131,5.9722648521,1390.6147969,46,0.1567960521
BC,9,402,TSUG,HET,NA,16.232547509,-0.700629227,0.7040288131,5.9722648521,1390.6147969,46,0.1567960521
BC,9,403,TSUG,MER,NA,16.232547509,-0.700629227,0.7040288131,5.9722648521,1390.6147969,46,0.1567960521
BC,9,404,TSUG,MER,HET,16.232547509,-0.700629227,0.7040288131,5.9722648521,1390.6147969,46,0.1567960521
BC,9,500,PSEU,MEN,GLA,15.609250245,-0.987997507,0.9965617944,3.6532915723,1855.6885895,54,0.0258711995
BC,9,500,PSEU,MEN,NA,15.609250245,-0.987997507,0.9965617944,3.6532915723,1855.6885895,54,0.0258711995
BC,9,500,PSEU,MEN,MEN,15.609250245,-0.987997507,0.9965617944,3.6532915723,1855.6885895,54,0.0258711995
BC,9,500,PSEU,SPP,NA,15.609250245,-0.987997507,0.9965617944,3.6532915723,1855.6885895,54,0.0258711995
BC,9,600,LARI,SPP,NA,5.0486787263,-0.5,0.5,1.5448269296,72.27241858,1,NA
BC,9,602,LARI,LAR,NA,5.0486787263,-0.5,0.5,1.5448269296,72.27241858,1,NA
BC,9,603,LARI,OCC,NA,5.0486787263,-0.5,0.5,1.5448269296,72.27241858,1,NA
BC,9,604,LARI,LYA,NA,5.0486787263,-0.5,0.5,1.5448269296,72.27241858,1,NA
BC,9,700,THUJ,SPP,NA,5.3221578302,-0.45183117,0.591822115,4.2982191337,2571.7093279,54,0.1319784328
BC,9,702,THUJ,PLI,NA,5.3221578302,-0.45183117,0.591822115,4.2982191337,2571.7093279,54,0.1319784328
BC,9,901,TAXU,BRE,NA,5.3221578302,-0.45183117,0.591822115,4.2982191337,2571.7093279,54,0.1319784328
BC,9,1100,GENC,SPP,NA,57.386198055,-1.371878311,1.078906705,4.9314276416,762.47661989,25,0.2266564577
BC,9,1200,POPU,SPP,NA,40.105023802,-1.030946815,0.8297184845,5.6609669897,689.20102504,27,0.0699430857
BC,9,1201,POPU,TRE,NA,40.105023802,-1.030946815,0.8297184845,5.6609669897,689.20102504,27,0.0699430857
BC,9,1203,POPU,BAL,BAL,99.99999999,-1.450076469,0.895113575,2.7436983829,618.40425989,16,0.1310169091
BC,9,1203,POPU,BAL,NA,99.99999999,-1.450076469,0.895113575,2.7436983829,618.40425989,16,0.1310169091
BC,9,1204,POPU,TRI,NA,99.99999999,-1.450076469,0.895113575,2.7436983829,618.40425989,16,0.1310169091
BC,9,1300,BETU,SPP,NA,99.99999999,-1.080966399,1e-8,5.9999298578,226.24300731,3,0.3435489568
BC,9,1303,BETU,PAP,NA,99.99999999,-1.080966399,1e-8,5.9999298578,226.24300731,3,0.3435489568
BC,9,1303,BETU,PAP,PAP,99.99999999,-1.080966399,1e-8,5.9999298578,226.24300731,3,0.3435489568
BC,9,1305,BETU,ALA,NA,99.99999999,-1.080966399,1e-8,5.9999298578,226.24300731,3,0.3435489568
BC,9,1305,BETU,NEO,NA,99.99999999,-1.080966399,1e-8,5.9999298578,226.24300731,3,0.3435489568
BC,9,1308,BETU,PAP,NEO,99.99999999,-1.080966399,1e-8,5.9999298578,226.24300731,3,0.3435489568
BC,9,1314,BETU,OCC,NA,99.99999999,-1.080966399,1e-8,5.9999298578,226.24300731,3,0.3435489568
BC,9,1400,ACER,SPP,NA,0.9956195229,-1e-8,0.0107624303,1.0063819138,1286.0246106,5,0.00849268429999999
BC,9,1403,ACER,MAC,NA,0.9956195229,-1e-8,0.0107624303,1.0063819138,1286.0246106,5,0.00849268429999999
BC,9,1420,ACER,CIR,NA,0.9956195229,-1e-8,0.0107624303,1.0063819138,1286.0246106,5,0.00849268429999999
BC,9,1500,GENH,SPP,NA,75.294152431,-1.402438385,0.9768117188,4.9655371664,1074.6115577,34,0.1761427865
BC,9,1800,ALNU,SPP,NA,75.294152431,-1.402438385,0.9768117188,4.9655371664,1074.6115577,34,0.1761427865
BC,9,1802,ALNU,RUB,NA,75.294152431,-1.402438385,0.9768117188,4.9655371664,1074.6115577,34,0.1761427865
BC,9,2100,QUER,SPP,NA,0.9956195229,-1e-8,0.0107624303,1.0063819138,1286.0246106,5,0.00849268429999999
BC,9,2803,PRUN,EMA,NA,75.294152431,-1.402438385,0.9768117188,4.9655371664,1074.6115577,34,0.1761427865
BC,9,3930,MALU,COR,NA,75.294152431,-1.402438385,0.9768117188,4.9655371664,1074.6115577,34,0.1761427865
BC,9,3930,MALU,FUS,NA,75.294152431,-1.402438385,0.9768117188,4.9655371664,1074.6115577,34,0.1761427865
BC,9,3930,MALU,SPP,NA,75.294152431,-1.402438385,0.9768117188,4.9655371664,1074.6115577,34,0.1761427865
BC,12,100,PICE,SPP,NA,99.99999999,-1.282954404,1.0236377531,10,663.54261911,18,0.241712319
BC,12,101,PICE,MAR,NA,8.1625801828,-0.325629544,1e-8,3.678362469,172.76,5,0.5389355956
BC,12,104,PICE,ENG,NA,99.99999999,-6.949027781,1.0852077053,1.0852077053,629.3925,3,0.0881602163
BC,12,104,PICE,ENG,GLA,99.99999999,-6.949027781,1.0852077053,1.0852077053,629.3925,3,0.0881602163
BC,12,105,PICE,GLA,NA,99.99999999,-1.282954404,1.0236377531,10,663.54261911,18,0.241712319
BC,12,106,PICE,SIT,X,10.402849082,-0.786749098,0.9363133697,3.8093799438,2605.2795371,103,0.05772729969999999
BC,12,106,PICE,SIT,NA,10.402849082,-0.786749098,0.9363133697,3.8093799438,2605.2795371,103,0.05772729969999999
BC,12,111,PICE,LUT,X,99.99999999,-1.282954404,1.0236377531,10,663.54261911,18,0.241712319
BC,12,111,PICE,LUT,NA,99.99999999,-1.282954404,1.0236377531,10,663.54261911,18,0.241712319
BC,12,200,PINU,SPP,NA,30.62257605,-0.916634822,0.8538387432,5.9924890119,686.41906881,22,0.128333398
BC,12,201,PINU,MON,NA,99.99999999,-1.407918778,0.8029037443,2.1162233843,754.87387313,4,0.1096184787
BC,12,203,PINU,BAN,NA,30.62257605,-0.916634822,0.8538387432,5.9924890119,686.41906881,22,0.128333398
BC,12,204,PINU,CON,LAT,30.62257605,-0.916634822,0.8538387432,5.9924890119,686.41906881,22,0.128333398
BC,12,204,PINU,CON,NA,30.62257605,-0.916634822,0.8538387432,5.9924890119,686.41906881,22,0.128333398
BC,12,206,PINU,ALB,NA,30.62257605,-0.916634822,0.8538387432,5.9924890119,686.41906881,22,0.128333398
BC,12,208,PINU,PON,NA,99.99999999,-1.904928107,1.0243772058,2.7774168809,831.22503028,19,0.0857561571
BC,12,213,PINU,FLE,NA,30.62257605,-0.916634822,0.8538387432,5.9924890119,686.41906881,22,0.128333398
BC,12,300,ABIE,SPP,NA,7.2206884223,-0.5,0.5,1.0502016163,475.65127586,1,NA
BC,12,301,ABIE,AMA,NA,7.2206884223,-0.5,0.5,1.0502016163,475.65127586,1,NA
BC,12,302,ABIE,BAL,NA,7.2206884223,-0.5,0.5,1.0502016163,475.65127586,1,NA
BC,12,303,ABIE,GRA,NA,7.2206884223,-0.5,0.5,1.0502016163,475.65127586,1,NA
BC,12,304,ABIE,LAS,NA,7.2206884223,-0.5,0.5,1.0502016163,475.65127586,1,NA
BC,12,308,ABIE,BIF,NA,7.2206884223,-0.5,0.5,1.0502016163,475.65127586,1,NA
BC,12,400,TSUG,SPP,NA,22.401837814,-0.865873851,0.909127154,7.0238589959,3462.6745858,105,0.03809096649999999
BC,12,402,TSUG,HET,NA,22.401837814,-0.865873851,0.909127154,7.0238589959,3462.6745858,105,0.03809096649999999
BC,12,403,TSUG,MER,NA,22.401837814,-0.865873851,0.909127154,7.0238589959,3462.6745858,105,0.03809096649999999
BC,12,404,TSUG,MER,HET,22.401837814,-0.865873851,0.909127154,7.0238589959,3462.6745858,105,0.03809096649999999
BC,12,500,PSEU,MEN,MEN,41.273542011,-1.025384947,0.9236021063,7.7656168101,3057.8851584,94,0.0922979459
BC,12,500,PSEU,MEN,GLA,41.273542011,-1.025384947,0.9236021063,7.7656168101,3057.8851584,94,0.0922979459
BC,12,500,PSEU,MEN,NA,41.273542011,-1.025384947,0.9236021063,7.7656168101,3057.8851584,94,0.0922979459
BC,12,500,PSEU,SPP,NA,41.273542011,-1.025384947,0.9236021063,7.7656168101,3057.8851584,94,0.0922979459
BC,12,600,LARI,SPP,NA,10.744989083,-0.46301133,0.1744027789,4.3921293665,795.06432589,34,0.1634903799
BC,12,602,LARI,LAR,NA,10.744989083,-0.46301133,0.1744027789,4.3921293665,795.06432589,34,0.1634903799
BC,12,603,LARI,OCC,NA,10.744989083,-0.46301133,0.1744027789,4.3921293665,795.06432589,34,0.1634903799
BC,12,604,LARI,LYA,NA,10.744989083,-0.46301133,0.1744027789,4.3921293665,795.06432589,34,0.1634903799
BC,12,700,THUJ,SPP,NA,14.688808417,-0.779800505,0.8627593848,6.2016440104,2434.1113986,72,0.1006035576
BC,12,702,THUJ,PLI,NA,14.688808417,-0.779800505,0.8627593848,6.2016440104,2434.1113986,72,0.1006035576
BC,12,901,TAXU,BRE,NA,14.688808417,-0.779800505,0.8627593848,6.2016440104,2434.1113986,72,0.1006035576
BC,12,1000,CHAM,SPP,NA,48.266632856,-1.508630981,1.0310742095,10,1591.0739639,45,0.0860065759
BC,12,1001,CHAM,NOO,NA,48.266632856,-1.508630981,1.0310742095,10,1591.0739639,45,0.0860065759
BC,12,1100,GENC,SPP,NA,99.99999999,-1.282954404,1.0236377531,10,663.54261911,18,0.241712319
BC,12,1200,POPU,SPP,NA,15.236701497,-0.594402444,0.2739013167,2.8297802574,468.7110875,10,0.0959892004
BC,12,1201,POPU,TRE,NA,15.236701497,-0.594402444,0.2739013167,2.8297802574,468.7110875,10,0.0959892004
BC,12,1203,POPU,BAL,NA,23.679081829,-0.898722086,0.8066186405,6.4570626763,1054.2821665,16,0.1066297637
BC,12,1203,POPU,BAL,BAL,23.679081829,-0.898722086,0.8066186405,6.4570626763,1054.2821665,16,0.1066297637
BC,12,1204,POPU,TRI,NA,23.679081829,-0.898722086,0.8066186405,6.4570626763,1054.2821665,16,0.1066297637
BC,12,1300,BETU,SPP,NA,8.2617741706,-0.5,0.5,1.0691509283,313.08661895,1,NA
BC,12,1303,BETU,PAP,NA,8.2617741706,-0.5,0.5,1.0691509283,313.08661895,1,NA
BC,12,1303,BETU,PAP,PAP,8.2617741706,-0.5,0.5,1.0691509283,313.08661895,1,NA
BC,12,1305,BETU,ALA,NA,8.2617741706,-0.5,0.5,1.0691509283,313.08661895,1,NA
BC,12,1305,BETU,NEO,NA,8.2617741706,-0.5,0.5,1.0691509283,313.08661895,1,NA
BC,12,1308,BETU,PAP,NEO,8.2617741706,-0.5,0.5,1.0691509283,313.08661895,1,NA
BC,12,1314,BETU,OCC,NA,8.2617741706,-0.5,0.5,1.0691509283,313.08661895,1,NA
BC,12,1400,ACER,SPP,NA,0.9956195229,-1e-8,0.0107624303,1.0063819138,1286.0246106,5,0.00849268429999999
BC,12,1403,ACER,MAC,NA,0.9956195229,-1e-8,0.0107624303,1.0063819138,1286.0246106,5,0.00849268429999999
BC,12,1420,ACER,CIR,NA,0.9956195229,-1e-8,0.0107624303,1.0063819138,1286.0246106,5,0.00849268429999999
BC,12,1500,GENH,SPP,NA,75.294152431,-1.402438385,0.9768117188,4.9655371664,1074.6115577,34,0.1761427865
BC,12,1800,ALNU,SPP,NA,75.294152431,-1.402438385,0.9768117188,4.9655371664,1074.6115577,34,0.1761427865
BC,12,1802,ALNU,RUB,NA,75.294152431,-1.402438385,0.9768117188,4.9655371664,1074.6115577,34,0.1761427865
BC,12,2100,QUER,SPP,NA,0.9956195229,-1e-8,0.0107624303,1.0063819138,1286.0246106,5,0.00849268429999999
BC,12,2803,PRUN,EMA,NA,75.294152431,-1.402438385,0.9768117188,4.9655371664,1074.6115577,34,0.1761427865
BC,12,3500,SALI,SPP,NA,39.109885028,-1.096166705,1.0395380127,10,187.50573097,6,0.5531057976
BC,12,3930,MALU,COR,NA,75.294152431,-1.402438385,0.9768117188,4.9655371664,1074.6115577,34,0.1761427865
BC,12,3930,MALU,FUS,NA,75.294152431,-1.402438385,0.9768117188,4.9655371664,1074.6115577,34,0.1761427865
BC,12,3930,MALU,SPP,NA,75.294152431,-1.402438385,0.9768117188,4.9655371664,1074.6115577,34,0.1761427865
BC,13,100,PICE,SPP,NA,10.402849082,-0.786749098,0.9363133697,3.8093799438,2605.2795371,103,0.05772729969999999
BC,13,101,PICE,MAR,NA,31.271191519,-0.812266234,0.6426474427,10,368.4371536,9,0.9553293432
BC,13,104,PICE,ENG,GLA,99.99999999,-2.160299927,1.3495684468,4.7450843537,331.40710256,4,0.5394394907
BC,13,104,PICE,ENG,NA,99.99999999,-2.160299927,1.3495684468,4.7450843537,331.40710256,4,0.5394394907
BC,13,105,PICE,GLA,NA,33.24935651,-1.012406503,0.9371777718,6.625099405,2727.8035257,41,0.0922356688
BC,13,106,PICE,SIT,NA,10.402849082,-0.786749098,0.9363133697,3.8093799438,2605.2795371,103,0.05772729969999999
BC,13,106,PICE,SIT,X,10.402849082,-0.786749098,0.9363133697,3.8093799438,2605.2795371,103,0.05772729969999999
BC,13,111,PICE,LUT,X,33.24935651,-1.012406503,0.9371777718,6.625099405,2727.8035257,41,0.0922356688
BC,13,111,PICE,LUT,NA,33.24935651,-1.012406503,0.9371777718,6.625099405,2727.8035257,41,0.0922356688
BC,13,200,PINU,SPP,NA,99.99999999,-1.598552667,1.094617666,4.0778478301,1265.7150611,26,0.1386103102
BC,13,201,PINU,MON,NA,99.99999999,-1.407918778,0.8029037443,2.1162233843,754.87387313,4,0.1096184787
BC,13,203,PINU,BAN,NA,99.99999999,-1.598552667,1.094617666,4.0778478301,1265.7150611,26,0.1386103102
BC,13,204,PINU,CON,NA,99.99999999,-1.598552667,1.094617666,4.0778478301,1265.7150611,26,0.1386103102
BC,13,204,PINU,CON,LAT,99.99999999,-1.598552667,1.094617666,4.0778478301,1265.7150611,26,0.1386103102
BC,13,205,PINU,CON,CON,99.99999999,-1.598552667,1.094617666,4.0778478301,1265.7150611,26,0.1386103102
BC,13,206,PINU,ALB,NA,99.99999999,-1.598552667,1.094617666,4.0778478301,1265.7150611,26,0.1386103102
BC,13,208,PINU,PON,NA,99.99999999,-1.904928107,1.0243772058,2.7774168809,831.22503028,19,0.0857561571
BC,13,213,PINU,FLE,NA,99.99999999,-1.598552667,1.094617666,4.0778478301,1265.7150611,26,0.1386103102
BC,13,300,ABIE,SPP,NA,34.266077164,-1.199813945,0.9819248812,1.2281192385,1577.2279505,9,0.02165766209999999
BC,13,301,ABIE,AMA,NA,34.275219176,-1.047791704,0.9531218945,9.5720972875,2097.0636143,75,0.1351839221
BC,13,302,ABIE,BAL,NA,4.3701019213,-0.578141856,0.8020289685,3.1191596342,852.11087627,12,0.0366826883
BC,13,303,ABIE,GRA,NA,34.266077164,-1.199813945,0.9819248812,1.2281192385,1577.2279505,9,0.02165766209999999
BC,13,304,ABIE,LAS,NA,4.3701019213,-0.578141856,0.8020289685,3.1191596342,852.11087627,12,0.0366826883
BC,13,308,ABIE,BIF,NA,4.3701019213,-0.578141856,0.8020289685,3.1191596342,852.11087627,12,0.0366826883
BC,13,400,TSUG,SPP,NA,22.401837814,-0.865873851,0.909127154,7.0238589959,3462.6745858,105,0.03809096649999999
BC,13,402,TSUG,HET,NA,22.401837814,-0.865873851,0.909127154,7.0238589959,3462.6745858,105,0.03809096649999999
BC,13,403,TSUG,MER,NA,23.742078801,-1.257319418,1.018475206,5.3785887365,1249.0312171,38,0.1027948444
BC,13,404,TSUG,MER,HET,23.742078801,-1.257319418,1.018475206,5.3785887365,1249.0312171,38,0.1027948444
BC,13,500,PSEU,MEN,GLA,41.273542011,-1.025384947,0.9236021063,7.7656168101,3057.8851584,94,0.0922979459
BC,13,500,PSEU,MEN,NA,41.273542011,-1.025384947,0.9236021063,7.7656168101,3057.8851584,94,0.0922979459
BC,13,500,PSEU,MEN,MEN,41.273542011,-1.025384947,0.9236021063,7.7656168101,3057.8851584,94,0.0922979459
BC,13,500,PSEU,SPP,NA,41.273542011,-1.025384947,0.9236021063,7.7656168101,3057.8851584,94,0.0922979459
BC,13,600,LARI,SPP,NA,10.744989083,-0.46301133,0.1744027789,4.3921293665,795.06432589,34,0.1634903799
BC,13,602,LARI,LAR,NA,10.744989083,-0.46301133,0.1744027789,4.3921293665,795.06432589,34,0.1634903799
BC,13,603,LARI,OCC,NA,10.744989083,-0.46301133,0.1744027789,4.3921293665,795.06432589,34,0.1634903799
BC,13,604,LARI,LYA,NA,10.744989083,-0.46301133,0.1744027789,4.3921293665,795.06432589,34,0.1634903799
BC,13,700,THUJ,SPP,NA,14.688808417,-0.779800505,0.8627593848,6.2016440104,2434.1113986,72,0.1006035576
BC,13,702,THUJ,PLI,NA,14.688808417,-0.779800505,0.8627593848,6.2016440104,2434.1113986,72,0.1006035576
BC,13,901,TAXU,BRE,NA,14.688808417,-0.779800505,0.8627593848,6.2016440104,2434.1113986,72,0.1006035576
BC,13,1000,CHAM,SPP,NA,48.266632856,-1.508630981,1.0310742095,10,1591.0739639,45,0.0860065759
BC,13,1001,CHAM,NOO,NA,48.266632856,-1.508630981,1.0310742095,10,1591.0739639,45,0.0860065759
BC,13,1100,GENC,SPP,NA,22.401837814,-0.865873851,0.909127154,7.0238589959,3462.6745858,105,0.03809096649999999
BC,13,1200,POPU,SPP,NA,59.023451944,-1.561677956,1.0062478512,8.3839666389,1725.5685811,30,0.1431798821
BC,13,1201,POPU,TRE,NA,99.99999999,-1.418596947,1.0226349096,1.5294328999,595.90337580999994,12,0.1078943845
BC,13,1203,POPU,BAL,BAL,59.023451944,-1.561677956,1.0062478512,8.3839666389,1725.5685811,30,0.1431798821
BC,13,1203,POPU,BAL,NA,59.023451944,-1.561677956,1.0062478512,8.3839666389,1725.5685811,30,0.1431798821
BC,13,1204,POPU,TRI,NA,59.023451944,-1.561677956,1.0062478512,8.3839666389,1725.5685811,30,0.1431798821
BC,13,1300,BETU,SPP,NA,99.99999999,-1.021518453,0.5024481212,1.3050902266,382.79089205,5,0.081071417
BC,13,1303,BETU,PAP,NA,99.99999999,-1.021518453,0.5024481212,1.3050902266,382.79089205,5,0.081071417
BC,13,1303,BETU,PAP,PAP,99.99999999,-1.021518453,0.5024481212,1.3050902266,382.79089205,5,0.081071417
BC,13,1305,BETU,ALA,NA,99.99999999,-1.021518453,0.5024481212,1.3050902266,382.79089205,5,0.081071417
BC,13,1305,BETU,NEO,NA,99.99999999,-1.021518453,0.5024481212,1.3050902266,382.79089205,5,0.081071417
BC,13,1308,BETU,PAP,NEO,99.99999999,-1.021518453,0.5024481212,1.3050902266,382.79089205,5,0.081071417
BC,13,1314,BETU,OCC,NA,99.99999999,-1.021518453,0.5024481212,1.3050902266,382.79089205,5,0.081071417
BC,13,1400,ACER,SPP,NA,0.9956195229,-1e-8,0.0107624303,1.0063819138,1286.0246106,5,0.00849268429999999
BC,13,1403,ACER,MAC,NA,0.9956195229,-1e-8,0.0107624303,1.0063819138,1286.0246106,5,0.00849268429999999
BC,13,1420,ACER,CIR,NA,0.9956195229,-1e-8,0.0107624303,1.0063819138,1286.0246106,5,0.00849268429999999
BC,13,1500,GENH,SPP,NA,75.294152431,-1.402438385,0.9768117188,4.9655371664,1074.6115577,34,0.1761427865
BC,13,1800,ALNU,SPP,NA,75.294152431,-1.402438385,0.9768117188,4.9655371664,1074.6115577,34,0.1761427865
BC,13,1802,ALNU,RUB,NA,75.294152431,-1.402438385,0.9768117188,4.9655371664,1074.6115577,34,0.1761427865
BC,13,2100,QUER,SPP,NA,0.9956195229,-1e-8,0.0107624303,1.0063819138,1286.0246106,5,0.00849268429999999
BC,13,2103,QUER,GAR,NA,99.99999999,-1.021518453,0.5024481212,1.3050902266,382.79089205,5,0.081071417
BC,13,2803,PRUN,EMA,NA,75.294152431,-1.402438385,0.9768117188,4.9655371664,1074.6115577,34,0.1761427865
BC,13,3300,ARBU,MEN,NA,99.99999999,-1.021518453,0.5024481212,1.3050902266,382.79089205,5,0.081071417
BC,13,3300,ARBU,SPP,NA,99.99999999,-1.021518453,0.5024481212,1.3050902266,382.79089205,5,0.081071417
BC,13,3500,SALI,SPP,NA,39.109885028,-1.096166705,1.0395380127,10,187.50573097,6,0.5531057976
BC,13,3930,MALU,COR,NA,75.294152431,-1.402438385,0.9768117188,4.9655371664,1074.6115577,34,0.1761427865
BC,13,3930,MALU,FUS,NA,75.294152431,-1.402438385,0.9768117188,4.9655371664,1074.6115577,34,0.1761427865
BC,13,3930,MALU,SPP,NA,75.294152431,-1.402438385,0.9768117188,4.9655371664,1074.6115577,34,0.1761427865
BC,14,100,PICE,SPP,NA,7.2728263861,-0.654643967,0.8121337609,2.1036684424,871.8438014,25,0.1115529972
BC,14,101,PICE,MAR,NA,31.271191519,-0.812266234,0.6426474427,10,368.4371536,9,0.9553293432
BC,14,104,PICE,ENG,NA,13.417207189,-0.852721361,0.891091864,5.0464802708,974.47901942,44,0.1277793132
BC,14,104,PICE,ENG,GLA,13.417207189,-0.852721361,0.891091864,5.0464802708,974.47901942,44,0.1277793132
BC,14,105,PICE,GLA,NA,10.807785498,-0.571795742,0.5560701851,5.216449314,1105.8162774,43,0.0859062834
BC,14,106,PICE,SIT,NA,10.402849082,-0.786749098,0.9363133697,3.8093799438,2605.2795371,103,0.05772729969999999
BC,14,106,PICE,SIT,X,10.402849082,-0.786749098,0.9363133697,3.8093799438,2605.2795371,103,0.05772729969999999
BC,14,111,PICE,LUT,NA,10.807785498,-0.571795742,0.5560701851,5.216449314,1105.8162774,43,0.0859062834
BC,14,111,PICE,LUT,X,10.807785498,-0.571795742,0.5560701851,5.216449314,1105.8162774,43,0.0859062834
BC,14,200,PINU,SPP,NA,23.082676639,-0.989909086,0.9198969328,3.74879422,1134.2587286,42,0.0270702809
BC,14,201,PINU,MON,NA,99.99999999,-1.407918778,0.8029037443,2.1162233843,754.87387313,4,0.1096184787
BC,14,203,PINU,BAN,NA,23.082676639,-0.989909086,0.9198969328,3.74879422,1134.2587286,42,0.0270702809
BC,14,204,PINU,CON,LAT,23.082676639,-0.989909086,0.9198969328,3.74879422,1134.2587286,42,0.0270702809
BC,14,204,PINU,CON,NA,23.082676639,-0.989909086,0.9198969328,3.74879422,1134.2587286,42,0.0270702809
BC,14,206,PINU,ALB,NA,99.99999999,-2.200239448,1.0079543928,1.0256944165,529.17971886,7,0.02156227889999999
BC,14,208,PINU,PON,NA,99.99999999,-1.904928107,1.0243772058,2.7774168809,831.22503028,19,0.0857561571
BC,14,213,PINU,FLE,NA,99.99999999,-2.200239448,1.0079543928,1.0256944165,529.17971886,7,0.02156227889999999
BC,14,300,ABIE,SPP,NA,19.306029401,-0.943322261,0.9239141881,5.5026538654,1226.1797435,36,0.05189767099999999
BC,14,301,ABIE,AMA,NA,19.306029401,-0.943322261,0.9239141881,5.5026538654,1226.1797435,36,0.05189767099999999
BC,14,302,ABIE,BAL,NA,19.306029401,-0.943322261,0.9239141881,5.5026538654,1226.1797435,36,0.05189767099999999
BC,14,303,ABIE,GRA,NA,19.306029401,-0.943322261,0.9239141881,5.5026538654,1226.1797435,36,0.05189767099999999
BC,14,304,ABIE,LAS,NA,19.306029401,-0.943322261,0.9239141881,5.5026538654,1226.1797435,36,0.05189767099999999
BC,14,308,ABIE,BIF,NA,19.306029401,-0.943322261,0.9239141881,5.5026538654,1226.1797435,36,0.05189767099999999
BC,14,400,TSUG,SPP,NA,16.232547509,-0.700629227,0.7040288131,5.9722648521,1390.6147969,46,0.1567960521
BC,14,402,TSUG,HET,NA,16.232547509,-0.700629227,0.7040288131,5.9722648521,1390.6147969,46,0.1567960521
BC,14,403,TSUG,MER,NA,1.1310001898,-0.010656306,1e-8,1.0993929276,1047.9683314,12,0.1044467862
BC,14,404,TSUG,MER,HET,1.1310001898,-0.010656306,1e-8,1.0993929276,1047.9683314,12,0.1044467862
BC,14,500,PSEU,MEN,NA,15.609250245,-0.987997507,0.9965617944,3.6532915723,1855.6885895,54,0.0258711995
BC,14,500,PSEU,MEN,MEN,15.609250245,-0.987997507,0.9965617944,3.6532915723,1855.6885895,54,0.0258711995
BC,14,500,PSEU,MEN,GLA,15.609250245,-0.987997507,0.9965617944,3.6532915723,1855.6885895,54,0.0258711995
BC,14,500,PSEU,SPP,NA,15.609250245,-0.987997507,0.9965617944,3.6532915723,1855.6885895,54,0.0258711995
BC,14,600,LARI,SPP,NA,10.744989083,-0.46301133,0.1744027789,4.3921293665,795.06432589,34,0.1634903799
BC,14,602,LARI,LAR,NA,10.744989083,-0.46301133,0.1744027789,4.3921293665,795.06432589,34,0.1634903799
BC,14,603,LARI,OCC,NA,10.744989083,-0.46301133,0.1744027789,4.3921293665,795.06432589,34,0.1634903799
BC,14,604,LARI,LYA,NA,10.744989083,-0.46301133,0.1744027789,4.3921293665,795.06432589,34,0.1634903799
BC,14,700,THUJ,SPP,NA,5.3221578302,-0.45183117,0.591822115,4.2982191337,2571.7093279,54,0.1319784328
BC,14,702,THUJ,PLI,NA,5.3221578302,-0.45183117,0.591822115,4.2982191337,2571.7093279,54,0.1319784328
BC,14,901,TAXU,BRE,NA,5.3221578302,-0.45183117,0.591822115,4.2982191337,2571.7093279,54,0.1319784328
BC,14,1000,CHAM,SPP,NA,48.266632856,-1.508630981,1.0310742095,10,1591.0739639,45,0.0860065759
BC,14,1001,CHAM,NOO,NA,48.266632856,-1.508630981,1.0310742095,10,1591.0739639,45,0.0860065759
BC,14,1100,GENC,SPP,NA,10.807785498,-0.571795742,0.5560701851,5.216449314,1105.8162774,43,0.0859062834
BC,14,1150,UNKN,SPP,NA,18.914961665,-0.957503553,0.9503155003,4.0775273435,2473.4432956,62,0.01550881879999999
BC,14,1200,POPU,SPP,NA,27.96070913,-1.002430536,0.8642500507,5.1891246078,650.5206809,33,0.1082603086
BC,14,1201,POPU,TRE,NA,27.96070913,-1.002430536,0.8642500507,5.1891246078,650.5206809,33,0.1082603086
BC,14,1203,POPU,BAL,NA,99.99999999,-1.648129731,0.9803775984,1.2068610424,1197.3464506,14,0.1037818212
BC,14,1203,POPU,BAL,BAL,99.99999999,-1.648129731,0.9803775984,1.2068610424,1197.3464506,14,0.1037818212
BC,14,1204,POPU,TRI,NA,99.99999999,-1.648129731,0.9803775984,1.2068610424,1197.3464506,14,0.1037818212
BC,14,1300,BETU,SPP,NA,24.289899589,-0.96744188,0.889762827,4.9459915167,553.21248691,20,0.145878596
BC,14,1303,BETU,PAP,NA,24.289899589,-0.96744188,0.889762827,4.9459915167,553.21248691,20,0.145878596
BC,14,1303,BETU,PAP,PAP,24.289899589,-0.96744188,0.889762827,4.9459915167,553.21248691,20,0.145878596
BC,14,1305,BETU,ALA,NA,24.289899589,-0.96744188,0.889762827,4.9459915167,553.21248691,20,0.145878596
BC,14,1305,BETU,NEO,NA,24.289899589,-0.96744188,0.889762827,4.9459915167,553.21248691,20,0.145878596
BC,14,1308,BETU,PAP,NEO,24.289899589,-0.96744188,0.889762827,4.9459915167,553.21248691,20,0.145878596
BC,14,1314,BETU,OCC,NA,24.289899589,-0.96744188,0.889762827,4.9459915167,553.21248691,20,0.145878596
BC,14,1400,ACER,SPP,NA,0.9956195229,-1e-8,0.0107624303,1.0063819138,1286.0246106,5,0.00849268429999999
BC,14,1403,ACER,MAC,NA,0.9956195229,-1e-8,0.0107624303,1.0063819138,1286.0246106,5,0.00849268429999999
BC,14,1420,ACER,CIR,NA,0.9956195229,-1e-8,0.0107624303,1.0063819138,1286.0246106,5,0.00849268429999999
BC,14,1500,GENH,SPP,NA,75.294152431,-1.402438385,0.9768117188,4.9655371664,1074.6115577,34,0.1761427865
BC,14,1800,ALNU,SPP,NA,75.294152431,-1.402438385,0.9768117188,4.9655371664,1074.6115577,34,0.1761427865
BC,14,1802,ALNU,RUB,NA,75.294152431,-1.402438385,0.9768117188,4.9655371664,1074.6115577,34,0.1761427865
BC,14,2100,QUER,SPP,NA,0.9956195229,-1e-8,0.0107624303,1.0063819138,1286.0246106,5,0.00849268429999999
BC,14,2803,PRUN,EMA,NA,75.294152431,-1.402438385,0.9768117188,4.9655371664,1074.6115577,34,0.1761427865
BC,14,3500,SALI,SPP,NA,39.109885028,-1.096166705,1.0395380127,10,187.50573097,6,0.5531057976
BC,14,3930,MALU,COR,NA,75.294152431,-1.402438385,0.9768117188,4.9655371664,1074.6115577,34,0.1761427865
BC,14,3930,MALU,FUS,NA,75.294152431,-1.402438385,0.9768117188,4.9655371664,1074.6115577,34,0.1761427865
BC,14,3930,MALU,SPP,NA,75.294152431,-1.402438385,0.9768117188,4.9655371664,1074.6115577,34,0.1761427865
MB,3,101,PICE,MAR,NA,5.6263368191,-1.062700916,0.9915305649,1.8908669225,393.98583458,19,0.0148984448
MB,3,105,PICE,GLA,NA,1.9409270456,-1.00629841,1.0014935111,1.3920846505,529.19418368,18,0.0149372461
MB,3,203,PINU,BAN,NA,22.909230987,-1.616872926,1.0036279029,2.3647759927,382.57584582,19,0.0093089233
MB,3,602,LARI,LAR,NA,0.5543341786,-0.278081438,0.8736516241,1.2577298305,450.39668281,22,0.02074769179999999
MB,3,1100,GENC,SPP,NA,5.6263368191,-1.062700916,0.9915305649,1.8908669225,393.98583458,19,0.0148984448
MB,3,1200,POPU,SPP,NA,19.79721264,-1.599658095,1.0055261655,2.7498147703,703.92062662,21,0.0100938747
MB,3,1201,POPU,TRE,NA,19.79721264,-1.599658095,1.0055261655,2.7498147703,703.92062662,21,0.0100938747
MB,3,1203,POPU,BAL,NA,19.79721264,-1.599658095,1.0055261655,2.7498147703,703.92062662,21,0.0100938747
MB,3,1203,POPU,BAL,BAL,19.79721264,-1.599658095,1.0055261655,2.7498147703,703.92062662,21,0.0100938747
MB,3,1206,POPU,GRA,NA,19.79721264,-1.599658095,1.0055261655,2.7498147703,703.92062662,21,0.0100938747
MB,3,1308,BETU,PAP,NEO,1.3732991143,-0.663706322,0.9525954402,1.2175201179,326.5658705,14,0.02649324889999999
MB,5,101,PICE,MAR,NA,5.6263368191,-1.062700916,0.9915305649,1.8908669225,393.98583458,19,0.0148984448
MB,5,105,PICE,GLA,NA,1.9409270456,-1.00629841,1.0014935111,1.3920846505,529.19418368,18,0.0149372461
MB,5,203,PINU,BAN,NA,22.909230987,-1.616872926,1.0036279029,2.3647759927,382.57584582,19,0.0093089233
MB,5,302,ABIE,BAL,NA,2.9708520548,-0.958955496,0.9882181373,1.6749305817,329.11027887,15,0.010586085
MB,5,602,LARI,LAR,NA,0.5543341786,-0.278081438,0.8736516241,1.2577298305,450.39668281,22,0.02074769179999999
MB,5,1100,GENC,SPP,NA,5.6263368191,-1.062700916,0.9915305649,1.8908669225,393.98583458,19,0.0148984448
MB,5,1200,POPU,SPP,NA,19.79721264,-1.599658095,1.0055261655,2.7498147703,703.92062662,21,0.0100938747
MB,5,1201,POPU,TRE,NA,19.79721264,-1.599658095,1.0055261655,2.7498147703,703.92062662,21,0.0100938747
MB,5,1203,POPU,BAL,NA,19.79721264,-1.599658095,1.0055261655,2.7498147703,703.92062662,21,0.0100938747
MB,5,1203,POPU,BAL,BAL,19.79721264,-1.599658095,1.0055261655,2.7498147703,703.92062662,21,0.0100938747
MB,5,1206,POPU,GRA,NA,19.79721264,-1.599658095,1.0055261655,2.7498147703,703.92062662,21,0.0100938747
MB,5,1303,BETU,PAP,NA,1.3732991143,-0.663706322,0.9525954402,1.2175201179,326.5658705,14,0.02649324889999999
MB,5,1303,BETU,PAP,PAP,1.3732991143,-0.663706322,0.9525954402,1.2175201179,326.5658705,14,0.02649324889999999
MB,5,1308,BETU,PAP,NEO,1.3732991143,-0.663706322,0.9525954402,1.2175201179,326.5658705,14,0.02649324889999999
MB,6,101,PICE,MAR,NA,5.6263368191,-1.062700916,0.9915305649,1.8908669225,393.98583458,19,0.0148984448
MB,6,105,PICE,GLA,NA,1.9409270456,-1.00629841,1.0014935111,1.3920846505,529.19418368,18,0.0149372461
MB,6,203,PINU,BAN,NA,22.909230987,-1.616872926,1.0036279029,2.3647759927,382.57584582,19,0.0093089233
MB,6,209,PINU,RES,NA,4.0846182971,-1.217947174,0.987874378,1.6047630179,386.363291,18,0.02328352339999999
MB,6,211,PINU,SYL,NA,99.99999999,-2.27523169,0.9969727854,1.0832101424,295.003959,8,0.0061208145
MB,6,302,ABIE,BAL,NA,2.9708520548,-0.958955496,0.9882181373,1.6749305817,329.11027887,15,0.010586085
MB,6,602,LARI,LAR,NA,0.5543341786,-0.278081438,0.8736516241,1.2577298305,450.39668281,22,0.02074769179999999
MB,6,701,THUJ,OCC,NA,1.2688694771,-0.047685117,1e-8,1.1772379346,499.73926084,20,0.0251547672
MB,6,801,JUNI,VIR,NA,1.2688694771,-0.047685117,1e-8,1.1772379346,499.73926084,20,0.0251547672
MB,6,1100,GENC,SPP,NA,5.6263368191,-1.062700916,0.9915305649,1.8908669225,393.98583458,19,0.0148984448
MB,6,1200,POPU,SPP,NA,19.79721264,-1.599658095,1.0055261655,2.7498147703,703.92062662,21,0.0100938747
MB,6,1201,POPU,TRE,NA,19.79721264,-1.599658095,1.0055261655,2.7498147703,703.92062662,21,0.0100938747
MB,6,1203,POPU,BAL,NA,1.9204255483,-1.275489835,1.0113930497,1.185348857,256.39075267,13,0.00710548659999999
MB,6,1203,POPU,BAL,BAL,1.9204255483,-1.275489835,1.0113930497,1.185348857,256.39075267,13,0.00710548659999999
MB,6,1205,POPU,DEL,NA,19.79721264,-1.599658095,1.0055261655,2.7498147703,703.92062662,21,0.0100938747
MB,6,1205,POPU,DEL,DEL,19.79721264,-1.599658095,1.0055261655,2.7498147703,703.92062662,21,0.0100938747
MB,6,1206,POPU,GRA,NA,19.79721264,-1.599658095,1.0055261655,2.7498147703,703.92062662,21,0.0100938747
MB,6,1303,BETU,PAP,NA,1.662127444,-0.851422914,0.9853512795,1.3842228161,289.66665044,12,0.02171137769999999
MB,6,1303,BETU,PAP,PAP,1.662127444,-0.851422914,0.9853512795,1.3842228161,289.66665044,12,0.02171137769999999
MB,6,1308,BETU,PAP,NEO,1.3732991143,-0.663706322,0.9525954402,1.2175201179,326.5658705,14,0.02649324889999999
MB,6,1404,ACER,NEG,NA,8.209286639,-0.937604084,0.9441136339,2.1757055543,509.09,24,0.02533570359999999
MB,6,1500,GENH,SPP,NA,22.613650576,-1.273999178,0.9814423067,1.996000608,496.33000001,23,0.0134739097
MB,6,2104,QUER,MAC,NA,3.1677380965,-0.602983358,0.866749011,1.5847977341,377.2,18,0.0236285158
MB,6,2201,ULMU,AME,NA,23.315929697,-1.42243722,1.0527662932,2.8975418263,145.62,8,0.0627526606
MB,6,3400,FRAX,SPP,NA,1.0740335825,-0.58505685,0.9510516909,1.2898509653,381.68424821,17,0.0148726215
MB,6,3401,FRAX,AME,NA,2.3139168742,-0.280388817,0.397804821,1.7205033163,296.21,11,0.075180534500000007
MB,6,3402,FRAX,NIG,NA,11.97450319,-1.0866214,0.952802239,2.543236986,384.37,17,0.0187844152
MB,6,3403,FRAX,PEN,NA,11.97450319,-1.0866214,0.952802239,2.543236986,384.37,17,0.0187844152
MB,6,3405,FRAX,PEN,SUB,11.97450319,-1.0866214,0.952802239,2.543236986,384.37,17,0.0187844152
MB,6,3405,FRAX,PEN,NA,11.97450319,-1.0866214,0.952802239,2.543236986,384.37,17,0.0187844152
MB,6,3500,SALI,SPP,NA,33.327864058,-1.528518125,1.0510006224,1.9152125892,121.39,7,0.0376808527
MB,7,3500,SALI,SPP,NA,99.99999999,-1.903087504,0.995732909,1.8373273257,153.57,5,0.0707616131
MB,8,3400,FRAX,SPP,NA,7.1604353641,-1.029938577,0.9864962713,2.4834655375,203.37,9,0.0575084868
MB,8,3401,FRAX,AME,NA,1.2673623728,-0.210709457,0.5731588242,1.3282761918,266.65,14,0.1055826461
MB,8,3402,FRAX,NIG,NA,7.1604353641,-1.029938577,0.9864962713,2.4834655375,203.37,9,0.0575084868
MB,8,3403,FRAX,PEN,NA,1.2673623728,-0.210709457,0.5731588242,1.3282761918,266.65,14,0.1055826461
MB,8,3405,FRAX,PEN,SUB,1.2673623728,-0.210709457,0.5731588242,1.3282761918,266.65,14,0.1055826461
MB,8,3405,FRAX,PEN,NA,1.2673623728,-0.210709457,0.5731588242,1.3282761918,266.65,14,0.1055826461
MB,8,3500,SALI,SPP,NA,99.99999999,-1.903087504,0.995732909,1.8373273257,153.57,5,0.0707616131
MB,9,101,PICE,MAR,NA,4.0926496038,-0.859765349,0.9619004394,2.0753293612,427.28065612,21,0.0137161864
MB,9,105,PICE,GLA,NA,1.9959691097,-0.885194381,0.9762677877,1.6374338268,490.39794534,21,0.0131597055
MB,9,203,PINU,BAN,NA,4.5527717977,-0.996065683,0.9585865289,2.0357563427,331.65961719,17,0.0160855245
MB,9,209,PINU,RES,NA,4.0846182971,-1.217947174,0.987874378,1.6047630179,386.363291,18,0.02328352339999999
MB,9,302,ABIE,BAL,NA,22.945210008,-2.840141641,1.0595168432,1.3392266936,343.51965759,15,0.0397316064
MB,9,602,LARI,LAR,NA,0.7586102013,-0.245716895,0.78447007,1.3588113368,481.98575458,21,0.0316593083
MB,9,701,THUJ,OCC,NA,1.2688694771,-0.047685117,1e-8,1.1772379346,499.73926084,20,0.0251547672
MB,9,801,JUNI,VIR,NA,1.2688694771,-0.047685117,1e-8,1.1772379346,499.73926084,20,0.0251547672
MB,9,1100,GENC,SPP,NA,4.0926496038,-0.859765349,0.9619004394,2.0753293612,427.28065612,21,0.0137161864
MB,9,1200,POPU,SPP,NA,18.888965485,-1.631535578,1.0008238004,2.2977385236,522.74682936,25,0.0136111937
MB,9,1201,POPU,TRE,NA,18.888965485,-1.631535578,1.0008238004,2.2977385236,522.74682936,25,0.0136111937
MB,9,1203,POPU,BAL,NA,18.888965485,-1.631535578,1.0008238004,2.2977385236,522.74682936,25,0.0136111937
MB,9,1203,POPU,BAL,BAL,18.888965485,-1.631535578,1.0008238004,2.2977385236,522.74682936,25,0.0136111937
MB,9,1205,POPU,DEL,NA,18.888965485,-1.631535578,1.0008238004,2.2977385236,522.74682936,25,0.0136111937
MB,9,1205,POPU,DEL,DEL,18.888965485,-1.631535578,1.0008238004,2.2977385236,522.74682936,25,0.0136111937
MB,9,1206,POPU,GRA,NA,18.888965485,-1.631535578,1.0008238004,2.2977385236,522.74682936,25,0.0136111937
MB,9,1303,BETU,PAP,NA,1.3732991143,-0.663706322,0.9525954402,1.2175201179,326.5658705,14,0.02649324889999999
MB,9,1303,BETU,PAP,PAP,1.3732991143,-0.663706322,0.9525954402,1.2175201179,326.5658705,14,0.02649324889999999
MB,9,1308,BETU,PAP,NEO,1.3732991143,-0.663706322,0.9525954402,1.2175201179,326.5658705,14,0.02649324889999999
MB,9,1404,ACER,NEG,NA,8.209286639,-0.937604084,0.9441136339,2.1757055543,509.09,24,0.02533570359999999
MB,9,1500,GENH,SPP,NA,22.613650576,-1.273999178,0.9814423067,1.996000608,496.33000001,23,0.0134739097
MB,9,2104,QUER,MAC,NA,3.1677380965,-0.602983358,0.866749011,1.5847977341,377.2,18,0.0236285158
MB,9,2201,ULMU,AME,NA,23.315929697,-1.42243722,1.0527662932,2.8975418263,145.62,8,0.0627526606
MB,9,3000,TILI,AME,NA,8.324102221,-1.171891497,1.0002582932,2.2114388002,463.34,18,0.0655802975
MB,9,3400,FRAX,SPP,NA,1.0740335825,-0.58505685,0.9510516909,1.2898509653,381.68424821,17,0.0148726215
MB,9,3401,FRAX,AME,NA,2.3139168742,-0.280388817,0.397804821,1.7205033163,296.21,11,0.075180534500000007
MB,9,3402,FRAX,NIG,NA,11.97450319,-1.0866214,0.952802239,2.543236986,384.37,17,0.0187844152
MB,9,3403,FRAX,PEN,NA,11.97450319,-1.0866214,0.952802239,2.543236986,384.37,17,0.0187844152
MB,9,3500,SALI,SPP,NA,22.613650576,-1.273999178,0.9814423067,1.996000608,496.33000001,23,0.0134739097
MB,10,101,PICE,MAR,NA,5.6263368191,-1.062700916,0.9915305649,1.8908669225,393.98583458,19,0.0148984448
MB,10,105,PICE,GLA,NA,2.2864607708,-1.139515223,0.9946515202,2.1697076365,583.77717116,18,0.01368817739999999
MB,10,203,PINU,BAN,NA,4.5527717977,-0.996065683,0.9585865289,2.0357563427,331.65961719,17,0.0160855245
MB,10,209,PINU,RES,NA,4.0846182971,-1.217947174,0.987874378,1.6047630179,386.363291,18,0.02328352339999999
MB,10,302,ABIE,BAL,NA,2.9708520548,-0.958955496,0.9882181373,1.6749305817,329.11027887,15,0.010586085
MB,10,602,LARI,LAR,NA,0.5543341786,-0.278081438,0.8736516241,1.2577298305,450.39668281,22,0.02074769179999999
MB,10,701,THUJ,OCC,NA,1.2688694771,-0.047685117,1e-8,1.1772379346,499.73926084,20,0.0251547672
MB,10,801,JUNI,VIR,NA,1.2688694771,-0.047685117,1e-8,1.1772379346,499.73926084,20,0.0251547672
MB,10,1100,GENC,SPP,NA,5.6263368191,-1.062700916,0.9915305649,1.8908669225,393.98583458,19,0.0148984448
MB,10,1200,POPU,SPP,NA,18.888965485,-1.631535578,1.0008238004,2.2977385236,522.74682936,25,0.0136111937
MB,10,1201,POPU,TRE,NA,18.888965485,-1.631535578,1.0008238004,2.2977385236,522.74682936,25,0.0136111937
MB,10,1203,POPU,BAL,NA,18.888965485,-1.631535578,1.0008238004,2.2977385236,522.74682936,25,0.0136111937
MB,10,1203,POPU,BAL,BAL,18.888965485,-1.631535578,1.0008238004,2.2977385236,522.74682936,25,0.0136111937
MB,10,1205,POPU,DEL,NA,18.888965485,-1.631535578,1.0008238004,2.2977385236,522.74682936,25,0.0136111937
MB,10,1205,POPU,DEL,DEL,18.888965485,-1.631535578,1.0008238004,2.2977385236,522.74682936,25,0.0136111937
MB,10,1206,POPU,GRA,NA,18.888965485,-1.631535578,1.0008238004,2.2977385236,522.74682936,25,0.0136111937
MB,10,1303,BETU,PAP,NA,1.3732991143,-0.663706322,0.9525954402,1.2175201179,326.5658705,14,0.02649324889999999
MB,10,1303,BETU,PAP,PAP,1.3732991143,-0.663706322,0.9525954402,1.2175201179,326.5658705,14,0.02649324889999999
MB,10,1308,BETU,PAP,NEO,1.3732991143,-0.663706322,0.9525954402,1.2175201179,326.5658705,14,0.02649324889999999
MB,10,1404,ACER,NEG,NA,8.209286639,-0.937604084,0.9441136339,2.1757055543,509.09,24,0.02533570359999999
MB,10,1500,GENH,SPP,NA,22.613650576,-1.273999178,0.9814423067,1.996000608,496.33000001,23,0.0134739097
MB,10,2104,QUER,MAC,NA,3.1677380965,-0.602983358,0.866749011,1.5847977341,377.2,18,0.0236285158
MB,10,2201,ULMU,AME,NA,23.315929697,-1.42243722,1.0527662932,2.8975418263,145.62,8,0.0627526606
MB,10,3000,TILI,AME,NA,8.324102221,-1.171891497,1.0002582932,2.2114388002,463.34,18,0.0655802975
MB,10,3400,FRAX,SPP,NA,1.0740335825,-0.58505685,0.9510516909,1.2898509653,381.68424821,17,0.0148726215
MB,10,3401,FRAX,AME,NA,2.3139168742,-0.280388817,0.397804821,1.7205033163,296.21,11,0.075180534500000007
MB,10,3402,FRAX,NIG,NA,11.97450319,-1.0866214,0.952802239,2.543236986,384.37,17,0.0187844152
MB,10,3403,FRAX,PEN,NA,11.97450319,-1.0866214,0.952802239,2.543236986,384.37,17,0.0187844152
MB,10,3500,SALI,SPP,NA,22.613650576,-1.273999178,0.9814423067,1.996000608,496.33000001,23,0.0134739097
MB,15,101,PICE,MAR,NA,5.6263368191,-1.062700916,0.9915305649,1.8908669225,393.98583458,19,0.0148984448
MB,15,103,PICE,ABI,NA,1.9409270456,-1.00629841,1.0014935111,1.3920846505,529.19418368,18,0.0149372461
MB,15,105,PICE,GLA,NA,1.9409270456,-1.00629841,1.0014935111,1.3920846505,529.19418368,18,0.0149372461
MB,15,203,PINU,BAN,NA,22.909230987,-1.616872926,1.0036279029,2.3647759927,382.57584582,19,0.0093089233
MB,15,302,ABIE,BAL,NA,2.9708520548,-0.958955496,0.9882181373,1.6749305817,329.11027887,15,0.010586085
MB,15,602,LARI,LAR,NA,0.5543341786,-0.278081438,0.8736516241,1.2577298305,450.39668281,22,0.02074769179999999
MB,15,1100,GENC,SPP,NA,5.6263368191,-1.062700916,0.9915305649,1.8908669225,393.98583458,19,0.0148984448
MB,15,1200,POPU,SPP,NA,19.79721264,-1.599658095,1.0055261655,2.7498147703,703.92062662,21,0.0100938747
MB,15,1201,POPU,TRE,NA,19.79721264,-1.599658095,1.0055261655,2.7498147703,703.92062662,21,0.0100938747
MB,15,1203,POPU,BAL,NA,19.79721264,-1.599658095,1.0055261655,2.7498147703,703.92062662,21,0.0100938747
MB,15,1203,POPU,BAL,BAL,19.79721264,-1.599658095,1.0055261655,2.7498147703,703.92062662,21,0.0100938747
MB,15,1206,POPU,GRA,NA,19.79721264,-1.599658095,1.0055261655,2.7498147703,703.92062662,21,0.0100938747
MB,15,1303,BETU,PAP,NA,1.3732991143,-0.663706322,0.9525954402,1.2175201179,326.5658705,14,0.02649324889999999
MB,15,1303,BETU,PAP,PAP,1.3732991143,-0.663706322,0.9525954402,1.2175201179,326.5658705,14,0.02649324889999999
MB,15,1308,BETU,PAP,NEO,1.3732991143,-0.663706322,0.9525954402,1.2175201179,326.5658705,14,0.02649324889999999
NB,7,100,PICE,SPP,NA,6.9196913975,-0.904817478,0.8880773605,2.6942671288,290.03620628,15,0.0941227895
NB,7,101,PICE,MAR,NA,9.3247676855,-1.222856286,1.0154733319,2.5675405052,315.23335358,13,0.063412169
NB,7,102,PICE,RUB,NA,6.9196913975,-0.904817478,0.8880773605,2.6942671288,290.03620628,15,0.0941227895
NB,7,103,PICE,ABI,NA,5.8231173509,-0.985588563,0.9442252573,2.4589551504,272.19010304,14,0.0230791028
NB,7,105,PICE,GLA,NA,5.8231173509,-0.985588563,0.9442252573,2.4589551504,272.19010304,14,0.0230791028
NB,7,107,PICE,MAR,RUB,6.9196913975,-0.904817478,0.8880773605,2.6942671288,290.03620628,15,0.0941227895
NB,7,108,PICE,RUB,GLA,5.8231173509,-0.985588563,0.9442252573,2.4589551504,272.19010304,14,0.0230791028
NB,7,200,PINU,SPP,NA,17.265823511,-1.243214006,0.9686154082,2.7197878313,608.22312916,14,0.01879061019999999
NB,7,202,PINU,STR,NA,25.195241186,-2.176493769,1.0339369141,2.1264507724,162.93233241,7,0.0651054865
NB,7,203,PINU,BAN,NA,17.265823511,-1.243214006,0.9686154082,2.7197878313,608.22312916,14,0.01879061019999999
NB,7,209,PINU,RES,NA,27.214870144,-2.046010076,1.0190399761,2.4927489599,261.61663906,13,0.04057056559999999
NB,7,302,ABIE,BAL,NA,8.0107035907,-0.82744554,0.8729666014,3.294719465,1001.1534439,16,0.1203295901
NB,7,401,TSUG,CAN,NA,1.8741541584,-0.122688379,1e-8,1.6905306064,329.32,16,0.1328117275
NB,7,601,LARI,DEC,NA,23.919125496,-0.703582417,1e-8,7.8628133772,197.30459186,9,1.0725852001
NB,7,602,LARI,LAR,NA,23.919125496,-0.703582417,1e-8,7.8628133772,197.30459186,9,1.0725852001
NB,7,605,LARI,KAE,NA,23.919125496,-0.703582417,1e-8,7.8628133772,197.30459186,9,1.0725852001
NB,7,701,THUJ,OCC,NA,3.5536594794,-0.893808242,0.9650910546,3.9225963173,385.42209183,18,0.02765798109999999
NB,7,801,JUNI,VIR,NA,3.5536594794,-0.893808242,0.9650910546,3.9225963173,385.42209183,18,0.02765798109999999
NB,7,1100,GENC,SPP,NA,5.8231173509,-0.985588563,0.9442252573,2.4589551504,272.19010304,14,0.0230791028
NB,7,1150,UNKN,SPP,NA,5.8231173509,-0.985588563,0.9442252573,2.4589551504,272.19010304,14,0.0230791028
NB,7,1200,POPU,SPP,NA,24.816359502,-1.098910482,0.8905088138,4.824905832,1013.4041583,20,0.082597077
NB,7,1201,POPU,TRE,NA,24.816359502,-1.098910482,0.8905088138,4.824905832,1013.4041583,20,0.082597077
NB,7,1203,POPU,BAL,BAL,33.222762193,-1.796925029,1.0109578335,4.0561115037,266.38931766,9,0.0180930612
NB,7,1203,POPU,BAL,NA,33.222762193,-1.796925029,1.0109578335,4.0561115037,266.38931766,9,0.0180930612
NB,7,1206,POPU,GRA,NA,2.641429999,-0.173831813,1e-8,3.1482495816,277.90861575,14,0.5248183741
NB,7,1300,BETU,SPP,NA,27.911434219,-1.05023844,0.8175568974,4.6034217555,1083.781035,13,0.1385797398
NB,7,1301,BETU,ALL,NA,99.99999999,-1.822077775,0.9822814638,2.5701756815,239.0226654,11,0.07663497689999998
NB,7,1303,BETU,PAP,NA,27.911434219,-1.05023844,0.8175568974,4.6034217555,1083.781035,13,0.1385797398
NB,7,1303,BETU,PAP,PAP,27.911434219,-1.05023844,0.8175568974,4.6034217555,1083.781035,13,0.1385797398
NB,7,1304,BETU,POP,NA,47.674705045,-1.211713726,0.6653461228,8.4913770279,89.025511437,5,0.1451351724
NB,7,1400,ACER,SPP,NA,33.436367501,-1.41912882,0.9889441678,3.6575596298,1024.6580917000001,15,0.0414921513
NB,7,1401,ACER,SAH,NA,12.697605449,-0.954442537,0.8133464124,3.3610648293,193.5175,10,0.08890264729999998
NB,7,1405,ACER,RUB,NA,33.436367501,-1.41912882,0.9889441678,3.6575596298,1024.6580917000001,15,0.0414921513
NB,7,1406,ACER,SAC,NA,10.338908985,-1.122640789,0.9812876176,2.1189955197,553.62,23,0.00981389119999999
NB,7,1410,ACER,PEN,NA,99.99999999,-2.47883761,1.0227183106,1.7171880145,138.78,4,0.0423491266
NB,7,1411,ACER,SPI,NA,99.99999999,-2.47883761,1.0227183106,1.7171880145,138.78,4,0.0423491266
NB,7,1500,GENH,SPP,NA,8.6763425094,-1.0422384,0.9587419966,1.2475058976,162.00399205,8,0.0209284957
NB,7,1550,GENH,SPP,NA,8.6763425094,-1.0422384,0.9587419966,1.2475058976,162.00399205,8,0.0209284957
NB,7,1800,ALNU,SPP,NA,22.613650576,-1.273999178,0.9814423067,1.996000608,496.33000001,23,0.0134739097
NB,7,1803,ALNU,VIR,CRI,22.613650576,-1.273999178,0.9814423067,1.996000608,496.33000001,23,0.0134739097
NB,7,1805,ALNU,INC,RUG,22.613650576,-1.273999178,0.9814423067,1.996000608,496.33000001,23,0.0134739097
NB,7,1805,ALNU,INC,NA,22.613650576,-1.273999178,0.9814423067,1.996000608,496.33000001,23,0.0134739097
NB,7,1806,ALNU,RUG,NA,22.613650576,-1.273999178,0.9814423067,1.996000608,496.33000001,23,0.0134739097
NB,7,1900,OSTR,SPP,NA,8.5182485872,-0.96513938,0.9392360744,3.0965829372,245.93999999,8,0.05632325779999999
NB,7,1900,OSTR,VIR,NA,8.5182485872,-0.96513938,0.9392360744,3.0965829372,245.93999999,8,0.05632325779999999
NB,7,1950,CARP,CAR,NA,8.5182485872,-0.96513938,0.9392360744,3.0965829372,245.93999999,8,0.05632325779999999
NB,7,1950,CARP,SPP,NA,8.5182485872,-0.96513938,0.9392360744,3.0965829372,245.93999999,8,0.05632325779999999
NB,7,2000,FAGU,GRA,NA,19.458072898,-1.329351935,0.9890239985,1.2426575285,162.00399205,8,0.0143089271
NB,7,2108,QUER,RUB,NA,3.1677380965,-0.602983358,0.866749011,1.5847977341,377.2,18,0.0236285158
NB,7,2802,PRUN,PEN,NA,99.99999999,-1.360681079,0.6855697842,1.483164174,91.42928756,3,0.02476443329999999
NB,7,3401,FRAX,AME,NA,99.99999999,-1.954267542,1.0386348209,1.0873281169,220.93574243,7,0.04427454859999999
NB,7,3500,SALI,SPP,NA,99.99999999,-1.903087504,0.995732909,1.8373273257,153.57,5,0.0707616131
NB,7,3930,MALU,COR,NA,5.5531591611,-0.782389328,0.849092982,1.8034858802,139.09,6,0.0548743577
NB,7,3930,MALU,FUS,NA,5.5531591611,-0.782389328,0.849092982,1.8034858802,139.09,6,0.0548743577
NB,7,3930,MALU,SPP,NA,5.5531591611,-0.782389328,0.849092982,1.8034858802,139.09,6,0.0548743577
NB,7,3960,SORB,SPP,NA,5.5531591611,-0.782389328,0.849092982,1.8034858802,139.09,6,0.0548743577
NB,7,3961,SORB,AME,NA,5.5531591611,-0.782389328,0.849092982,1.8034858802,139.09,6,0.0548743577
NL,1,100,PICE,SPP,NA,5.8399764433,-0.391909613,1e-8,4.6207445487,203.55722977,15,0.244597503
NL,1,101,PICE,MAR,NA,10.634971501,-0.836806962,0.8779975155,5.2510462792,260.9625,21,0.1015580914
NL,1,105,PICE,GLA,NA,5.8399764433,-0.391909613,1e-8,4.6207445487,203.55722977,15,0.244597503
NL,1,302,ABIE,BAL,NA,10.521032897,-0.734096194,0.7408183624,5.3591393371,246.12664094,22,0.1136765639
NL,1,602,LARI,LAR,NA,11.414512364,-1.082622843,0.9956084436,2.3292385952,263.15999999,14,0.0311715176
NL,1,605,LARI,KAE,NA,11.414512364,-1.082622843,0.9956084436,2.3292385952,263.15999999,14,0.0311715176
NL,1,1100,GENC,SPP,NA,5.8399764433,-0.391909613,1e-8,4.6207445487,203.55722977,15,0.244597503
NL,1,1150,UNKN,SPP,NA,5.8399764433,-0.391909613,1e-8,4.6207445487,203.55722977,15,0.244597503
NL,1,1303,BETU,PAP,NA,5.8550087866,-0.358925736,1e-8,4.1512983445,57.430569424,6,0.4135028124
NL,1,1303,BETU,PAP,PAP,5.8550087866,-0.358925736,1e-8,4.1512983445,57.430569424,6,0.4135028124
NL,5,100,PICE,SPP,NA,5.8399764433,-0.391909613,1e-8,4.6207445487,203.55722977,15,0.244597503
NL,5,101,PICE,MAR,NA,10.634971501,-0.836806962,0.8779975155,5.2510462792,260.9625,21,0.1015580914
NL,5,105,PICE,GLA,NA,5.8399764433,-0.391909613,1e-8,4.6207445487,203.55722977,15,0.244597503
NL,5,202,PINU,STR,NA,6.1983159179,-0.882168771,0.9485279819,2.1141992018,835.86000001,32,0.0251165413
NL,5,203,PINU,BAN,NA,8.5963599236,-0.986830116,0.9512359724,2.0927720412,395.44999999,20,0.0178331798
NL,5,302,ABIE,BAL,NA,7.8907964505,-0.480144788,1e-8,6.3948374189,128.78511151,6,0.3975014992
NL,5,602,LARI,LAR,NA,11.414512364,-1.082622843,0.9956084436,2.3292385952,263.15999999,14,0.0311715176
NL,5,605,LARI,KAE,NA,11.414512364,-1.082622843,0.9956084436,2.3292385952,263.15999999,14,0.0311715176
NL,5,1100,GENC,SPP,NA,5.8399764433,-0.391909613,1e-8,4.6207445487,203.55722977,15,0.244597503
NL,5,1150,UNKN,SPP,NA,5.8399764433,-0.391909613,1e-8,4.6207445487,203.55722977,15,0.244597503
NL,5,1200,POPU,SPP,NA,13.039099812,-1.070677997,0.9522933699,2.5253923647,576.63000001,28,0.0141719915
NL,5,1201,POPU,TRE,NA,13.039099812,-1.070677997,0.9522933699,2.5253923647,576.63000001,28,0.0141719915
NL,5,1203,POPU,BAL,BAL,6.2892366601,-0.824262186,0.9098952289,2.5862667262,511.56000001,21,0.0530067803
NL,5,1203,POPU,BAL,NA,6.2892366601,-0.824262186,0.9098952289,2.5862667262,511.56000001,21,0.0530067803
NL,5,1301,BETU,ALL,NA,12.640974848,-1.198720275,0.9779342105,1.8767557859,420.56,22,0.0135618428
NL,5,1303,BETU,PAP,NA,5.8550087866,-0.358925736,1e-8,4.1512983445,57.430569424,6,0.4135028124
NL,5,1303,BETU,PAP,PAP,5.8550087866,-0.358925736,1e-8,4.1512983445,57.430569424,6,0.4135028124
NL,5,1400,ACER,SPP,NA,5.6472118366,-0.853488314,0.9317554028,1.8757602227,362.28,18,0.0189752494
NL,5,1405,ACER,RUB,NA,5.6472118366,-0.853488314,0.9317554028,1.8757602227,362.28,18,0.0189752494
NL,5,1500,GENH,SPP,NA,22.613650576,-1.273999178,0.9814423067,1.996000608,496.33000001,23,0.0134739097
NL,5,1800,ALNU,SPP,NA,22.613650576,-1.273999178,0.9814423067,1.996000608,496.33000001,23,0.0134739097
NL,6,100,PICE,SPP,NA,5.8399764433,-0.391909613,1e-8,4.6207445487,203.55722977,15,0.244597503
NL,6,101,PICE,MAR,NA,10.634971501,-0.836806962,0.8779975155,5.2510462792,260.9625,21,0.1015580914
NL,6,105,PICE,GLA,NA,5.8399764433,-0.391909613,1e-8,4.6207445487,203.55722977,15,0.244597503
NL,6,202,PINU,STR,NA,6.1983159179,-0.882168771,0.9485279819,2.1141992018,835.86000001,32,0.0251165413
NL,6,203,PINU,BAN,NA,8.5963599236,-0.986830116,0.9512359724,2.0927720412,395.44999999,20,0.0178331798
NL,6,209,PINU,RES,NA,2.3721416286,-0.588264752,0.8949274101,1.5784796454,506.80000001,23,0.028281455
NL,6,302,ABIE,BAL,NA,10.521032897,-0.734096194,0.7408183624,5.3591393371,246.12664094,22,0.1136765639
NL,6,602,LARI,LAR,NA,11.414512364,-1.082622843,0.9956084436,2.3292385952,263.15999999,14,0.0311715176
NL,6,605,LARI,KAE,NA,11.414512364,-1.082622843,0.9956084436,2.3292385952,263.15999999,14,0.0311715176
NL,6,1100,GENC,SPP,NA,5.8399764433,-0.391909613,1e-8,4.6207445487,203.55722977,15,0.244597503
NL,6,1150,UNKN,SPP,NA,5.8399764433,-0.391909613,1e-8,4.6207445487,203.55722977,15,0.244597503
NL,6,1200,POPU,SPP,NA,13.039099812,-1.070677997,0.9522933699,2.5253923647,576.63000001,28,0.0141719915
NL,6,1201,POPU,TRE,NA,13.039099812,-1.070677997,0.9522933699,2.5253923647,576.63000001,28,0.0141719915
NL,6,1203,POPU,BAL,NA,6.2892366601,-0.824262186,0.9098952289,2.5862667262,511.56000001,21,0.0530067803
NL,6,1203,POPU,BAL,BAL,6.2892366601,-0.824262186,0.9098952289,2.5862667262,511.56000001,21,0.0530067803
NL,6,1301,BETU,ALL,NA,12.640974848,-1.198720275,0.9779342105,1.8767557859,420.56,22,0.0135618428
NL,6,1303,BETU,PAP,NA,5.8550087866,-0.358925736,1e-8,4.1512983445,57.430569424,6,0.4135028124
NL,6,1303,BETU,PAP,PAP,5.8550087866,-0.358925736,1e-8,4.1512983445,57.430569424,6,0.4135028124
NL,6,1400,ACER,SPP,NA,5.6472118366,-0.853488314,0.9317554028,1.8757602227,362.28,18,0.0189752494
NL,6,1405,ACER,RUB,NA,5.6472118366,-0.853488314,0.9317554028,1.8757602227,362.28,18,0.0189752494
NL,6,1500,GENH,SPP,NA,22.613650576,-1.273999178,0.9814423067,1.996000608,496.33000001,23,0.0134739097
NL,6,1800,ALNU,SPP,NA,22.613650576,-1.273999178,0.9814423067,1.996000608,496.33000001,23,0.0134739097
NL,6,1803,ALNU,VIR,CRI,22.613650576,-1.273999178,0.9814423067,1.996000608,496.33000001,23,0.0134739097
NL,6,1804,ALNU,INC,TEN,22.613650576,-1.273999178,0.9814423067,1.996000608,496.33000001,23,0.0134739097
NL,6,1804,ALNU,INC,NA,22.613650576,-1.273999178,0.9814423067,1.996000608,496.33000001,23,0.0134739097
NL,6,1805,ALNU,INC,RUG,22.613650576,-1.273999178,0.9814423067,1.996000608,496.33000001,23,0.0134739097
NL,6,1805,ALNU,INC,NA,22.613650576,-1.273999178,0.9814423067,1.996000608,496.33000001,23,0.0134739097
NL,6,3500,SALI,SPP,NA,33.327864058,-1.528518125,1.0510006224,1.9152125892,121.39,7,0.0376808527
NL,7,1410,ACER,PEN,NA,99.99999999,-2.47883761,1.0227183106,1.7171880145,138.78,4,0.0423491266
NL,7,1411,ACER,SPI,NA,99.99999999,-2.47883761,1.0227183106,1.7171880145,138.78,4,0.0423491266
NL,7,1800,ALNU,SPP,NA,22.613650576,-1.273999178,0.9814423067,1.996000608,496.33000001,23,0.0134739097
NL,7,1805,ALNU,INC,RUG,22.613650576,-1.273999178,0.9814423067,1.996000608,496.33000001,23,0.0134739097
NL,7,1805,ALNU,INC,NA,22.613650576,-1.273999178,0.9814423067,1.996000608,496.33000001,23,0.0134739097
NL,7,1900,OSTR,SPP,NA,8.5182485872,-0.96513938,0.9392360744,3.0965829372,245.93999999,8,0.05632325779999999
NL,7,1900,OSTR,VIR,NA,8.5182485872,-0.96513938,0.9392360744,3.0965829372,245.93999999,8,0.05632325779999999
NL,7,1950,CARP,CAR,NA,8.5182485872,-0.96513938,0.9392360744,3.0965829372,245.93999999,8,0.05632325779999999
NL,7,1950,CARP,SPP,NA,8.5182485872,-0.96513938,0.9392360744,3.0965829372,245.93999999,8,0.05632325779999999
NS,7,100,PICE,SPP,NA,4.8019136089,-0.619536312,0.7186925864,3.7191998099,353.64611821,17,0.1312879933
NS,7,101,PICE,MAR,NA,6.3456399524,-0.963251877,0.9466768636,2.5802621014,274.48993301,14,0.0595338703
NS,7,102,PICE,RUB,NA,8.780820721,-1.081158743,0.9785890334,3.1605091134,239.05054409,12,0.0705613778
NS,7,103,PICE,ABI,NA,8.780820721,-1.081158743,0.9785890334,3.1605091134,239.05054409,12,0.0705613778
NS,7,105,PICE,GLA,NA,4.8019136089,-0.619536312,0.7186925864,3.7191998099,353.64611821,17,0.1312879933
NS,7,106,PICE,SIT,NA,4.8019136089,-0.619536312,0.7186925864,3.7191998099,353.64611821,17,0.1312879933
NS,7,106,PICE,SIT,X,4.8019136089,-0.619536312,0.7186925864,3.7191998099,353.64611821,17,0.1312879933
NS,7,107,PICE,MAR,RUB,8.780820721,-1.081158743,0.9785890334,3.1605091134,239.05054409,12,0.0705613778
NS,7,202,PINU,STR,NA,7.7590438368,-1.232362775,0.9879337331,4.5126689452,383.64948652,18,0.02798600589999999
NS,7,203,PINU,BAN,NA,17.265823511,-1.243214006,0.9686154082,2.7197878313,608.22312916,14,0.01879061019999999
NS,7,209,PINU,RES,NA,3.2664598169,-0.832118887,0.9495784353,2.1215190661,643.47713306,24,0.0236882087
NS,7,211,PINU,SYL,NA,99.99999999,-2.020488411,0.9960649628,1.0181689995,195.94207581,5,8.8268509999999e-4
NS,7,302,ABIE,BAL,NA,18.875520815,-0.996968204,0.8730070182,5.1565751939,324.11976114,15,0.0426537213
NS,7,401,TSUG,CAN,NA,99.99999999,-2.232091982,1.0075177107,1.0181284838,351.53201563,6,0.014937651
NS,7,601,LARI,DEC,NA,13.83742935,-1.034808914,0.8985319485,3.8057794657,315.35488155,16,0.0621766299
NS,7,602,LARI,LAR,NA,13.83742935,-1.034808914,0.8985319485,3.8057794657,315.35488155,16,0.0621766299
NS,7,701,THUJ,OCC,NA,4.6949538007,-0.350836824,1e-8,1.9020350049,263.22275268,12,0.2273794115
NS,7,801,JUNI,VIR,NA,4.6949538007,-0.350836824,1e-8,1.9020350049,263.22275268,12,0.2273794115
NS,7,1100,GENC,SPP,NA,5.4317321344,-0.872783034,0.9330502907,2.7531299198,643.47713306,29,0.03961341589999999
NS,7,1150,UNKN,SPP,NA,5.4317321344,-0.872783034,0.9330502907,2.7531299198,643.47713306,29,0.03961341589999999
NS,7,1200,POPU,SPP,NA,41.89897475,-1.746747505,1.1573904546,4.4400495257,472.96713388,11,0.1095328714
NS,7,1201,POPU,TRE,NA,99.99999999,-1.164942176,0.5102661505,4.7288574481,357.21851036,14,0.4886255439
NS,7,1203,POPU,BAL,NA,99.99999999,-1.164942176,0.5102661505,4.7288574481,357.21851036,14,0.4886255439
NS,7,1203,POPU,BAL,BAL,99.99999999,-1.164942176,0.5102661505,4.7288574481,357.21851036,14,0.4886255439
NS,7,1206,POPU,GRA,NA,99.99999999,-1.473692336,0.9803560526,1.3869187515,377.38403577,5,0.0534133045
NS,7,1300,BETU,SPP,NA,19.274757145,-0.94886716,0.8349970892,3.2183022535,294.65463549,14,0.06745662539999998
NS,7,1301,BETU,ALL,NA,76.781666231,-1.549164089,0.9764019013,3.9823590959,235.83613383,9,0.0328461742
NS,7,1303,BETU,PAP,NA,19.274757145,-0.94886716,0.8349970892,3.2183022535,294.65463549,14,0.06745662539999998
NS,7,1303,BETU,PAP,PAP,19.274757145,-0.94886716,0.8349970892,3.2183022535,294.65463549,14,0.06745662539999998
NS,7,1304,BETU,POP,NA,19.274757145,-0.94886716,0.8349970892,3.2183022535,294.65463549,14,0.06745662539999998
NS,7,1400,ACER,SPP,NA,78.167272602,-1.612124432,0.9876433467,3.901896483,273.63367943,14,0.01909438449999999
NS,7,1401,ACER,SAH,NA,35.805372246,-1.259525493,0.9432498409,1.3320405373,279.04801113,12,0.0925433303
NS,7,1405,ACER,RUB,NA,78.167272602,-1.612124432,0.9876433467,3.901896483,273.63367943,14,0.01909438449999999
NS,7,1406,ACER,SAC,NA,10.338908985,-1.122640789,0.9812876176,2.1189955197,553.62,23,0.00981389119999999
NS,7,1410,ACER,PEN,NA,99.99999999,-2.47883761,1.0227183106,1.7171880145,138.78,4,0.0423491266
NS,7,1411,ACER,SPI,NA,99.99999999,-2.47883761,1.0227183106,1.7171880145,138.78,4,0.0423491266
NS,7,1500,GENH,SPP,NA,20.512487208,-0.949430632,0.7968296393,5.7137677332,310.61805801,13,0.0742307471
NS,7,1550,GENH,SPP,NA,38.259940656,-1.565366496,0.9984066946,4.5071397035,206.94382483,9,0.0338959567
NS,7,1800,ALNU,SPP,NA,22.613650576,-1.273999178,0.9814423067,1.996000608,496.33000001,23,0.0134739097
NS,7,1803,ALNU,VIR,CRI,22.613650576,-1.273999178,0.9814423067,1.996000608,496.33000001,23,0.0134739097
NS,7,1805,ALNU,INC,RUG,22.613650576,-1.273999178,0.9814423067,1.996000608,496.33000001,23,0.0134739097
NS,7,1805,ALNU,INC,NA,22.613650576,-1.273999178,0.9814423067,1.996000608,496.33000001,23,0.0134739097
NS,7,1900,OSTR,SPP,NA,8.5182485872,-0.96513938,0.9392360744,3.0965829372,245.93999999,8,0.05632325779999999
NS,7,1900,OSTR,VIR,NA,8.5182485872,-0.96513938,0.9392360744,3.0965829372,245.93999999,8,0.05632325779999999
NS,7,1950,CARP,CAR,NA,8.5182485872,-0.96513938,0.9392360744,3.0965829372,245.93999999,8,0.05632325779999999
NS,7,1950,CARP,SPP,NA,8.5182485872,-0.96513938,0.9392360744,3.0965829372,245.93999999,8,0.05632325779999999
NS,7,2000,FAGU,GRA,NA,1.6510993986,-0.095857092,1e-8,1.096867518,231.09589207,6,0.0149563651
NS,7,2100,QUER,SPP,NA,20.512487208,-0.949430632,0.7968296393,5.7137677332,310.61805801,13,0.0742307471
NS,7,2108,QUER,RUB,NA,2.1595e-6,-0.5,0.9999997301,1,194.35563834,4,1.0152734e-7
NS,7,2201,ULMU,AME,NA,99.99999999,-2.901196684,1.0668432946,1.0844877242,310.61805801,5,0.1239394907
NS,7,2801,PRUN,SER,NA,46.226346912,-1.429233356,0.9451685267,2.8010336267,197.91,9,0.0799706334
NS,7,2802,PRUN,PEN,NA,29.99224731,-1.333498161,1.0096605262,2.0554762514,119.20999999,6,0.0365967228
NS,7,2804,PRUN,VIR,NA,46.226346912,-1.429233356,0.9451685267,2.8010336267,197.91,9,0.0799706334
NS,7,2804,PRUN,VIR,VIR,46.226346912,-1.429233356,0.9451685267,2.8010336267,197.91,9,0.0799706334
NS,7,3400,FRAX,SPP,NA,99.99999999,-1.954267542,1.0386348209,1.0873281169,220.93574243,7,0.04427454859999999
NS,7,3401,FRAX,AME,NA,99.99999999,-1.954267542,1.0386348209,1.0873281169,220.93574243,7,0.04427454859999999
NS,7,3402,FRAX,NIG,NA,99.99999999,-1.954267542,1.0386348209,1.0873281169,220.93574243,7,0.04427454859999999
NS,7,3930,MALU,COR,NA,5.5531591611,-0.782389328,0.849092982,1.8034858802,139.09,6,0.0548743577
NS,7,3930,MALU,FUS,NA,5.5531591611,-0.782389328,0.849092982,1.8034858802,139.09,6,0.0548743577
NS,7,3930,MALU,SPP,NA,5.5531591611,-0.782389328,0.849092982,1.8034858802,139.09,6,0.0548743577
NS,7,3960,SORB,SPP,NA,5.5531591611,-0.782389328,0.849092982,1.8034858802,139.09,6,0.0548743577
NT,2,100,PICE,SPP,NA,5.7092254198,-0.666299133,0.8236655346,2.6601100548,376.09978201,16,0.04663834979999999
NT,2,101,PICE,MAR,NA,16.717155761,-0.656817754,0.1705976554,6.8287655596,151.7390865,5,0.2358992129
NT,2,105,PICE,GLA,NA,5.7092254198,-0.666299133,0.8236655346,2.6601100548,376.09978201,16,0.04663834979999999
NT,2,203,PINU,BAN,NA,67.914102775999993,-1.469630817,1.1576922615,7.8539257907,252.97088758,12,0.2603607563
NT,2,204,PINU,CON,NA,67.914102775999993,-1.469630817,1.1576922615,7.8539257907,252.97088758,12,0.2603607563
NT,2,204,PINU,CON,LAT,67.914102775999993,-1.469630817,1.1576922615,7.8539257907,252.97088758,12,0.2603607563
NT,3,100,PICE,SPP,NA,5.7092254198,-0.666299133,0.8236655346,2.6601100548,376.09978201,16,0.04663834979999999
NT,3,101,PICE,MAR,NA,16.717155761,-0.656817754,0.1705976554,6.8287655596,151.7390865,5,0.2358992129
NT,3,105,PICE,GLA,NA,5.7092254198,-0.666299133,0.8236655346,2.6601100548,376.09978201,16,0.04663834979999999
NT,3,203,PINU,BAN,NA,67.914102775999993,-1.469630817,1.1576922615,7.8539257907,252.97088758,12,0.2603607563
NT,3,204,PINU,CON,NA,67.914102775999993,-1.469630817,1.1576922615,7.8539257907,252.97088758,12,0.2603607563
NT,3,204,PINU,CON,LAT,67.914102775999993,-1.469630817,1.1576922615,7.8539257907,252.97088758,12,0.2603607563
NT,3,300,ABIE,SPP,NA,1.3500229781,-0.057247049,1e-8,1.2868662935,423.80330269,19,0.0760513066
NT,3,304,ABIE,LAS,NA,15.807719094,-0.992030314,0.9247438568,4.2284485573,376.09978201,16,0.0472828356
NT,3,602,LARI,LAR,NA,67.914102775999993,-1.469630817,1.1576922615,7.8539257907,252.97088758,12,0.2603607563
NT,3,1201,POPU,TRE,NA,27.165169396,-1.110623866,0.9651039663,5.9898271853,203.62184609,9,0.271919466
NT,3,1203,POPU,BAL,NA,27.165169396,-1.110623866,0.9651039663,5.9898271853,203.62184609,9,0.271919466
NT,3,1203,POPU,BAL,BAL,27.165169396,-1.110623866,0.9651039663,5.9898271853,203.62184609,9,0.271919466
NT,3,1300,BETU,SPP,NA,24.782425941,-0.778651784,0.2688077901,2.9193162287,217.08427507,6,0.2030558509
NT,3,1303,BETU,PAP,NA,27.165169396,-1.110623866,0.9651039663,5.9898271853,203.62184609,9,0.271919466
NT,3,1303,BETU,PAP,PAP,27.165169396,-1.110623866,0.9651039663,5.9898271853,203.62184609,9,0.271919466
NT,3,1308,BETU,PAP,NEO,27.165169396,-1.110623866,0.9651039663,5.9898271853,203.62184609,9,0.271919466
NT,4,100,PICE,SPP,NA,0.2765792945,-0.545563189,0.9875207942,1.1952053929,435.9225,12,0.02514209959999999
NT,4,101,PICE,MAR,NA,0.7099787447,-0.660900568,0.9945706517,1.5103843588,72.8675,7,0.0985517066
NT,4,105,PICE,GLA,NA,0.2765792945,-0.545563189,0.9875207942,1.1952053929,435.9225,12,0.02514209959999999
NT,4,203,PINU,BAN,NA,99.99999999,-1.49678421,0.9345147449,1.1590154105,322.9076603,11,0.0198199685
NT,4,204,PINU,CON,NA,99.99999999,-1.49678421,0.9345147449,1.1590154105,322.9076603,11,0.0198199685
NT,4,204,PINU,CON,LAT,99.99999999,-1.49678421,0.9345147449,1.1590154105,322.9076603,11,0.0198199685
NT,4,216,PINU,MUR,NA,99.99999999,-1.442567232,0.904534462,1.3543925338,322.9076603,12,0.02404520279999999
NT,4,300,ABIE,SPP,NA,1.3500229781,-0.057247049,1e-8,1.2868662935,423.80330269,19,0.0760513066
NT,4,302,ABIE,BAL,NA,1.3500229781,-0.057247049,1e-8,1.2868662935,423.80330269,19,0.0760513066
NT,4,304,ABIE,LAS,NA,1.3500229781,-0.057247049,1e-8,1.2868662935,423.80330269,19,0.0760513066
NT,4,500,PSEU,MEN,NA,4.6939618767,-0.624615236,0.8207506994,1.1935257787,477.87548132,12,0.0252206422
NT,4,500,PSEU,MEN,MEN,4.6939618767,-0.624615236,0.8207506994,1.1935257787,477.87548132,12,0.0252206422
NT,4,500,PSEU,MEN,GLA,4.6939618767,-0.624615236,0.8207506994,1.1935257787,477.87548132,12,0.0252206422
NT,4,500,PSEU,SPP,NA,4.6939618767,-0.624615236,0.8207506994,1.1935257787,477.87548132,12,0.0252206422
NT,4,601,LARI,DEC,NA,2.4231023081,-0.527469778,0.9455645849,2.0186454098,199.53544906,8,0.0573144306
NT,4,602,LARI,LAR,NA,2.4231023081,-0.527469778,0.9455645849,2.0186454098,199.53544906,8,0.0573144306
NT,4,1200,POPU,SPP,NA,19.949369626,-0.933149241,0.8055462475,2.6637404404,451.73612404,19,0.0683497672
NT,4,1201,POPU,TRE,NA,19.949369626,-0.933149241,0.8055462475,2.6637404404,451.73612404,19,0.0683497672
NT,4,1203,POPU,BAL,NA,1.0656577617,-0.011628762,1e-8,1.0165328822,364.49530193,9,0.0076530796
NT,4,1203,POPU,BAL,BAL,1.0656577617,-0.011628762,1e-8,1.0165328822,364.49530193,9,0.0076530796
NT,4,1301,BETU,ALL,NA,24.782425941,-0.778651784,0.2688077901,2.9193162287,217.08427507,6,0.2030558509
NT,4,1303,BETU,PAP,NA,24.782425941,-0.778651784,0.2688077901,2.9193162287,217.08427507,6,0.2030558509
NT,4,1303,BETU,PAP,PAP,24.782425941,-0.778651784,0.2688077901,2.9193162287,217.08427507,6,0.2030558509
NT,4,1305,BETU,ALA,NA,24.782425941,-0.778651784,0.2688077901,2.9193162287,217.08427507,6,0.2030558509
NT,4,1305,BETU,NEO,NA,24.782425941,-0.778651784,0.2688077901,2.9193162287,217.08427507,6,0.2030558509
NT,5,100,PICE,SPP,NA,1.2877105535,-0.042899264,1e-8,1.228879116,658.35024885,32,0.05123424079999999
NT,5,101,PICE,MAR,NA,11.657793836,-0.493473745,0.0607439165,5.2418972533,392.98012476,20,0.0730047875
NT,5,105,PICE,GLA,NA,1.2877105535,-0.042899264,1e-8,1.228879116,658.35024885,32,0.05123424079999999
NT,5,203,PINU,BAN,NA,14.508758905,-1.043240677,0.9305086259,4.548556252,228.61569283,12,0.0538285134
NT,5,204,PINU,CON,NA,24.127518384,-0.822585886,0.6795653135,7.7179642721,643.08305851,33,0.0808013776
NT,5,204,PINU,CON,LAT,24.127518384,-0.822585886,0.6795653135,7.7179642721,643.08305851,33,0.0808013776
NT,5,216,PINU,MUR,NA,23.180830851,-0.855144261,0.7492695982,7.3114374716,643.08305851,33,0.05654215929999999
NT,5,300,ABIE,SPP,NA,1.3500229781,-0.057247049,1e-8,1.2868662935,423.80330269,19,0.0760513066
NT,5,302,ABIE,BAL,NA,1.3500229781,-0.057247049,1e-8,1.2868662935,423.80330269,19,0.0760513066
NT,5,304,ABIE,LAS,NA,1.3500229781,-0.057247049,1e-8,1.2868662935,423.80330269,19,0.0760513066
NT,5,500,PSEU,MEN,NA,4.6939618767,-0.624615236,0.8207506994,1.1935257787,477.87548132,12,0.0252206422
NT,5,500,PSEU,MEN,MEN,4.6939618767,-0.624615236,0.8207506994,1.1935257787,477.87548132,12,0.0252206422
NT,5,500,PSEU,MEN,GLA,4.6939618767,-0.624615236,0.8207506994,1.1935257787,477.87548132,12,0.0252206422
NT,5,500,PSEU,SPP,NA,4.6939618767,-0.624615236,0.8207506994,1.1935257787,477.87548132,12,0.0252206422
NT,5,601,LARI,DEC,NA,2.4231023081,-0.527469778,0.9455645849,2.0186454098,199.53544906,8,0.0573144306
NT,5,602,LARI,LAR,NA,2.4231023081,-0.527469778,0.9455645849,2.0186454098,199.53544906,8,0.0573144306
NT,5,1200,POPU,SPP,NA,8.7372930301,-0.662743733,0.7158536827,4.1107421991,802.89670489,33,0.0842272209
NT,5,1201,POPU,TRE,NA,8.7372930301,-0.662743733,0.7158536827,4.1107421991,802.89670489,33,0.0842272209
NT,5,1203,POPU,BAL,NA,1.6864362939,-0.104293488,1e-8,1.5402607704,504.07910798,24,0.1176998073
NT,5,1203,POPU,BAL,BAL,1.6864362939,-0.104293488,1e-8,1.5402607704,504.07910798,24,0.1176998073
NT,5,1301,BETU,ALL,NA,24.782425941,-0.778651784,0.2688077901,2.9193162287,217.08427507,6,0.2030558509
NT,5,1303,BETU,PAP,NA,24.782425941,-0.778651784,0.2688077901,2.9193162287,217.08427507,6,0.2030558509
NT,5,1303,BETU,PAP,PAP,24.782425941,-0.778651784,0.2688077901,2.9193162287,217.08427507,6,0.2030558509
NT,5,1305,BETU,ALA,NA,24.782425941,-0.778651784,0.2688077901,2.9193162287,217.08427507,6,0.2030558509
NT,5,1305,BETU,NEO,NA,24.782425941,-0.778651784,0.2688077901,2.9193162287,217.08427507,6,0.2030558509
NT,9,100,PICE,SPP,NA,1.2877105535,-0.042899264,1e-8,1.228879116,658.35024885,32,0.05123424079999999
NT,9,101,PICE,MAR,NA,11.657793836,-0.493473745,0.0607439165,5.2418972533,392.98012476,20,0.0730047875
NT,9,104,PICE,ENG,NA,1.2379278978,-0.032741871,1e-8,1.0912938108,344.45976567,11,0.01259299449999999
NT,9,104,PICE,ENG,GLA,1.2379278978,-0.032741871,1e-8,1.0912938108,344.45976567,11,0.01259299449999999
NT,9,105,PICE,GLA,NA,1.2877105535,-0.042899264,1e-8,1.228879116,658.35024885,32,0.05123424079999999
NT,9,109,PICE,SPP,NA,1.2877105535,-0.042899264,1e-8,1.228879116,658.35024885,32,0.05123424079999999
NT,9,203,PINU,BAN,NA,14.508758905,-1.043240677,0.9305086259,4.548556252,228.61569283,12,0.0538285134
NT,9,204,PINU,CON,NA,24.127518384,-0.822585886,0.6795653135,7.7179642721,643.08305851,33,0.0808013776
NT,9,204,PINU,CON,LAT,24.127518384,-0.822585886,0.6795653135,7.7179642721,643.08305851,33,0.0808013776
NT,9,216,PINU,MUR,NA,23.180830851,-0.855144261,0.7492695982,7.3114374716,643.08305851,33,0.05654215929999999
NT,9,300,ABIE,SPP,NA,1.3500229781,-0.057247049,1e-8,1.2868662935,423.80330269,19,0.0760513066
NT,9,302,ABIE,BAL,NA,1.3500229781,-0.057247049,1e-8,1.2868662935,423.80330269,19,0.0760513066
NT,9,304,ABIE,LAS,NA,1.3500229781,-0.057247049,1e-8,1.2868662935,423.80330269,19,0.0760513066
NT,9,305,ABIE,MX2,NA,1.3500229781,-0.057247049,1e-8,1.2868662935,423.80330269,19,0.0760513066
NT,9,306,ABIE,MIX,NA,1.3500229781,-0.057247049,1e-8,1.2868662935,423.80330269,19,0.0760513066
NT,9,500,PSEU,MEN,NA,4.6939618767,-0.624615236,0.8207506994,1.1935257787,477.87548132,12,0.0252206422
NT,9,500,PSEU,MEN,MEN,4.6939618767,-0.624615236,0.8207506994,1.1935257787,477.87548132,12,0.0252206422
NT,9,500,PSEU,MEN,GLA,4.6939618767,-0.624615236,0.8207506994,1.1935257787,477.87548132,12,0.0252206422
NT,9,500,PSEU,SPP,NA,4.6939618767,-0.624615236,0.8207506994,1.1935257787,477.87548132,12,0.0252206422
NT,9,600,LARI,SPP,NA,2.4231023081,-0.527469778,0.9455645849,2.0186454098,199.53544906,8,0.0573144306
NT,9,601,LARI,DEC,NA,2.4231023081,-0.527469778,0.9455645849,2.0186454098,199.53544906,8,0.0573144306
NT,9,602,LARI,LAR,NA,2.4231023081,-0.527469778,0.9455645849,2.0186454098,199.53544906,8,0.0573144306
NT,9,604,LARI,LYA,NA,2.4231023081,-0.527469778,0.9455645849,2.0186454098,199.53544906,8,0.0573144306
NT,9,1150,UNKN,SPP,NA,15.285302617,-0.725116796,0.6564656383,5.6783869873,658.35024885,33,0.077327055
NT,9,1200,POPU,SPP,NA,8.7372930301,-0.662743733,0.7158536827,4.1107421991,802.89670489,33,0.0842272209
NT,9,1201,POPU,TRE,NA,8.7372930301,-0.662743733,0.7158536827,4.1107421991,802.89670489,33,0.0842272209
NT,9,1203,POPU,BAL,BAL,1.6864362939,-0.104293488,1e-8,1.5402607704,504.07910798,24,0.1176998073
NT,9,1203,POPU,BAL,NA,1.6864362939,-0.104293488,1e-8,1.5402607704,504.07910798,24,0.1176998073
NT,9,1301,BETU,ALL,NA,24.782425941,-0.778651784,0.2688077901,2.9193162287,217.08427507,6,0.2030558509
NT,9,1303,BETU,PAP,NA,24.782425941,-0.778651784,0.2688077901,2.9193162287,217.08427507,6,0.2030558509
NT,9,1303,BETU,PAP,PAP,24.782425941,-0.778651784,0.2688077901,2.9193162287,217.08427507,6,0.2030558509
NT,9,1305,BETU,ALA,NA,24.782425941,-0.778651784,0.2688077901,2.9193162287,217.08427507,6,0.2030558509
NT,9,1305,BETU,NEO,NA,24.782425941,-0.778651784,0.2688077901,2.9193162287,217.08427507,6,0.2030558509
NT,9,1404,ACER,NEG,NA,24.782425941,-0.778651784,0.2688077901,2.9193162287,217.08427507,6,0.2030558509
NT,9,1500,GENH,SPP,NA,24.782425941,-0.778651784,0.2688077901,2.9193162287,217.08427507,6,0.2030558509
NT,9,1550,GENH,SPP,NA,24.782425941,-0.778651784,0.2688077901,2.9193162287,217.08427507,6,0.2030558509
NT,11,100,PICE,SPP,NA,5.7092254198,-0.666299133,0.8236655346,2.6601100548,376.09978201,16,0.04663834979999999
NT,11,101,PICE,MAR,NA,16.717155761,-0.656817754,0.1705976554,6.8287655596,151.7390865,5,0.2358992129
NT,11,105,PICE,GLA,NA,5.7092254198,-0.666299133,0.8236655346,2.6601100548,376.09978201,16,0.04663834979999999
NT,11,203,PINU,BAN,NA,67.914102775999993,-1.469630817,1.1576922615,7.8539257907,252.97088758,12,0.2603607563
NT,11,204,PINU,CON,NA,67.914102775999993,-1.469630817,1.1576922615,7.8539257907,252.97088758,12,0.2603607563
NT,11,204,PINU,CON,LAT,67.914102775999993,-1.469630817,1.1576922615,7.8539257907,252.97088758,12,0.2603607563
NT,11,300,ABIE,SPP,NA,15.807719094,-0.992030314,0.9247438568,4.2284485573,376.09978201,16,0.0472828356
NT,11,304,ABIE,LAS,NA,15.807719094,-0.992030314,0.9247438568,4.2284485573,376.09978201,16,0.0472828356
NT,11,602,LARI,LAR,NA,67.914102775999993,-1.469630817,1.1576922615,7.8539257907,252.97088758,12,0.2603607563
NT,11,1201,POPU,TRE,NA,27.165169396,-1.110623866,0.9651039663,5.9898271853,203.62184609,9,0.271919466
NT,11,1203,POPU,BAL,NA,27.165169396,-1.110623866,0.9651039663,5.9898271853,203.62184609,9,0.271919466
NT,11,1203,POPU,BAL,BAL,27.165169396,-1.110623866,0.9651039663,5.9898271853,203.62184609,9,0.271919466
NT,11,1303,BETU,PAP,NA,27.165169396,-1.110623866,0.9651039663,5.9898271853,203.62184609,9,0.271919466
NT,11,1303,BETU,PAP,PAP,27.165169396,-1.110623866,0.9651039663,5.9898271853,203.62184609,9,0.271919466
NT,11,1308,BETU,PAP,NEO,27.165169396,-1.110623866,0.9651039663,5.9898271853,203.62184609,9,0.271919466
NT,12,100,PICE,SPP,NA,5.7092254198,-0.666299133,0.8236655346,2.6601100548,376.09978201,16,0.04663834979999999
NT,12,101,PICE,MAR,NA,16.717155761,-0.656817754,0.1705976554,6.8287655596,151.7390865,5,0.2358992129
NT,12,105,PICE,GLA,NA,5.7092254198,-0.666299133,0.8236655346,2.6601100548,376.09978201,16,0.04663834979999999
NT,12,203,PINU,BAN,NA,67.914102775999993,-1.469630817,1.1576922615,7.8539257907,252.97088758,12,0.2603607563
NT,12,204,PINU,CON,NA,67.914102775999993,-1.469630817,1.1576922615,7.8539257907,252.97088758,12,0.2603607563
NT,12,204,PINU,CON,LAT,67.914102775999993,-1.469630817,1.1576922615,7.8539257907,252.97088758,12,0.2603607563
NT,12,300,ABIE,SPP,NA,15.807719094,-0.992030314,0.9247438568,4.2284485573,376.09978201,16,0.0472828356
NT,12,304,ABIE,LAS,NA,15.807719094,-0.992030314,0.9247438568,4.2284485573,376.09978201,16,0.0472828356
NT,12,602,LARI,LAR,NA,67.914102775999993,-1.469630817,1.1576922615,7.8539257907,252.97088758,12,0.2603607563
NT,12,1200,POPU,SPP,NA,27.165169396,-1.110623866,0.9651039663,5.9898271853,203.62184609,9,0.271919466
NT,12,1201,POPU,TRE,NA,27.165169396,-1.110623866,0.9651039663,5.9898271853,203.62184609,9,0.271919466
NT,12,1203,POPU,BAL,NA,27.165169396,-1.110623866,0.9651039663,5.9898271853,203.62184609,9,0.271919466
NT,12,1203,POPU,BAL,BAL,27.165169396,-1.110623866,0.9651039663,5.9898271853,203.62184609,9,0.271919466
NT,12,1303,BETU,PAP,NA,27.165169396,-1.110623866,0.9651039663,5.9898271853,203.62184609,9,0.271919466
NT,12,1303,BETU,PAP,PAP,27.165169396,-1.110623866,0.9651039663,5.9898271853,203.62184609,9,0.271919466
NT,12,1308,BETU,PAP,NEO,27.165169396,-1.110623866,0.9651039663,5.9898271853,203.62184609,9,0.271919466
NU,1,101,PICE,MAR,NA,7.7779626965,-1.005501363,0.963202186,2.4177993671,147.47,7,0.0290548417
NU,1,105,PICE,GLA,NA,10.36039556,-1.09694671,0.9656617226,2.5351777779,366.94,19,0.0155334289
NU,1,107,PICE,MAR,RUB,7.7779626965,-1.005501363,0.963202186,2.4177993671,147.47,7,0.0290548417
NU,1,302,ABIE,BAL,NA,11.935657677,-0.953223731,0.887781587,2.4146079989,411.81,20,0.0208038304
NU,1,602,LARI,LAR,NA,11.414512364,-1.082622843,0.9956084436,2.3292385952,263.15999999,14,0.0311715176
NU,1,1201,POPU,TRE,NA,13.039099812,-1.070677997,0.9522933699,2.5253923647,576.63000001,28,0.0141719915
NU,1,1203,POPU,BAL,NA,6.2892366601,-0.824262186,0.9098952289,2.5862667262,511.56000001,21,0.0530067803
NU,1,1203,POPU,BAL,BAL,6.2892366601,-0.824262186,0.9098952289,2.5862667262,511.56000001,21,0.0530067803
NU,1,1303,BETU,PAP,NA,10.955670137,-1.036741381,0.944493411,2.1932308869,423.37,20,0.0140699221
NU,1,1303,BETU,PAP,PAP,10.955670137,-1.036741381,0.944493411,2.1932308869,423.37,20,0.0140699221
NU,2,101,PICE,MAR,NA,7.7779626965,-1.005501363,0.963202186,2.4177993671,147.47,7,0.0290548417
NU,2,105,PICE,GLA,NA,10.36039556,-1.09694671,0.9656617226,2.5351777779,366.94,19,0.0155334289
NU,2,107,PICE,MAR,RUB,7.7779626965,-1.005501363,0.963202186,2.4177993671,147.47,7,0.0290548417
NU,2,302,ABIE,BAL,NA,11.935657677,-0.953223731,0.887781587,2.4146079989,411.81,20,0.0208038304
NU,2,602,LARI,LAR,NA,11.414512364,-1.082622843,0.9956084436,2.3292385952,263.15999999,14,0.0311715176
NU,2,1201,POPU,TRE,NA,13.039099812,-1.070677997,0.9522933699,2.5253923647,576.63000001,28,0.0141719915
NU,2,1203,POPU,BAL,NA,6.2892366601,-0.824262186,0.9098952289,2.5862667262,511.56000001,21,0.0530067803
NU,2,1203,POPU,BAL,BAL,6.2892366601,-0.824262186,0.9098952289,2.5862667262,511.56000001,21,0.0530067803
NU,2,1303,BETU,PAP,NA,10.955670137,-1.036741381,0.944493411,2.1932308869,423.37,20,0.0140699221
NU,2,1303,BETU,PAP,PAP,10.955670137,-1.036741381,0.944493411,2.1932308869,423.37,20,0.0140699221
NU,3,101,PICE,MAR,NA,7.7779626965,-1.005501363,0.963202186,2.4177993671,147.47,7,0.0290548417
NU,3,105,PICE,GLA,NA,10.36039556,-1.09694671,0.9656617226,2.5351777779,366.94,19,0.0155334289
NU,3,107,PICE,MAR,RUB,7.7779626965,-1.005501363,0.963202186,2.4177993671,147.47,7,0.0290548417
NU,3,302,ABIE,BAL,NA,11.935657677,-0.953223731,0.887781587,2.4146079989,411.81,20,0.0208038304
NU,3,602,LARI,LAR,NA,11.414512364,-1.082622843,0.9956084436,2.3292385952,263.15999999,14,0.0311715176
NU,3,1201,POPU,TRE,NA,13.039099812,-1.070677997,0.9522933699,2.5253923647,576.63000001,28,0.0141719915
NU,3,1203,POPU,BAL,NA,6.2892366601,-0.824262186,0.9098952289,2.5862667262,511.56000001,21,0.0530067803
NU,3,1203,POPU,BAL,BAL,6.2892366601,-0.824262186,0.9098952289,2.5862667262,511.56000001,21,0.0530067803
NU,3,1303,BETU,PAP,NA,10.955670137,-1.036741381,0.944493411,2.1932308869,423.37,20,0.0140699221
NU,3,1303,BETU,PAP,PAP,10.955670137,-1.036741381,0.944493411,2.1932308869,423.37,20,0.0140699221
NU,5,101,PICE,MAR,NA,7.7779626965,-1.005501363,0.963202186,2.4177993671,147.47,7,0.0290548417
NU,5,105,PICE,GLA,NA,10.36039556,-1.09694671,0.9656617226,2.5351777779,366.94,19,0.0155334289
NU,5,107,PICE,MAR,RUB,7.7779626965,-1.005501363,0.963202186,2.4177993671,147.47,7,0.0290548417
NU,5,202,PINU,STR,NA,6.1983159179,-0.882168771,0.9485279819,2.1141992018,835.86000001,32,0.0251165413
NU,5,203,PINU,BAN,NA,8.5963599236,-0.986830116,0.9512359724,2.0927720412,395.44999999,20,0.0178331798
NU,5,209,PINU,RES,NA,2.3721416286,-0.588264752,0.8949274101,1.5784796454,506.80000001,23,0.028281455
NU,5,302,ABIE,BAL,NA,11.935657677,-0.953223731,0.887781587,2.4146079989,411.81,20,0.0208038304
NU,5,401,TSUG,CAN,NA,4.1475541829,-0.760460675,0.9250061602,2.0339908292,577.77,27,0.0203063259
NU,5,602,LARI,LAR,NA,11.414512364,-1.082622843,0.9956084436,2.3292385952,263.15999999,14,0.0311715176
NU,5,701,THUJ,OCC,NA,2.3651243838,-0.414612149,0.6888511177,1.8172602065,498.37,24,0.04637839209999999
NU,5,801,JUNI,VIR,NA,2.3651243838,-0.414612149,0.6888511177,1.8172602065,498.37,24,0.04637839209999999
NU,5,1201,POPU,TRE,NA,13.039099812,-1.070677997,0.9522933699,2.5253923647,576.63000001,28,0.0141719915
NU,5,1203,POPU,BAL,NA,6.2892366601,-0.824262186,0.9098952289,2.5862667262,511.56000001,21,0.0530067803
NU,5,1203,POPU,BAL,BAL,6.2892366601,-0.824262186,0.9098952289,2.5862667262,511.56000001,21,0.0530067803
NU,5,1211,POPU,BAL,GRA,13.011374288,-1.072400586,0.9566547274,2.5224978806,576.63000001,29,0.0154653983
NU,5,1301,BETU,ALL,NA,12.640974848,-1.198720275,0.9779342105,1.8767557859,420.56,22,0.0135618428
NU,5,1303,BETU,PAP,NA,10.955670137,-1.036741381,0.944493411,2.1932308869,423.37,20,0.0140699221
NU,5,1303,BETU,PAP,PAP,10.955670137,-1.036741381,0.944493411,2.1932308869,423.37,20,0.0140699221
NU,5,1401,ACER,SAH,NA,11.610136923,-0.982320028,0.9325194746,2.7294608804,509.09,24,0.0347112668
NU,5,1405,ACER,RUB,NA,5.6472118366,-0.853488314,0.9317554028,1.8757602227,362.28,18,0.0189752494
NU,5,1550,GENH,SPP,NA,22.613650576,-1.273999178,0.9814423067,1.996000608,496.33000001,23,0.0134739097
NU,15,101,PICE,MAR,NA,6.6605738633,-0.823947661,0.8750763458,2.3407788273,254.11,11,0.0813726945
NU,15,105,PICE,GLA,NA,10.36039556,-1.09694671,0.9656617226,2.5351777779,366.94,19,0.0155334289
NU,15,107,PICE,MAR,RUB,6.6605738633,-0.823947661,0.8750763458,2.3407788273,254.11,11,0.0813726945
NU,15,202,PINU,STR,NA,6.1983159179,-0.882168771,0.9485279819,2.1141992018,835.86000001,32,0.0251165413
NU,15,203,PINU,BAN,NA,4.8890507743,-0.858419283,1.0707539637,2.7120432611,132.21,6,0.2685953049
NU,15,209,PINU,RES,NA,2.3721416286,-0.588264752,0.8949274101,1.5784796454,506.80000001,23,0.028281455
NU,15,302,ABIE,BAL,NA,11.935657677,-0.953223731,0.887781587,2.4146079989,411.81,20,0.0208038304
NU,15,401,TSUG,CAN,NA,4.1475541829,-0.760460675,0.9250061602,2.0339908292,577.77,27,0.0203063259
NU,15,602,LARI,LAR,NA,11.414512364,-1.082622843,0.9956084436,2.3292385952,263.15999999,14,0.0311715176
NU,15,701,THUJ,OCC,NA,2.3651243838,-0.414612149,0.6888511177,1.8172602065,498.37,24,0.04637839209999999
NU,15,801,JUNI,VIR,NA,2.3651243838,-0.414612149,0.6888511177,1.8172602065,498.37,24,0.04637839209999999
NU,15,1201,POPU,TRE,NA,13.039099812,-1.070677997,0.9522933699,2.5253923647,576.63000001,28,0.0141719915
NU,15,1203,POPU,BAL,NA,6.2892366601,-0.824262186,0.9098952289,2.5862667262,511.56000001,21,0.0530067803
NU,15,1203,POPU,BAL,BAL,6.2892366601,-0.824262186,0.9098952289,2.5862667262,511.56000001,21,0.0530067803
NU,15,1211,POPU,BAL,GRA,13.011374288,-1.072400586,0.9566547274,2.5224978806,576.63000001,29,0.0154653983
NU,15,1301,BETU,ALL,NA,12.640974848,-1.198720275,0.9779342105,1.8767557859,420.56,22,0.0135618428
NU,15,1303,BETU,PAP,NA,10.955670137,-1.036741381,0.944493411,2.1932308869,423.37,20,0.0140699221
NU,15,1303,BETU,PAP,PAP,10.955670137,-1.036741381,0.944493411,2.1932308869,423.37,20,0.0140699221
NU,15,1401,ACER,SAH,NA,11.610136923,-0.982320028,0.9325194746,2.7294608804,509.09,24,0.0347112668
NU,15,1405,ACER,RUB,NA,5.6472118366,-0.853488314,0.9317554028,1.8757602227,362.28,18,0.0189752494
NU,15,1550,GENH,SPP,NA,22.613650576,-1.273999178,0.9814423067,1.996000608,496.33000001,23,0.0134739097
ON,5,1301,BETU,ALL,NA,15.358481042,-1.282010271,0.9839307882,2.0276234606,420.56,22,0.0065259454
ON,5,1405,ACER,RUB,NA,13.96034088,-1.217810799,0.9855659565,2.4217040419,348.11,18,0.0144117898
ON,6,100,PICE,SPP,NA,5.7540640916,-0.472189059,0.2702363141,3.2465753905,271.415,11,0.2596407592
ON,6,101,PICE,MAR,NA,7.9037266649,-0.955352538,0.9472637787,2.6102497551,375.34001409,18,0.0114361464
ON,6,103,PICE,ABI,NA,6.3414882439,-0.785658869,0.8683396358,2.6045891567,367.45,19,0.0240543736
ON,6,105,PICE,GLA,NA,5.7540640916,-0.472189059,0.2702363141,3.2465753905,271.415,11,0.2596407592
ON,6,202,PINU,STR,NA,99.99999999,-1.711652129,0.9921258524,1.7581909772,788.6449535,25,0.1161629115
ON,6,203,PINU,BAN,NA,15.675462438,-1.110486928,0.938174628,3.311317087,382.60350906,20,0.03221749119999999
ON,6,204,PINU,CON,NA,15.675462438,-1.110486928,0.938174628,3.311317087,382.60350906,20,0.03221749119999999
ON,6,204,PINU,CON,LAT,15.675462438,-1.110486928,0.938174628,3.311317087,382.60350906,20,0.03221749119999999
ON,6,209,PINU,RES,NA,11.540868122,-1.153059009,0.9966902098,5.9558057326,695.86808689,25,0.0322755646
ON,6,210,PINU,RIG,NA,11.540868122,-1.153059009,0.9966902098,5.9558057326,695.86808689,25,0.0322755646
ON,6,211,PINU,SYL,NA,11.540868122,-1.153059009,0.9966902098,5.9558057326,695.86808689,25,0.0322755646
ON,6,300,ABIE,SPP,NA,3.5505745561,-0.533381717,0.7518211479,3.0278216146,226.83175174,11,0.0624271715
ON,6,302,ABIE,BAL,NA,3.5505745561,-0.533381717,0.7518211479,3.0278216146,226.83175174,11,0.0624271715
ON,6,401,TSUG,CAN,NA,1.0741438845,-1e-8,1e-8,1.0741438594,264.8425,5,0.0439946867
ON,6,602,LARI,LAR,NA,12.729522624,-1.125307125,1.0000706542,2.4164563174,256.43999999,13,0.0373933959
ON,6,700,THUJ,SPP,NA,3.2443096546,-0.551883648,0.7786286285,2.4714088189,486.36,24,0.03889645709999999
ON,6,701,THUJ,OCC,NA,3.2443096546,-0.551883648,0.7786286285,2.4714088189,486.36,24,0.03889645709999999
ON,6,801,JUNI,VIR,NA,3.2443096546,-0.551883648,0.7786286285,2.4714088189,486.36,24,0.03889645709999999
ON,6,1200,POPU,SPP,NA,29.444867398,-1.143482454,0.9099571506,5.9485259488,570.77215184,28,0.047993199
ON,6,1201,POPU,TRE,NA,29.444867398,-1.143482454,0.9099571506,5.9485259488,570.77215184,28,0.047993199
ON,6,1203,POPU,BAL,NA,7.0418026086,-0.855956676,0.9117380143,2.6608600431,508.57000001,20,0.05378844339999999
ON,6,1203,POPU,BAL,BAL,7.0418026086,-0.855956676,0.9117380143,2.6608600431,508.57000001,20,0.05378844339999999
ON,6,1205,POPU,DEL,NA,7.0418026086,-0.855956676,0.9117380143,2.6608600431,508.57000001,20,0.05378844339999999
ON,6,1205,POPU,DEL,DEL,7.0418026086,-0.855956676,0.9117380143,2.6608600431,508.57000001,20,0.05378844339999999
ON,6,1206,POPU,GRA,NA,4.659104414,-0.324298517,1e-8,2.8560659909,138.725,3,0.2094843973
ON,6,1301,BETU,ALL,NA,15.358481042,-1.282010271,0.9839307882,2.0276234606,420.56,22,0.0065259454
ON,6,1303,BETU,PAP,NA,13.12951212,-1.034474784,0.9660638493,3.7298013289,293.75830729,14,0.0586466405
ON,6,1303,BETU,PAP,PAP,13.12951212,-1.034474784,0.9660638493,3.7298013289,293.75830729,14,0.0586466405
ON,6,1304,BETU,POP,NA,13.12951212,-1.034474784,0.9660638493,3.7298013289,293.75830729,14,0.0586466405
ON,6,1400,ACER,SPP,NA,99.99999999,-1.537065311,0.9922737243,1.2572944607,260.5525,9,0.1202587904
ON,6,1401,ACER,SAH,NA,99.99999999,-1.537065311,0.9922737243,1.2572944607,260.5525,9,0.1202587904
ON,6,1404,ACER,NEG,NA,8.209286639,-0.937604084,0.9441136339,2.1757055543,509.09,24,0.02533570359999999
ON,6,1405,ACER,RUB,NA,6.6930372325,-0.39180755,1e-8,5.5707487827,136.855,5,0.3686291917
ON,6,1406,ACER,SAC,NA,19.86492036,-1.20644595,0.9703038749,2.8420117893,503.75,25,0.02844469579999999
ON,6,1601,CARY,COR,NA,99.99999999,-2.641544913,1.0417968554,1.3081222045,178.28,6,0.0479799936
ON,6,1701,JUGL,CIN,NA,20.328490085,-1.311667349,0.9925709307,3.1274051581,480.95,22,0.01215975549999999
ON,6,1702,JUGL,NIG,NA,20.328490085,-1.311667349,0.9925709307,3.1274051581,480.95,22,0.01215975549999999
ON,6,1900,OSTR,SPP,NA,11.663158135,-0.819392265,0.7235121411,4.5179254042,175.38,8,0.2937679666
ON,6,1900,OSTR,VIR,NA,11.663158135,-0.819392265,0.7235121411,4.5179254042,175.38,8,0.2937679666
ON,6,1950,CARP,CAR,NA,11.663158135,-0.819392265,0.7235121411,4.5179254042,175.38,8,0.2937679666
ON,6,1950,CARP,SPP,NA,11.663158135,-0.819392265,0.7235121411,4.5179254042,175.38,8,0.2937679666
ON,6,2000,FAGU,GRA,NA,34.172812289,-1.477547223,0.9984824547,2.9976531766,480.95,21,0.01695080699999999
ON,6,2100,QUER,SPP,NA,2.6478579516,-0.491944147,0.7877801221,1.8010906304,359.71,18,0.03278394879999999
ON,6,2101,QUER,ALB,NA,2.6478579516,-0.491944147,0.7877801221,1.8010906304,359.71,18,0.03278394879999999
ON,6,2102,QUER,BIC,NA,2.6478579516,-0.491944147,0.7877801221,1.8010906304,359.71,18,0.03278394879999999
ON,6,2104,QUER,MAC,NA,2.6478579516,-0.491944147,0.7877801221,1.8010906304,359.71,18,0.03278394879999999
ON,6,2108,QUER,RUB,NA,2.6478579516,-0.491944147,0.7877801221,1.8010906304,359.71,18,0.03278394879999999
ON,6,2200,ULMU,SPP,NA,4.12568817,-0.490893187,0.5156569476,2.2107604437,139.18,6,0.0551486968
ON,6,2201,ULMU,AME,NA,4.12568817,-0.490893187,0.5156569476,2.2107604437,139.18,6,0.0551486968
ON,6,2600,SASS,ALB,NA,7.0418026086,-0.855956676,0.9117380143,2.6608600431,508.57000001,20,0.05378844339999999
ON,6,2700,PLAT,OCC,NA,24.629737406,-1.593992568,1.0314761473,2.4213643635,456.79,18,0.05961140029999999
ON,6,2801,PRUN,SER,NA,20.870549308,-1.350226965,1.0208768768,4.4759170227,228.67,6,0.1085053397
ON,6,2802,PRUN,PEN,NA,52.239219342,-1.756689915,1.0921295409,3.6629358105,113.01999999,6,0.04337398099999999
ON,6,2804,PRUN,VIR,NA,52.239219342,-1.756689915,1.0921295409,3.6629358105,113.01999999,6,0.04337398099999999
ON,6,2804,PRUN,VIR,VIR,52.239219342,-1.756689915,1.0921295409,3.6629358105,113.01999999,6,0.04337398099999999
ON,6,2900,GLED,TRI,NA,24.629737406,-1.593992568,1.0314761473,2.4213643635,456.79,18,0.05961140029999999
ON,6,2901,ROBI,PSE,NA,24.629737406,-1.593992568,1.0314761473,2.4213643635,456.79,18,0.05961140029999999
ON,6,3000,TILI,AME,NA,24.629737406,-1.593992568,1.0314761473,2.4213643635,456.79,18,0.05961140029999999
ON,6,3400,FRAX,SPP,NA,13.477442425,-1.173619029,0.9701650323,3.4713284014,375.4,17,0.02527414
ON,6,3401,FRAX,AME,NA,3.4259307307,-0.379029438,0.3948162446,2.0034019954,278.85,10,0.290326701
ON,6,3402,FRAX,NIG,NA,13.477442425,-1.173619029,0.9701650323,3.4713284014,375.4,17,0.02527414
ON,6,3403,FRAX,PEN,NA,13.477442425,-1.173619029,0.9701650323,3.4713284014,375.4,17,0.02527414
ON,6,3405,FRAX,PEN,SUB,13.477442425,-1.173619029,0.9701650323,3.4713284014,375.4,17,0.02527414
ON,6,3405,FRAX,PEN,NA,13.477442425,-1.173619029,0.9701650323,3.4713284014,375.4,17,0.02527414
ON,6,3500,SALI,SPP,NA,15.160360096,-1.262251044,1.0222999646,2.7713994983,119.82,6,0.061377777
ON,6,3501,SALI,NIG,NA,15.160360096,-1.262251044,1.0222999646,2.7713994983,119.82,6,0.061377777
ON,6,3960,SORB,SPP,NA,37.871316187,-1.834839185,1.0121995367,2.5834996069,134.91,6,0.011060369
ON,6,3980,CAST,DEN,NA,34.172812289,-1.477547223,0.9984824547,2.9976531766,480.95,21,0.01695080699999999
ON,6,3990,ASIM,TRI,NA,52.239219342,-1.756689915,1.0921295409,3.6629358105,113.01999999,6,0.04337398099999999
ON,7,1301,BETU,ALL,NA,7.9453376177,-1.037877952,0.9617667401,2.1231340441,406.69,20,0.0250260417
ON,7,1405,ACER,RUB,NA,13.571621833,-1.163477833,0.9701833468,2.616687328,596.11,20,0.0146264344
ON,7,1900,OSTR,SPP,NA,16.798017371,-1.211663415,0.9484331198,3.7061251305,191.56,6,0.0925277891
ON,7,1900,OSTR,VIR,NA,16.798017371,-1.211663415,0.9484331198,3.7061251305,191.56,6,0.0925277891
ON,7,1950,CARP,CAR,NA,16.798017371,-1.211663415,0.9484331198,3.7061251305,191.56,6,0.0925277891
ON,7,1950,CARP,SPP,NA,16.798017371,-1.211663415,0.9484331198,3.7061251305,191.56,6,0.0925277891
ON,7,3930,MALU,COR,NA,37.871316187,-1.834839185,1.0121995367,2.5834996069,134.91,6,0.011060369
ON,7,3930,MALU,FUS,NA,37.871316187,-1.834839185,1.0121995367,2.5834996069,134.91,6,0.011060369
ON,7,3930,MALU,SPP,NA,37.871316187,-1.834839185,1.0121995367,2.5834996069,134.91,6,0.011060369
ON,8,100,PICE,SPP,NA,5.7540640916,-0.472189059,0.2702363141,3.2465753905,271.415,11,0.2596407592
ON,8,101,PICE,MAR,NA,7.9037266649,-0.955352538,0.9472637787,2.6102497551,375.34001409,18,0.0114361464
ON,8,103,PICE,ABI,NA,10.178250472,-0.832394456,0.8448493262,2.980905865,323.59,10,0.0634476925
ON,8,105,PICE,GLA,NA,5.7540640916,-0.472189059,0.2702363141,3.2465753905,271.415,11,0.2596407592
ON,8,202,PINU,STR,NA,99.99999999,-1.711652129,0.9921258524,1.7581909772,788.6449535,25,0.1161629115
ON,8,203,PINU,BAN,NA,15.675462438,-1.110486928,0.938174628,3.311317087,382.60350906,20,0.03221749119999999
ON,8,204,PINU,CON,NA,15.675462438,-1.110486928,0.938174628,3.311317087,382.60350906,20,0.03221749119999999
ON,8,204,PINU,CON,LAT,15.675462438,-1.110486928,0.938174628,3.311317087,382.60350906,20,0.03221749119999999
ON,8,209,PINU,RES,NA,11.540868122,-1.153059009,0.9966902098,5.9558057326,695.86808689,25,0.0322755646
ON,8,210,PINU,RIG,NA,11.540868122,-1.153059009,0.9966902098,5.9558057326,695.86808689,25,0.0322755646
ON,8,211,PINU,SYL,NA,11.540868122,-1.153059009,0.9966902098,5.9558057326,695.86808689,25,0.0322755646
ON,8,300,ABIE,SPP,NA,3.5505745561,-0.533381717,0.7518211479,3.0278216146,226.83175174,11,0.0624271715
ON,8,302,ABIE,BAL,NA,3.5505745561,-0.533381717,0.7518211479,3.0278216146,226.83175174,11,0.0624271715
ON,8,401,TSUG,CAN,NA,1.0741438845,-1e-8,1e-8,1.0741438594,264.8425,5,0.0439946867
ON,8,602,LARI,LAR,NA,8.1095846362,-0.778583989,0.8028887576,3.1450615058,263.75999999,13,0.0663234685
ON,8,700,THUJ,SPP,NA,3.2443096546,-0.551883648,0.7786286285,2.4714088189,486.36,24,0.03889645709999999
ON,8,701,THUJ,OCC,NA,3.2443096546,-0.551883648,0.7786286285,2.4714088189,486.36,24,0.03889645709999999
ON,8,801,JUNI,VIR,NA,3.2443096546,-0.551883648,0.7786286285,2.4714088189,486.36,24,0.03889645709999999
ON,8,1200,POPU,SPP,NA,29.444867398,-1.143482454,0.9099571506,5.9485259488,570.77215184,28,0.047993199
ON,8,1201,POPU,TRE,NA,29.444867398,-1.143482454,0.9099571506,5.9485259488,570.77215184,28,0.047993199
ON,8,1203,POPU,BAL,NA,7.0418026086,-0.855956676,0.9117380143,2.6608600431,508.57000001,20,0.05378844339999999
ON,8,1203,POPU,BAL,BAL,7.0418026086,-0.855956676,0.9117380143,2.6608600431,508.57000001,20,0.05378844339999999
ON,8,1205,POPU,DEL,NA,99.99999999,-2.209219778,0.9852905933,4.8842440756,233.25,7,0.2690880355
ON,8,1205,POPU,DEL,DEL,99.99999999,-2.209219778,0.9852905933,4.8842440756,233.25,7,0.2690880355
ON,8,1206,POPU,GRA,NA,22.455116823,-1.32189005,1.039821257,5.1210260917,375.07000001,15,0.0710507382
ON,8,1301,BETU,ALL,NA,44.599330246,-1.418108321,0.9606051069,12.818697102,275.78999999,13,0.0165568645
ON,8,1303,BETU,PAP,NA,13.12951212,-1.034474784,0.9660638493,3.7298013289,293.75830729,14,0.0586466405
ON,8,1303,BETU,PAP,PAP,13.12951212,-1.034474784,0.9660638493,3.7298013289,293.75830729,14,0.0586466405
ON,8,1304,BETU,POP,NA,13.12951212,-1.034474784,0.9660638493,3.7298013289,293.75830729,14,0.0586466405
ON,8,1400,ACER,SPP,NA,99.99999999,-1.537065311,0.9922737243,1.2572944607,260.5525,9,0.1202587904
ON,8,1401,ACER,SAH,NA,99.99999999,-1.537065311,0.9922737243,1.2572944607,260.5525,9,0.1202587904
ON,8,1404,ACER,NEG,NA,8.209286639,-0.937604084,0.9441136339,2.1757055543,509.09,24,0.02533570359999999
ON,8,1405,ACER,RUB,NA,17.684769447,-1.212604652,0.9767722551,2.9615268066,494.5,22,0.00708834319999999
ON,8,1406,ACER,SAC,NA,16.576362319,-1.2397691,0.984986217,2.8450589323,410.46,18,0.0350551719
ON,8,1411,ACER,SPI,NA,99.99999999,-2.966707487,1.0409686954,2.232079999,123.37,4,0.03551289469999999
ON,8,1601,CARY,COR,NA,99.99999999,-2.641544913,1.0417968554,1.3081222045,178.28,6,0.0479799936
ON,8,1701,JUGL,CIN,NA,11.783486055,-1.084334593,0.9627978956,2.7729570268,417.84,17,0.0196460092
ON,8,1702,JUGL,NIG,NA,11.783486055,-1.084334593,0.9627978956,2.7729570268,417.84,17,0.0196460092
ON,8,1900,OSTR,SPP,NA,16.798017371,-1.211663415,0.9484331198,3.7061251305,191.56,6,0.0925277891
ON,8,1900,OSTR,VIR,NA,16.798017371,-1.211663415,0.9484331198,3.7061251305,191.56,6,0.0925277891
ON,8,1950,CARP,CAR,NA,16.798017371,-1.211663415,0.9484331198,3.7061251305,191.56,6,0.0925277891
ON,8,1950,CARP,SPP,NA,16.798017371,-1.211663415,0.9484331198,3.7061251305,191.56,6,0.0925277891
ON,8,2000,FAGU,GRA,NA,8.4031431567,-0.45176677,1e-8,9.3234523119,313.9,15,0.3443614518
ON,8,2100,QUER,SPP,NA,4.3276495439,-0.725589856,0.9005348162,4.2419546941,174.27,8,0.0815729975
ON,8,2101,QUER,ALB,NA,4.3276495439,-0.725589856,0.9005348162,4.2419546941,174.27,8,0.0815729975
ON,8,2102,QUER,BIC,NA,4.3276495439,-0.725589856,0.9005348162,4.2419546941,174.27,8,0.0815729975
ON,8,2104,QUER,MAC,NA,4.3276495439,-0.725589856,0.9005348162,4.2419546941,174.27,8,0.0815729975
ON,8,2108,QUER,RUB,NA,99.99999999,-1.575383925,0.9790893847,1.3584863059,244.25,10,0.0318118427
ON,8,2200,ULMU,SPP,NA,4.12568817,-0.490893187,0.5156569476,2.2107604437,139.18,6,0.0551486968
ON,8,2201,ULMU,AME,NA,4.12568817,-0.490893187,0.5156569476,2.2107604437,139.18,6,0.0551486968
ON,8,2600,SASS,ALB,NA,7.0418026086,-0.855956676,0.9117380143,2.6608600431,508.57000001,20,0.05378844339999999
ON,8,2700,PLAT,OCC,NA,97.797425588,-1.90495771,1.0436486063,5.6209910976,417.84,12,0.1738775062
ON,8,2801,PRUN,SER,NA,4.7560575777,-0.693497169,0.8500963295,1.4958400033,307.7,6,0.05358591919999999
ON,8,2802,PRUN,PEN,NA,4.7560575777,-0.693497169,0.8500963295,1.4958400033,307.7,6,0.05358591919999999
ON,8,2804,PRUN,VIR,VIR,4.7560575777,-0.693497169,0.8500963295,1.4958400033,307.7,6,0.05358591919999999
ON,8,2804,PRUN,VIR,NA,4.7560575777,-0.693497169,0.8500963295,1.4958400033,307.7,6,0.05358591919999999
ON,8,2900,GLED,TRI,NA,97.797425588,-1.90495771,1.0436486063,5.6209910976,417.84,12,0.1738775062
ON,8,2901,ROBI,PSE,NA,97.797425588,-1.90495771,1.0436486063,5.6209910976,417.84,12,0.1738775062
ON,8,3000,TILI,AME,NA,97.797425588,-1.90495771,1.0436486063,5.6209910976,417.84,12,0.1738775062
ON,8,3400,FRAX,SPP,NA,4.9310179899,-0.573560909,0.5997195876,2.6440827441,198.35,9,0.0704036705
ON,8,3401,FRAX,AME,NA,4.0300923469,-0.771907252,0.9259893144,2.3725320918,246.21,11,0.0413048624
ON,8,3402,FRAX,NIG,NA,4.9310179899,-0.573560909,0.5997195876,2.6440827441,198.35,9,0.0704036705
ON,8,3403,FRAX,PEN,NA,4.0300923469,-0.771907252,0.9259893144,2.3725320918,246.21,11,0.0413048624
ON,8,3405,FRAX,PEN,SUB,4.0300923469,-0.771907252,0.9259893144,2.3725320918,246.21,11,0.0413048624
ON,8,3405,FRAX,PEN,NA,4.0300923469,-0.771907252,0.9259893144,2.3725320918,246.21,11,0.0413048624
ON,8,3500,SALI,SPP,NA,95.195809227,-2.211558326,1.0498456064,2.9261199743,133.27,4,0.005653634
ON,8,3501,SALI,NIG,NA,95.195809227,-2.211558326,1.0498456064,2.9261199743,133.27,4,0.005653634
ON,8,3902,CORY,AME,NA,14.971676005,-0.780057656,0.8001720993,4.9091027785,151.39192011,4,0.1424178361
ON,8,3930,MALU,COR,NA,37.871316187,-1.834839185,1.0121995367,2.5834996069,134.91,6,0.011060369
ON,8,3930,MALU,FUS,NA,37.871316187,-1.834839185,1.0121995367,2.5834996069,134.91,6,0.011060369
ON,8,3930,MALU,SPP,NA,37.871316187,-1.834839185,1.0121995367,2.5834996069,134.91,6,0.011060369
ON,8,3960,SORB,SPP,NA,37.871316187,-1.834839185,1.0121995367,2.5834996069,134.91,6,0.011060369
ON,8,3980,CAST,DEN,NA,8.4031431567,-0.45176677,1e-8,9.3234523119,313.9,15,0.3443614518
ON,8,3990,ASIM,TRI,NA,4.7560575777,-0.693497169,0.8500963295,1.4958400033,307.7,6,0.05358591919999999
ON,15,100,PICE,SPP,NA,5.7540640916,-0.472189059,0.2702363141,3.2465753905,271.415,11,0.2596407592
ON,15,101,PICE,MAR,NA,7.9037266649,-0.955352538,0.9472637787,2.6102497551,375.34001409,18,0.0114361464
ON,15,105,PICE,GLA,NA,5.7540640916,-0.472189059,0.2702363141,3.2465753905,271.415,11,0.2596407592
ON,15,202,PINU,STR,NA,99.99999999,-1.711652129,0.9921258524,1.7581909772,788.6449535,25,0.1161629115
ON,15,203,PINU,BAN,NA,15.675462438,-1.110486928,0.938174628,3.311317087,382.60350906,20,0.03221749119999999
ON,15,204,PINU,CON,NA,15.675462438,-1.110486928,0.938174628,3.311317087,382.60350906,20,0.03221749119999999
ON,15,204,PINU,CON,LAT,15.675462438,-1.110486928,0.938174628,3.311317087,382.60350906,20,0.03221749119999999
ON,15,209,PINU,RES,NA,11.540868122,-1.153059009,0.9966902098,5.9558057326,695.86808689,25,0.0322755646
ON,15,210,PINU,RIG,NA,11.540868122,-1.153059009,0.9966902098,5.9558057326,695.86808689,25,0.0322755646
ON,15,211,PINU,SYL,NA,11.540868122,-1.153059009,0.9966902098,5.9558057326,695.86808689,25,0.0322755646
ON,15,300,ABIE,SPP,NA,3.5505745561,-0.533381717,0.7518211479,3.0278216146,226.83175174,11,0.0624271715
ON,15,302,ABIE,BAL,NA,3.5505745561,-0.533381717,0.7518211479,3.0278216146,226.83175174,11,0.0624271715
ON,15,602,LARI,LAR,NA,12.729522624,-1.125307125,1.0000706542,2.4164563174,256.43999999,13,0.0373933959
ON,15,700,THUJ,SPP,NA,3.2443096546,-0.551883648,0.7786286285,2.4714088189,486.36,24,0.03889645709999999
ON,15,701,THUJ,OCC,NA,3.2443096546,-0.551883648,0.7786286285,2.4714088189,486.36,24,0.03889645709999999
ON,15,801,JUNI,VIR,NA,3.2443096546,-0.551883648,0.7786286285,2.4714088189,486.36,24,0.03889645709999999
ON,15,1200,POPU,SPP,NA,29.444867398,-1.143482454,0.9099571506,5.9485259488,570.77215184,28,0.047993199
ON,15,1201,POPU,TRE,NA,29.444867398,-1.143482454,0.9099571506,5.9485259488,570.77215184,28,0.047993199
ON,15,1203,POPU,BAL,NA,7.0418026086,-0.855956676,0.9117380143,2.6608600431,508.57000001,20,0.05378844339999999
ON,15,1203,POPU,BAL,BAL,7.0418026086,-0.855956676,0.9117380143,2.6608600431,508.57000001,20,0.05378844339999999
ON,15,1301,BETU,ALL,NA,15.358481042,-1.282010271,0.9839307882,2.0276234606,420.56,22,0.0065259454
ON,15,1303,BETU,PAP,NA,13.12951212,-1.034474784,0.9660638493,3.7298013289,293.75830729,14,0.0586466405
ON,15,1303,BETU,PAP,PAP,13.12951212,-1.034474784,0.9660638493,3.7298013289,293.75830729,14,0.0586466405
ON,15,1304,BETU,POP,NA,13.12951212,-1.034474784,0.9660638493,3.7298013289,293.75830729,14,0.0586466405
ON,15,1400,ACER,SPP,NA,99.99999999,-1.537065311,0.9922737243,1.2572944607,260.5525,9,0.1202587904
ON,15,1405,ACER,RUB,NA,13.96034088,-1.217810799,0.9855659565,2.4217040419,348.11,18,0.0144117898
ON,15,2600,SASS,ALB,NA,7.0418026086,-0.855956676,0.9117380143,2.6608600431,508.57000001,20,0.05378844339999999
ON,15,3402,FRAX,NIG,NA,13.477442425,-1.173619029,0.9701650323,3.4713284014,375.4,17,0.02527414
PE,7,100,PICE,SPP,NA,4.8019136089,-0.619536312,0.7186925864,3.7191998099,353.64611821,17,0.1312879933
PE,7,101,PICE,MAR,NA,6.3456399524,-0.963251877,0.9466768636,2.5802621014,274.48993301,14,0.0595338703
PE,7,102,PICE,RUB,NA,8.780820721,-1.081158743,0.9785890334,3.1605091134,239.05054409,12,0.0705613778
PE,7,105,PICE,GLA,NA,4.8019136089,-0.619536312,0.7186925864,3.7191998099,353.64611821,17,0.1312879933
PE,7,202,PINU,STR,NA,7.7590438368,-1.232362775,0.9879337331,4.5126689452,383.64948652,18,0.02798600589999999
PE,7,203,PINU,BAN,NA,17.959706325,-1.135291735,0.9296470055,12.47073341,219.57000002,8,0.118090859
PE,7,209,PINU,RES,NA,3.2664598169,-0.832118887,0.9495784353,2.1215190661,643.47713306,24,0.0236882087
PE,7,211,PINU,SYL,NA,99.99999999,-2.020488411,0.9960649628,1.0181689995,195.94207581,5,8.8268509999999e-4
PE,7,302,ABIE,BAL,NA,18.875520815,-0.996968204,0.8730070182,5.1565751939,324.11976114,15,0.0426537213
PE,7,401,TSUG,CAN,NA,99.99999999,-2.232091982,1.0075177107,1.0181284838,351.53201563,6,0.014937651
PE,7,602,LARI,LAR,NA,13.83742935,-1.034808914,0.8985319485,3.8057794657,315.35488155,16,0.0621766299
PE,7,605,LARI,KAE,NA,99.99999999,-2.172889151,0.9933608821,1.0527559418,216.89089905,7,0.0074871436
PE,7,701,THUJ,OCC,NA,4.6949538007,-0.350836824,1e-8,1.9020350049,263.22275268,12,0.2273794115
PE,7,801,JUNI,VIR,NA,4.6949538007,-0.350836824,1e-8,1.9020350049,263.22275268,12,0.2273794115
PE,7,1100,GENC,SPP,NA,4.8019136089,-0.619536312,0.7186925864,3.7191998099,353.64611821,17,0.1312879933
PE,7,1150,UNKN,SPP,NA,4.8019136089,-0.619536312,0.7186925864,3.7191998099,353.64611821,17,0.1312879933
PE,7,1200,POPU,SPP,NA,41.89897475,-1.746747505,1.1573904546,4.4400495257,472.96713388,11,0.1095328714
PE,7,1201,POPU,TRE,NA,99.99999999,-1.164942176,0.5102661505,4.7288574481,357.21851036,14,0.4886255439
PE,7,1203,POPU,BAL,NA,99.99999999,-1.164942176,0.5102661505,4.7288574481,357.21851036,14,0.4886255439
PE,7,1203,POPU,BAL,BAL,99.99999999,-1.164942176,0.5102661505,4.7288574481,357.21851036,14,0.4886255439
PE,7,1206,POPU,GRA,NA,99.99999999,-1.473692336,0.9803560526,1.3869187515,377.38403577,5,0.0534133045
PE,7,1301,BETU,ALL,NA,76.781666231,-1.549164089,0.9764019013,3.9823590959,235.83613383,9,0.0328461742
PE,7,1303,BETU,PAP,NA,19.274757145,-0.94886716,0.8349970892,3.2183022535,294.65463549,14,0.06745662539999998
PE,7,1303,BETU,PAP,PAP,19.274757145,-0.94886716,0.8349970892,3.2183022535,294.65463549,14,0.06745662539999998
PE,7,1304,BETU,POP,NA,19.274757145,-0.94886716,0.8349970892,3.2183022535,294.65463549,14,0.06745662539999998
PE,7,1400,ACER,SPP,NA,78.167272602,-1.612124432,0.9876433467,3.901896483,273.63367943,14,0.01909438449999999
PE,7,1401,ACER,SAH,NA,35.805372246,-1.259525493,0.9432498409,1.3320405373,279.04801113,12,0.0925433303
PE,7,1405,ACER,RUB,NA,78.167272602,-1.612124432,0.9876433467,3.901896483,273.63367943,14,0.01909438449999999
PE,7,1410,ACER,PEN,NA,99.99999999,-2.47883761,1.0227183106,1.7171880145,138.78,4,0.0423491266
PE,7,1411,ACER,SPI,NA,24.750465323,-1.384274645,0.9942519859,3.0212768866,164.87569343,7,0.0859144245
PE,7,1550,GENH,SPP,NA,38.259940656,-1.565366496,0.9984066946,4.5071397035,206.94382483,9,0.0338959567
PE,7,1800,ALNU,SPP,NA,22.613650576,-1.273999178,0.9814423067,1.996000608,496.33000001,23,0.0134739097
PE,7,1803,ALNU,VIR,CRI,22.613650576,-1.273999178,0.9814423067,1.996000608,496.33000001,23,0.0134739097
PE,7,1805,ALNU,INC,RUG,22.613650576,-1.273999178,0.9814423067,1.996000608,496.33000001,23,0.0134739097
PE,7,1805,ALNU,INC,NA,22.613650576,-1.273999178,0.9814423067,1.996000608,496.33000001,23,0.0134739097
PE,7,1900,OSTR,SPP,NA,8.5182485872,-0.96513938,0.9392360744,3.0965829372,245.93999999,8,0.05632325779999999
PE,7,1900,OSTR,VIR,NA,8.5182485872,-0.96513938,0.9392360744,3.0965829372,245.93999999,8,0.05632325779999999
PE,7,1950,CARP,CAR,NA,8.5182485872,-0.96513938,0.9392360744,3.0965829372,245.93999999,8,0.05632325779999999
PE,7,1950,CARP,SPP,NA,8.5182485872,-0.96513938,0.9392360744,3.0965829372,245.93999999,8,0.05632325779999999
PE,7,2000,FAGU,GRA,NA,1.6510993986,-0.095857092,1e-8,1.096867518,231.09589207,6,0.0149563651
PE,7,2108,QUER,RUB,NA,2.1595e-6,-0.5,0.9999997301,1,194.35563834,4,1.0152734e-7
PE,7,2200,ULMU,SPP,NA,99.99999999,-2.901196684,1.0668432946,1.0844877242,310.61805801,5,0.1239394907
PE,7,2201,ULMU,AME,NA,99.99999999,-2.901196684,1.0668432946,1.0844877242,310.61805801,5,0.1239394907
PE,7,2802,PRUN,PEN,NA,16.142116771,-0.711612041,0.2426827591,5.925956664,102.72643787,5,0.2345642955
PE,7,3401,FRAX,AME,NA,99.99999999,-1.954267542,1.0386348209,1.0873281169,220.93574243,7,0.04427454859999999
PE,7,3900,CORY,COR,NA,14.971676005,-0.780057656,0.8001720993,4.9091027785,151.39192011,4,0.1424178361
PE,7,3920,ILEX,VER,NA,99.99999999,-1.388175832,1.130612891,2.8183326736,107.85217059,4,0.4744546178
PE,7,3930,MALU,COR,NA,5.5531591611,-0.782389328,0.849092982,1.8034858802,139.09,6,0.0548743577
PE,7,3930,MALU,FUS,NA,5.5531591611,-0.782389328,0.849092982,1.8034858802,139.09,6,0.0548743577
PE,7,3930,MALU,SPP,NA,5.5531591611,-0.782389328,0.849092982,1.8034858802,139.09,6,0.0548743577
PE,7,3940,NEMO,MUC,NA,1.568085261,-0.003112161,0.0867157703,1.6435985308,116.94947166,4,0.3019932776
PE,7,3960,SORB,SPP,NA,5.5531591611,-0.782389328,0.849092982,1.8034858802,139.09,6,0.0548743577
QC,1,100,PICE,SPP,NA,7.7779626965,-1.005501363,0.963202186,2.4177993671,147.47,7,0.0290548417
QC,1,101,PICE,MAR,NA,7.7779626965,-1.005501363,0.963202186,2.4177993671,147.47,7,0.0290548417
QC,1,105,PICE,GLA,NA,10.36039556,-1.09694671,0.9656617226,2.5351777779,366.94,19,0.0155334289
QC,1,107,PICE,MAR,RUB,7.7779626965,-1.005501363,0.963202186,2.4177993671,147.47,7,0.0290548417
QC,1,302,ABIE,BAL,NA,11.935657677,-0.953223731,0.887781587,2.4146079989,411.81,20,0.0208038304
QC,1,304,ABIE,LAS,NA,11.935657677,-0.953223731,0.887781587,2.4146079989,411.81,20,0.0208038304
QC,1,602,LARI,LAR,NA,11.414512364,-1.082622843,0.9956084436,2.3292385952,263.15999999,14,0.0311715176
QC,1,605,LARI,KAE,NA,11.414512364,-1.082622843,0.9956084436,2.3292385952,263.15999999,14,0.0311715176
QC,1,1100,GENC,SPP,NA,10.36039556,-1.09694671,0.9656617226,2.5351777779,366.94,19,0.0155334289
QC,1,1150,UNKN,SPP,NA,10.36039556,-1.09694671,0.9656617226,2.5351777779,366.94,19,0.0155334289
QC,1,1200,POPU,SPP,NA,13.039099812,-1.070677997,0.9522933699,2.5253923647,576.63000001,28,0.0141719915
QC,1,1201,POPU,TRE,NA,13.039099812,-1.070677997,0.9522933699,2.5253923647,576.63000001,28,0.0141719915
QC,1,1203,POPU,BAL,NA,6.2892366601,-0.824262186,0.9098952289,2.5862667262,511.56000001,21,0.0530067803
QC,1,1203,POPU,BAL,BAL,6.2892366601,-0.824262186,0.9098952289,2.5862667262,511.56000001,21,0.0530067803
QC,1,1303,BETU,PAP,PAP,10.955670137,-1.036741381,0.944493411,2.1932308869,423.37,20,0.0140699221
QC,1,1303,BETU,PAP,NA,10.955670137,-1.036741381,0.944493411,2.1932308869,423.37,20,0.0140699221
QC,2,100,PICE,SPP,NA,7.7779626965,-1.005501363,0.963202186,2.4177993671,147.47,7,0.0290548417
QC,2,101,PICE,MAR,NA,7.7779626965,-1.005501363,0.963202186,2.4177993671,147.47,7,0.0290548417
QC,2,105,PICE,GLA,NA,10.36039556,-1.09694671,0.9656617226,2.5351777779,366.94,19,0.0155334289
QC,2,107,PICE,MAR,RUB,7.7779626965,-1.005501363,0.963202186,2.4177993671,147.47,7,0.0290548417
QC,2,302,ABIE,BAL,NA,11.935657677,-0.953223731,0.887781587,2.4146079989,411.81,20,0.0208038304
QC,2,304,ABIE,LAS,NA,11.935657677,-0.953223731,0.887781587,2.4146079989,411.81,20,0.0208038304
QC,2,602,LARI,LAR,NA,11.414512364,-1.082622843,0.9956084436,2.3292385952,263.15999999,14,0.0311715176
QC,2,605,LARI,KAE,NA,11.414512364,-1.082622843,0.9956084436,2.3292385952,263.15999999,14,0.0311715176
QC,2,1100,GENC,SPP,NA,10.36039556,-1.09694671,0.9656617226,2.5351777779,366.94,19,0.0155334289
QC,2,1150,UNKN,SPP,NA,10.36039556,-1.09694671,0.9656617226,2.5351777779,366.94,19,0.0155334289
QC,2,1200,POPU,SPP,NA,13.039099812,-1.070677997,0.9522933699,2.5253923647,576.63000001,28,0.0141719915
QC,2,1201,POPU,TRE,NA,13.039099812,-1.070677997,0.9522933699,2.5253923647,576.63000001,28,0.0141719915
QC,2,1203,POPU,BAL,NA,6.2892366601,-0.824262186,0.9098952289,2.5862667262,511.56000001,21,0.0530067803
QC,2,1203,POPU,BAL,BAL,6.2892366601,-0.824262186,0.9098952289,2.5862667262,511.56000001,21,0.0530067803
QC,2,1303,BETU,PAP,NA,10.955670137,-1.036741381,0.944493411,2.1932308869,423.37,20,0.0140699221
QC,2,1303,BETU,PAP,PAP,10.955670137,-1.036741381,0.944493411,2.1932308869,423.37,20,0.0140699221
QC,3,100,PICE,SPP,NA,7.7779626965,-1.005501363,0.963202186,2.4177993671,147.47,7,0.0290548417
QC,3,101,PICE,MAR,NA,7.7779626965,-1.005501363,0.963202186,2.4177993671,147.47,7,0.0290548417
QC,3,105,PICE,GLA,NA,10.36039556,-1.09694671,0.9656617226,2.5351777779,366.94,19,0.0155334289
QC,3,107,PICE,MAR,RUB,7.7779626965,-1.005501363,0.963202186,2.4177993671,147.47,7,0.0290548417
QC,3,302,ABIE,BAL,NA,11.935657677,-0.953223731,0.887781587,2.4146079989,411.81,20,0.0208038304
QC,3,304,ABIE,LAS,NA,11.935657677,-0.953223731,0.887781587,2.4146079989,411.81,20,0.0208038304
QC,3,602,LARI,LAR,NA,11.414512364,-1.082622843,0.9956084436,2.3292385952,263.15999999,14,0.0311715176
QC,3,605,LARI,KAE,NA,11.414512364,-1.082622843,0.9956084436,2.3292385952,263.15999999,14,0.0311715176
QC,3,1100,GENC,SPP,NA,10.36039556,-1.09694671,0.9656617226,2.5351777779,366.94,19,0.0155334289
QC,3,1150,UNKN,SPP,NA,10.36039556,-1.09694671,0.9656617226,2.5351777779,366.94,19,0.0155334289
QC,3,1200,POPU,SPP,NA,13.039099812,-1.070677997,0.9522933699,2.5253923647,576.63000001,28,0.0141719915
QC,3,1201,POPU,TRE,NA,13.039099812,-1.070677997,0.9522933699,2.5253923647,576.63000001,28,0.0141719915
QC,3,1203,POPU,BAL,NA,6.2892366601,-0.824262186,0.9098952289,2.5862667262,511.56000001,21,0.0530067803
QC,3,1203,POPU,BAL,BAL,6.2892366601,-0.824262186,0.9098952289,2.5862667262,511.56000001,21,0.0530067803
QC,3,1303,BETU,PAP,NA,10.955670137,-1.036741381,0.944493411,2.1932308869,423.37,20,0.0140699221
QC,3,1303,BETU,PAP,PAP,10.955670137,-1.036741381,0.944493411,2.1932308869,423.37,20,0.0140699221
QC,3,1805,ALNU,INC,RUG,22.613650576,-1.273999178,0.9814423067,1.996000608,496.33000001,23,0.0134739097
QC,3,1805,ALNU,INC,NA,22.613650576,-1.273999178,0.9814423067,1.996000608,496.33000001,23,0.0134739097
QC,5,100,PICE,SPP,NA,7.7779626965,-1.005501363,0.963202186,2.4177993671,147.47,7,0.0290548417
QC,5,101,PICE,MAR,NA,7.7779626965,-1.005501363,0.963202186,2.4177993671,147.47,7,0.0290548417
QC,5,105,PICE,GLA,NA,10.36039556,-1.09694671,0.9656617226,2.5351777779,366.94,19,0.0155334289
QC,5,107,PICE,MAR,RUB,7.7779626965,-1.005501363,0.963202186,2.4177993671,147.47,7,0.0290548417
QC,5,200,PINU,SPP,NA,8.5963599236,-0.986830116,0.9512359724,2.0927720412,395.44999999,20,0.0178331798
QC,5,202,PINU,STR,NA,6.1983159179,-0.882168771,0.9485279819,2.1141992018,835.86000001,32,0.0251165413
QC,5,203,PINU,BAN,NA,8.5963599236,-0.986830116,0.9512359724,2.0927720412,395.44999999,20,0.0178331798
QC,5,209,PINU,RES,NA,2.3721416286,-0.588264752,0.8949274101,1.5784796454,506.80000001,23,0.028281455
QC,5,302,ABIE,BAL,NA,11.935657677,-0.953223731,0.887781587,2.4146079989,411.81,20,0.0208038304
QC,5,304,ABIE,LAS,NA,11.935657677,-0.953223731,0.887781587,2.4146079989,411.81,20,0.0208038304
QC,5,401,TSUG,CAN,NA,4.1475541829,-0.760460675,0.9250061602,2.0339908292,577.77,27,0.0203063259
QC,5,602,LARI,LAR,NA,11.414512364,-1.082622843,0.9956084436,2.3292385952,263.15999999,14,0.0311715176
QC,5,605,LARI,KAE,NA,11.414512364,-1.082622843,0.9956084436,2.3292385952,263.15999999,14,0.0311715176
QC,5,701,THUJ,OCC,NA,2.3651243838,-0.414612149,0.6888511177,1.8172602065,498.37,24,0.04637839209999999
QC,5,801,JUNI,VIR,NA,2.3651243838,-0.414612149,0.6888511177,1.8172602065,498.37,24,0.04637839209999999
QC,5,1100,GENC,SPP,NA,10.36039556,-1.09694671,0.9656617226,2.5351777779,366.94,19,0.0155334289
QC,5,1150,UNKN,SPP,NA,10.36039556,-1.09694671,0.9656617226,2.5351777779,366.94,19,0.0155334289
QC,5,1200,POPU,SPP,NA,13.039099812,-1.070677997,0.9522933699,2.5253923647,576.63000001,28,0.0141719915
QC,5,1201,POPU,TRE,NA,13.039099812,-1.070677997,0.9522933699,2.5253923647,576.63000001,28,0.0141719915
QC,5,1203,POPU,BAL,NA,6.2892366601,-0.824262186,0.9098952289,2.5862667262,511.56000001,21,0.0530067803
QC,5,1203,POPU,BAL,BAL,6.2892366601,-0.824262186,0.9098952289,2.5862667262,511.56000001,21,0.0530067803
QC,5,1211,POPU,BAL,GRA,13.011374288,-1.072400586,0.9566547274,2.5224978806,576.63000001,29,0.0154653983
QC,5,1301,BETU,ALL,NA,12.640974848,-1.198720275,0.9779342105,1.8767557859,420.56,22,0.0135618428
QC,5,1303,BETU,PAP,PAP,10.955670137,-1.036741381,0.944493411,2.1932308869,423.37,20,0.0140699221
QC,5,1303,BETU,PAP,NA,10.955670137,-1.036741381,0.944493411,2.1932308869,423.37,20,0.0140699221
QC,5,1400,ACER,SPP,NA,11.610136923,-0.982320028,0.9325194746,2.7294608804,509.09,24,0.0347112668
QC,5,1401,ACER,SAH,NA,11.610136923,-0.982320028,0.9325194746,2.7294608804,509.09,24,0.0347112668
QC,5,1405,ACER,RUB,NA,5.6472118366,-0.853488314,0.9317554028,1.8757602227,362.28,18,0.0189752494
QC,5,1550,GENH,SPP,NA,22.613650576,-1.273999178,0.9814423067,1.996000608,496.33000001,23,0.0134739097
QC,6,100,PICE,SPP,NA,11.071370102,-1.012226087,0.933126111,2.314279718,444.77999999,22,0.0158783035
QC,6,101,PICE,MAR,NA,11.071370102,-1.012226087,0.933126111,2.314279718,444.77999999,22,0.0158783035
QC,6,102,PICE,RUB,NA,6.9185074048,-0.825151242,0.8861876881,2.8005170666,368.61,19,0.02024841029999999
QC,6,103,PICE,ABI,NA,6.9185074048,-0.825151242,0.8861876881,2.8005170666,368.61,19,0.02024841029999999
QC,6,105,PICE,GLA,NA,10.36039556,-1.09694671,0.9656617226,2.5351777779,366.94,19,0.0155334289
QC,6,107,PICE,MAR,RUB,6.9185074048,-0.825151242,0.8861876881,2.8005170666,368.61,19,0.02024841029999999
QC,6,200,PINU,SPP,NA,8.5963599236,-0.986830116,0.9512359724,2.0927720412,395.44999999,20,0.0178331798
QC,6,202,PINU,STR,NA,6.1983159179,-0.882168771,0.9485279819,2.1141992018,835.86000001,32,0.0251165413
QC,6,203,PINU,BAN,NA,8.5963599236,-0.986830116,0.9512359724,2.0927720412,395.44999999,20,0.0178331798
QC,6,209,PINU,RES,NA,2.3721416286,-0.588264752,0.8949274101,1.5784796454,506.80000001,23,0.028281455
QC,6,211,PINU,SYL,NA,2.3721416286,-0.588264752,0.8949274101,1.5784796454,506.80000001,23,0.028281455
QC,6,302,ABIE,BAL,NA,11.935657677,-0.953223731,0.887781587,2.4146079989,411.81,20,0.0208038304
QC,6,304,ABIE,LAS,NA,11.935657677,-0.953223731,0.887781587,2.4146079989,411.81,20,0.0208038304
QC,6,401,TSUG,CAN,NA,4.1475541829,-0.760460675,0.9250061602,2.0339908292,577.77,27,0.0203063259
QC,6,602,LARI,LAR,NA,11.414512364,-1.082622843,0.9956084436,2.3292385952,263.15999999,14,0.0311715176
QC,6,605,LARI,KAE,NA,11.414512364,-1.082622843,0.9956084436,2.3292385952,263.15999999,14,0.0311715176
QC,6,701,THUJ,OCC,NA,2.3651243838,-0.414612149,0.6888511177,1.8172602065,498.37,24,0.04637839209999999
QC,6,801,JUNI,VIR,NA,2.3651243838,-0.414612149,0.6888511177,1.8172602065,498.37,24,0.04637839209999999
QC,6,1100,GENC,SPP,NA,10.36039556,-1.09694671,0.9656617226,2.5351777779,366.94,19,0.0155334289
QC,6,1150,UNKN,SPP,NA,10.36039556,-1.09694671,0.9656617226,2.5351777779,366.94,19,0.0155334289
QC,6,1200,POPU,SPP,NA,13.039099812,-1.070677997,0.9522933699,2.5253923647,576.63000001,28,0.0141719915
QC,6,1201,POPU,TRE,NA,13.039099812,-1.070677997,0.9522933699,2.5253923647,576.63000001,28,0.0141719915
QC,6,1203,POPU,BAL,NA,6.2892366601,-0.824262186,0.9098952289,2.5862667262,511.56000001,21,0.0530067803
QC,6,1203,POPU,BAL,BAL,6.2892366601,-0.824262186,0.9098952289,2.5862667262,511.56000001,21,0.0530067803
QC,6,1205,POPU,DEL,NA,6.2892366601,-0.824262186,0.9098952289,2.5862667262,511.56000001,21,0.0530067803
QC,6,1205,POPU,DEL,DEL,6.2892366601,-0.824262186,0.9098952289,2.5862667262,511.56000001,21,0.0530067803
QC,6,1206,POPU,GRA,NA,25.765346664,-1.220181787,0.9614085007,2.366755433,558.18,25,0.0266649376
QC,6,1211,POPU,BAL,GRA,13.011374288,-1.072400586,0.9566547274,2.5224978806,576.63000001,29,0.0154653983
QC,6,1301,BETU,ALL,NA,12.640974848,-1.198720275,0.9779342105,1.8767557859,420.56,22,0.0135618428
QC,6,1303,BETU,PAP,NA,10.955670137,-1.036741381,0.944493411,2.1932308869,423.37,20,0.0140699221
QC,6,1303,BETU,PAP,PAP,10.955670137,-1.036741381,0.944493411,2.1932308869,423.37,20,0.0140699221
QC,6,1304,BETU,POP,NA,10.955670137,-1.036741381,0.944493411,2.1932308869,423.37,20,0.0140699221
QC,6,1400,ACER,SPP,NA,11.610136923,-0.982320028,0.9325194746,2.7294608804,509.09,24,0.0347112668
QC,6,1401,ACER,SAH,NA,11.610136923,-0.982320028,0.9325194746,2.7294608804,509.09,24,0.0347112668
QC,6,1405,ACER,RUB,NA,5.6472118366,-0.853488314,0.9317554028,1.8757602227,362.28,18,0.0189752494
QC,6,1406,ACER,SAC,NA,11.610136923,-0.982320028,0.9325194746,2.7294608804,509.09,24,0.0347112668
QC,6,1410,ACER,PEN,NA,8.209286639,-0.937604084,0.9441136339,2.1757055543,509.09,24,0.02533570359999999
QC,6,1411,ACER,SPI,NA,8.209286639,-0.937604084,0.9441136339,2.1757055543,509.09,24,0.02533570359999999
QC,6,1550,GENH,SPP,NA,22.613650576,-1.273999178,0.9814423067,1.996000608,496.33000001,23,0.0134739097
QC,6,1601,CARY,COR,NA,1.2575418471,-0.043298771,1e-8,1.089078843,205.77,7,0.0491636415
QC,6,1701,JUGL,CIN,NA,22.613650576,-1.273999178,0.9814423067,1.996000608,496.33000001,23,0.0134739097
QC,6,1702,JUGL,NIG,NA,22.613650576,-1.273999178,0.9814423067,1.996000608,496.33000001,23,0.0134739097
QC,6,1800,ALNU,SPP,NA,22.613650576,-1.273999178,0.9814423067,1.996000608,496.33000001,23,0.0134739097
QC,6,1803,ALNU,VIR,CRI,22.613650576,-1.273999178,0.9814423067,1.996000608,496.33000001,23,0.0134739097
QC,6,1805,ALNU,INC,RUG,22.613650576,-1.273999178,0.9814423067,1.996000608,496.33000001,23,0.0134739097
QC,6,1805,ALNU,INC,NA,22.613650576,-1.273999178,0.9814423067,1.996000608,496.33000001,23,0.0134739097
QC,6,1900,OSTR,SPP,NA,8.7322934579000009,-0.797541251,0.8289801512,2.3460097,187.47999998,7,0.1142537417
QC,6,1900,OSTR,VIR,NA,8.7322934579000009,-0.797541251,0.8289801512,2.3460097,187.47999998,7,0.1142537417
QC,6,1950,CARP,CAR,NA,8.7322934579000009,-0.797541251,0.8289801512,2.3460097,187.47999998,7,0.1142537417
QC,6,1950,CARP,SPP,NA,8.7322934579000009,-0.797541251,0.8289801512,2.3460097,187.47999998,7,0.1142537417
QC,6,2000,FAGU,GRA,NA,8.8047188948,-0.907021091,0.9167742929,2.2808884685,496.33000001,21,0.0386906465
QC,6,2101,QUER,ALB,NA,3.1677380965,-0.602983358,0.866749011,1.5847977341,377.2,18,0.0236285158
QC,6,2102,QUER,BIC,NA,3.1677380965,-0.602983358,0.866749011,1.5847977341,377.2,18,0.0236285158
QC,6,2104,QUER,MAC,NA,3.1677380965,-0.602983358,0.866749011,1.5847977341,377.2,18,0.0236285158
QC,6,2108,QUER,RUB,NA,3.1677380965,-0.602983358,0.866749011,1.5847977341,377.2,18,0.0236285158
QC,6,2200,ULMU,SPP,NA,23.315929697,-1.42243722,1.0527662932,2.8975418263,145.62,8,0.0627526606
QC,6,2201,ULMU,AME,NA,23.315929697,-1.42243722,1.0527662932,2.8975418263,145.62,8,0.0627526606
QC,6,2202,ULMU,RUB,NA,23.315929697,-1.42243722,1.0527662932,2.8975418263,145.62,8,0.0627526606
QC,6,2203,ULMU,THO,NA,23.315929697,-1.42243722,1.0527662932,2.8975418263,145.62,8,0.0627526606
QC,6,2801,PRUN,SER,NA,7.0569452054,-0.758574857,0.8459341825,2.3845919394,240.92,7,0.1533724548
QC,6,2802,PRUN,PEN,NA,99.99999999,-1.724976205,1.0309370701,1.9924107255,117.78,6,0.01682520499999999
QC,6,2804,PRUN,VIR,NA,99.99999999,-1.724976205,1.0309370701,1.9924107255,117.78,6,0.01682520499999999
QC,6,2804,PRUN,VIR,VIR,99.99999999,-1.724976205,1.0309370701,1.9924107255,117.78,6,0.01682520499999999
QC,6,3000,TILI,AME,NA,8.324102221,-1.171891497,1.0002582932,2.2114388002,463.34,18,0.0655802975
QC,6,3400,FRAX,SPP,NA,11.97450319,-1.0866214,0.952802239,2.543236986,384.37,17,0.0187844152
QC,6,3401,FRAX,AME,NA,2.3139168742,-0.280388817,0.397804821,1.7205033163,296.21,11,0.075180534500000007
QC,6,3402,FRAX,NIG,NA,11.97450319,-1.0866214,0.952802239,2.543236986,384.37,17,0.0187844152
QC,6,3403,FRAX,PEN,NA,11.97450319,-1.0866214,0.952802239,2.543236986,384.37,17,0.0187844152
QC,6,3500,SALI,SPP,NA,33.327864058,-1.528518125,1.0510006224,1.9152125892,121.39,7,0.0376808527
QC,6,3506,SALI,BEB,NA,33.327864058,-1.528518125,1.0510006224,1.9152125892,121.39,7,0.0376808527
QC,6,3910,CRAT,SPP,NA,5.5531591611,-0.782389328,0.849092982,1.8034858802,139.09,6,0.0548743577
QC,6,3930,MALU,COR,NA,5.5531591611,-0.782389328,0.849092982,1.8034858802,139.09,6,0.0548743577
QC,6,3930,MALU,FUS,NA,5.5531591611,-0.782389328,0.849092982,1.8034858802,139.09,6,0.0548743577
QC,6,3930,MALU,SPP,NA,5.5531591611,-0.782389328,0.849092982,1.8034858802,139.09,6,0.0548743577
QC,6,3960,SORB,SPP,NA,5.5531591611,-0.782389328,0.849092982,1.8034858802,139.09,6,0.0548743577
QC,6,3961,SORB,AME,NA,5.5531591611,-0.782389328,0.849092982,1.8034858802,139.09,6,0.0548743577
QC,6,3962,SORB,DEC,NA,5.5531591611,-0.782389328,0.849092982,1.8034858802,139.09,6,0.0548743577
QC,7,100,PICE,SPP,NA,7.1463147575,-0.877782809,0.8853131992,2.3927985088,304.63999999,15,0.0260583012
QC,7,101,PICE,MAR,NA,7.1463147575,-0.877782809,0.8853131992,2.3927985088,304.63999999,15,0.0260583012
QC,7,102,PICE,RUB,NA,8.0460273555,-0.906195512,0.9075238108,2.5323479179,501.73,18,0.0172840784
QC,7,103,PICE,ABI,NA,88.898647328,-1.871118727,1.0543944595,3.0118380552,328.7,9,0.0872819994
QC,7,105,PICE,GLA,NA,5.8046992766,-0.815263938,0.8839233439,2.4855262329,390.93999999,18,0.02702978769999999
QC,7,107,PICE,MAR,RUB,8.0460273555,-0.906195512,0.9075238108,2.5323479179,501.73,18,0.0172840784
QC,7,200,PINU,SPP,NA,17.959706325,-1.135291735,0.9296470055,12.47073341,219.57000002,8,0.118090859
QC,7,202,PINU,STR,NA,1.7213623473,-0.237788714,0.4558157085,1.4352873777,454.22,13,0.092844411
QC,7,203,PINU,BAN,NA,17.959706325,-1.135291735,0.9296470055,12.47073341,219.57000002,8,0.118090859
QC,7,209,PINU,RES,NA,5.3956051957,-0.822645963,0.8916687417,3.4785713833,294.12,14,0.1012340696
QC,7,211,PINU,SYL,NA,5.3956051957,-0.822645963,0.8916687417,3.4785713833,294.12,14,0.1012340696
QC,7,302,ABIE,BAL,NA,7.4908046243,-0.804197113,0.8461574506,2.6715592128,395.45,20,0.0271584827
QC,7,304,ABIE,LAS,NA,7.4908046243,-0.804197113,0.8461574506,2.6715592128,395.45,20,0.0271584827
QC,7,401,TSUG,CAN,NA,1.8741541584,-0.122688379,1e-8,1.6905306064,329.32,16,0.1328117275
QC,7,602,LARI,LAR,NA,4.6171681302,-0.50390796,0.5838137153,2.5344177741,328.31000001,17,0.0779770716
QC,7,605,LARI,KAE,NA,4.6171681302,-0.50390796,0.5838137153,2.5344177741,328.31000001,17,0.0779770716
QC,7,701,THUJ,OCC,NA,6.1382845075,-0.834008064,0.8998563017,2.6043262249,427.87,22,0.0125835455
QC,7,801,JUNI,VIR,NA,6.1382845075,-0.834008064,0.8998563017,2.6043262249,427.87,22,0.0125835455
QC,7,1100,GENC,SPP,NA,5.8046992766,-0.815263938,0.8839233439,2.4855262329,390.93999999,18,0.02702978769999999
QC,7,1150,UNKN,SPP,NA,5.8046992766,-0.815263938,0.8839233439,2.4855262329,390.93999999,18,0.02702978769999999
QC,7,1200,POPU,SPP,NA,17.508317417,-1.123191308,0.9484767787,3.5773274698,552.84,26,0.01836594269999999
QC,7,1201,POPU,TRE,NA,17.508317417,-1.123191308,0.9484767787,3.5773274698,552.84,26,0.01836594269999999
QC,7,1203,POPU,BAL,NA,17.283351863,-1.107549199,0.921960262,3.181883738,476.36000001,22,0.0320604164
QC,7,1203,POPU,BAL,BAL,17.283351863,-1.107549199,0.921960262,3.181883738,476.36000001,22,0.0320604164
QC,7,1205,POPU,DEL,NA,17.283351863,-1.107549199,0.921960262,3.181883738,476.36000001,22,0.0320604164
QC,7,1205,POPU,DEL,DEL,17.283351863,-1.107549199,0.921960262,3.181883738,476.36000001,22,0.0320604164
QC,7,1206,POPU,GRA,NA,14.634761876,-0.895402186,0.8359541598,7.2086713199,510.49,20,0.0911283627
QC,7,1211,POPU,BAL,GRA,17.358867939,-1.116340973,0.9448002424,3.56489744,552.84,26,0.0184159124
QC,7,1301,BETU,ALL,NA,7.1569009084,-0.989297852,0.9558860946,2.0728190422,416.76,19,0.02276325569999999
QC,7,1303,BETU,PAP,NA,9.0600534867,-0.944718086,0.927737778,2.3965162924,331.4,16,0.01773102019999999
QC,7,1303,BETU,PAP,PAP,9.0600534867,-0.944718086,0.927737778,2.3965162924,331.4,16,0.01773102019999999
QC,7,1304,BETU,POP,NA,99.99999999,-1.992169237,1.163401538,3.7287992654,134.39,7,0.1817373074
QC,7,1400,ACER,SPP,NA,10.338908985,-1.122640789,0.9812876176,2.1189955197,553.62,23,0.00981389119999999
QC,7,1401,ACER,SAH,NA,10.338908985,-1.122640789,0.9812876176,2.1189955197,553.62,23,0.00981389119999999
QC,7,1405,ACER,RUB,NA,9.5762554586,-0.999755335,0.9471526933,2.3822068596,637.21,20,0.01784198769999999
QC,7,1406,ACER,SAC,NA,10.338908985,-1.122640789,0.9812876176,2.1189955197,553.62,23,0.00981389119999999
QC,7,1410,ACER,PEN,NA,99.99999999,-2.47883761,1.0227183106,1.7171880145,138.78,4,0.0423491266
QC,7,1411,ACER,SPI,NA,99.99999999,-2.47883761,1.0227183106,1.7171880145,138.78,4,0.0423491266
QC,7,1550,GENH,SPP,NA,26.058111155,-1.289145368,0.9799555977,2.2275325779,386.17,17,0.0141742406
QC,7,1701,JUGL,CIN,NA,26.058111155,-1.289145368,0.9799555977,2.2275325779,386.17,17,0.0141742406
QC,7,1702,JUGL,NIG,NA,26.058111155,-1.289145368,0.9799555977,2.2275325779,386.17,17,0.0141742406
QC,7,1800,ALNU,SPP,NA,22.613650576,-1.273999178,0.9814423067,1.996000608,496.33000001,23,0.0134739097
QC,7,1803,ALNU,VIR,CRI,22.613650576,-1.273999178,0.9814423067,1.996000608,496.33000001,23,0.0134739097
QC,7,1805,ALNU,INC,NA,22.613650576,-1.273999178,0.9814423067,1.996000608,496.33000001,23,0.0134739097
QC,7,1805,ALNU,INC,RUG,22.613650576,-1.273999178,0.9814423067,1.996000608,496.33000001,23,0.0134739097
QC,7,1900,OSTR,SPP,NA,8.5182485872,-0.96513938,0.9392360744,3.0965829372,245.93999999,8,0.05632325779999999
QC,7,1900,OSTR,VIR,NA,8.5182485872,-0.96513938,0.9392360744,3.0965829372,245.93999999,8,0.05632325779999999
QC,7,1950,CARP,CAR,NA,8.5182485872,-0.96513938,0.9392360744,3.0965829372,245.93999999,8,0.05632325779999999
QC,7,1950,CARP,SPP,NA,8.5182485872,-0.96513938,0.9392360744,3.0965829372,245.93999999,8,0.05632325779999999
QC,7,2000,FAGU,GRA,NA,26.206881252,-1.423253354,1.0074360408,2.8178815123,283.95,15,0.02766409389999999
QC,7,2108,QUER,RUB,NA,3.1677380965,-0.602983358,0.866749011,1.5847977341,377.2,18,0.0236285158
QC,7,2200,ULMU,SPP,NA,23.315929697,-1.42243722,1.0527662932,2.8975418263,145.62,8,0.0627526606
QC,7,2201,ULMU,AME,NA,23.315929697,-1.42243722,1.0527662932,2.8975418263,145.62,8,0.0627526606
QC,7,2202,ULMU,RUB,NA,23.315929697,-1.42243722,1.0527662932,2.8975418263,145.62,8,0.0627526606
QC,7,2203,ULMU,THO,NA,23.315929697,-1.42243722,1.0527662932,2.8975418263,145.62,8,0.0627526606
QC,7,2801,PRUN,SER,NA,46.226346912,-1.429233356,0.9451685267,2.8010336267,197.91,9,0.0799706334
QC,7,2802,PRUN,PEN,NA,29.99224731,-1.333498161,1.0096605262,2.0554762514,119.20999999,6,0.0365967228
QC,7,2804,PRUN,VIR,VIR,29.99224731,-1.333498161,1.0096605262,2.0554762514,119.20999999,6,0.0365967228
QC,7,2804,PRUN,VIR,NA,29.99224731,-1.333498161,1.0096605262,2.0554762514,119.20999999,6,0.0365967228
QC,7,3000,TILI,AME,NA,8.324102221,-1.171891497,1.0002582932,2.2114388002,463.34,18,0.0655802975
QC,7,3400,FRAX,SPP,NA,7.6566450024,-0.844044329,0.8541945704,2.7159804003,189.2,10,0.0509002359
QC,7,3401,FRAX,AME,NA,13.275622606,-0.938341691,0.8772846073,3.8571903664,386.17,15,0.0740092901
QC,7,3402,FRAX,NIG,NA,7.6566450024,-0.844044329,0.8541945704,2.7159804003,189.2,10,0.0509002359
QC,7,3403,FRAX,PEN,NA,7.6566450024,-0.844044329,0.8541945704,2.7159804003,189.2,10,0.0509002359
QC,7,3500,SALI,SPP,NA,99.99999999,-1.903087504,0.995732909,1.8373273257,153.57,5,0.0707616131
QC,7,3506,SALI,BEB,NA,99.99999999,-1.903087504,0.995732909,1.8373273257,153.57,5,0.0707616131
QC,7,3910,CRAT,SPP,NA,5.5531591611,-0.782389328,0.849092982,1.8034858802,139.09,6,0.0548743577
QC,7,3930,MALU,COR,NA,5.5531591611,-0.782389328,0.849092982,1.8034858802,139.09,6,0.0548743577
QC,7,3930,MALU,FUS,NA,5.5531591611,-0.782389328,0.849092982,1.8034858802,139.09,6,0.0548743577
QC,7,3930,MALU,SPP,NA,5.5531591611,-0.782389328,0.849092982,1.8034858802,139.09,6,0.0548743577
QC,7,3960,SORB,SPP,NA,5.5531591611,-0.782389328,0.849092982,1.8034858802,139.09,6,0.0548743577
QC,7,3961,SORB,AME,NA,5.5531591611,-0.782389328,0.849092982,1.8034858802,139.09,6,0.0548743577
QC,7,3962,SORB,DEC,NA,5.5531591611,-0.782389328,0.849092982,1.8034858802,139.09,6,0.0548743577
QC,8,100,PICE,SPP,NA,14.823172018,-1.071000968,0.9245382244,3.4172144844,191.26000001,10,0.04331187649999999
QC,8,101,PICE,MAR,NA,14.823172018,-1.071000968,0.9245382244,3.4172144844,191.26000001,10,0.04331187649999999
QC,8,102,PICE,RUB,NA,7.6584358407,-0.808186821,0.8437184859,2.8711979412,342.15,15,0.04970158339999999
QC,8,103,PICE,ABI,NA,88.898647328,-1.871118727,1.0543944595,3.0118380552,328.7,9,0.0872819994
QC,8,105,PICE,GLA,NA,31.31608372,-1.591326303,1.0311526112,2.7962667751,283.14,14,0.0767772803
QC,8,107,PICE,MAR,RUB,7.6584358407,-0.808186821,0.8437184859,2.8711979412,342.15,15,0.04970158339999999
QC,8,200,PINU,SPP,NA,99.99999999,-2.131096048,0.9976789565,4.4333936486,162.85,6,0.1152308372
QC,8,202,PINU,STR,NA,3.8354056091,-0.680071562,0.8948957285,2.0452894508,544.47000001,22,0.0358420905
QC,8,203,PINU,BAN,NA,99.99999999,-2.131096048,0.9976789565,4.4333936486,162.85,6,0.1152308372
QC,8,209,PINU,RES,NA,5.3956051957,-0.822645963,0.8916687417,3.4785713833,294.12,14,0.1012340696
QC,8,211,PINU,SYL,NA,5.3956051957,-0.822645963,0.8916687417,3.4785713833,294.12,14,0.1012340696
QC,8,302,ABIE,BAL,NA,6.4485595687,-0.665794055,0.7269300835,2.8553071499,301.24,15,0.02233709529999999
QC,8,304,ABIE,LAS,NA,6.4485595687,-0.665794055,0.7269300835,2.8553071499,301.24,15,0.02233709529999999
QC,8,401,TSUG,CAN,NA,5.1750186988,-0.45715182,0.4174101427,4.0226391959,391.35,20,0.1260596204
QC,8,602,LARI,LAR,NA,9.6933109848,-0.849311378,0.8425397881,3.2708174051,263.75999999,14,0.05951937129999999
QC,8,605,LARI,KAE,NA,9.6933109848,-0.849311378,0.8425397881,3.2708174051,263.75999999,14,0.05951937129999999
QC,8,701,THUJ,OCC,NA,6.2838934177,-0.772328322,0.8590741269,2.5503068901,376.37,17,0.0279012888
QC,8,801,JUNI,VIR,NA,6.2838934177,-0.772328322,0.8590741269,2.5503068901,376.37,17,0.0279012888
QC,8,1100,GENC,SPP,NA,31.31608372,-1.591326303,1.0311526112,2.7962667751,283.14,14,0.0767772803
QC,8,1150,UNKN,SPP,NA,31.31608372,-1.591326303,1.0311526112,2.7962667751,283.14,14,0.0767772803
QC,8,1200,POPU,SPP,NA,16.280180247,-1.062978764,0.9492068859,3.2665952121,386.76,16,0.0352680176
QC,8,1201,POPU,TRE,NA,16.280180247,-1.062978764,0.9492068859,3.2665952121,386.76,16,0.0352680176
QC,8,1203,POPU,BAL,NA,3.8071201046,-0.642029746,0.846037735,2.3771096026,327.87000001,13,0.0704324184
QC,8,1203,POPU,BAL,BAL,3.8071201046,-0.642029746,0.846037735,2.3771096026,327.87000001,13,0.0704324184
QC,8,1205,POPU,DEL,NA,99.99999999,-1.994850697,1.0140665899,1.7401814868,238.21,8,0.0973279416
QC,8,1205,POPU,DEL,DEL,99.99999999,-1.994850697,1.0140665899,1.7401814868,238.21,8,0.0973279416
QC,8,1206,POPU,GRA,NA,59.064026145,-1.750660206,1.0681289178,3.3016991231,390.17000001,16,0.05063686359999999
QC,8,1211,POPU,BAL,GRA,14.958872071,-1.057429137,0.9553174633,3.0007043911,390.17000001,18,0.02222453279999999
QC,8,1301,BETU,ALL,NA,78.206812767,-1.600178999,0.9864181182,7.1463279198,288.85999999,14,0.0714457272
QC,8,1303,BETU,PAP,NA,99.99999999,-1.670504913,0.9941228002,1.5997912648,308.29,12,0.04843372049999999
QC,8,1303,BETU,PAP,PAP,99.99999999,-1.670504913,0.9941228002,1.5997912648,308.29,12,0.04843372049999999
QC,8,1304,BETU,POP,NA,12.319167325,-1.031970381,1.0103372247,2.4164030743,119.46000001,6,0.0768246226
QC,8,1400,ACER,SPP,NA,99.99999999,-1.781304898,1.0099790976,3.2366115131,524.08,25,0.0245241011
QC,8,1401,ACER,SAH,NA,99.99999999,-1.781304898,1.0099790976,3.2366115131,524.08,25,0.0245241011
QC,8,1404,ACER,NEG,NA,99.99999999,-1.781304898,1.0099790976,3.2366115131,524.08,25,0.0245241011
QC,8,1405,ACER,RUB,NA,13.737177069,-1.046610815,0.9433046303,2.5535033857,498.48,21,0.0165294338
QC,8,1406,ACER,SAC,NA,10.054196323,-1.154573795,0.997913934,1.9314017955,427.15,19,0.03926601069999999
QC,8,1410,ACER,PEN,NA,99.99999999,-2.47883761,1.0227183106,1.7171880145,138.78,4,0.0423491266
QC,8,1411,ACER,SPI,NA,99.99999999,-2.47883761,1.0227183106,1.7171880145,138.78,4,0.0423491266
QC,8,1550,GENH,SPP,NA,25.13938159,-1.390554292,1.0083890706,2.1369160312,425.24,18,0.04085527779999999
QC,8,1601,CARY,COR,NA,1.2575418471,-0.043298771,1e-8,1.089078843,205.77,7,0.0491636415
QC,8,1701,JUGL,CIN,NA,25.13938159,-1.390554292,1.0083890706,2.1369160312,425.24,18,0.04085527779999999
QC,8,1702,JUGL,NIG,NA,25.13938159,-1.390554292,1.0083890706,2.1369160312,425.24,18,0.04085527779999999
QC,8,1800,ALNU,SPP,NA,22.613650576,-1.273999178,0.9814423067,1.996000608,496.33000001,23,0.0134739097
QC,8,1803,ALNU,VIR,CRI,22.613650576,-1.273999178,0.9814423067,1.996000608,496.33000001,23,0.0134739097
QC,8,1805,ALNU,INC,RUG,22.613650576,-1.273999178,0.9814423067,1.996000608,496.33000001,23,0.0134739097
QC,8,1805,ALNU,INC,NA,22.613650576,-1.273999178,0.9814423067,1.996000608,496.33000001,23,0.0134739097
QC,8,1900,OSTR,SPP,NA,8.5182485872,-0.96513938,0.9392360744,3.0965829372,245.93999999,8,0.05632325779999999
QC,8,1900,OSTR,VIR,NA,8.5182485872,-0.96513938,0.9392360744,3.0965829372,245.93999999,8,0.05632325779999999
QC,8,1950,CARP,CAR,NA,8.5182485872,-0.96513938,0.9392360744,3.0965829372,245.93999999,8,0.05632325779999999
QC,8,1950,CARP,SPP,NA,8.5182485872,-0.96513938,0.9392360744,3.0965829372,245.93999999,8,0.05632325779999999
QC,8,2000,FAGU,GRA,NA,2.8373649372,-0.204799497,1e-8,1.6954935348,322.25,15,0.203101674
QC,8,2101,QUER,ALB,NA,3.130347207,-0.734245085,0.9909207806,2.0256089661,174.27,8,0.0862623978
QC,8,2102,QUER,BIC,NA,3.130347207,-0.734245085,0.9909207806,2.0256089661,174.27,8,0.0862623978
QC,8,2104,QUER,MAC,NA,3.130347207,-0.734245085,0.9909207806,2.0256089661,174.27,8,0.0862623978
QC,8,2108,QUER,RUB,NA,99.99999999,-1.434547068,0.920759382,1.2936419827,248.26,9,0.03996162539999999
QC,8,2200,ULMU,SPP,NA,23.315929697,-1.42243722,1.0527662932,2.8975418263,145.62,8,0.0627526606
QC,8,2201,ULMU,AME,NA,23.315929697,-1.42243722,1.0527662932,2.8975418263,145.62,8,0.0627526606
QC,8,2202,ULMU,RUB,NA,23.315929697,-1.42243722,1.0527662932,2.8975418263,145.62,8,0.0627526606
QC,8,2203,ULMU,THO,NA,23.315929697,-1.42243722,1.0527662932,2.8975418263,145.62,8,0.0627526606
QC,8,2801,PRUN,SER,NA,11.320802837,-0.922135369,0.8777604588,4.0612422009,325.18,7,0.02357779139999999
QC,8,2802,PRUN,PEN,NA,11.320802837,-0.922135369,0.8777604588,4.0612422009,325.18,7,0.02357779139999999
QC,8,2804,PRUN,VIR,NA,11.320802837,-0.922135369,0.8777604588,4.0612422009,325.18,7,0.02357779139999999
QC,8,2804,PRUN,VIR,VIR,11.320802837,-0.922135369,0.8777604588,4.0612422009,325.18,7,0.02357779139999999
QC,8,3000,TILI,AME,NA,99.99999999,-1.804903893,0.9991858726,3.6247561429,425.24,14,0.2222590484
QC,8,3400,FRAX,SPP,NA,7.1604353641,-1.029938577,0.9864962713,2.4834655375,203.37,9,0.0575084868
QC,8,3401,FRAX,AME,NA,1.2673623728,-0.210709457,0.5731588242,1.3282761918,266.65,14,0.1055826461
QC,8,3402,FRAX,NIG,NA,7.1604353641,-1.029938577,0.9864962713,2.4834655375,203.37,9,0.0575084868
QC,8,3403,FRAX,PEN,NA,1.2673623728,-0.210709457,0.5731588242,1.3282761918,266.65,14,0.1055826461
QC,8,3405,FRAX,PEN,NA,2.4114009354,-0.189865813,9.9e-9,1.5309370691,296.81000001,12,0.1701127246
QC,8,3405,FRAX,PEN,SUB,2.4114009354,-0.189865813,9.9e-9,1.5309370691,296.81000001,12,0.1701127246
QC,8,3500,SALI,SPP,NA,99.99999999,-1.903087504,0.995732909,1.8373273257,153.57,5,0.0707616131
QC,8,3506,SALI,BEB,NA,99.99999999,-1.903087504,0.995732909,1.8373273257,153.57,5,0.0707616131
QC,8,3910,CRAT,SPP,NA,5.5531591611,-0.782389328,0.849092982,1.8034858802,139.09,6,0.0548743577
QC,8,3930,MALU,COR,NA,5.5531591611,-0.782389328,0.849092982,1.8034858802,139.09,6,0.0548743577
QC,8,3930,MALU,FUS,NA,5.5531591611,-0.782389328,0.849092982,1.8034858802,139.09,6,0.0548743577
QC,8,3930,MALU,SPP,NA,5.5531591611,-0.782389328,0.849092982,1.8034858802,139.09,6,0.0548743577
QC,8,3960,SORB,SPP,NA,5.5531591611,-0.782389328,0.849092982,1.8034858802,139.09,6,0.0548743577
QC,8,3961,SORB,AME,NA,5.5531591611,-0.782389328,0.849092982,1.8034858802,139.09,6,0.0548743577
QC,8,3962,SORB,DEC,NA,5.5531591611,-0.782389328,0.849092982,1.8034858802,139.09,6,0.0548743577
QC,15,100,PICE,SPP,NA,6.6605738633,-0.823947661,0.8750763458,2.3407788273,254.11,11,0.0813726945
QC,15,101,PICE,MAR,NA,6.6605738633,-0.823947661,0.8750763458,2.3407788273,254.11,11,0.0813726945
QC,15,105,PICE,GLA,NA,10.36039556,-1.09694671,0.9656617226,2.5351777779,366.94,19,0.0155334289
QC,15,107,PICE,MAR,RUB,6.6605738633,-0.823947661,0.8750763458,2.3407788273,254.11,11,0.0813726945
QC,15,200,PINU,SPP,NA,4.8890507743,-0.858419283,1.0707539637,2.7120432611,132.21,6,0.2685953049
QC,15,202,PINU,STR,NA,6.1983159179,-0.882168771,0.9485279819,2.1141992018,835.86000001,32,0.0251165413
QC,15,203,PINU,BAN,NA,4.8890507743,-0.858419283,1.0707539637,2.7120432611,132.21,6,0.2685953049
QC,15,209,PINU,RES,NA,2.3721416286,-0.588264752,0.8949274101,1.5784796454,506.80000001,23,0.028281455
QC,15,302,ABIE,BAL,NA,11.935657677,-0.953223731,0.887781587,2.4146079989,411.81,20,0.0208038304
QC,15,304,ABIE,LAS,NA,11.935657677,-0.953223731,0.887781587,2.4146079989,411.81,20,0.0208038304
QC,15,401,TSUG,CAN,NA,4.1475541829,-0.760460675,0.9250061602,2.0339908292,577.77,27,0.0203063259
QC,15,602,LARI,LAR,NA,11.414512364,-1.082622843,0.9956084436,2.3292385952,263.15999999,14,0.0311715176
QC,15,605,LARI,KAE,NA,11.414512364,-1.082622843,0.9956084436,2.3292385952,263.15999999,14,0.0311715176
QC,15,701,THUJ,OCC,NA,2.3651243838,-0.414612149,0.6888511177,1.8172602065,498.37,24,0.04637839209999999
QC,15,801,JUNI,VIR,NA,2.3651243838,-0.414612149,0.6888511177,1.8172602065,498.37,24,0.04637839209999999
QC,15,1100,GENC,SPP,NA,10.36039556,-1.09694671,0.9656617226,2.5351777779,366.94,19,0.0155334289
QC,15,1150,UNKN,SPP,NA,10.36039556,-1.09694671,0.9656617226,2.5351777779,366.94,19,0.0155334289
QC,15,1200,POPU,SPP,NA,13.039099812,-1.070677997,0.9522933699,2.5253923647,576.63000001,28,0.0141719915
QC,15,1201,POPU,TRE,NA,13.039099812,-1.070677997,0.9522933699,2.5253923647,576.63000001,28,0.0141719915
QC,15,1203,POPU,BAL,NA,6.2892366601,-0.824262186,0.9098952289,2.5862667262,511.56000001,21,0.0530067803
QC,15,1203,POPU,BAL,BAL,6.2892366601,-0.824262186,0.9098952289,2.5862667262,511.56000001,21,0.0530067803
QC,15,1211,POPU,BAL,GRA,13.011374288,-1.072400586,0.9566547274,2.5224978806,576.63000001,29,0.0154653983
QC,15,1301,BETU,ALL,NA,12.640974848,-1.198720275,0.9779342105,1.8767557859,420.56,22,0.0135618428
QC,15,1303,BETU,PAP,NA,10.955670137,-1.036741381,0.944493411,2.1932308869,423.37,20,0.0140699221
QC,15,1303,BETU,PAP,PAP,10.955670137,-1.036741381,0.944493411,2.1932308869,423.37,20,0.0140699221
QC,15,1400,ACER,SPP,NA,11.610136923,-0.982320028,0.9325194746,2.7294608804,509.09,24,0.0347112668
QC,15,1401,ACER,SAH,NA,11.610136923,-0.982320028,0.9325194746,2.7294608804,509.09,24,0.0347112668
QC,15,1405,ACER,RUB,NA,5.6472118366,-0.853488314,0.9317554028,1.8757602227,362.28,18,0.0189752494
QC,15,1550,GENH,SPP,NA,22.613650576,-1.273999178,0.9814423067,1.996000608,496.33000001,23,0.0134739097
QC,15,1805,ALNU,INC,RUG,22.613650576,-1.273999178,0.9814423067,1.996000608,496.33000001,23,0.0134739097
QC,15,1805,ALNU,INC,NA,22.613650576,-1.273999178,0.9814423067,1.996000608,496.33000001,23,0.0134739097
QC,15,3500,SALI,SPP,NA,33.327864058,-1.528518125,1.0510006224,1.9152125892,121.39,7,0.0376808527
SK,5,100,PICE,SPP,NA,5.6263368191,-1.062700916,0.9915305649,1.8908669225,393.98583458,19,0.0148984448
SK,5,101,PICE,MAR,NA,5.6263368191,-1.062700916,0.9915305649,1.8908669225,393.98583458,19,0.0148984448
SK,5,103,PICE,ABI,NA,1.9409270456,-1.00629841,1.0014935111,1.3920846505,529.19418368,18,0.0149372461
SK,5,105,PICE,GLA,NA,1.9409270456,-1.00629841,1.0014935111,1.3920846505,529.19418368,18,0.0149372461
SK,5,203,PINU,BAN,NA,22.909230987,-1.616872926,1.0036279029,2.3647759927,382.57584582,19,0.0093089233
SK,5,204,PINU,CON,NA,22.909230987,-1.616872926,1.0036279029,2.3647759927,382.57584582,19,0.0093089233
SK,5,204,PINU,CON,LAT,22.909230987,-1.616872926,1.0036279029,2.3647759927,382.57584582,19,0.0093089233
SK,5,206,PINU,ALB,NA,22.909230987,-1.616872926,1.0036279029,2.3647759927,382.57584582,19,0.0093089233
SK,5,302,ABIE,BAL,NA,2.9708520548,-0.958955496,0.9882181373,1.6749305817,329.11027887,15,0.010586085
SK,5,304,ABIE,LAS,NA,2.9708520548,-0.958955496,0.9882181373,1.6749305817,329.11027887,15,0.010586085
SK,5,602,LARI,LAR,NA,0.5543341786,-0.278081438,0.8736516241,1.2577298305,450.39668281,22,0.02074769179999999
SK,5,1200,POPU,SPP,NA,19.79721264,-1.599658095,1.0055261655,2.7498147703,703.92062662,21,0.0100938747
SK,5,1201,POPU,TRE,NA,19.79721264,-1.599658095,1.0055261655,2.7498147703,703.92062662,21,0.0100938747
SK,5,1203,POPU,BAL,NA,19.79721264,-1.599658095,1.0055261655,2.7498147703,703.92062662,21,0.0100938747
SK,5,1203,POPU,BAL,BAL,19.79721264,-1.599658095,1.0055261655,2.7498147703,703.92062662,21,0.0100938747
SK,5,1206,POPU,GRA,NA,19.79721264,-1.599658095,1.0055261655,2.7498147703,703.92062662,21,0.0100938747
SK,5,1303,BETU,PAP,NA,1.3732991143,-0.663706322,0.9525954402,1.2175201179,326.5658705,14,0.02649324889999999
SK,5,1303,BETU,PAP,PAP,1.3732991143,-0.663706322,0.9525954402,1.2175201179,326.5658705,14,0.02649324889999999
SK,6,100,PICE,SPP,NA,5.6263368191,-1.062700916,0.9915305649,1.8908669225,393.98583458,19,0.0148984448
SK,6,101,PICE,MAR,NA,5.6263368191,-1.062700916,0.9915305649,1.8908669225,393.98583458,19,0.0148984448
SK,6,103,PICE,ABI,NA,1.9409270456,-1.00629841,1.0014935111,1.3920846505,529.19418368,18,0.0149372461
SK,6,105,PICE,GLA,NA,1.9409270456,-1.00629841,1.0014935111,1.3920846505,529.19418368,18,0.0149372461
SK,6,203,PINU,BAN,NA,22.909230987,-1.616872926,1.0036279029,2.3647759927,382.57584582,19,0.0093089233
SK,6,204,PINU,CON,NA,22.909230987,-1.616872926,1.0036279029,2.3647759927,382.57584582,19,0.0093089233
SK,6,204,PINU,CON,LAT,22.909230987,-1.616872926,1.0036279029,2.3647759927,382.57584582,19,0.0093089233
SK,6,206,PINU,ALB,NA,22.909230987,-1.616872926,1.0036279029,2.3647759927,382.57584582,19,0.0093089233
SK,6,302,ABIE,BAL,NA,2.9708520548,-0.958955496,0.9882181373,1.6749305817,329.11027887,15,0.010586085
SK,6,304,ABIE,LAS,NA,2.9708520548,-0.958955496,0.9882181373,1.6749305817,329.11027887,15,0.010586085
SK,6,602,LARI,LAR,NA,0.5543341786,-0.278081438,0.8736516241,1.2577298305,450.39668281,22,0.02074769179999999
SK,6,700,THUJ,SPP,NA,1.2688694771,-0.047685117,1e-8,1.1772379346,499.73926084,20,0.0251547672
SK,6,701,THUJ,OCC,NA,1.2688694771,-0.047685117,1e-8,1.1772379346,499.73926084,20,0.0251547672
SK,6,801,JUNI,VIR,NA,1.2688694771,-0.047685117,1e-8,1.1772379346,499.73926084,20,0.0251547672
SK,6,1200,POPU,SPP,NA,19.79721264,-1.599658095,1.0055261655,2.7498147703,703.92062662,21,0.0100938747
SK,6,1201,POPU,TRE,NA,19.79721264,-1.599658095,1.0055261655,2.7498147703,703.92062662,21,0.0100938747
SK,6,1203,POPU,BAL,NA,1.9204255483,-1.275489835,1.0113930497,1.185348857,256.39075267,13,0.00710548659999999
SK,6,1203,POPU,BAL,BAL,1.9204255483,-1.275489835,1.0113930497,1.185348857,256.39075267,13,0.00710548659999999
SK,6,1206,POPU,GRA,NA,19.79721264,-1.599658095,1.0055261655,2.7498147703,703.92062662,21,0.0100938747
SK,6,1303,BETU,PAP,NA,1.662127444,-0.851422914,0.9853512795,1.3842228161,289.66665044,12,0.02171137769999999
SK,6,1303,BETU,PAP,PAP,1.662127444,-0.851422914,0.9853512795,1.3842228161,289.66665044,12,0.02171137769999999
SK,6,1404,ACER,NEG,NA,8.209286639,-0.937604084,0.9441136339,2.1757055543,509.09,24,0.02533570359999999
SK,6,1500,GENH,SPP,NA,22.613650576,-1.273999178,0.9814423067,1.996000608,496.33000001,23,0.0134739097
SK,6,3400,FRAX,SPP,NA,1.0740335825,-0.58505685,0.9510516909,1.2898509653,381.68424821,17,0.0148726215
SK,9,100,PICE,SPP,NA,4.0926496038,-0.859765349,0.9619004394,2.0753293612,427.28065612,21,0.0137161864
SK,9,101,PICE,MAR,NA,4.0926496038,-0.859765349,0.9619004394,2.0753293612,427.28065612,21,0.0137161864
SK,9,103,PICE,ABI,NA,1.9959691097,-0.885194381,0.9762677877,1.6374338268,490.39794534,21,0.0131597055
SK,9,105,PICE,GLA,NA,1.9959691097,-0.885194381,0.9762677877,1.6374338268,490.39794534,21,0.0131597055
SK,9,107,PICE,MAR,RUB,4.0926496038,-0.859765349,0.9619004394,2.0753293612,427.28065612,21,0.0137161864
SK,9,203,PINU,BAN,NA,4.5527717977,-0.996065683,0.9585865289,2.0357563427,331.65961719,17,0.0160855245
SK,9,204,PINU,CON,NA,4.5527717977,-0.996065683,0.9585865289,2.0357563427,331.65961719,17,0.0160855245
SK,9,204,PINU,CON,LAT,4.5527717977,-0.996065683,0.9585865289,2.0357563427,331.65961719,17,0.0160855245
SK,9,206,PINU,ALB,NA,4.5527717977,-0.996065683,0.9585865289,2.0357563427,331.65961719,17,0.0160855245
SK,9,302,ABIE,BAL,NA,22.945210008,-2.840141641,1.0595168432,1.3392266936,343.51965759,15,0.0397316064
SK,9,304,ABIE,LAS,NA,22.945210008,-2.840141641,1.0595168432,1.3392266936,343.51965759,15,0.0397316064
SK,9,602,LARI,LAR,NA,0.7586102013,-0.245716895,0.78447007,1.3588113368,481.98575458,21,0.0316593083
SK,9,700,THUJ,SPP,NA,1.2688694771,-0.047685117,1e-8,1.1772379346,499.73926084,20,0.0251547672
SK,9,701,THUJ,OCC,NA,1.2688694771,-0.047685117,1e-8,1.1772379346,499.73926084,20,0.0251547672
SK,9,801,JUNI,VIR,NA,1.2688694771,-0.047685117,1e-8,1.1772379346,499.73926084,20,0.0251547672
SK,9,1200,POPU,SPP,NA,18.888965485,-1.631535578,1.0008238004,2.2977385236,522.74682936,25,0.0136111937
SK,9,1201,POPU,TRE,NA,18.888965485,-1.631535578,1.0008238004,2.2977385236,522.74682936,25,0.0136111937
SK,9,1203,POPU,BAL,NA,18.888965485,-1.631535578,1.0008238004,2.2977385236,522.74682936,25,0.0136111937
SK,9,1203,POPU,BAL,BAL,18.888965485,-1.631535578,1.0008238004,2.2977385236,522.74682936,25,0.0136111937
SK,9,1205,POPU,DEL,NA,18.888965485,-1.631535578,1.0008238004,2.2977385236,522.74682936,25,0.0136111937
SK,9,1205,POPU,DEL,DEL,18.888965485,-1.631535578,1.0008238004,2.2977385236,522.74682936,25,0.0136111937
SK,9,1206,POPU,GRA,NA,18.888965485,-1.631535578,1.0008238004,2.2977385236,522.74682936,25,0.0136111937
SK,9,1303,BETU,PAP,NA,1.3732991143,-0.663706322,0.9525954402,1.2175201179,326.5658705,14,0.02649324889999999
SK,9,1303,BETU,PAP,PAP,1.3732991143,-0.663706322,0.9525954402,1.2175201179,326.5658705,14,0.02649324889999999
SK,9,1404,ACER,NEG,NA,8.209286639,-0.937604084,0.9441136339,2.1757055543,509.09,24,0.02533570359999999
SK,9,1500,GENH,SPP,NA,22.613650576,-1.273999178,0.9814423067,1.996000608,496.33000001,23,0.0134739097
SK,9,2201,ULMU,AME,NA,23.315929697,-1.42243722,1.0527662932,2.8975418263,145.62,8,0.0627526606
SK,9,3405,FRAX,PEN,SUB,11.97450319,-1.0866214,0.952802239,2.543236986,384.37,17,0.0187844152
SK,9,3405,FRAX,PEN,NA,11.97450319,-1.0866214,0.952802239,2.543236986,384.37,17,0.0187844152
SK,10,100,PICE,SPP,NA,4.0926496038,-0.859765349,0.9619004394,2.0753293612,427.28065612,21,0.0137161864
SK,10,101,PICE,MAR,NA,4.0926496038,-0.859765349,0.9619004394,2.0753293612,427.28065612,21,0.0137161864
SK,10,103,PICE,ABI,NA,2.2864607708,-1.139515223,0.9946515202,2.1697076365,583.77717116,18,0.01368817739999999
SK,10,105,PICE,GLA,NA,2.2864607708,-1.139515223,0.9946515202,2.1697076365,583.77717116,18,0.01368817739999999
SK,10,203,PINU,BAN,NA,4.5527717977,-0.996065683,0.9585865289,2.0357563427,331.65961719,17,0.0160855245
SK,10,204,PINU,CON,NA,4.5527717977,-0.996065683,0.9585865289,2.0357563427,331.65961719,17,0.0160855245
SK,10,204,PINU,CON,LAT,4.5527717977,-0.996065683,0.9585865289,2.0357563427,331.65961719,17,0.0160855245
SK,10,206,PINU,ALB,NA,4.5527717977,-0.996065683,0.9585865289,2.0357563427,331.65961719,17,0.0160855245
SK,10,302,ABIE,BAL,NA,2.9708520548,-0.958955496,0.9882181373,1.6749305817,329.11027887,15,0.010586085
SK,10,304,ABIE,LAS,NA,2.9708520548,-0.958955496,0.9882181373,1.6749305817,329.11027887,15,0.010586085
SK,10,602,LARI,LAR,NA,0.5543341786,-0.278081438,0.8736516241,1.2577298305,450.39668281,22,0.02074769179999999
SK,10,1200,POPU,SPP,NA,18.888965485,-1.631535578,1.0008238004,2.2977385236,522.74682936,25,0.0136111937
SK,10,1201,POPU,TRE,NA,18.888965485,-1.631535578,1.0008238004,2.2977385236,522.74682936,25,0.0136111937
SK,10,1203,POPU,BAL,NA,18.888965485,-1.631535578,1.0008238004,2.2977385236,522.74682936,25,0.0136111937
SK,10,1203,POPU,BAL,BAL,18.888965485,-1.631535578,1.0008238004,2.2977385236,522.74682936,25,0.0136111937
SK,10,1206,POPU,GRA,NA,18.888965485,-1.631535578,1.0008238004,2.2977385236,522.74682936,25,0.0136111937
SK,10,1303,BETU,PAP,NA,1.3732991143,-0.663706322,0.9525954402,1.2175201179,326.5658705,14,0.02649324889999999
SK,10,1303,BETU,PAP,PAP,1.3732991143,-0.663706322,0.9525954402,1.2175201179,326.5658705,14,0.02649324889999999
SK,10,1404,ACER,NEG,NA,8.209286639,-0.937604084,0.9441136339,2.1757055543,509.09,24,0.02533570359999999
SK,10,2201,ULMU,AME,NA,23.315929697,-1.42243722,1.0527662932,2.8975418263,145.62,8,0.0627526606
SK,10,3405,FRAX,PEN,SUB,11.97450319,-1.0866214,0.952802239,2.543236986,384.37,17,0.0187844152
SK,10,3405,FRAX,PEN,NA,11.97450319,-1.0866214,0.952802239,2.543236986,384.37,17,0.0187844152
YT,2,100,PICE,SPP,NA,5.7092254198,-0.666299133,0.8236655346,2.6601100548,376.09978201,16,0.04663834979999999
YT,2,101,PICE,MAR,NA,16.717155761,-0.656817754,0.1705976554,6.8287655596,151.7390865,5,0.2358992129
YT,2,105,PICE,GLA,NA,5.7092254198,-0.666299133,0.8236655346,2.6601100548,376.09978201,16,0.04663834979999999
YT,2,203,PINU,BAN,NA,67.914102775999993,-1.469630817,1.1576922615,7.8539257907,252.97088758,12,0.2603607563
YT,2,204,PINU,CON,NA,67.914102775999993,-1.469630817,1.1576922615,7.8539257907,252.97088758,12,0.2603607563
YT,2,204,PINU,CON,LAT,67.914102775999993,-1.469630817,1.1576922615,7.8539257907,252.97088758,12,0.2603607563
YT,3,100,PICE,SPP,NA,5.7092254198,-0.666299133,0.8236655346,2.6601100548,376.09978201,16,0.04663834979999999
YT,3,101,PICE,MAR,NA,16.717155761,-0.656817754,0.1705976554,6.8287655596,151.7390865,5,0.2358992129
YT,3,105,PICE,GLA,NA,5.7092254198,-0.666299133,0.8236655346,2.6601100548,376.09978201,16,0.04663834979999999
YT,3,203,PINU,BAN,NA,67.914102775999993,-1.469630817,1.1576922615,7.8539257907,252.97088758,12,0.2603607563
YT,3,204,PINU,CON,NA,67.914102775999993,-1.469630817,1.1576922615,7.8539257907,252.97088758,12,0.2603607563
YT,3,204,PINU,CON,LAT,67.914102775999993,-1.469630817,1.1576922615,7.8539257907,252.97088758,12,0.2603607563
YT,3,300,ABIE,SPP,NA,15.807719094,-0.992030314,0.9247438568,4.2284485573,376.09978201,16,0.0472828356
YT,3,302,ABIE,BAL,NA,15.807719094,-0.992030314,0.9247438568,4.2284485573,376.09978201,16,0.0472828356
YT,3,304,ABIE,LAS,NA,15.807719094,-0.992030314,0.9247438568,4.2284485573,376.09978201,16,0.0472828356
YT,3,602,LARI,LAR,NA,67.914102775999993,-1.469630817,1.1576922615,7.8539257907,252.97088758,12,0.2603607563
YT,3,604,LARI,LYA,NA,67.914102775999993,-1.469630817,1.1576922615,7.8539257907,252.97088758,12,0.2603607563
YT,3,1200,POPU,SPP,NA,27.165169396,-1.110623866,0.9651039663,5.9898271853,203.62184609,9,0.271919466
YT,3,1201,POPU,TRE,NA,27.165169396,-1.110623866,0.9651039663,5.9898271853,203.62184609,9,0.271919466
YT,3,1203,POPU,BAL,NA,27.165169396,-1.110623866,0.9651039663,5.9898271853,203.62184609,9,0.271919466
YT,3,1203,POPU,BAL,BAL,27.165169396,-1.110623866,0.9651039663,5.9898271853,203.62184609,9,0.271919466
YT,3,1300,BETU,SPP,NA,27.165169396,-1.110623866,0.9651039663,5.9898271853,203.62184609,9,0.271919466
YT,3,1303,BETU,PAP,NA,27.165169396,-1.110623866,0.9651039663,5.9898271853,203.62184609,9,0.271919466
YT,3,1303,BETU,PAP,PAP,27.165169396,-1.110623866,0.9651039663,5.9898271853,203.62184609,9,0.271919466
YT,3,1308,BETU,PAP,NEO,27.165169396,-1.110623866,0.9651039663,5.9898271853,203.62184609,9,0.271919466
YT,4,100,PICE,SPP,NA,5.7092254198,-0.666299133,0.8236655346,2.6601100548,376.09978201,16,0.04663834979999999
YT,4,101,PICE,MAR,NA,16.717155761,-0.656817754,0.1705976554,6.8287655596,151.7390865,5,0.2358992129
YT,4,105,PICE,GLA,NA,5.7092254198,-0.666299133,0.8236655346,2.6601100548,376.09978201,16,0.04663834979999999
YT,4,203,PINU,BAN,NA,67.914102775999993,-1.469630817,1.1576922615,7.8539257907,252.97088758,12,0.2603607563
YT,4,204,PINU,CON,NA,67.914102775999993,-1.469630817,1.1576922615,7.8539257907,252.97088758,12,0.2603607563
YT,4,204,PINU,CON,LAT,67.914102775999993,-1.469630817,1.1576922615,7.8539257907,252.97088758,12,0.2603607563
YT,4,300,ABIE,SPP,NA,15.807719094,-0.992030314,0.9247438568,4.2284485573,376.09978201,16,0.0472828356
YT,4,302,ABIE,BAL,NA,15.807719094,-0.992030314,0.9247438568,4.2284485573,376.09978201,16,0.0472828356
YT,4,304,ABIE,LAS,NA,15.807719094,-0.992030314,0.9247438568,4.2284485573,376.09978201,16,0.0472828356
YT,4,602,LARI,LAR,NA,67.914102775999993,-1.469630817,1.1576922615,7.8539257907,252.97088758,12,0.2603607563
YT,4,604,LARI,LYA,NA,67.914102775999993,-1.469630817,1.1576922615,7.8539257907,252.97088758,12,0.2603607563
YT,4,1200,POPU,SPP,NA,27.165169396,-1.110623866,0.9651039663,5.9898271853,203.62184609,9,0.271919466
YT,4,1201,POPU,TRE,NA,27.165169396,-1.110623866,0.9651039663,5.9898271853,203.62184609,9,0.271919466
YT,4,1203,POPU,BAL,NA,27.165169396,-1.110623866,0.9651039663,5.9898271853,203.62184609,9,0.271919466
YT,4,1203,POPU,BAL,BAL,27.165169396,-1.110623866,0.9651039663,5.9898271853,203.62184609,9,0.271919466
YT,4,1300,BETU,SPP,NA,27.165169396,-1.110623866,0.9651039663,5.9898271853,203.62184609,9,0.271919466
YT,4,1303,BETU,PAP,NA,27.165169396,-1.110623866,0.9651039663,5.9898271853,203.62184609,9,0.271919466
YT,4,1303,BETU,PAP,PAP,27.165169396,-1.110623866,0.9651039663,5.9898271853,203.62184609,9,0.271919466
YT,4,1308,BETU,PAP,NEO,27.165169396,-1.110623866,0.9651039663,5.9898271853,203.62184609,9,0.271919466
YT,11,100,PICE,SPP,NA,5.7092254198,-0.666299133,0.8236655346,2.6601100548,376.09978201,16,0.04663834979999999
YT,11,101,PICE,MAR,NA,16.717155761,-0.656817754,0.1705976554,6.8287655596,151.7390865,5,0.2358992129
YT,11,105,PICE,GLA,NA,5.7092254198,-0.666299133,0.8236655346,2.6601100548,376.09978201,16,0.04663834979999999
YT,11,203,PINU,BAN,NA,67.914102775999993,-1.469630817,1.1576922615,7.8539257907,252.97088758,12,0.2603607563
YT,11,204,PINU,CON,NA,67.914102775999993,-1.469630817,1.1576922615,7.8539257907,252.97088758,12,0.2603607563
YT,11,204,PINU,CON,LAT,67.914102775999993,-1.469630817,1.1576922615,7.8539257907,252.97088758,12,0.2603607563
YT,11,300,ABIE,SPP,NA,15.807719094,-0.992030314,0.9247438568,4.2284485573,376.09978201,16,0.0472828356
YT,11,302,ABIE,BAL,NA,15.807719094,-0.992030314,0.9247438568,4.2284485573,376.09978201,16,0.0472828356
YT,11,304,ABIE,LAS,NA,15.807719094,-0.992030314,0.9247438568,4.2284485573,376.09978201,16,0.0472828356
YT,11,602,LARI,LAR,NA,67.914102775999993,-1.469630817,1.1576922615,7.8539257907,252.97088758,12,0.2603607563
YT,11,604,LARI,LYA,NA,67.914102775999993,-1.469630817,1.1576922615,7.8539257907,252.97088758,12,0.2603607563
YT,11,1200,POPU,SPP,NA,27.165169396,-1.110623866,0.9651039663,5.9898271853,203.62184609,9,0.271919466
YT,11,1201,POPU,TRE,NA,27.165169396,-1.110623866,0.9651039663,5.9898271853,203.62184609,9,0.271919466
YT,11,1203,POPU,BAL,NA,27.165169396,-1.110623866,0.9651039663,5.9898271853,203.62184609,9,0.271919466
YT,11,1203,POPU,BAL,BAL,27.165169396,-1.110623866,0.9651039663,5.9898271853,203.62184609,9,0.271919466
YT,11,1300,BETU,SPP,NA,27.165169396,-1.110623866,0.9651039663,5.9898271853,203.62184609,9,0.271919466
YT,11,1303,BETU,PAP,NA,27.165169396,-1.110623866,0.9651039663,5.9898271853,203.62184609,9,0.271919466
YT,11,1303,BETU,PAP,PAP,27.165169396,-1.110623866,0.9651039663,5.9898271853,203.62184609,9,0.271919466
YT,11,1308,BETU,PAP,NEO,27.165169396,-1.110623866,0.9651039663,5.9898271853,203.62184609,9,0.271919466
YT,12,100,PICE,SPP,NA,5.7092254198,-0.666299133,0.8236655346,2.6601100548,376.09978201,16,0.04663834979999999
YT,12,101,PICE,MAR,NA,16.717155761,-0.656817754,0.1705976554,6.8287655596,151.7390865,5,0.2358992129
YT,12,105,PICE,GLA,NA,5.7092254198,-0.666299133,0.8236655346,2.6601100548,376.09978201,16,0.04663834979999999
YT,12,203,PINU,BAN,NA,67.914102775999993,-1.469630817,1.1576922615,7.8539257907,252.97088758,12,0.2603607563
YT,12,204,PINU,CON,NA,67.914102775999993,-1.469630817,1.1576922615,7.8539257907,252.97088758,12,0.2603607563
YT,12,204,PINU,CON,LAT,67.914102775999993,-1.469630817,1.1576922615,7.8539257907,252.97088758,12,0.2603607563
YT,12,300,ABIE,SPP,NA,15.807719094,-0.992030314,0.9247438568,4.2284485573,376.09978201,16,0.0472828356
YT,12,302,ABIE,BAL,NA,15.807719094,-0.992030314,0.9247438568,4.2284485573,376.09978201,16,0.0472828356
YT,12,304,ABIE,LAS,NA,15.807719094,-0.992030314,0.9247438568,4.2284485573,376.09978201,16,0.0472828356
YT,12,602,LARI,LAR,NA,67.914102775999993,-1.469630817,1.1576922615,7.8539257907,252.97088758,12,0.2603607563
YT,12,604,LARI,LYA,NA,67.914102775999993,-1.469630817,1.1576922615,7.8539257907,252.97088758,12,0.2603607563
YT,12,1200,POPU,SPP,NA,27.165169396,-1.110623866,0.9651039663,5.9898271853,203.62184609,9,0.271919466
YT,12,1201,POPU,TRE,NA,27.165169396,-1.110623866,0.9651039663,5.9898271853,203.62184609,9,0.271919466
YT,12,1203,POPU,BAL,NA,27.165169396,-1.110623866,0.9651039663,5.9898271853,203.62184609,9,0.271919466
YT,12,1203,POPU,BAL,BAL,27.165169396,-1.110623866,0.9651039663,5.9898271853,203.62184609,9,0.271919466
YT,12,1300,BETU,SPP,NA,27.165169396,-1.110623866,0.9651039663,5.9898271853,203.62184609,9,0.271919466
YT,12,1303,BETU,PAP,NA,27.165169396,-1.110623866,0.9651039663,5.9898271853,203.62184609,9,0.271919466
YT,12,1303,BETU,PAP,PAP,27.165169396,-1.110623866,0.9651039663,5.9898271853,203.62184609,9,0.271919466
YT,12,1308,BETU,PAP,NEO,27.165169396,-1.110623866,0.9651039663,5.9898271853,203.62184609,9,0.271919466
YT,13,101,PICE,MAR,NA,16.717155761,-0.656817754,0.1705976554,6.8287655596,151.7390865,5,0.2358992129
YT,13,105,PICE,GLA,NA,5.7092254198,-0.666299133,0.8236655346,2.6601100548,376.09978201,16,0.04663834979999999
YT,13,204,PINU,CON,NA,67.914102775999993,-1.469630817,1.1576922615,7.8539257907,252.97088758,12,0.2603607563
YT,13,204,PINU,CON,LAT,67.914102775999993,-1.469630817,1.1576922615,7.8539257907,252.97088758,12,0.2603607563
YT,13,304,ABIE,LAS,NA,15.807719094,-0.992030314,0.9247438568,4.2284485573,376.09978201,16,0.0472828356
YT,13,602,LARI,LAR,NA,67.914102775999993,-1.469630817,1.1576922615,7.8539257907,252.97088758,12,0.2603607563
YT,13,1201,POPU,TRE,NA,27.165169396,-1.110623866,0.9651039663,5.9898271853,203.62184609,9,0.271919466
YT,13,1203,POPU,BAL,NA,27.165169396,-1.110623866,0.9651039663,5.9898271853,203.62184609,9,0.271919466
YT,13,1203,POPU,BAL,BAL,27.165169396,-1.110623866,0.9651039663,5.9898271853,203.62184609,9,0.271919466
YT,13,1308,BETU,PAP,NEO,27.165169396,-1.110623866,0.9651039663,5.9898271853,203.62184609,9,0.271919466
