juris_id,ecozone,canfi_species,genus,species,variety,a,b,volm,count,rmse
AB,4,100,PICE,SPP,NA,0.9431912049,0.8476338994,509.04072206,94,7.7314649114
AB,4,101,PICE,MAR,NA,0.5509291907,0.9801773105,27.484256527,4,0.1408401544
AB,4,105,PICE,GLA,NA,0.9431912049,0.8476338994,509.04072206,94,7.7314649114
AB,4,200,PINU,SPP,NA,1.2162377304,0.8232616768,322.9076603,9,2.2056540778
AB,4,203,PINU,BAN,NA,1.2162377304,0.8232616768,322.9076603,9,2.2056540778
AB,4,204,PINU,CON,NA,1.2162377304,0.8232616768,322.9076603,9,2.2056540778
AB,4,204,PINU,CON,LAT,1.2162377304,0.8232616768,322.9076603,9,2.2056540778
AB,4,206,PINU,ALB,NA,0.5947627381,0.9409838336,370.54150114,46,4.4163557979
AB,4,216,PINU,MUR,NA,1.2162377304,0.8232616768,322.9076603,9,2.2056540778
AB,4,300,ABIE,SPP,NA,0.3926970989,0.9971157398,423.80330269,38,5.108902116
AB,4,302,ABIE,BAL,NA,0.3926970989,0.9971157398,423.80330269,38,5.108902116
AB,4,500,PSEU,MEN,NA,0.7389661523,0.9152583915,477.87548132,9,13.600887379
AB,4,500,PSEU,MEN,MEN,0.7389661523,0.9152583915,477.87548132,9,13.600887379
AB,4,500,PSEU,MEN,GLA,0.7389661523,0.9152583915,477.87548132,9,13.600887379
AB,4,500,PSEU,SPP,NA,0.7389661523,0.9152583915,477.87548132,9,13.600887379
AB,4,600,LARI,SPP,NA,0.58954739,0.9550140168,199.53544906,26,1.0667683034
AB,4,601,LARI,DEC,NA,0.58954739,0.9550140168,199.53544906,26,1.0667683034
AB,4,602,LARI,LAR,NA,0.58954739,0.9550140168,199.53544906,26,1.0667683034
AB,4,603,LARI,OCC,NA,0.7514377801,0.9119291308,795.06432589,633,6.5472419321
AB,4,1200,POPU,SPP,NA,0.5678507511,0.9459614803,451.73612404,21,3.4944476094
AB,4,1201,POPU,TRE,NA,0.5678507511,0.9459614803,451.73612404,21,3.4944476094
AB,4,1203,POPU,BAL,NA,0.4076663168,0.9796663556,364.49530193,4,0.8759033497
AB,4,1203,POPU,BAL,BAL,0.4076663168,0.9796663556,364.49530193,4,0.8759033497
AB,4,1204,POPU,TRI,NA,0.4076663168,0.9796663556,364.49530193,4,0.8759033497
AB,4,1205,POPU,DEL,NA,0.4076663168,0.9796663556,364.49530193,4,0.8759033497
AB,4,1205,POPU,DEL,DEL,0.4076663168,0.9796663556,364.49530193,4,0.8759033497
AB,4,1214,POPU,AGU,NA,0.4076663168,0.9796663556,364.49530193,4,0.8759033497
AB,4,1303,BETU,PAP,NA,0.7431254378,0.9229018437,217.08427507,4,2.9435375583
AB,4,1303,BETU,PAP,PAP,0.7431254378,0.9229018437,217.08427507,4,2.9435375583
AB,5,100,PICE,SPP,NA,0.4656486298,0.9774880674,648.11789774,403,4.1208626983
AB,5,101,PICE,MAR,NA,0.5810778741,0.9600529769,392.98012476,81,2.1295139966
AB,5,105,PICE,GLA,NA,0.4656486298,0.9774880674,648.11789774,403,4.1208626983
AB,5,200,PINU,SPP,NA,0.6123370957,0.9463157509,627.71148981,729,4.163993159
AB,5,203,PINU,BAN,NA,0.4237196182,1.027396126,228.61569283,30,1.6787929615
AB,5,204,PINU,CON,NA,0.6123370957,0.9463157509,627.71148981,729,4.163993159
AB,5,204,PINU,CON,LAT,0.6123370957,0.9463157509,627.71148981,729,4.163993159
AB,5,216,PINU,MUR,NA,0.6186204702,0.9446451189,627.71148981,759,4.1452955764
AB,5,300,ABIE,SPP,NA,0.3926970989,0.9971157398,423.80330269,38,5.108902116
AB,5,302,ABIE,BAL,NA,0.3926970989,0.9971157398,423.80330269,38,5.108902116
AB,5,500,PSEU,MEN,NA,0.7389661523,0.9152583915,477.87548132,9,13.600887379
AB,5,500,PSEU,MEN,MEN,0.7389661523,0.9152583915,477.87548132,9,13.600887379
AB,5,500,PSEU,MEN,GLA,0.7389661523,0.9152583915,477.87548132,9,13.600887379
AB,5,500,PSEU,SPP,NA,0.7389661523,0.9152583915,477.87548132,9,13.600887379
AB,5,600,LARI,SPP,NA,0.58954739,0.9550140168,199.53544906,26,1.0667683034
AB,5,601,LARI,DEC,NA,0.58954739,0.9550140168,199.53544906,26,1.0667683034
AB,5,602,LARI,LAR,NA,0.58954739,0.9550140168,199.53544906,26,1.0667683034
AB,5,1200,POPU,SPP,NA,0.5081216409,0.9724404427,802.89670489,247,2.9715351777
AB,5,1201,POPU,TRE,NA,0.5081216409,0.9724404427,802.89670489,247,2.9715351777
AB,5,1203,POPU,BAL,NA,0.5504656975,0.9447731151,504.07910798,36,3.7459103419
AB,5,1203,POPU,BAL,BAL,0.5504656975,0.9447731151,504.07910798,36,3.7459103419
AB,5,1204,POPU,TRI,NA,0.5504656975,0.9447731151,504.07910798,36,3.7459103419
AB,5,1205,POPU,DEL,NA,0.5504656975,0.9447731151,504.07910798,36,3.7459103419
AB,5,1205,POPU,DEL,DEL,0.5504656975,0.9447731151,504.07910798,36,3.7459103419
AB,5,1214,POPU,AGU,NA,0.5504656975,0.9447731151,504.07910798,36,3.7459103419
AB,5,1303,BETU,PAP,NA,0.7431254378,0.9229018437,217.08427507,4,2.9435375583
AB,5,1303,BETU,PAP,PAP,0.7431254378,0.9229018437,217.08427507,4,2.9435375583
AB,6,100,PICE,SPP,NA,0.4656486298,0.9774880674,648.11789774,403,4.1208626983
AB,6,101,PICE,MAR,NA,0.5810778741,0.9600529769,392.98012476,81,2.1295139966
AB,6,105,PICE,GLA,NA,0.4656486298,0.9774880674,648.11789774,403,4.1208626983
AB,6,200,PINU,SPP,NA,0.6123370957,0.9463157509,627.71148981,729,4.163993159
AB,6,203,PINU,BAN,NA,0.4237196182,1.027396126,228.61569283,30,1.6787929615
AB,6,204,PINU,CON,NA,0.6123370957,0.9463157509,627.71148981,729,4.163993159
AB,6,204,PINU,CON,LAT,0.6123370957,0.9463157509,627.71148981,729,4.163993159
AB,6,216,PINU,MUR,NA,0.6186204702,0.9446451189,627.71148981,759,4.1452955764
AB,6,300,ABIE,SPP,NA,0.3926970989,0.9971157398,423.80330269,38,5.108902116
AB,6,302,ABIE,BAL,NA,0.3926970989,0.9971157398,423.80330269,38,5.108902116
AB,6,500,PSEU,MEN,NA,0.7389661523,0.9152583915,477.87548132,9,13.600887379
AB,6,500,PSEU,MEN,MEN,0.7389661523,0.9152583915,477.87548132,9,13.600887379
AB,6,500,PSEU,MEN,GLA,0.7389661523,0.9152583915,477.87548132,9,13.600887379
AB,6,500,PSEU,SPP,NA,0.7389661523,0.9152583915,477.87548132,9,13.600887379
AB,6,600,LARI,SPP,NA,0.58954739,0.9550140168,199.53544906,26,1.0667683034
AB,6,601,LARI,DEC,NA,0.58954739,0.9550140168,199.53544906,26,1.0667683034
AB,6,602,LARI,LAR,NA,0.58954739,0.9550140168,199.53544906,26,1.0667683034
AB,6,1200,POPU,SPP,NA,0.5081216409,0.9724404427,802.89670489,247,2.9715351777
AB,6,1201,POPU,TRE,NA,0.5081216409,0.9724404427,802.89670489,247,2.9715351777
AB,6,1203,POPU,BAL,NA,0.5504656975,0.9447731151,504.07910798,36,3.7459103419
AB,6,1203,POPU,BAL,BAL,0.5504656975,0.9447731151,504.07910798,36,3.7459103419
AB,6,1204,POPU,TRI,NA,0.5504656975,0.9447731151,504.07910798,36,3.7459103419
AB,6,1205,POPU,DEL,NA,0.5504656975,0.9447731151,504.07910798,36,3.7459103419
AB,6,1205,POPU,DEL,DEL,0.5504656975,0.9447731151,504.07910798,36,3.7459103419
AB,6,1214,POPU,AGU,NA,0.5504656975,0.9447731151,504.07910798,36,3.7459103419
AB,6,1303,BETU,PAP,NA,0.7431254378,0.9229018437,217.08427507,4,2.9435375583
AB,6,1303,BETU,PAP,PAP,0.7431254378,0.9229018437,217.08427507,4,2.9435375583
AB,9,100,PICE,SPP,NA,0.4656486298,0.9774880674,648.11789774,403,4.1208626983
AB,9,101,PICE,MAR,NA,0.5810778741,0.9600529769,392.98012476,81,2.1295139966
AB,9,104,PICE,ENG,NA,0.5799296376,0.9339728907,344.45976567,5,1.7085863806
AB,9,104,PICE,ENG,GLA,0.5799296376,0.9339728907,344.45976567,5,1.7085863806
AB,9,105,PICE,GLA,NA,0.4656486298,0.9774880674,648.11789774,403,4.1208626983
AB,9,109,PICE,SPP,NA,0.4656486298,0.9774880674,648.11789774,403,4.1208626983
AB,9,200,PINU,SPP,NA,0.6123370957,0.9463157509,627.71148981,729,4.163993159
AB,9,203,PINU,BAN,NA,0.4237196182,1.027396126,228.61569283,30,1.6787929615
AB,9,204,PINU,CON,NA,0.6123370957,0.9463157509,627.71148981,729,4.163993159
AB,9,204,PINU,CON,LAT,0.6123370957,0.9463157509,627.71148981,729,4.163993159
AB,9,206,PINU,ALB,NA,0.5947627381,0.9409838336,370.54150114,46,4.4163557979
AB,9,216,PINU,MUR,NA,0.6186204702,0.9446451189,627.71148981,759,4.1452955764
AB,9,300,ABIE,SPP,NA,0.3926970989,0.9971157398,423.80330269,38,5.108902116
AB,9,302,ABIE,BAL,NA,0.3926970989,0.9971157398,423.80330269,38,5.108902116
AB,9,304,ABIE,LAS,NA,0.3926970989,0.9971157398,423.80330269,38,5.108902116
AB,9,305,ABIE,MX2,NA,0.3926970989,0.9971157398,423.80330269,38,5.108902116
AB,9,306,ABIE,MIX,NA,0.3926970989,0.9971157398,423.80330269,38,5.108902116
AB,9,500,PSEU,MEN,NA,0.7389661523,0.9152583915,477.87548132,9,13.600887379
AB,9,500,PSEU,MEN,MEN,0.7389661523,0.9152583915,477.87548132,9,13.600887379
AB,9,500,PSEU,MEN,GLA,0.7389661523,0.9152583915,477.87548132,9,13.600887379
AB,9,500,PSEU,SPP,NA,0.7389661523,0.9152583915,477.87548132,9,13.600887379
AB,9,600,LARI,SPP,NA,0.58954739,0.9550140168,199.53544906,26,1.0667683034
AB,9,601,LARI,DEC,NA,0.58954739,0.9550140168,199.53544906,26,1.0667683034
AB,9,602,LARI,LAR,NA,0.58954739,0.9550140168,199.53544906,26,1.0667683034
AB,9,603,LARI,OCC,NA,0.7514377801,0.9119291308,795.06432589,633,6.5472419321
AB,9,604,LARI,LYA,NA,0.58954739,0.9550140168,199.53544906,26,1.0667683034
AB,9,1150,UNKN,SPP,NA,0.615592259,0.9400894447,648.11789774,1113,6.8616032087
AB,9,1200,POPU,SPP,NA,0.5081216409,0.9724404427,802.89670489,247,2.9715351777
AB,9,1201,POPU,TRE,NA,0.5081216409,0.9724404427,802.89670489,247,2.9715351777
AB,9,1203,POPU,BAL,NA,0.5504656975,0.9447731151,504.07910798,36,3.7459103419
AB,9,1203,POPU,BAL,BAL,0.5504656975,0.9447731151,504.07910798,36,3.7459103419
AB,9,1204,POPU,TRI,NA,0.5504656975,0.9447731151,504.07910798,36,3.7459103419
AB,9,1205,POPU,DEL,NA,0.5504656975,0.9447731151,504.07910798,36,3.7459103419
AB,9,1205,POPU,DEL,DEL,0.5504656975,0.9447731151,504.07910798,36,3.7459103419
AB,9,1214,POPU,AGU,NA,0.5504656975,0.9447731151,504.07910798,36,3.7459103419
AB,9,1303,BETU,PAP,NA,0.7431254378,0.9229018437,217.08427507,4,2.9435375583
AB,9,1303,BETU,PAP,PAP,0.7431254378,0.9229018437,217.08427507,4,2.9435375583
AB,9,1404,ACER,NEG,NA,0.7431254378,0.9229018437,217.08427507,4,2.9435375583
AB,9,1500,GENH,SPP,NA,0.7431254378,0.9229018437,217.08427507,4,2.9435375583
AB,9,1550,GENH,SPP,NA,0.7431254378,0.9229018437,217.08427507,4,2.9435375583
AB,9,3500,SALI,SPP,NA,1.5118816767,0.8096994534,496.33000001,1479,12.632492979
AB,9,3508,SALI,DIS,NA,1.5118816767,0.8096994534,496.33000001,1479,12.632492979
AB,10,100,PICE,SPP,NA,0.4656486298,0.9774880674,648.11789774,403,4.1208626983
AB,10,101,PICE,MAR,NA,0.5810778741,0.9600529769,392.98012476,81,2.1295139966
AB,10,104,PICE,ENG,NA,0.4656486298,0.9774880674,648.11789774,403,4.1208626983
AB,10,104,PICE,ENG,GLA,0.4656486298,0.9774880674,648.11789774,403,4.1208626983
AB,10,105,PICE,GLA,NA,0.4656486298,0.9774880674,648.11789774,403,4.1208626983
AB,10,200,PINU,SPP,NA,0.6123370957,0.9463157509,627.71148981,729,4.163993159
AB,10,203,PINU,BAN,NA,0.4237196182,1.027396126,228.61569283,30,1.6787929615
AB,10,204,PINU,CON,NA,0.6123370957,0.9463157509,627.71148981,729,4.163993159
AB,10,204,PINU,CON,LAT,0.6123370957,0.9463157509,627.71148981,729,4.163993159
AB,10,213,PINU,FLE,NA,0.5947627381,0.9409838336,370.54150114,46,4.4163557979
AB,10,216,PINU,MUR,NA,0.6186204702,0.9446451189,627.71148981,759,4.1452955764
AB,10,300,ABIE,SPP,NA,0.3926970989,0.9971157398,423.80330269,38,5.108902116
AB,10,302,ABIE,BAL,NA,0.3926970989,0.9971157398,423.80330269,38,5.108902116
AB,10,304,ABIE,LAS,NA,0.3926970989,0.9971157398,423.80330269,38,5.108902116
AB,10,500,PSEU,MEN,NA,0.7389661523,0.9152583915,477.87548132,9,13.600887379
AB,10,500,PSEU,MEN,MEN,0.7389661523,0.9152583915,477.87548132,9,13.600887379
AB,10,500,PSEU,MEN,GLA,0.7389661523,0.9152583915,477.87548132,9,13.600887379
AB,10,500,PSEU,SPP,NA,0.7389661523,0.9152583915,477.87548132,9,13.600887379
AB,10,600,LARI,SPP,NA,0.58954739,0.9550140168,199.53544906,26,1.0667683034
AB,10,602,LARI,LAR,NA,0.58954739,0.9550140168,199.53544906,26,1.0667683034
AB,10,604,LARI,LYA,NA,0.58954739,0.9550140168,199.53544906,26,1.0667683034
AB,10,1150,UNKN,SPP,NA,0.615592259,0.9400894447,648.11789774,1113,6.8616032087
AB,10,1200,POPU,SPP,NA,0.5081216409,0.9724404427,802.89670489,247,2.9715351777
AB,10,1201,POPU,TRE,NA,0.5081216409,0.9724404427,802.89670489,247,2.9715351777
AB,10,1203,POPU,BAL,NA,0.5504656975,0.9447731151,504.07910798,36,3.7459103419
AB,10,1203,POPU,BAL,BAL,0.5504656975,0.9447731151,504.07910798,36,3.7459103419
AB,10,1204,POPU,TRI,NA,0.5504656975,0.9447731151,504.07910798,36,3.7459103419
AB,10,1205,POPU,DEL,NA,0.5504656975,0.9447731151,504.07910798,36,3.7459103419
AB,10,1205,POPU,DEL,DEL,0.5504656975,0.9447731151,504.07910798,36,3.7459103419
AB,10,1214,POPU,AGU,NA,0.5504656975,0.9447731151,504.07910798,36,3.7459103419
AB,10,1303,BETU,PAP,NA,0.7431254378,0.9229018437,217.08427507,4,2.9435375583
AB,10,1303,BETU,PAP,PAP,0.7431254378,0.9229018437,217.08427507,4,2.9435375583
AB,10,1404,ACER,NEG,NA,1.0534056907,0.8798041802,509.09,5790,11.017067109
AB,10,1550,GENH,SPP,NA,0.7431254378,0.9229018437,217.08427507,4,2.9435375583
AB,10,3500,SALI,SPP,NA,1.5118816767,0.8096994534,496.33000001,1479,12.632492979
AB,10,3508,SALI,DIS,NA,1.5118816767,0.8096994534,496.33000001,1479,12.632492979
AB,14,100,PICE,SPP,NA,0.9306632824,0.8489509442,588.99654381,11,5.111162634
AB,14,101,PICE,MAR,NA,0.5810778741,0.9600529769,392.98012476,81,2.1295139966
AB,14,104,PICE,ENG,NA,0.9306632824,0.8489509442,588.99654381,11,5.111162634
AB,14,104,PICE,ENG,GLA,0.9306632824,0.8489509442,588.99654381,11,5.111162634
AB,14,105,PICE,GLA,NA,0.9306632824,0.8489509442,588.99654381,11,5.111162634
AB,14,109,PICE,SPP,NA,0.9306632824,0.8489509442,588.99654381,11,5.111162634
AB,14,200,PINU,SPP,NA,0.5947627381,0.9409838336,370.54150114,46,4.4163557979
AB,14,201,PINU,MON,NA,0.6256310195,0.9405395234,1504.6814376,105,9.4551966322
AB,14,203,PINU,BAN,NA,0.5947627381,0.9409838336,370.54150114,46,4.4163557979
AB,14,204,PINU,CON,NA,0.5947627381,0.9409838336,370.54150114,46,4.4163557979
AB,14,204,PINU,CON,LAT,0.5947627381,0.9409838336,370.54150114,46,4.4163557979
AB,14,206,PINU,ALB,NA,0.5947627381,0.9409838336,370.54150114,46,4.4163557979
AB,14,213,PINU,FLE,NA,0.5947627381,0.9409838336,370.54150114,46,4.4163557979
AB,14,216,PINU,MUR,NA,0.5947627381,0.9409838336,370.54150114,46,4.4163557979
AB,14,217,PINU,ALB,FLE,0.5947627381,0.9409838336,370.54150114,46,4.4163557979
AB,14,300,ABIE,SPP,NA,0.3926970989,0.9971157398,423.80330269,38,5.108902116
AB,14,302,ABIE,BAL,NA,0.3926970989,0.9971157398,423.80330269,38,5.108902116
AB,14,304,ABIE,LAS,NA,0.3926970989,0.9971157398,423.80330269,38,5.108902116
AB,14,306,ABIE,MIX,NA,0.3926970989,0.9971157398,423.80330269,38,5.108902116
AB,14,402,TSUG,HET,NA,0.4612696126,0.9878399145,2781.2295939,1950,19.893648474
AB,14,500,PSEU,MEN,NA,0.7389661523,0.9152583915,477.87548132,9,13.600887379
AB,14,500,PSEU,MEN,MEN,0.7389661523,0.9152583915,477.87548132,9,13.600887379
AB,14,500,PSEU,MEN,GLA,0.7389661523,0.9152583915,477.87548132,9,13.600887379
AB,14,500,PSEU,SPP,NA,0.7389661523,0.9152583915,477.87548132,9,13.600887379
AB,14,600,LARI,SPP,NA,0.58954739,0.9550140168,199.53544906,26,1.0667683034
AB,14,602,LARI,LAR,NA,0.58954739,0.9550140168,199.53544906,26,1.0667683034
AB,14,603,LARI,OCC,NA,0.7514377801,0.9119291308,795.06432589,633,6.5472419321
AB,14,604,LARI,LYA,NA,0.58954739,0.9550140168,199.53544906,26,1.0667683034
AB,14,702,THUJ,PLI,NA,0.7853899398,0.8932371295,5154.3458716,1904,41.19976627
AB,14,1150,UNKN,SPP,NA,0.77203028,0.8928110853,588.99654381,63,8.761811429
AB,14,1200,POPU,SPP,NA,0.2295551448,1.1039635523,343.34153688,9,10.29664219
AB,14,1201,POPU,TRE,NA,0.2295551448,1.1039635523,343.34153688,9,10.29664219
AB,14,1203,POPU,BAL,NA,0.5504656975,0.9447731151,504.07910798,36,3.7459103419
AB,14,1203,POPU,BAL,BAL,0.5504656975,0.9447731151,504.07910798,36,3.7459103419
AB,14,1204,POPU,TRI,NA,0.5504656975,0.9447731151,504.07910798,36,3.7459103419
AB,14,1205,POPU,DEL,NA,0.5504656975,0.9447731151,504.07910798,36,3.7459103419
AB,14,1205,POPU,DEL,DEL,0.5504656975,0.9447731151,504.07910798,36,3.7459103419
AB,14,1214,POPU,AGU,NA,0.5504656975,0.9447731151,504.07910798,36,3.7459103419
AB,14,1303,BETU,PAP,NA,0.7431254378,0.9229018437,217.08427507,4,2.9435375583
AB,14,1303,BETU,PAP,PAP,0.7431254378,0.9229018437,217.08427507,4,2.9435375583
AB,14,1404,ACER,NEG,NA,0.7431254378,0.9229018437,217.08427507,4,2.9435375583
AB,14,1550,GENH,SPP,NA,0.7431254378,0.9229018437,217.08427507,4,2.9435375583
AB,14,3500,SALI,SPP,NA,0.8494557916,0.9064002536,187.50573097,7,10.56160589
BC,4,100,PICE,SPP,NA,0.8776296948,0.8557170242,762.59457018,743,7.4619660133
BC,4,101,PICE,MAR,NA,0.6464217552,0.94041520729999994,257.35412127,49,3.7640302454
BC,4,104,PICE,ENG,NA,0.8776296948,0.8557170242,762.59457018,743,7.4619660133
BC,4,104,PICE,ENG,GLA,0.8776296948,0.8557170242,762.59457018,743,7.4619660133
BC,4,105,PICE,GLA,NA,0.8776296948,0.8557170242,762.59457018,743,7.4619660133
BC,4,111,PICE,LUT,X,0.8776296948,0.8557170242,762.59457018,743,7.4619660133
BC,4,111,PICE,LUT,NA,0.8776296948,0.8557170242,762.59457018,743,7.4619660133
BC,4,200,PINU,SPP,NA,1.1152447336,0.8416905474,568.79515544,165,5.3079718869
BC,4,203,PINU,BAN,NA,1.1152447336,0.8416905474,568.79515544,165,5.3079718869
BC,4,204,PINU,CON,NA,1.1152447336,0.8416905474,568.79515544,165,5.3079718869
BC,4,204,PINU,CON,LAT,1.1152447336,0.8416905474,568.79515544,165,5.3079718869
BC,4,206,PINU,ALB,NA,0.7547922756,0.8908998489,529.17971886,107,4.543292149
BC,4,208,PINU,PON,NA,0.6517911972,0.9443979668,831.22503028,273,4.6881197527
BC,4,213,PINU,FLE,NA,0.7547922756,0.8908998489,529.17971886,107,4.543292149
BC,4,300,ABIE,SPP,NA,0.6212360001,0.927453321,266.2594042,12,7.7782060188
BC,4,301,ABIE,AMA,NA,0.6212360001,0.927453321,266.2594042,12,7.7782060188
BC,4,302,ABIE,BAL,NA,0.6212360001,0.927453321,266.2594042,12,7.7782060188
BC,4,304,ABIE,LAS,NA,0.6212360001,0.927453321,266.2594042,12,7.7782060188
BC,4,308,ABIE,BIF,NA,0.6212360001,0.927453321,266.2594042,12,7.7782060188
BC,4,400,TSUG,SPP,NA,0.4661424132,0.9851724247,1390.6147969,1952,10.732122853
BC,4,402,TSUG,HET,NA,0.4661424132,0.9851724247,1390.6147969,1952,10.732122853
BC,4,403,TSUG,MER,NA,0.4661424132,0.9851724247,1390.6147969,1952,10.732122853
BC,4,404,TSUG,MER,HET,0.4661424132,0.9851724247,1390.6147969,1952,10.732122853
BC,4,500,PSEU,MEN,NA,0.6149554653,0.9444568081,1855.6885895,7492,7.9877749573
BC,4,500,PSEU,MEN,MEN,0.6149554653,0.9444568081,1855.6885895,7492,7.9877749573
BC,4,500,PSEU,MEN,GLA,0.6149554653,0.9444568081,1855.6885895,7492,7.9877749573
BC,4,500,PSEU,SPP,NA,0.6149554653,0.9444568081,1855.6885895,7492,7.9877749573
BC,4,600,LARI,SPP,NA,0.7389405759,0.899036818,72.27241858,15,0.620143251
BC,4,602,LARI,LAR,NA,0.7389405759,0.899036818,72.27241858,15,0.620143251
BC,4,603,LARI,OCC,NA,0.7389405759,0.899036818,72.27241858,15,0.620143251
BC,4,604,LARI,LYA,NA,0.7389405759,0.899036818,72.27241858,15,0.620143251
BC,4,700,THUJ,SPP,NA,0.7017626763,0.9011009862,2571.7093279,1904,19.961870963
BC,4,702,THUJ,PLI,NA,0.7017626763,0.9011009862,2571.7093279,1904,19.961870963
BC,4,901,TAXU,BRE,NA,0.7017626763,0.9011009862,2571.7093279,1904,19.961870963
BC,4,1100,GENC,SPP,NA,0.8776296948,0.8557170242,762.59457018,743,7.4619660133
BC,4,1200,POPU,SPP,NA,1.0416680389,0.8454323819,804.52699911,412,5.7471348052
BC,4,1201,POPU,TRE,NA,1.0416680389,0.8454323819,804.52699911,412,5.7471348052
BC,4,1203,POPU,BAL,NA,1.0715732086,0.8316357532,1054.2821665,147,7.6402250549
BC,4,1203,POPU,BAL,BAL,1.0715732086,0.8316357532,1054.2821665,147,7.6402250549
BC,4,1204,POPU,TRI,NA,1.0715732086,0.8316357532,1054.2821665,147,7.6402250549
BC,4,1300,BETU,SPP,NA,1.4789999966,0.8220785171,454.14807021,103,9.9886867049
BC,4,1303,BETU,PAP,NA,1.4789999966,0.8220785171,454.14807021,103,9.9886867049
BC,4,1303,BETU,PAP,PAP,1.4789999966,0.8220785171,454.14807021,103,9.9886867049
BC,4,1305,BETU,ALA,NA,1.4789999966,0.8220785171,454.14807021,103,9.9886867049
BC,4,1305,BETU,NEO,NA,1.4789999966,0.8220785171,454.14807021,103,9.9886867049
BC,4,1308,BETU,PAP,NEO,1.4789999966,0.8220785171,454.14807021,103,9.9886867049
BC,4,1314,BETU,OCC,NA,1.4789999966,0.8220785171,454.14807021,103,9.9886867049
BC,4,1400,ACER,SPP,NA,0.5952445354,0.9594606368,1286.0246106,36,10.754055676
BC,4,1403,ACER,MAC,NA,0.5952445354,0.9594606368,1286.0246106,36,10.754055676
BC,4,1420,ACER,CIR,NA,0.5952445354,0.9594606368,1286.0246106,36,10.754055676
BC,4,1500,GENH,SPP,NA,0.5414072897,0.9601382217,1074.6115577,223,9.3420711475
BC,4,1800,ALNU,SPP,NA,0.5414072897,0.9601382217,1074.6115577,223,9.3420711475
BC,4,1802,ALNU,RUB,NA,0.5414072897,0.9601382217,1074.6115577,223,9.3420711475
BC,4,2100,QUER,SPP,NA,0.5952445354,0.9594606368,1286.0246106,36,10.754055676
BC,4,2803,PRUN,EMA,NA,0.5414072897,0.9601382217,1074.6115577,223,9.3420711475
BC,4,3930,MALU,COR,NA,0.5414072897,0.9601382217,1074.6115577,223,9.3420711475
BC,4,3930,MALU,FUS,NA,0.5414072897,0.9601382217,1074.6115577,223,9.3420711475
BC,4,3930,MALU,SPP,NA,0.5414072897,0.9601382217,1074.6115577,223,9.3420711475
BC,9,100,PICE,SPP,NA,0.5362757473,0.956845414,398.34442386,10,1.3980688319
BC,9,101,PICE,MAR,NA,0.5304209791,0.9761058492,402.45365206,16,2.2313315508
BC,9,104,PICE,ENG,GLA,0.6755711703,0.9145318106,762.47661989,533,5.4799412073
BC,9,104,PICE,ENG,NA,0.6755711703,0.9145318106,762.47661989,533,5.4799412073
BC,9,105,PICE,GLA,NA,0.6755711703,0.9145318106,762.47661989,533,5.4799412073
BC,9,106,PICE,SIT,NA,0.6755711703,0.9145318106,762.47661989,533,5.4799412073
BC,9,106,PICE,SIT,X,0.6755711703,0.9145318106,762.47661989,533,5.4799412073
BC,9,111,PICE,LUT,X,0.6755711703,0.9145318106,762.47661989,533,5.4799412073
BC,9,111,PICE,LUT,NA,0.6755711703,0.9145318106,762.47661989,533,5.4799412073
BC,9,200,PINU,SPP,NA,0.8734178488,0.8858435276,602.98422592,409,5.3517145971
BC,9,203,PINU,BAN,NA,0.8734178488,0.8858435276,602.98422592,409,5.3517145971
BC,9,204,PINU,CON,NA,0.8734178488,0.8858435276,602.98422592,409,5.3517145971
BC,9,204,PINU,CON,LAT,0.8734178488,0.8858435276,602.98422592,409,5.3517145971
BC,9,206,PINU,ALB,NA,0.7547922756,0.8908998489,529.17971886,107,4.543292149
BC,9,208,PINU,PON,NA,0.6517911972,0.9443979668,831.22503028,273,4.6881197527
BC,9,213,PINU,FLE,NA,0.7547922756,0.8908998489,529.17971886,107,4.543292149
BC,9,300,ABIE,SPP,NA,0.6212360001,0.927453321,266.2594042,12,7.7782060188
BC,9,301,ABIE,AMA,NA,0.6212360001,0.927453321,266.2594042,12,7.7782060188
BC,9,302,ABIE,BAL,NA,0.6212360001,0.927453321,266.2594042,12,7.7782060188
BC,9,304,ABIE,LAS,NA,0.6212360001,0.927453321,266.2594042,12,7.7782060188
BC,9,308,ABIE,BIF,NA,0.6212360001,0.927453321,266.2594042,12,7.7782060188
BC,9,400,TSUG,SPP,NA,0.4661424132,0.9851724247,1390.6147969,1952,10.732122853
BC,9,402,TSUG,HET,NA,0.4661424132,0.9851724247,1390.6147969,1952,10.732122853
BC,9,403,TSUG,MER,NA,0.4661424132,0.9851724247,1390.6147969,1952,10.732122853
BC,9,404,TSUG,MER,HET,0.4661424132,0.9851724247,1390.6147969,1952,10.732122853
BC,9,500,PSEU,MEN,NA,0.6149554653,0.9444568081,1855.6885895,7492,7.9877749573
BC,9,500,PSEU,MEN,MEN,0.6149554653,0.9444568081,1855.6885895,7492,7.9877749573
BC,9,500,PSEU,MEN,GLA,0.6149554653,0.9444568081,1855.6885895,7492,7.9877749573
BC,9,500,PSEU,SPP,NA,0.6149554653,0.9444568081,1855.6885895,7492,7.9877749573
BC,9,600,LARI,SPP,NA,0.7389405759,0.899036818,72.27241858,15,0.620143251
BC,9,602,LARI,LAR,NA,0.7389405759,0.899036818,72.27241858,15,0.620143251
BC,9,603,LARI,OCC,NA,0.7389405759,0.899036818,72.27241858,15,0.620143251
BC,9,604,LARI,LYA,NA,0.7389405759,0.899036818,72.27241858,15,0.620143251
BC,9,700,THUJ,SPP,NA,0.7017626763,0.9011009862,2571.7093279,1904,19.961870963
BC,9,702,THUJ,PLI,NA,0.7017626763,0.9011009862,2571.7093279,1904,19.961870963
BC,9,901,TAXU,BRE,NA,0.7017626763,0.9011009862,2571.7093279,1904,19.961870963
BC,9,1100,GENC,SPP,NA,0.6755711703,0.9145318106,762.47661989,533,5.4799412073
BC,9,1200,POPU,SPP,NA,0.9492330567,0.8729564501,689.20102504,536,5.0689651955
BC,9,1201,POPU,TRE,NA,0.9492330567,0.8729564501,689.20102504,536,5.0689651955
BC,9,1203,POPU,BAL,NA,1.0114122729,0.8490417662,618.40425989,132,7.1280138901
BC,9,1203,POPU,BAL,BAL,1.0114122729,0.8490417662,618.40425989,132,7.1280138901
BC,9,1204,POPU,TRI,NA,1.0114122729,0.8490417662,618.40425989,132,7.1280138901
BC,9,1300,BETU,SPP,NA,1.6106575255,0.7860619477,226.24300731,17,4.7543925892
BC,9,1303,BETU,PAP,NA,1.6106575255,0.7860619477,226.24300731,17,4.7543925892
BC,9,1303,BETU,PAP,PAP,1.6106575255,0.7860619477,226.24300731,17,4.7543925892
BC,9,1305,BETU,ALA,NA,1.6106575255,0.7860619477,226.24300731,17,4.7543925892
BC,9,1305,BETU,NEO,NA,1.6106575255,0.7860619477,226.24300731,17,4.7543925892
BC,9,1308,BETU,PAP,NEO,1.6106575255,0.7860619477,226.24300731,17,4.7543925892
BC,9,1314,BETU,OCC,NA,1.6106575255,0.7860619477,226.24300731,17,4.7543925892
BC,9,1400,ACER,SPP,NA,0.5952445354,0.9594606368,1286.0246106,36,10.754055676
BC,9,1403,ACER,MAC,NA,0.5952445354,0.9594606368,1286.0246106,36,10.754055676
BC,9,1420,ACER,CIR,NA,0.5952445354,0.9594606368,1286.0246106,36,10.754055676
BC,9,1500,GENH,SPP,NA,0.5414072897,0.9601382217,1074.6115577,223,9.3420711475
BC,9,1800,ALNU,SPP,NA,0.5414072897,0.9601382217,1074.6115577,223,9.3420711475
BC,9,1802,ALNU,RUB,NA,0.5414072897,0.9601382217,1074.6115577,223,9.3420711475
BC,9,2100,QUER,SPP,NA,0.5952445354,0.9594606368,1286.0246106,36,10.754055676
BC,9,2803,PRUN,EMA,NA,0.5414072897,0.9601382217,1074.6115577,223,9.3420711475
BC,9,3930,MALU,COR,NA,0.5414072897,0.9601382217,1074.6115577,223,9.3420711475
BC,9,3930,MALU,FUS,NA,0.5414072897,0.9601382217,1074.6115577,223,9.3420711475
BC,9,3930,MALU,SPP,NA,0.5414072897,0.9601382217,1074.6115577,223,9.3420711475
BC,12,100,PICE,SPP,NA,0.609173379,0.9324841072,223.4925,9,0.6261275654
BC,12,101,PICE,MAR,NA,0.7209756741,0.9150263393,172.76,16,2.5844464409
BC,12,104,PICE,ENG,NA,0.4334540239,0.9850917337,629.3925,7,2.1608860284
BC,12,104,PICE,ENG,GLA,0.4334540239,0.9850917337,629.3925,7,2.1608860284
BC,12,105,PICE,GLA,NA,0.5428580221,0.9522258823,663.54261911,1358,2.8350092868
BC,12,106,PICE,SIT,X,0.4586013794,0.9737134487,2605.2795371,309,27.406114477
BC,12,106,PICE,SIT,NA,0.4586013794,0.9737134487,2605.2795371,309,27.406114477
BC,12,111,PICE,LUT,X,0.5428580221,0.9522258823,663.54261911,1358,2.8350092868
BC,12,111,PICE,LUT,NA,0.5428580221,0.9522258823,663.54261911,1358,2.8350092868
BC,12,200,PINU,SPP,NA,0.6208925761,0.9461012942,686.41906881,1059,4.6624262676
BC,12,201,PINU,MON,NA,0.5889460758,0.9441856491,754.87387313,104,5.3382094603
BC,12,203,PINU,BAN,NA,0.6208925761,0.9461012942,686.41906881,1059,4.6624262676
BC,12,204,PINU,CON,NA,0.6208925761,0.9461012942,686.41906881,1059,4.6624262676
BC,12,204,PINU,CON,LAT,0.6208925761,0.9461012942,686.41906881,1059,4.6624262676
BC,12,206,PINU,ALB,NA,0.7547922756,0.8908998489,529.17971886,107,4.543292149
BC,12,208,PINU,PON,NA,0.6517911972,0.9443979668,831.22503028,273,4.6881197527
BC,12,213,PINU,FLE,NA,0.7547922756,0.8908998489,529.17971886,107,4.543292149
BC,12,300,ABIE,SPP,NA,0.5016172646,0.9545645911,475.65127586,289,2.2317975851
BC,12,301,ABIE,AMA,NA,0.5016172646,0.9545645911,475.65127586,289,2.2317975851
BC,12,302,ABIE,BAL,NA,0.5016172646,0.9545645911,475.65127586,289,2.2317975851
BC,12,303,ABIE,GRA,NA,0.5016172646,0.9545645911,475.65127586,289,2.2317975851
BC,12,304,ABIE,LAS,NA,0.5016172646,0.9545645911,475.65127586,289,2.2317975851
BC,12,308,ABIE,BIF,NA,0.5016172646,0.9545645911,475.65127586,289,2.2317975851
BC,12,400,TSUG,SPP,NA,0.4484195845,0.985889613,3462.6745858,5497,24.272574894
BC,12,402,TSUG,HET,NA,0.4484195845,0.985889613,3462.6745858,5497,24.272574894
BC,12,403,TSUG,MER,NA,0.6190548708,0.9550808652,1249.0312171,104,16.849504046
BC,12,404,TSUG,MER,HET,0.6190548708,0.9550808652,1249.0312171,104,16.849504046
BC,12,500,PSEU,MEN,NA,0.4977461423,0.9776560066,3057.8851584,2398,18.121296472
BC,12,500,PSEU,MEN,MEN,0.4977461423,0.9776560066,3057.8851584,2398,18.121296472
BC,12,500,PSEU,MEN,GLA,0.4977461423,0.9776560066,3057.8851584,2398,18.121296472
BC,12,500,PSEU,SPP,NA,0.4977461423,0.9776560066,3057.8851584,2398,18.121296472
BC,12,600,LARI,SPP,NA,0.7514377801,0.9119291308,795.06432589,633,6.5472419321
BC,12,602,LARI,LAR,NA,0.7514377801,0.9119291308,795.06432589,633,6.5472419321
BC,12,603,LARI,OCC,NA,0.7514377801,0.9119291308,795.06432589,633,6.5472419321
BC,12,604,LARI,LYA,NA,0.7514377801,0.9119291308,795.06432589,633,6.5472419321
BC,12,700,THUJ,SPP,NA,0.4499938931,0.9647328937,2434.1113986,2353,22.645558343
BC,12,702,THUJ,PLI,NA,0.4499938931,0.9647328937,2434.1113986,2353,22.645558343
BC,12,901,TAXU,BRE,NA,0.4499938931,0.9647328937,2434.1113986,2353,22.645558343
BC,12,1000,CHAM,SPP,NA,0.6550466112,0.9426657539,1591.0739639,299,19.492302218
BC,12,1001,CHAM,NOO,NA,0.6550466112,0.9426657539,1591.0739639,299,19.492302218
BC,12,1100,GENC,SPP,NA,0.5428580221,0.9522258823,663.54261911,1358,2.8350092868
BC,12,1200,POPU,SPP,NA,0.95611384,0.8649482865,468.7110875,290,3.9740357795
BC,12,1201,POPU,TRE,NA,0.95611384,0.8649482865,468.7110875,290,3.9740357795
BC,12,1203,POPU,BAL,NA,0.7360928429,0.9231119569,335.90564207,15,4.6670146913
BC,12,1203,POPU,BAL,BAL,0.7360928429,0.9231119569,335.90564207,15,4.6670146913
BC,12,1204,POPU,TRI,NA,0.7360928429,0.9231119569,335.90564207,15,4.6670146913
BC,12,1300,BETU,SPP,NA,0.2495639349,1.1497076594,313.08661895,10,14.48770623
BC,12,1303,BETU,PAP,PAP,0.2495639349,1.1497076594,313.08661895,10,14.48770623
BC,12,1303,BETU,PAP,NA,0.2495639349,1.1497076594,313.08661895,10,14.48770623
BC,12,1305,BETU,ALA,NA,0.2495639349,1.1497076594,313.08661895,10,14.48770623
BC,12,1305,BETU,NEO,NA,0.2495639349,1.1497076594,313.08661895,10,14.48770623
BC,12,1308,BETU,PAP,NEO,0.2495639349,1.1497076594,313.08661895,10,14.48770623
BC,12,1314,BETU,OCC,NA,0.2495639349,1.1497076594,313.08661895,10,14.48770623
BC,12,1400,ACER,SPP,NA,0.5952445354,0.9594606368,1286.0246106,36,10.754055676
BC,12,1403,ACER,MAC,NA,0.5952445354,0.9594606368,1286.0246106,36,10.754055676
BC,12,1420,ACER,CIR,NA,0.5952445354,0.9594606368,1286.0246106,36,10.754055676
BC,12,1500,GENH,SPP,NA,0.5414072897,0.9601382217,1074.6115577,223,9.3420711475
BC,12,1800,ALNU,SPP,NA,0.5414072897,0.9601382217,1074.6115577,223,9.3420711475
BC,12,1802,ALNU,RUB,NA,0.5414072897,0.9601382217,1074.6115577,223,9.3420711475
BC,12,2100,QUER,SPP,NA,0.5952445354,0.9594606368,1286.0246106,36,10.754055676
BC,12,2803,PRUN,EMA,NA,0.5414072897,0.9601382217,1074.6115577,223,9.3420711475
BC,12,3500,SALI,SPP,NA,0.8494557916,0.9064002536,187.50573097,7,10.56160589
BC,12,3930,MALU,COR,NA,0.5414072897,0.9601382217,1074.6115577,223,9.3420711475
BC,12,3930,MALU,FUS,NA,0.5414072897,0.9601382217,1074.6115577,223,9.3420711475
BC,12,3930,MALU,SPP,NA,0.5414072897,0.9601382217,1074.6115577,223,9.3420711475
BC,13,100,PICE,SPP,NA,0.4586013794,0.9737134487,2605.2795371,309,27.406114477
BC,13,101,PICE,MAR,NA,0.7209756741,0.9150263393,172.76,16,2.5844464409
BC,13,104,PICE,ENG,NA,0.8486429497,0.8534945584,331.40710256,7,4.5893545168
BC,13,104,PICE,ENG,GLA,0.8486429497,0.8534945584,331.40710256,7,4.5893545168
BC,13,105,PICE,GLA,NA,0.430006049,0.9843833732,2727.8035257,264,19.57276784
BC,13,106,PICE,SIT,NA,0.4586013794,0.9737134487,2605.2795371,309,27.406114477
BC,13,106,PICE,SIT,X,0.4586013794,0.9737134487,2605.2795371,309,27.406114477
BC,13,111,PICE,LUT,X,0.430006049,0.9843833732,2727.8035257,264,19.57276784
BC,13,111,PICE,LUT,NA,0.430006049,0.9843833732,2727.8035257,264,19.57276784
BC,13,200,PINU,SPP,NA,1.0325813297,0.8679516567,1265.7150611,241,7.574298796
BC,13,201,PINU,MON,NA,0.5889460758,0.9441856491,754.87387313,104,5.3382094603
BC,13,203,PINU,BAN,NA,1.0325813297,0.8679516567,1265.7150611,241,7.574298796
BC,13,204,PINU,CON,NA,1.0325813297,0.8679516567,1265.7150611,241,7.574298796
BC,13,204,PINU,CON,LAT,1.0325813297,0.8679516567,1265.7150611,241,7.574298796
BC,13,205,PINU,CON,CON,1.0325813297,0.8679516567,1265.7150611,241,7.574298796
BC,13,206,PINU,ALB,NA,0.7547922756,0.8908998489,529.17971886,107,4.543292149
BC,13,208,PINU,PON,NA,0.6517911972,0.9443979668,831.22503028,273,4.6881197527
BC,13,213,PINU,FLE,NA,0.7547922756,0.8908998489,529.17971886,107,4.543292149
BC,13,300,ABIE,SPP,NA,0.5655890074,0.9160780689,2097.0636143,1215,28.524901258
BC,13,301,ABIE,AMA,NA,0.5655890074,0.9160780689,2097.0636143,1215,28.524901258
BC,13,302,ABIE,BAL,NA,0.5131590207,0.9437426195,852.11087627,48,10.30304821
BC,13,303,ABIE,GRA,NA,0.4332877903,0.9717664721,1577.2279505,11,5.4507544003
BC,13,304,ABIE,LAS,NA,0.5131590207,0.9437426195,852.11087627,48,10.30304821
BC,13,308,ABIE,BIF,NA,0.5131590207,0.9437426195,852.11087627,48,10.30304821
BC,13,400,TSUG,SPP,NA,0.4484195845,0.985889613,3462.6745858,5497,24.272574894
BC,13,402,TSUG,HET,NA,0.4484195845,0.985889613,3462.6745858,5497,24.272574894
BC,13,403,TSUG,MER,NA,0.6190548708,0.9550808652,1249.0312171,104,16.849504046
BC,13,404,TSUG,MER,HET,0.6190548708,0.9550808652,1249.0312171,104,16.849504046
BC,13,500,PSEU,MEN,NA,0.4977461423,0.9776560066,3057.8851584,2398,18.121296472
BC,13,500,PSEU,MEN,MEN,0.4977461423,0.9776560066,3057.8851584,2398,18.121296472
BC,13,500,PSEU,MEN,GLA,0.4977461423,0.9776560066,3057.8851584,2398,18.121296472
BC,13,500,PSEU,SPP,NA,0.4977461423,0.9776560066,3057.8851584,2398,18.121296472
BC,13,600,LARI,SPP,NA,0.7514377801,0.9119291308,795.06432589,633,6.5472419321
BC,13,602,LARI,LAR,NA,0.7514377801,0.9119291308,795.06432589,633,6.5472419321
BC,13,603,LARI,OCC,NA,0.7514377801,0.9119291308,795.06432589,633,6.5472419321
BC,13,604,LARI,LYA,NA,0.7514377801,0.9119291308,795.06432589,633,6.5472419321
BC,13,700,THUJ,SPP,NA,0.4499938931,0.9647328937,2434.1113986,2353,22.645558343
BC,13,702,THUJ,PLI,NA,0.4499938931,0.9647328937,2434.1113986,2353,22.645558343
BC,13,901,TAXU,BRE,NA,0.4499938931,0.9647328937,2434.1113986,2353,22.645558343
BC,13,1000,CHAM,SPP,NA,0.6550466112,0.9426657539,1591.0739639,299,19.492302218
BC,13,1001,CHAM,NOO,NA,0.6550466112,0.9426657539,1591.0739639,299,19.492302218
BC,13,1100,GENC,SPP,NA,0.4484195845,0.985889613,3462.6745858,5497,24.272574894
BC,13,1200,POPU,SPP,NA,0.5565595827,0.9642174201,1725.5685811,137,10.650094866
BC,13,1201,POPU,TRE,NA,1.2239348913,0.8327578174,595.90337580999994,80,6.8115233531
BC,13,1203,POPU,BAL,NA,0.5565595827,0.9642174201,1725.5685811,137,10.650094866
BC,13,1203,POPU,BAL,BAL,0.5565595827,0.9642174201,1725.5685811,137,10.650094866
BC,13,1204,POPU,TRI,NA,0.5565595827,0.9642174201,1725.5685811,137,10.650094866
BC,13,1300,BETU,SPP,NA,1.1561419427,0.8678041073,382.79089205,49,9.9464508899
BC,13,1303,BETU,PAP,NA,1.1561419427,0.8678041073,382.79089205,49,9.9464508899
BC,13,1303,BETU,PAP,PAP,1.1561419427,0.8678041073,382.79089205,49,9.9464508899
BC,13,1305,BETU,ALA,NA,1.1561419427,0.8678041073,382.79089205,49,9.9464508899
BC,13,1305,BETU,NEO,NA,1.1561419427,0.8678041073,382.79089205,49,9.9464508899
BC,13,1308,BETU,PAP,NEO,1.1561419427,0.8678041073,382.79089205,49,9.9464508899
BC,13,1314,BETU,OCC,NA,1.1561419427,0.8678041073,382.79089205,49,9.9464508899
BC,13,1400,ACER,SPP,NA,0.5952445354,0.9594606368,1286.0246106,36,10.754055676
BC,13,1403,ACER,MAC,NA,0.5952445354,0.9594606368,1286.0246106,36,10.754055676
BC,13,1420,ACER,CIR,NA,0.5952445354,0.9594606368,1286.0246106,36,10.754055676
BC,13,1500,GENH,SPP,NA,0.5414072897,0.9601382217,1074.6115577,223,9.3420711475
BC,13,1800,ALNU,SPP,NA,0.5414072897,0.9601382217,1074.6115577,223,9.3420711475
BC,13,1802,ALNU,RUB,NA,0.5414072897,0.9601382217,1074.6115577,223,9.3420711475
BC,13,2100,QUER,SPP,NA,0.5952445354,0.9594606368,1286.0246106,36,10.754055676
BC,13,2103,QUER,GAR,NA,1.1561419427,0.8678041073,382.79089205,49,9.9464508899
BC,13,2803,PRUN,EMA,NA,0.5414072897,0.9601382217,1074.6115577,223,9.3420711475
BC,13,3300,ARBU,MEN,NA,1.1561419427,0.8678041073,382.79089205,49,9.9464508899
BC,13,3300,ARBU,SPP,NA,1.1561419427,0.8678041073,382.79089205,49,9.9464508899
BC,13,3500,SALI,SPP,NA,0.8494557916,0.9064002536,187.50573097,7,10.56160589
BC,13,3930,MALU,COR,NA,0.5414072897,0.9601382217,1074.6115577,223,9.3420711475
BC,13,3930,MALU,FUS,NA,0.5414072897,0.9601382217,1074.6115577,223,9.3420711475
BC,13,3930,MALU,SPP,NA,0.5414072897,0.9601382217,1074.6115577,223,9.3420711475
BC,14,100,PICE,SPP,NA,0.62198894,0.9270639188,871.8438014,293,6.5030617722
BC,14,101,PICE,MAR,NA,0.5707211433,0.9705661857,368.4371536,20,3.3447736288
BC,14,104,PICE,ENG,NA,0.3691909573,1.0100196244,974.47901942,823,8.2618396083
BC,14,104,PICE,ENG,GLA,0.3691909573,1.0100196244,974.47901942,823,8.2618396083
BC,14,105,PICE,GLA,NA,0.6346619591,0.9230301603,1105.8162774,6480,7.3515353018
BC,14,106,PICE,SIT,NA,0.4586013794,0.9737134487,2605.2795371,309,27.406114477
BC,14,106,PICE,SIT,X,0.4586013794,0.9737134487,2605.2795371,309,27.406114477
BC,14,111,PICE,LUT,X,0.6346619591,0.9230301603,1105.8162774,6480,7.3515353018
BC,14,111,PICE,LUT,NA,0.6346619591,0.9230301603,1105.8162774,6480,7.3515353018
BC,14,200,PINU,SPP,NA,0.8557829716,0.8935907088,1134.2587286,10701,7.2445468745
BC,14,201,PINU,MON,NA,0.5889460758,0.9441856491,754.87387313,104,5.3382094603
BC,14,203,PINU,BAN,NA,0.8557829716,0.8935907088,1134.2587286,10701,7.2445468745
BC,14,204,PINU,CON,NA,0.8557829716,0.8935907088,1134.2587286,10701,7.2445468745
BC,14,204,PINU,CON,LAT,0.8557829716,0.8935907088,1134.2587286,10701,7.2445468745
BC,14,206,PINU,ALB,NA,0.7547922756,0.8908998489,529.17971886,107,4.543292149
BC,14,208,PINU,PON,NA,0.6517911972,0.9443979668,831.22503028,273,4.6881197527
BC,14,213,PINU,FLE,NA,0.7547922756,0.8908998489,529.17971886,107,4.543292149
BC,14,300,ABIE,SPP,NA,0.5481455081,0.9365689945,1226.1797435,6125,6.2027363157
BC,14,301,ABIE,AMA,NA,0.5481455081,0.9365689945,1226.1797435,6125,6.2027363157
BC,14,302,ABIE,BAL,NA,0.5481455081,0.9365689945,1226.1797435,6125,6.2027363157
BC,14,303,ABIE,GRA,NA,0.5481455081,0.9365689945,1226.1797435,6125,6.2027363157
BC,14,304,ABIE,LAS,NA,0.5481455081,0.9365689945,1226.1797435,6125,6.2027363157
BC,14,308,ABIE,BIF,NA,0.5481455081,0.9365689945,1226.1797435,6125,6.2027363157
BC,14,400,TSUG,SPP,NA,0.4661424132,0.9851724247,1390.6147969,1952,10.732122853
BC,14,402,TSUG,HET,NA,0.4661424132,0.9851724247,1390.6147969,1952,10.732122853
BC,14,403,TSUG,MER,NA,0.7643932143,0.9229801344,1047.9683314,31,11.116514239
BC,14,404,TSUG,MER,HET,0.7643932143,0.9229801344,1047.9683314,31,11.116514239
BC,14,500,PSEU,MEN,NA,0.6149554653,0.9444568081,1855.6885895,7492,7.9877749573
BC,14,500,PSEU,MEN,MEN,0.6149554653,0.9444568081,1855.6885895,7492,7.9877749573
BC,14,500,PSEU,MEN,GLA,0.6149554653,0.9444568081,1855.6885895,7492,7.9877749573
BC,14,500,PSEU,SPP,NA,0.6149554653,0.9444568081,1855.6885895,7492,7.9877749573
BC,14,600,LARI,SPP,NA,0.7514377801,0.9119291308,795.06432589,633,6.5472419321
BC,14,602,LARI,LAR,NA,0.7514377801,0.9119291308,795.06432589,633,6.5472419321
BC,14,603,LARI,OCC,NA,0.7514377801,0.9119291308,795.06432589,633,6.5472419321
BC,14,604,LARI,LYA,NA,0.7514377801,0.9119291308,795.06432589,633,6.5472419321
BC,14,700,THUJ,SPP,NA,0.7017626763,0.9011009862,2571.7093279,1904,19.961870963
BC,14,702,THUJ,PLI,NA,0.7017626763,0.9011009862,2571.7093279,1904,19.961870963
BC,14,901,TAXU,BRE,NA,0.7017626763,0.9011009862,2571.7093279,1904,19.961870963
BC,14,1000,CHAM,SPP,NA,0.6550466112,0.9426657539,1591.0739639,299,19.492302218
BC,14,1001,CHAM,NOO,NA,0.6550466112,0.9426657539,1591.0739639,299,19.492302218
BC,14,1100,GENC,SPP,NA,0.6346619591,0.9230301603,1105.8162774,6480,7.3515353018
BC,14,1150,UNKN,SPP,NA,0.7127716691,0.918396184,138.22118305,6,1.920746637
BC,14,1200,POPU,SPP,NA,0.8025576711,0.9083133045,650.5206809,1044,4.7298670152
BC,14,1201,POPU,TRE,NA,0.8025576711,0.9083133045,650.5206809,1044,4.7298670152
BC,14,1203,POPU,BAL,NA,0.5130464524,0.9821240195,1197.3464506,143,9.2965385266
BC,14,1203,POPU,BAL,BAL,0.5130464524,0.9821240195,1197.3464506,143,9.2965385266
BC,14,1204,POPU,TRI,NA,0.5130464524,0.9821240195,1197.3464506,143,9.2965385266
BC,14,1300,BETU,SPP,NA,0.9187942963,0.907921307,553.21248691,295,10.336318863
BC,14,1303,BETU,PAP,PAP,0.9187942963,0.907921307,553.21248691,295,10.336318863
BC,14,1303,BETU,PAP,NA,0.9187942963,0.907921307,553.21248691,295,10.336318863
BC,14,1305,BETU,ALA,NA,0.9187942963,0.907921307,553.21248691,295,10.336318863
BC,14,1305,BETU,NEO,NA,0.9187942963,0.907921307,553.21248691,295,10.336318863
BC,14,1308,BETU,PAP,NEO,0.9187942963,0.907921307,553.21248691,295,10.336318863
BC,14,1314,BETU,OCC,NA,0.9187942963,0.907921307,553.21248691,295,10.336318863
BC,14,1400,ACER,SPP,NA,0.5952445354,0.9594606368,1286.0246106,36,10.754055676
BC,14,1403,ACER,MAC,NA,0.5952445354,0.9594606368,1286.0246106,36,10.754055676
BC,14,1420,ACER,CIR,NA,0.5952445354,0.9594606368,1286.0246106,36,10.754055676
BC,14,1500,GENH,SPP,NA,0.5414072897,0.9601382217,1074.6115577,223,9.3420711475
BC,14,1800,ALNU,SPP,NA,0.5414072897,0.9601382217,1074.6115577,223,9.3420711475
BC,14,1802,ALNU,RUB,NA,0.5414072897,0.9601382217,1074.6115577,223,9.3420711475
BC,14,2100,QUER,SPP,NA,0.5952445354,0.9594606368,1286.0246106,36,10.754055676
BC,14,2803,PRUN,EMA,NA,0.5414072897,0.9601382217,1074.6115577,223,9.3420711475
BC,14,3500,SALI,SPP,NA,0.8494557916,0.9064002536,187.50573097,7,10.56160589
BC,14,3930,MALU,COR,NA,0.5414072897,0.9601382217,1074.6115577,223,9.3420711475
BC,14,3930,MALU,FUS,NA,0.5414072897,0.9601382217,1074.6115577,223,9.3420711475
BC,14,3930,MALU,SPP,NA,0.5414072897,0.9601382217,1074.6115577,223,9.3420711475
MB,3,101,PICE,MAR,NA,0.682050994,0.9146739106,393.98583458,1182,3.5263130058
MB,3,105,PICE,GLA,NA,0.5365650291,0.9439164337,529.19418368,182,4.2573009332
MB,3,203,PINU,BAN,NA,0.6533078272,0.9390321456,382.57584582,1154,3.300201441
MB,3,602,LARI,LAR,NA,0.5312601035,0.9283378078,450.39668281,349,4.4249184128
MB,3,1100,GENC,SPP,NA,0.682050994,0.9146739106,393.98583458,1182,3.5263130058
MB,3,1200,POPU,SPP,NA,0.5148368909,0.9618748231,703.92062662,625,2.5198544158
MB,3,1201,POPU,TRE,NA,0.5148368909,0.9618748231,703.92062662,625,2.5198544158
MB,3,1203,POPU,BAL,NA,0.5148368909,0.9618748231,703.92062662,625,2.5198544158
MB,3,1203,POPU,BAL,BAL,0.5148368909,0.9618748231,703.92062662,625,2.5198544158
MB,3,1206,POPU,GRA,NA,0.5148368909,0.9618748231,703.92062662,625,2.5198544158
MB,3,1308,BETU,PAP,NEO,0.7467166727,0.9061964676,326.5658705,82,4.1441217915
MB,5,101,PICE,MAR,NA,0.682050994,0.9146739106,393.98583458,1182,3.5263130058
MB,5,105,PICE,GLA,NA,0.5365650291,0.9439164337,529.19418368,182,4.2573009332
MB,5,203,PINU,BAN,NA,0.6533078272,0.9390321456,382.57584582,1154,3.300201441
MB,5,302,ABIE,BAL,NA,0.4981236869,0.9559699583,329.11027887,254,2.7456956453
MB,5,602,LARI,LAR,NA,0.5312601035,0.9283378078,450.39668281,349,4.4249184128
MB,5,1100,GENC,SPP,NA,0.682050994,0.9146739106,393.98583458,1182,3.5263130058
MB,5,1200,POPU,SPP,NA,0.5148368909,0.9618748231,703.92062662,625,2.5198544158
MB,5,1201,POPU,TRE,NA,0.5148368909,0.9618748231,703.92062662,625,2.5198544158
MB,5,1203,POPU,BAL,NA,0.5148368909,0.9618748231,703.92062662,625,2.5198544158
MB,5,1203,POPU,BAL,BAL,0.5148368909,0.9618748231,703.92062662,625,2.5198544158
MB,5,1206,POPU,GRA,NA,0.5148368909,0.9618748231,703.92062662,625,2.5198544158
MB,5,1303,BETU,PAP,NA,0.7467166727,0.9061964676,326.5658705,82,4.1441217915
MB,5,1303,BETU,PAP,PAP,0.7467166727,0.9061964676,326.5658705,82,4.1441217915
MB,5,1308,BETU,PAP,NEO,0.7467166727,0.9061964676,326.5658705,82,4.1441217915
MB,6,101,PICE,MAR,NA,0.682050994,0.9146739106,393.98583458,1182,3.5263130058
MB,6,105,PICE,GLA,NA,0.5365650291,0.9439164337,529.19418368,182,4.2573009332
MB,6,203,PINU,BAN,NA,0.6533078272,0.9390321456,382.57584582,1154,3.300201441
MB,6,209,PINU,RES,NA,0.4892971598,0.9752135921,386.363291,25,2.5993780439
MB,6,211,PINU,SYL,NA,0.7850945534,0.9052176877,295.003959,2,1.0040447185
MB,6,302,ABIE,BAL,NA,0.4981236869,0.9559699583,329.11027887,254,2.7456956453
MB,6,602,LARI,LAR,NA,0.5312601035,0.9283378078,450.39668281,349,4.4249184128
MB,6,701,THUJ,OCC,NA,0.6736991849,0.8436617173,499.73926084,108,6.0125053141
MB,6,801,JUNI,VIR,NA,0.6736991849,0.8436617173,499.73926084,108,6.0125053141
MB,6,1100,GENC,SPP,NA,0.682050994,0.9146739106,393.98583458,1182,3.5263130058
MB,6,1200,POPU,SPP,NA,0.5148368909,0.9618748231,703.92062662,625,2.5198544158
MB,6,1201,POPU,TRE,NA,0.5148368909,0.9618748231,703.92062662,625,2.5198544158
MB,6,1203,POPU,BAL,NA,0.6152692242,0.9534581674,256.39075267,81,2.5640878686
MB,6,1203,POPU,BAL,BAL,0.6152692242,0.9534581674,256.39075267,81,2.5640878686
MB,6,1205,POPU,DEL,NA,0.5148368909,0.9618748231,703.92062662,625,2.5198544158
MB,6,1205,POPU,DEL,DEL,0.5148368909,0.9618748231,703.92062662,625,2.5198544158
MB,6,1206,POPU,GRA,NA,0.5148368909,0.9618748231,703.92062662,625,2.5198544158
MB,6,1303,BETU,PAP,NA,0.7125274993,0.9202176281,289.66665044,76,3.3420194293
MB,6,1303,BETU,PAP,PAP,0.7125274993,0.9202176281,289.66665044,76,3.3420194293
MB,6,1308,BETU,PAP,NEO,0.7467166727,0.9061964676,326.5658705,82,4.1441217915
MB,6,1404,ACER,NEG,NA,1.0534056907,0.8798041802,509.09,5790,11.017067109
MB,6,1500,GENH,SPP,NA,1.5118816767,0.8096994534,496.33000001,1479,12.632492979
MB,6,2104,QUER,MAC,NA,1.1567696134,0.8790258976,377.2,333,10.399218284
MB,6,2201,ULMU,AME,NA,1.4367501357,0.8088631882,168.27,36,4.4524357157
MB,6,3400,FRAX,SPP,NA,0.6184074677,0.9633134436,381.68424821,176,2.932052388
MB,6,3401,FRAX,AME,NA,0.8824457887,0.9085517805,296.21,13,9.2674725493
MB,6,3402,FRAX,NIG,NA,1.2359261375,0.8164199508,384.37,222,6.5986271592
MB,6,3403,FRAX,PEN,NA,1.2359261375,0.8164199508,384.37,222,6.5986271592
MB,6,3405,FRAX,PEN,SUB,1.2359261375,0.8164199508,384.37,222,6.5986271592
MB,6,3405,FRAX,PEN,NA,1.2359261375,0.8164199508,384.37,222,6.5986271592
MB,6,3500,SALI,SPP,NA,2.9099567653,0.6488529937,121.39,111,5.7221503528
MB,7,3500,SALI,SPP,NA,2.5808107211,0.6333362899,56.87,28,4.6371484684
MB,8,3400,FRAX,SPP,NA,1.434545446,0.8055343353,203.37,24,6.3734764828
MB,8,3401,FRAX,AME,NA,1.2663508461,0.8349461494,266.65,27,7.1023510819
MB,8,3402,FRAX,NIG,NA,1.434545446,0.8055343353,203.37,24,6.3734764828
MB,8,3403,FRAX,PEN,NA,1.2663508461,0.8349461494,266.65,27,7.1023510819
MB,8,3405,FRAX,PEN,SUB,1.2663508461,0.8349461494,266.65,27,7.1023510819
MB,8,3405,FRAX,PEN,NA,1.2663508461,0.8349461494,266.65,27,7.1023510819
MB,8,3500,SALI,SPP,NA,12.022479394,0.4964033797,153.57,7,34.866852334
MB,9,101,PICE,MAR,NA,0.472368699,0.9751504263,427.28065612,1296,2.7325440619
MB,9,105,PICE,GLA,NA,0.5101852775,0.9450569927,490.39794534,189,3.0736273505
MB,9,203,PINU,BAN,NA,0.4293326814,1.0063601642,331.65961719,879,2.8068840692
MB,9,209,PINU,RES,NA,0.4892971598,0.9752135921,386.363291,25,2.5993780439
MB,9,302,ABIE,BAL,NA,0.5811328589,0.9152198157,343.51965759,38,4.5030339309
MB,9,602,LARI,LAR,NA,0.4826456319,0.9319377206,481.98575458,221,2.4328727283
MB,9,701,THUJ,OCC,NA,0.6736991849,0.8436617173,499.73926084,108,6.0125053141
MB,9,801,JUNI,VIR,NA,0.6736991849,0.8436617173,499.73926084,108,6.0125053141
MB,9,1100,GENC,SPP,NA,0.472368699,0.9751504263,427.28065612,1296,2.7325440619
MB,9,1200,POPU,SPP,NA,0.521096337,0.9562017279,522.74682936,654,2.1911341655
MB,9,1201,POPU,TRE,NA,0.521096337,0.9562017279,522.74682936,654,2.1911341655
MB,9,1203,POPU,BAL,NA,0.521096337,0.9562017279,522.74682936,654,2.1911341655
MB,9,1203,POPU,BAL,BAL,0.521096337,0.9562017279,522.74682936,654,2.1911341655
MB,9,1205,POPU,DEL,NA,0.521096337,0.9562017279,522.74682936,654,2.1911341655
MB,9,1205,POPU,DEL,DEL,0.521096337,0.9562017279,522.74682936,654,2.1911341655
MB,9,1206,POPU,GRA,NA,0.521096337,0.9562017279,522.74682936,654,2.1911341655
MB,9,1303,BETU,PAP,NA,0.7467166727,0.9061964676,326.5658705,82,4.1441217915
MB,9,1303,BETU,PAP,PAP,0.7467166727,0.9061964676,326.5658705,82,4.1441217915
MB,9,1308,BETU,PAP,NEO,0.7467166727,0.9061964676,326.5658705,82,4.1441217915
MB,9,1404,ACER,NEG,NA,1.0534056907,0.8798041802,509.09,5790,11.017067109
MB,9,1500,GENH,SPP,NA,1.5118816767,0.8096994534,496.33000001,1479,12.632492979
MB,9,2104,QUER,MAC,NA,1.1567696134,0.8790258976,377.2,333,10.399218284
MB,9,2201,ULMU,AME,NA,1.4367501357,0.8088631882,168.27,36,4.4524357157
MB,9,3000,TILI,AME,NA,0.8042334875,0.8936597062,463.34,97,8.0214083967
MB,9,3400,FRAX,SPP,NA,0.6184074677,0.9633134436,381.68424821,176,2.932052388
MB,9,3401,FRAX,AME,NA,0.8824457887,0.9085517805,296.21,13,9.2674725493
MB,9,3402,FRAX,NIG,NA,1.2359261375,0.8164199508,384.37,222,6.5986271592
MB,9,3403,FRAX,PEN,NA,1.2359261375,0.8164199508,384.37,222,6.5986271592
MB,9,3500,SALI,SPP,NA,1.5118816767,0.8096994534,496.33000001,1479,12.632492979
MB,10,101,PICE,MAR,NA,0.682050994,0.9146739106,393.98583458,1182,3.5263130058
MB,10,105,PICE,GLA,NA,0.7111585661,0.8937615925,583.77717116,5,1.9772557813
MB,10,203,PINU,BAN,NA,0.4293326814,1.0063601642,331.65961719,879,2.8068840692
MB,10,209,PINU,RES,NA,0.4892971598,0.9752135921,386.363291,25,2.5993780439
MB,10,302,ABIE,BAL,NA,0.4981236869,0.9559699583,329.11027887,254,2.7456956453
MB,10,602,LARI,LAR,NA,0.5312601035,0.9283378078,450.39668281,349,4.4249184128
MB,10,701,THUJ,OCC,NA,0.6736991849,0.8436617173,499.73926084,108,6.0125053141
MB,10,801,JUNI,VIR,NA,0.6736991849,0.8436617173,499.73926084,108,6.0125053141
MB,10,1100,GENC,SPP,NA,0.682050994,0.9146739106,393.98583458,1182,3.5263130058
MB,10,1200,POPU,SPP,NA,0.521096337,0.9562017279,522.74682936,654,2.1911341655
MB,10,1201,POPU,TRE,NA,0.521096337,0.9562017279,522.74682936,654,2.1911341655
MB,10,1203,POPU,BAL,NA,0.521096337,0.9562017279,522.74682936,654,2.1911341655
MB,10,1203,POPU,BAL,BAL,0.521096337,0.9562017279,522.74682936,654,2.1911341655
MB,10,1205,POPU,DEL,NA,0.521096337,0.9562017279,522.74682936,654,2.1911341655
MB,10,1205,POPU,DEL,DEL,0.521096337,0.9562017279,522.74682936,654,2.1911341655
MB,10,1206,POPU,GRA,NA,0.521096337,0.9562017279,522.74682936,654,2.1911341655
MB,10,1303,BETU,PAP,NA,0.7467166727,0.9061964676,326.5658705,82,4.1441217915
MB,10,1303,BETU,PAP,PAP,0.7467166727,0.9061964676,326.5658705,82,4.1441217915
MB,10,1308,BETU,PAP,NEO,0.7467166727,0.9061964676,326.5658705,82,4.1441217915
MB,10,1404,ACER,NEG,NA,1.0534056907,0.8798041802,509.09,5790,11.017067109
MB,10,1500,GENH,SPP,NA,1.5118816767,0.8096994534,496.33000001,1479,12.632492979
MB,10,2104,QUER,MAC,NA,1.1567696134,0.8790258976,377.2,333,10.399218284
MB,10,2201,ULMU,AME,NA,1.4367501357,0.8088631882,168.27,36,4.4524357157
MB,10,3000,TILI,AME,NA,0.8042334875,0.8936597062,463.34,97,8.0214083967
MB,10,3400,FRAX,SPP,NA,0.6184074677,0.9633134436,381.68424821,176,2.932052388
MB,10,3401,FRAX,AME,NA,0.8824457887,0.9085517805,296.21,13,9.2674725493
MB,10,3402,FRAX,NIG,NA,1.2359261375,0.8164199508,384.37,222,6.5986271592
MB,10,3403,FRAX,PEN,NA,1.2359261375,0.8164199508,384.37,222,6.5986271592
MB,10,3500,SALI,SPP,NA,1.5118816767,0.8096994534,496.33000001,1479,12.632492979
MB,15,101,PICE,MAR,NA,0.682050994,0.9146739106,393.98583458,1182,3.5263130058
MB,15,103,PICE,ABI,NA,0.5365650291,0.9439164337,529.19418368,182,4.2573009332
MB,15,105,PICE,GLA,NA,0.5365650291,0.9439164337,529.19418368,182,4.2573009332
MB,15,203,PINU,BAN,NA,0.6533078272,0.9390321456,382.57584582,1154,3.300201441
MB,15,302,ABIE,BAL,NA,0.4981236869,0.9559699583,329.11027887,254,2.7456956453
MB,15,602,LARI,LAR,NA,0.5312601035,0.9283378078,450.39668281,349,4.4249184128
MB,15,1100,GENC,SPP,NA,0.682050994,0.9146739106,393.98583458,1182,3.5263130058
MB,15,1200,POPU,SPP,NA,0.5148368909,0.9618748231,703.92062662,625,2.5198544158
MB,15,1201,POPU,TRE,NA,0.5148368909,0.9618748231,703.92062662,625,2.5198544158
MB,15,1203,POPU,BAL,NA,0.5148368909,0.9618748231,703.92062662,625,2.5198544158
MB,15,1203,POPU,BAL,BAL,0.5148368909,0.9618748231,703.92062662,625,2.5198544158
MB,15,1206,POPU,GRA,NA,0.5148368909,0.9618748231,703.92062662,625,2.5198544158
MB,15,1303,BETU,PAP,NA,0.7467166727,0.9061964676,326.5658705,82,4.1441217915
MB,15,1303,BETU,PAP,PAP,0.7467166727,0.9061964676,326.5658705,82,4.1441217915
MB,15,1308,BETU,PAP,NEO,0.7467166727,0.9061964676,326.5658705,82,4.1441217915
NB,7,100,PICE,SPP,NA,0.6119301843,0.9219952107,290.03620628,360,7.2419423434
NB,7,101,PICE,MAR,NA,0.6397940173,0.9146132404,315.23335358,651,2.4622307016
NB,7,102,PICE,RUB,NA,0.6119301843,0.9219952107,290.03620628,360,7.2419423434
NB,7,103,PICE,ABI,NA,0.6961541121,0.8932026925,272.19010304,132,4.6457768116
NB,7,105,PICE,GLA,NA,0.6961541121,0.8932026925,272.19010304,132,4.6457768116
NB,7,107,PICE,MAR,RUB,0.6119301843,0.9219952107,290.03620628,360,7.2419423434
NB,7,108,PICE,RUB,GLA,0.6961541121,0.8932026925,272.19010304,132,4.6457768116
NB,7,200,PINU,SPP,NA,0.9094468556,0.8945025906,608.22312916,226,5.5987423694
NB,7,202,PINU,STR,NA,0.9515992685,0.8129366264,162.93233241,14,3.4060566629
NB,7,203,PINU,BAN,NA,0.9094468556,0.8945025906,608.22312916,226,5.5987423694
NB,7,209,PINU,RES,NA,0.7211380552,0.878863797,261.61663906,11,2.3430104315
NB,7,302,ABIE,BAL,NA,0.4071561478,1.0104804786,1001.1534439,643,6.2749784751
NB,7,401,TSUG,CAN,NA,1.2132143356,0.8321404706,421.96,106,10.882634612
NB,7,601,LARI,DEC,NA,0.5226707896,0.9665273802,197.30459186,11,3.444756302
NB,7,602,LARI,LAR,NA,0.5226707896,0.9665273802,197.30459186,11,3.444756302
NB,7,605,LARI,KAE,NA,0.5226707896,0.9665273802,197.30459186,11,3.444756302
NB,7,701,THUJ,OCC,NA,0.7852723386,0.8448169256,385.42209183,46,7.6089025451
NB,7,801,JUNI,VIR,NA,0.7852723386,0.8448169256,385.42209183,46,7.6089025451
NB,7,1100,GENC,SPP,NA,0.6961541121,0.8932026925,272.19010304,132,4.6457768116
NB,7,1150,UNKN,SPP,NA,0.6961541121,0.8932026925,272.19010304,132,4.6457768116
NB,7,1200,POPU,SPP,NA,0.2901939388,1.1137477245,1013.4041583,207,5.8063869492
NB,7,1201,POPU,TRE,NA,0.2901939388,1.1137477245,1013.4041583,207,5.8063869492
NB,7,1203,POPU,BAL,NA,1.8597812428,0.7207150298,266.38931766,6,6.2728382409
NB,7,1203,POPU,BAL,BAL,1.8597812428,0.7207150298,266.38931766,6,6.2728382409
NB,7,1206,POPU,GRA,NA,0.8341490475,0.8994713034,277.90861575,13,4.038015526
NB,7,1300,BETU,SPP,NA,0.4379629831,1.0566100484,1083.781035,115,5.3812047988
NB,7,1301,BETU,ALL,NA,1.0619918899,0.8835258572,239.0226654,53,6.6304888148
NB,7,1303,BETU,PAP,NA,0.4379629831,1.0566100484,1083.781035,115,5.3812047988
NB,7,1303,BETU,PAP,PAP,0.4379629831,1.0566100484,1083.781035,115,5.3812047988
NB,7,1304,BETU,POP,NA,0.4576370133,1.0642925226,79.762052862,6,1.9764493471
NB,7,1400,ACER,SPP,NA,0.4911431995,1.0254618225,1024.6580917000001,154,6.4032863543
NB,7,1401,ACER,SAH,NA,0.7414132575,0.9622656614,193.5175,150,6.224022875
NB,7,1405,ACER,RUB,NA,0.4911431995,1.0254618225,1024.6580917000001,154,6.4032863543
NB,7,1406,ACER,SAC,NA,0.8064914942,0.9607337047,553.62,2280,12.422267034
NB,7,1410,ACER,PEN,NA,0.6137307582,0.9842380737,138.78,12,5.8837325782
NB,7,1411,ACER,SPI,NA,0.6137307582,0.9842380737,138.78,12,5.8837325782
NB,7,1500,GENH,SPP,NA,1.1668378625,0.8808633345,162.00399205,49,6.7785128423
NB,7,1550,GENH,SPP,NA,1.1668378625,0.8808633345,162.00399205,49,6.7785128423
NB,7,1800,ALNU,SPP,NA,2.0543646468,0.7988471963,25.3,5,1.1914748023
NB,7,1803,ALNU,VIR,CRI,2.0543646468,0.7988471963,25.3,5,1.1914748023
NB,7,1805,ALNU,INC,RUG,2.0543646468,0.7988471963,25.3,5,1.1914748023
NB,7,1805,ALNU,INC,NA,2.0543646468,0.7988471963,25.3,5,1.1914748023
NB,7,1806,ALNU,RUG,NA,2.0543646468,0.7988471963,25.3,5,1.1914748023
NB,7,1900,OSTR,SPP,NA,1.055574683,0.9153209176,187.47999998,17,6.1012561211
NB,7,1900,OSTR,VIR,NA,1.055574683,0.9153209176,187.47999998,17,6.1012561211
NB,7,1950,CARP,CAR,NA,1.055574683,0.9153209176,187.47999998,17,6.1012561211
NB,7,1950,CARP,SPP,NA,1.055574683,0.9153209176,187.47999998,17,6.1012561211
NB,7,2000,FAGU,GRA,NA,1.199293693,0.8753651242,162.00399205,48,6.7617780259
NB,7,2108,QUER,RUB,NA,1.1567696134,0.8790258976,377.2,333,10.399218284
NB,7,2802,PRUN,PEN,NA,1.3234826005,0.819099142,91.42928756,1,0.3432620343
NB,7,3401,FRAX,AME,NA,0.5516978562,1.0190983712,312.36734152,17,7.3807450194
NB,7,3500,SALI,SPP,NA,2.5808107211,0.6333362899,56.87,28,4.6371484684
NB,7,3930,MALU,COR,NA,12.407734217,0.3916222016,67.8,12,25.919035318
NB,7,3930,MALU,FUS,NA,12.407734217,0.3916222016,67.8,12,25.919035318
NB,7,3930,MALU,SPP,NA,12.407734217,0.3916222016,67.8,12,25.919035318
NB,7,3960,SORB,SPP,NA,12.407734217,0.3916222016,67.8,12,25.919035318
NB,7,3961,SORB,AME,NA,12.407734217,0.3916222016,67.8,12,25.919035318
NL,1,100,PICE,SPP,NA,1.2160020033,0.8079067802,347.42407027,14,4.6093236353
NL,1,101,PICE,MAR,NA,0.7427358923,0.9130302215,240.78737062,98,2.6587585416
NL,1,105,PICE,GLA,NA,1.2160020033,0.8079067802,347.42407027,14,4.6093236353
NL,1,302,ABIE,BAL,NA,0.8131213813,0.8777063265,268.06000111,45,2.8587072033
NL,1,602,LARI,LAR,NA,1.1017722463,0.8349387243,263.15999999,288,5.3460740624
NL,1,605,LARI,KAE,NA,1.1017722463,0.8349387243,263.15999999,288,5.3460740624
NL,1,1100,GENC,SPP,NA,1.2160020033,0.8079067802,347.42407027,14,4.6093236353
NL,1,1150,UNKN,SPP,NA,1.2160020033,0.8079067802,347.42407027,14,4.6093236353
NL,1,1303,BETU,PAP,NA,1.0646703724,0.8717131287,235.08115241,20,3.9906904873
NL,1,1303,BETU,PAP,PAP,1.0646703724,0.8717131287,235.08115241,20,3.9906904873
NL,5,100,PICE,SPP,NA,1.2160020033,0.8079067802,347.42407027,14,4.6093236353
NL,5,101,PICE,MAR,NA,0.7427358923,0.9130302215,240.78737062,98,2.6587585416
NL,5,105,PICE,GLA,NA,1.2160020033,0.8079067802,347.42407027,14,4.6093236353
NL,5,202,PINU,STR,NA,1.0174662558,0.8299513778,835.86000001,1177,11.545288569
NL,5,203,PINU,BAN,NA,1.4816296067,0.768228844,395.44999999,3708,5.5864130648
NL,5,302,ABIE,BAL,NA,0.8131213813,0.8777063265,268.06000111,45,2.8587072033
NL,5,602,LARI,LAR,NA,1.1017722463,0.8349387243,263.15999999,288,5.3460740624
NL,5,605,LARI,KAE,NA,1.1017722463,0.8349387243,263.15999999,288,5.3460740624
NL,5,1100,GENC,SPP,NA,1.2160020033,0.8079067802,347.42407027,14,4.6093236353
NL,5,1150,UNKN,SPP,NA,1.2160020033,0.8079067802,347.42407027,14,4.6093236353
NL,5,1200,POPU,SPP,NA,1.1178542719,0.8214715605,576.63000001,5489,7.8149484686
NL,5,1201,POPU,TRE,NA,1.1178542719,0.8214715605,576.63000001,5489,7.8149484686
NL,5,1203,POPU,BAL,BAL,0.9665524206,0.8666119625,620.17999999,159,8.3325115545
NL,5,1203,POPU,BAL,NA,0.9665524206,0.8666119625,620.17999999,159,8.3325115545
NL,5,1301,BETU,ALL,NA,1.0607760422,0.8559550234,425.88,3493,9.75489794
NL,5,1303,BETU,PAP,NA,1.0646703724,0.8717131287,235.08115241,20,3.9906904873
NL,5,1303,BETU,PAP,PAP,1.0646703724,0.8717131287,235.08115241,20,3.9906904873
NL,5,1400,ACER,SPP,NA,1.2059298603,0.8360910144,362.28,1905,8.7886047573
NL,5,1405,ACER,RUB,NA,1.2059298603,0.8360910144,362.28,1905,8.7886047573
NL,5,1500,GENH,SPP,NA,1.5118816767,0.8096994534,496.33000001,1479,12.632492979
NL,5,1800,ALNU,SPP,NA,2.0543646468,0.7988471963,25.3,5,1.1914748023
NL,6,100,PICE,SPP,NA,1.2160020033,0.8079067802,347.42407027,14,4.6093236353
NL,6,101,PICE,MAR,NA,0.8046253735,0.8935088316,315.39471031,408,3.3491424135
NL,6,105,PICE,GLA,NA,1.2160020033,0.8079067802,347.42407027,14,4.6093236353
NL,6,202,PINU,STR,NA,1.0174662558,0.8299513778,835.86000001,1177,11.545288569
NL,6,203,PINU,BAN,NA,1.4816296067,0.768228844,395.44999999,3708,5.5864130648
NL,6,209,PINU,RES,NA,0.9764529586,0.850569547,506.80000001,171,12.602191357
NL,6,302,ABIE,BAL,NA,0.7651569909,0.8842324792,332.5770705,486,5.9607860282
NL,6,602,LARI,LAR,NA,1.1017722463,0.8349387243,263.15999999,288,5.3460740624
NL,6,605,LARI,KAE,NA,1.1017722463,0.8349387243,263.15999999,288,5.3460740624
NL,6,1100,GENC,SPP,NA,1.2160020033,0.8079067802,347.42407027,14,4.6093236353
NL,6,1150,UNKN,SPP,NA,1.2160020033,0.8079067802,347.42407027,14,4.6093236353
NL,6,1200,POPU,SPP,NA,1.1178542719,0.8214715605,576.63000001,5489,7.8149484686
NL,6,1201,POPU,TRE,NA,1.1178542719,0.8214715605,576.63000001,5489,7.8149484686
NL,6,1203,POPU,BAL,NA,0.9665524206,0.8666119625,620.17999999,159,8.3325115545
NL,6,1203,POPU,BAL,BAL,0.9665524206,0.8666119625,620.17999999,159,8.3325115545
NL,6,1301,BETU,ALL,NA,1.0607760422,0.8559550234,425.88,3493,9.75489794
NL,6,1303,BETU,PAP,NA,1.0646703724,0.8717131287,235.08115241,20,3.9906904873
NL,6,1303,BETU,PAP,PAP,1.0646703724,0.8717131287,235.08115241,20,3.9906904873
NL,6,1400,ACER,SPP,NA,1.2059298603,0.8360910144,362.28,1905,8.7886047573
NL,6,1405,ACER,RUB,NA,1.2059298603,0.8360910144,362.28,1905,8.7886047573
NL,6,1500,GENH,SPP,NA,1.5118816767,0.8096994534,496.33000001,1479,12.632492979
NL,6,1800,ALNU,SPP,NA,2.0543646468,0.7988471963,25.3,5,1.1914748023
NL,6,1803,ALNU,VIR,CRI,2.0543646468,0.7988471963,25.3,5,1.1914748023
NL,6,1804,ALNU,INC,TEN,2.0543646468,0.7988471963,25.3,5,1.1914748023
NL,6,1804,ALNU,INC,NA,2.0543646468,0.7988471963,25.3,5,1.1914748023
NL,6,1805,ALNU,INC,RUG,2.0543646468,0.7988471963,25.3,5,1.1914748023
NL,6,1805,ALNU,INC,NA,2.0543646468,0.7988471963,25.3,5,1.1914748023
NL,6,3500,SALI,SPP,NA,2.9099567653,0.6488529937,121.39,111,5.7221503528
NL,7,1410,ACER,PEN,NA,0.6137307582,0.9842380737,138.78,12,5.8837325782
NL,7,1411,ACER,SPI,NA,0.6137307582,0.9842380737,138.78,12,5.8837325782
NL,7,1800,ALNU,SPP,NA,2.0543646468,0.7988471963,25.3,5,1.1914748023
NL,7,1805,ALNU,INC,RUG,2.0543646468,0.7988471963,25.3,5,1.1914748023
NL,7,1805,ALNU,INC,NA,2.0543646468,0.7988471963,25.3,5,1.1914748023
NL,7,1900,OSTR,SPP,NA,1.055574683,0.9153209176,187.47999998,17,6.1012561211
NL,7,1900,OSTR,VIR,NA,1.055574683,0.9153209176,187.47999998,17,6.1012561211
NL,7,1950,CARP,CAR,NA,1.055574683,0.9153209176,187.47999998,17,6.1012561211
NL,7,1950,CARP,SPP,NA,1.055574683,0.9153209176,187.47999998,17,6.1012561211
NS,7,100,PICE,SPP,NA,0.495504126,0.9743627301,517.64980889,229,7.2718700161
NS,7,101,PICE,MAR,NA,0.47931028,0.9855155275,278.46548872,304,2.3149597597
NS,7,102,PICE,RUB,NA,0.4234227087,1.0005833592,694.41260125,572,9.0773351126
NS,7,103,PICE,ABI,NA,3.0793067113,0.7106464979,125.3445359,6,5.1267518035
NS,7,105,PICE,GLA,NA,0.495504126,0.9743627301,517.64980889,229,7.2718700161
NS,7,106,PICE,SIT,NA,0.495504126,0.9743627301,517.64980889,229,7.2718700161
NS,7,106,PICE,SIT,X,0.495504126,0.9743627301,517.64980889,229,7.2718700161
NS,7,107,PICE,MAR,RUB,0.4234227087,1.0005833592,694.41260125,572,9.0773351126
NS,7,202,PINU,STR,NA,0.5877197124,0.923182142,827.38487563,175,12.567346925
NS,7,203,PINU,BAN,NA,1.5091407456000001,0.7537398413,253.36913591,7,4.3204379326
NS,7,209,PINU,RES,NA,0.8171604158,0.8510820456,580.26065529,16,4.2999380928
NS,7,211,PINU,SYL,NA,0.8171604158,0.8510820456,580.26065529,16,4.2999380928
NS,7,302,ABIE,BAL,NA,0.3972087551,1.0223483356,508.21936483,821,6.4706279038
NS,7,401,TSUG,CAN,NA,0.6205361922,0.9420020461,1061.8501979,52,14.08886924
NS,7,601,LARI,DEC,NA,0.4598049193,0.9951594141,300.57834209,54,4.3148166464
NS,7,602,LARI,LAR,NA,0.4598049193,0.9951594141,300.57834209,54,4.3148166464
NS,7,701,THUJ,OCC,NA,0.4825915929,0.9487224542,263.22275268,21,5.664630074
NS,7,801,JUNI,VIR,NA,0.4825915929,0.9487224542,263.22275268,21,5.664630074
NS,7,1100,GENC,SPP,NA,0.5176883911,0.9531142178,1061.8501979,1649,5.7140706586
NS,7,1150,UNKN,SPP,NA,0.5176883911,0.9531142178,1061.8501979,1649,5.7140706586
NS,7,1200,POPU,SPP,NA,0.519923155,0.9801354897,365.59928498,57,6.7063255805
NS,7,1201,POPU,TRE,NA,0.519923155,0.9801354897,365.59928498,57,6.7063255805
NS,7,1203,POPU,BAL,NA,0.519923155,0.9801354897,365.59928498,57,6.7063255805
NS,7,1203,POPU,BAL,BAL,0.519923155,0.9801354897,365.59928498,57,6.7063255805
NS,7,1206,POPU,GRA,NA,0.430170962,1.0198833613,501.68845707,28,6.4043800455
NS,7,1300,BETU,SPP,NA,0.6067305834,0.987143614,574.22245674,99,5.7142951198
NS,7,1301,BETU,ALL,NA,0.4938561364,1.0499315219,534.84901215,121,10.852915282
NS,7,1303,BETU,PAP,NA,0.6067305834,0.987143614,574.22245674,99,5.7142951198
NS,7,1303,BETU,PAP,PAP,0.6067305834,0.987143614,574.22245674,99,5.7142951198
NS,7,1304,BETU,POP,NA,0.7914030688,0.9157598894,100.49400418,8,1.1888733894
NS,7,1400,ACER,SPP,NA,0.5117567535,1.0184594853,566.03594955,500,9.2187502996
NS,7,1401,ACER,SAH,NA,0.6706317969,1.0047010277,397.85189756,122,11.848335121
NS,7,1405,ACER,RUB,NA,0.5117567535,1.0184594853,566.03594955,500,9.2187502996
NS,7,1406,ACER,SAC,NA,0.8064914942,0.9607337047,553.62,2280,12.422267034
NS,7,1410,ACER,PEN,NA,0.6137307582,0.9842380737,138.78,12,5.8837325782
NS,7,1411,ACER,SPI,NA,0.6137307582,0.9842380737,138.78,12,5.8837325782
NS,7,1500,GENH,SPP,NA,0.4595963965,1.0602478726,652.1126556,88,11.090751339
NS,7,1550,GENH,SPP,NA,0.4595963965,1.0602478726,652.1126556,88,11.090751339
NS,7,1800,ALNU,SPP,NA,2.0543646468,0.7988471963,25.3,5,1.1914748023
NS,7,1803,ALNU,VIR,CRI,2.0543646468,0.7988471963,25.3,5,1.1914748023
NS,7,1805,ALNU,INC,RUG,2.0543646468,0.7988471963,25.3,5,1.1914748023
NS,7,1805,ALNU,INC,NA,2.0543646468,0.7988471963,25.3,5,1.1914748023
NS,7,1900,OSTR,SPP,NA,1.055574683,0.9153209176,187.47999998,17,6.1012561211
NS,7,1900,OSTR,VIR,NA,1.055574683,0.9153209176,187.47999998,17,6.1012561211
NS,7,1950,CARP,CAR,NA,1.055574683,0.9153209176,187.47999998,17,6.1012561211
NS,7,1950,CARP,SPP,NA,1.055574683,0.9153209176,187.47999998,17,6.1012561211
NS,7,2000,FAGU,GRA,NA,0.5637106319,1.0291818194,652.1126556,41,10.171127792
NS,7,2100,QUER,SPP,NA,0.7232067059,0.9465735846,305.71807273,27,6.7200274107
NS,7,2108,QUER,RUB,NA,0.7232067059,0.9465735846,305.71807273,27,6.7200274107
NS,7,2201,ULMU,AME,NA,0.7970288764,0.9365121025,310.61805801,5,1.9842573101
NS,7,2801,PRUN,SER,NA,1.7526572098,0.68744461589999994,178.5619027,2,6.2168423556
NS,7,2802,PRUN,PEN,NA,2.6111397839,0.7367414626,119.20999999,103,6.378196233
NS,7,2804,PRUN,VIR,NA,0.4179769214,1.0618758889,32.213286437,1,0.3305939679
NS,7,2804,PRUN,VIR,VIR,0.4179769214,1.0618758889,32.213286437,1,0.3305939679
NS,7,3400,FRAX,SPP,NA,0.5516978562,1.0190983712,312.36734152,17,7.3807450194
NS,7,3401,FRAX,AME,NA,0.5516978562,1.0190983712,312.36734152,17,7.3807450194
NS,7,3402,FRAX,NIG,NA,0.5516978562,1.0190983712,312.36734152,17,7.3807450194
NS,7,3930,MALU,COR,NA,12.407734217,0.3916222016,67.8,12,25.919035318
NS,7,3930,MALU,FUS,NA,12.407734217,0.3916222016,67.8,12,25.919035318
NS,7,3930,MALU,SPP,NA,12.407734217,0.3916222016,67.8,12,25.919035318
NS,7,3960,SORB,SPP,NA,12.407734217,0.3916222016,67.8,12,25.919035318
NT,2,100,PICE,SPP,NA,0.5267226111,0.9712336713,376.09978201,119,3.3117894288
NT,2,101,PICE,MAR,NA,0.5611746025,0.9735269822,151.7390865,20,2.5408490509
NT,2,105,PICE,GLA,NA,0.5267226111,0.9712336713,376.09978201,119,3.3117894288
NT,2,203,PINU,BAN,NA,0.49353934,0.9945612795,252.97088758,82,1.5420355791
NT,2,204,PINU,CON,NA,0.49353934,0.9945612795,252.97088758,82,1.5420355791
NT,2,204,PINU,CON,LAT,0.49353934,0.9945612795,252.97088758,82,1.5420355791
NT,3,100,PICE,SPP,NA,0.5267226111,0.9712336713,376.09978201,119,3.3117894288
NT,3,101,PICE,MAR,NA,0.5611746025,0.9735269822,151.7390865,20,2.5408490509
NT,3,105,PICE,GLA,NA,0.5267226111,0.9712336713,376.09978201,119,3.3117894288
NT,3,203,PINU,BAN,NA,0.49353934,0.9945612795,252.97088758,82,1.5420355791
NT,3,204,PINU,CON,NA,0.49353934,0.9945612795,252.97088758,82,1.5420355791
NT,3,204,PINU,CON,LAT,0.49353934,0.9945612795,252.97088758,82,1.5420355791
NT,3,300,ABIE,SPP,NA,0.3926970989,0.9971157398,423.80330269,38,5.108902116
NT,3,304,ABIE,LAS,NA,0.5436890499,0.9656353157,376.09978201,139,3.2971442916
NT,3,602,LARI,LAR,NA,0.49353934,0.9945612795,252.97088758,82,1.5420355791
NT,3,1201,POPU,TRE,NA,0.5446602212,0.9876235213,203.62184609,19,1.9783416413
NT,3,1203,POPU,BAL,NA,0.5446602212,0.9876235213,203.62184609,19,1.9783416413
NT,3,1203,POPU,BAL,BAL,0.5446602212,0.9876235213,203.62184609,19,1.9783416413
NT,3,1300,BETU,SPP,NA,0.7431254378,0.9229018437,217.08427507,4,2.9435375583
NT,3,1303,BETU,PAP,NA,0.5446602212,0.9876235213,203.62184609,19,1.9783416413
NT,3,1303,BETU,PAP,PAP,0.5446602212,0.9876235213,203.62184609,19,1.9783416413
NT,3,1308,BETU,PAP,NEO,0.5446602212,0.9876235213,203.62184609,19,1.9783416413
NT,4,100,PICE,SPP,NA,0.5796514984,0.9378860789,435.9225,28,3.1073253638
NT,4,101,PICE,MAR,NA,0.650391113,0.9623315058,72.8675,31,0.5874900189
NT,4,105,PICE,GLA,NA,0.5796514984,0.9378860789,435.9225,28,3.1073253638
NT,4,203,PINU,BAN,NA,0.9091153658,0.8381818758,35.0175,3,0.4833309969
NT,4,204,PINU,CON,NA,1.2162377304,0.8232616768,322.9076603,9,2.2056540778
NT,4,204,PINU,CON,LAT,1.2162377304,0.8232616768,322.9076603,9,2.2056540778
NT,4,216,PINU,MUR,NA,1.2162377304,0.8232616768,322.9076603,9,2.2056540778
NT,4,300,ABIE,SPP,NA,0.3926970989,0.9971157398,423.80330269,38,5.108902116
NT,4,302,ABIE,BAL,NA,0.3926970989,0.9971157398,423.80330269,38,5.108902116
NT,4,304,ABIE,LAS,NA,0.3926970989,0.9971157398,423.80330269,38,5.108902116
NT,4,500,PSEU,MEN,NA,0.7389661523,0.9152583915,477.87548132,9,13.600887379
NT,4,500,PSEU,MEN,MEN,0.7389661523,0.9152583915,477.87548132,9,13.600887379
NT,4,500,PSEU,MEN,GLA,0.7389661523,0.9152583915,477.87548132,9,13.600887379
NT,4,500,PSEU,SPP,NA,0.7389661523,0.9152583915,477.87548132,9,13.600887379
NT,4,601,LARI,DEC,NA,0.58954739,0.9550140168,199.53544906,26,1.0667683034
NT,4,602,LARI,LAR,NA,0.8731040686,0.8270371676,9.7525,4,0.10851103
NT,4,1200,POPU,SPP,NA,0.5678507511,0.9459614803,451.73612404,21,3.4944476094
NT,4,1201,POPU,TRE,NA,0.6276799339,0.9303624668,106.84,5,1.8474312212
NT,4,1203,POPU,BAL,NA,0.4076663168,0.9796663556,364.49530193,4,0.8759033497
NT,4,1203,POPU,BAL,BAL,0.4076663168,0.9796663556,364.49530193,4,0.8759033497
NT,4,1301,BETU,ALL,NA,0.7431254378,0.9229018437,217.08427507,4,2.9435375583
NT,4,1303,BETU,PAP,NA,0.7431254378,0.9229018437,217.08427507,4,2.9435375583
NT,4,1303,BETU,PAP,PAP,0.7431254378,0.9229018437,217.08427507,4,2.9435375583
NT,4,1305,BETU,ALA,NA,0.7431254378,0.9229018437,217.08427507,4,2.9435375583
NT,4,1305,BETU,NEO,NA,0.7431254378,0.9229018437,217.08427507,4,2.9435375583
NT,5,100,PICE,SPP,NA,0.4656486298,0.9774880674,648.11789774,403,4.1208626983
NT,5,101,PICE,MAR,NA,0.5810778741,0.9600529769,392.98012476,81,2.1295139966
NT,5,105,PICE,GLA,NA,0.4656486298,0.9774880674,648.11789774,403,4.1208626983
NT,5,203,PINU,BAN,NA,0.4237196182,1.027396126,228.61569283,30,1.6787929615
NT,5,204,PINU,CON,NA,0.6123370957,0.9463157509,627.71148981,729,4.163993159
NT,5,204,PINU,CON,LAT,0.6123370957,0.9463157509,627.71148981,729,4.163993159
NT,5,216,PINU,MUR,NA,0.6186204702,0.9446451189,627.71148981,759,4.1452955764
NT,5,300,ABIE,SPP,NA,0.3926970989,0.9971157398,423.80330269,38,5.108902116
NT,5,302,ABIE,BAL,NA,0.3926970989,0.9971157398,423.80330269,38,5.108902116
NT,5,304,ABIE,LAS,NA,0.3926970989,0.9971157398,423.80330269,38,5.108902116
NT,5,500,PSEU,MEN,NA,0.7389661523,0.9152583915,477.87548132,9,13.600887379
NT,5,500,PSEU,MEN,MEN,0.7389661523,0.9152583915,477.87548132,9,13.600887379
NT,5,500,PSEU,MEN,GLA,0.7389661523,0.9152583915,477.87548132,9,13.600887379
NT,5,500,PSEU,SPP,NA,0.7389661523,0.9152583915,477.87548132,9,13.600887379
NT,5,601,LARI,DEC,NA,0.58954739,0.9550140168,199.53544906,26,1.0667683034
NT,5,602,LARI,LAR,NA,0.58954739,0.9550140168,199.53544906,26,1.0667683034
NT,5,1200,POPU,SPP,NA,0.5081216409,0.9724404427,802.89670489,247,2.9715351777
NT,5,1201,POPU,TRE,NA,0.5081216409,0.9724404427,802.89670489,247,2.9715351777
NT,5,1203,POPU,BAL,NA,0.5504656975,0.9447731151,504.07910798,36,3.7459103419
NT,5,1203,POPU,BAL,BAL,0.5504656975,0.9447731151,504.07910798,36,3.7459103419
NT,5,1301,BETU,ALL,NA,0.7431254378,0.9229018437,217.08427507,4,2.9435375583
NT,5,1303,BETU,PAP,NA,0.7431254378,0.9229018437,217.08427507,4,2.9435375583
NT,5,1303,BETU,PAP,PAP,0.7431254378,0.9229018437,217.08427507,4,2.9435375583
NT,5,1305,BETU,ALA,NA,0.7431254378,0.9229018437,217.08427507,4,2.9435375583
NT,5,1305,BETU,NEO,NA,0.7431254378,0.9229018437,217.08427507,4,2.9435375583
NT,9,100,PICE,SPP,NA,0.4656486298,0.9774880674,648.11789774,403,4.1208626983
NT,9,101,PICE,MAR,NA,0.5810778741,0.9600529769,392.98012476,81,2.1295139966
NT,9,104,PICE,ENG,NA,0.5799296376,0.9339728907,344.45976567,5,1.7085863806
NT,9,104,PICE,ENG,GLA,0.5799296376,0.9339728907,344.45976567,5,1.7085863806
NT,9,105,PICE,GLA,NA,0.4656486298,0.9774880674,648.11789774,403,4.1208626983
NT,9,109,PICE,SPP,NA,0.4656486298,0.9774880674,648.11789774,403,4.1208626983
NT,9,203,PINU,BAN,NA,0.4237196182,1.027396126,228.61569283,30,1.6787929615
NT,9,204,PINU,CON,NA,0.6123370957,0.9463157509,627.71148981,729,4.163993159
NT,9,204,PINU,CON,LAT,0.6123370957,0.9463157509,627.71148981,729,4.163993159
NT,9,216,PINU,MUR,NA,0.6186204702,0.9446451189,627.71148981,759,4.1452955764
NT,9,300,ABIE,SPP,NA,0.3926970989,0.9971157398,423.80330269,38,5.108902116
NT,9,302,ABIE,BAL,NA,0.3926970989,0.9971157398,423.80330269,38,5.108902116
NT,9,304,ABIE,LAS,NA,0.3926970989,0.9971157398,423.80330269,38,5.108902116
NT,9,305,ABIE,MX2,NA,0.3926970989,0.9971157398,423.80330269,38,5.108902116
NT,9,306,ABIE,MIX,NA,0.3926970989,0.9971157398,423.80330269,38,5.108902116
NT,9,500,PSEU,MEN,NA,0.7389661523,0.9152583915,477.87548132,9,13.600887379
NT,9,500,PSEU,MEN,MEN,0.7389661523,0.9152583915,477.87548132,9,13.600887379
NT,9,500,PSEU,MEN,GLA,0.7389661523,0.9152583915,477.87548132,9,13.600887379
NT,9,500,PSEU,SPP,NA,0.7389661523,0.9152583915,477.87548132,9,13.600887379
NT,9,600,LARI,SPP,NA,0.58954739,0.9550140168,199.53544906,26,1.0667683034
NT,9,601,LARI,DEC,NA,0.58954739,0.9550140168,199.53544906,26,1.0667683034
NT,9,602,LARI,LAR,NA,0.58954739,0.9550140168,199.53544906,26,1.0667683034
NT,9,604,LARI,LYA,NA,0.58954739,0.9550140168,199.53544906,26,1.0667683034
NT,9,1150,UNKN,SPP,NA,0.615592259,0.9400894447,648.11789774,1113,6.8616032087
NT,9,1200,POPU,SPP,NA,0.5081216409,0.9724404427,802.89670489,247,2.9715351777
NT,9,1201,POPU,TRE,NA,0.5081216409,0.9724404427,802.89670489,247,2.9715351777
NT,9,1203,POPU,BAL,BAL,0.5504656975,0.9447731151,504.07910798,36,3.7459103419
NT,9,1203,POPU,BAL,NA,0.5504656975,0.9447731151,504.07910798,36,3.7459103419
NT,9,1301,BETU,ALL,NA,0.7431254378,0.9229018437,217.08427507,4,2.9435375583
NT,9,1303,BETU,PAP,NA,0.7431254378,0.9229018437,217.08427507,4,2.9435375583
NT,9,1303,BETU,PAP,PAP,0.7431254378,0.9229018437,217.08427507,4,2.9435375583
NT,9,1305,BETU,ALA,NA,0.7431254378,0.9229018437,217.08427507,4,2.9435375583
NT,9,1305,BETU,NEO,NA,0.7431254378,0.9229018437,217.08427507,4,2.9435375583
NT,9,1404,ACER,NEG,NA,0.7431254378,0.9229018437,217.08427507,4,2.9435375583
NT,9,1500,GENH,SPP,NA,0.7431254378,0.9229018437,217.08427507,4,2.9435375583
NT,9,1550,GENH,SPP,NA,0.7431254378,0.9229018437,217.08427507,4,2.9435375583
NT,11,100,PICE,SPP,NA,0.5267226111,0.9712336713,376.09978201,119,3.3117894288
NT,11,101,PICE,MAR,NA,0.5611746025,0.9735269822,151.7390865,20,2.5408490509
NT,11,105,PICE,GLA,NA,0.5267226111,0.9712336713,376.09978201,119,3.3117894288
NT,11,203,PINU,BAN,NA,0.49353934,0.9945612795,252.97088758,82,1.5420355791
NT,11,204,PINU,CON,NA,0.49353934,0.9945612795,252.97088758,82,1.5420355791
NT,11,204,PINU,CON,LAT,0.49353934,0.9945612795,252.97088758,82,1.5420355791
NT,11,300,ABIE,SPP,NA,0.5436890499,0.9656353157,376.09978201,139,3.2971442916
NT,11,304,ABIE,LAS,NA,0.5436890499,0.9656353157,376.09978201,139,3.2971442916
NT,11,602,LARI,LAR,NA,0.49353934,0.9945612795,252.97088758,82,1.5420355791
NT,11,1201,POPU,TRE,NA,0.5446602212,0.9876235213,203.62184609,19,1.9783416413
NT,11,1203,POPU,BAL,NA,0.5446602212,0.9876235213,203.62184609,19,1.9783416413
NT,11,1203,POPU,BAL,BAL,0.5446602212,0.9876235213,203.62184609,19,1.9783416413
NT,11,1303,BETU,PAP,NA,0.5446602212,0.9876235213,203.62184609,19,1.9783416413
NT,11,1303,BETU,PAP,PAP,0.5446602212,0.9876235213,203.62184609,19,1.9783416413
NT,11,1308,BETU,PAP,NEO,0.5446602212,0.9876235213,203.62184609,19,1.9783416413
NT,12,100,PICE,SPP,NA,0.5267226111,0.9712336713,376.09978201,119,3.3117894288
NT,12,101,PICE,MAR,NA,0.5611746025,0.9735269822,151.7390865,20,2.5408490509
NT,12,105,PICE,GLA,NA,0.5267226111,0.9712336713,376.09978201,119,3.3117894288
NT,12,203,PINU,BAN,NA,0.49353934,0.9945612795,252.97088758,82,1.5420355791
NT,12,204,PINU,CON,NA,0.49353934,0.9945612795,252.97088758,82,1.5420355791
NT,12,204,PINU,CON,LAT,0.49353934,0.9945612795,252.97088758,82,1.5420355791
NT,12,300,ABIE,SPP,NA,0.5436890499,0.9656353157,376.09978201,139,3.2971442916
NT,12,304,ABIE,LAS,NA,0.5436890499,0.9656353157,376.09978201,139,3.2971442916
NT,12,602,LARI,LAR,NA,0.49353934,0.9945612795,252.97088758,82,1.5420355791
NT,12,1200,POPU,SPP,NA,0.5446602212,0.9876235213,203.62184609,19,1.9783416413
NT,12,1201,POPU,TRE,NA,0.5446602212,0.9876235213,203.62184609,19,1.9783416413
NT,12,1203,POPU,BAL,NA,0.5446602212,0.9876235213,203.62184609,19,1.9783416413
NT,12,1203,POPU,BAL,BAL,0.5446602212,0.9876235213,203.62184609,19,1.9783416413
NT,12,1303,BETU,PAP,NA,0.5446602212,0.9876235213,203.62184609,19,1.9783416413
NT,12,1303,BETU,PAP,PAP,0.5446602212,0.9876235213,203.62184609,19,1.9783416413
NT,12,1308,BETU,PAP,NEO,0.5446602212,0.9876235213,203.62184609,19,1.9783416413
NU,1,101,PICE,MAR,NA,0.8934156015,0.8462471432,147.47,60,1.7182425607
NU,1,105,PICE,GLA,NA,0.8508135179,0.8730488604,366.94,1702,7.4692411865
NU,1,107,PICE,MAR,RUB,0.8934156015,0.8462471432,147.47,60,1.7182425607
NU,1,302,ABIE,BAL,NA,1.0440742926,0.8330044973,411.81,9695,7.3228651259
NU,1,602,LARI,LAR,NA,1.1017722463,0.8349387243,263.15999999,288,5.3460740624
NU,1,1201,POPU,TRE,NA,1.1178542719,0.8214715605,576.63000001,5489,7.8149484686
NU,1,1203,POPU,BAL,NA,0.9665524206,0.8666119625,620.17999999,159,8.3325115545
NU,1,1203,POPU,BAL,BAL,0.9665524206,0.8666119625,620.17999999,159,8.3325115545
NU,1,1303,BETU,PAP,NA,1.308521405,0.8111174583,423.37,10323,6.3863558046
NU,1,1303,BETU,PAP,PAP,1.308521405,0.8111174583,423.37,10323,6.3863558046
NU,2,101,PICE,MAR,NA,0.8934156015,0.8462471432,147.47,60,1.7182425607
NU,2,105,PICE,GLA,NA,0.8508135179,0.8730488604,366.94,1702,7.4692411865
NU,2,107,PICE,MAR,RUB,0.8934156015,0.8462471432,147.47,60,1.7182425607
NU,2,302,ABIE,BAL,NA,1.0440742926,0.8330044973,411.81,9695,7.3228651259
NU,2,602,LARI,LAR,NA,1.1017722463,0.8349387243,263.15999999,288,5.3460740624
NU,2,1201,POPU,TRE,NA,1.1178542719,0.8214715605,576.63000001,5489,7.8149484686
NU,2,1203,POPU,BAL,NA,0.9665524206,0.8666119625,620.17999999,159,8.3325115545
NU,2,1203,POPU,BAL,BAL,0.9665524206,0.8666119625,620.17999999,159,8.3325115545
NU,2,1303,BETU,PAP,NA,1.308521405,0.8111174583,423.37,10323,6.3863558046
NU,2,1303,BETU,PAP,PAP,1.308521405,0.8111174583,423.37,10323,6.3863558046
NU,3,101,PICE,MAR,NA,0.8934156015,0.8462471432,147.47,60,1.7182425607
NU,3,105,PICE,GLA,NA,0.8508135179,0.8730488604,366.94,1702,7.4692411865
NU,3,107,PICE,MAR,RUB,0.8934156015,0.8462471432,147.47,60,1.7182425607
NU,3,302,ABIE,BAL,NA,1.0440742926,0.8330044973,411.81,9695,7.3228651259
NU,3,602,LARI,LAR,NA,1.1017722463,0.8349387243,263.15999999,288,5.3460740624
NU,3,1201,POPU,TRE,NA,1.1178542719,0.8214715605,576.63000001,5489,7.8149484686
NU,3,1203,POPU,BAL,NA,0.9665524206,0.8666119625,620.17999999,159,8.3325115545
NU,3,1203,POPU,BAL,BAL,0.9665524206,0.8666119625,620.17999999,159,8.3325115545
NU,3,1303,BETU,PAP,NA,1.308521405,0.8111174583,423.37,10323,6.3863558046
NU,3,1303,BETU,PAP,PAP,1.308521405,0.8111174583,423.37,10323,6.3863558046
NU,5,101,PICE,MAR,NA,0.8934156015,0.8462471432,147.47,60,1.7182425607
NU,5,105,PICE,GLA,NA,0.8508135179,0.8730488604,366.94,1702,7.4692411865
NU,5,107,PICE,MAR,RUB,0.8934156015,0.8462471432,147.47,60,1.7182425607
NU,5,202,PINU,STR,NA,1.0174662558,0.8299513778,835.86000001,1177,11.545288569
NU,5,203,PINU,BAN,NA,1.4816296067,0.768228844,395.44999999,3708,5.5864130648
NU,5,209,PINU,RES,NA,0.9764529586,0.850569547,506.80000001,171,12.602191357
NU,5,302,ABIE,BAL,NA,1.0440742926,0.8330044973,411.81,9695,7.3228651259
NU,5,401,TSUG,CAN,NA,1.1314926378,0.8358950327,577.77,424,12.528302037
NU,5,602,LARI,LAR,NA,1.1017722463,0.8349387243,263.15999999,288,5.3460740624
NU,5,701,THUJ,OCC,NA,0.9090018123,0.8410820891,498.37,1861,8.0773803937
NU,5,801,JUNI,VIR,NA,0.9090018123,0.8410820891,498.37,1861,8.0773803937
NU,5,1201,POPU,TRE,NA,1.1178542719,0.8214715605,576.63000001,5489,7.8149484686
NU,5,1203,POPU,BAL,NA,0.9665524206,0.8666119625,620.17999999,159,8.3325115545
NU,5,1203,POPU,BAL,BAL,0.9665524206,0.8666119625,620.17999999,159,8.3325115545
NU,5,1211,POPU,BAL,GRA,1.0211549073,0.8416323645,620.17999999,6203,8.6407911605
NU,5,1301,BETU,ALL,NA,1.0607760422,0.8559550234,425.88,3493,9.75489794
NU,5,1303,BETU,PAP,NA,1.308521405,0.8111174583,423.37,10323,6.3863558046
NU,5,1303,BETU,PAP,PAP,1.308521405,0.8111174583,423.37,10323,6.3863558046
NU,5,1401,ACER,SAH,NA,1.2669741552,0.8494980177,509.09,3885,10.968619365
NU,5,1405,ACER,RUB,NA,1.2059298603,0.8360910144,362.28,1905,8.7886047573
NU,5,1550,GENH,SPP,NA,1.5118816767,0.8096994534,496.33000001,1479,12.632492979
NU,15,101,PICE,MAR,NA,0.9614861705,0.8672641964,275.4,77,2.7701057728
NU,15,105,PICE,GLA,NA,0.8508135179,0.8730488604,366.94,1702,7.4692411865
NU,15,107,PICE,MAR,RUB,0.9614861705,0.8672641964,275.4,77,2.7701057728
NU,15,202,PINU,STR,NA,1.0174662558,0.8299513778,835.86000001,1177,11.545288569
NU,15,203,PINU,BAN,NA,0.6693039066,0.9713419108,132.21,11,2.1354402217
NU,15,209,PINU,RES,NA,0.9764529586,0.850569547,506.80000001,171,12.602191357
NU,15,302,ABIE,BAL,NA,1.0440742926,0.8330044973,411.81,9695,7.3228651259
NU,15,401,TSUG,CAN,NA,1.1314926378,0.8358950327,577.77,424,12.528302037
NU,15,602,LARI,LAR,NA,1.1017722463,0.8349387243,263.15999999,288,5.3460740624
NU,15,701,THUJ,OCC,NA,0.9090018123,0.8410820891,498.37,1861,8.0773803937
NU,15,801,JUNI,VIR,NA,0.9090018123,0.8410820891,498.37,1861,8.0773803937
NU,15,1201,POPU,TRE,NA,1.1178542719,0.8214715605,576.63000001,5489,7.8149484686
NU,15,1203,POPU,BAL,NA,0.9665524206,0.8666119625,620.17999999,159,8.3325115545
NU,15,1203,POPU,BAL,BAL,0.9665524206,0.8666119625,620.17999999,159,8.3325115545
NU,15,1211,POPU,BAL,GRA,1.0211549073,0.8416323645,620.17999999,6203,8.6407911605
NU,15,1301,BETU,ALL,NA,1.0607760422,0.8559550234,425.88,3493,9.75489794
NU,15,1303,BETU,PAP,NA,1.308521405,0.8111174583,423.37,10323,6.3863558046
NU,15,1303,BETU,PAP,PAP,1.308521405,0.8111174583,423.37,10323,6.3863558046
NU,15,1401,ACER,SAH,NA,1.2669741552,0.8494980177,509.09,3885,10.968619365
NU,15,1405,ACER,RUB,NA,1.2059298603,0.8360910144,362.28,1905,8.7886047573
NU,15,1550,GENH,SPP,NA,1.5118816767,0.8096994534,496.33000001,1479,12.632492979
ON,5,1301,BETU,ALL,NA,0.9417166489,0.874928887,420.56,3486,9.3251880698
ON,5,1405,ACER,RUB,NA,0.8347713117,0.8988218503,348.11,1886,8.1130736782
ON,6,100,PICE,SPP,NA,0.812165999,0.8718886262,271.415,28,2.4822974898
ON,6,101,PICE,MAR,NA,0.7358867408,0.9245170798,375.34001409,511,3.0058925901
ON,6,103,PICE,ABI,NA,2.2818697084,0.6944342897,367.45,552,15.10536465
ON,6,105,PICE,GLA,NA,0.812165999,0.8718886262,271.415,28,2.4822974898
ON,6,202,PINU,STR,NA,0.5644854785,0.9262971171,788.6449535,34,6.5835396769
ON,6,203,PINU,BAN,NA,0.8288337827,0.8997139694,382.60350906,652,3.5415415968
ON,6,204,PINU,CON,NA,0.8288337827,0.8997139694,382.60350906,652,3.5415415968
ON,6,204,PINU,CON,LAT,0.8288337827,0.8997139694,382.60350906,652,3.5415415968
ON,6,209,PINU,RES,NA,0.4132188845,1.0038000802,695.86808689,38,6.440802187
ON,6,210,PINU,RIG,NA,0.4132188845,1.0038000802,695.86808689,38,6.440802187
ON,6,211,PINU,SYL,NA,0.4132188845,1.0038000802,695.86808689,38,6.440802187
ON,6,300,ABIE,SPP,NA,0.521491848,0.9669001868,226.83175174,38,2.2411122114
ON,6,302,ABIE,BAL,NA,0.521491848,0.9669001868,226.83175174,38,2.2411122114
ON,6,401,TSUG,CAN,NA,0.9973980569,0.8660664878,264.8425,5,9.9982978302
ON,6,602,LARI,LAR,NA,0.5652696639,0.9750324574,195.8975,4,0.0254424718
ON,6,700,THUJ,SPP,NA,0.5389934105,0.9246307138,552.36447261,33,6.7440758181
ON,6,701,THUJ,OCC,NA,0.5389934105,0.9246307138,552.36447261,33,6.7440758181
ON,6,801,JUNI,VIR,NA,0.5389934105,0.9246307138,552.36447261,33,6.7440758181
ON,6,1200,POPU,SPP,NA,0.556431241,0.9548712274,570.77215184,358,2.7526945835
ON,6,1201,POPU,TRE,NA,0.556431241,0.9548712274,570.77215184,358,2.7526945835
ON,6,1203,POPU,BAL,NA,0.4793119364,0.9806441351,422.01409542,18,2.0912627436
ON,6,1203,POPU,BAL,BAL,0.4793119364,0.9806441351,422.01409542,18,2.0912627436
ON,6,1205,POPU,DEL,NA,0.748646903,0.908564038,613.06999999,158,7.5352175024
ON,6,1205,POPU,DEL,DEL,0.748646903,0.908564038,613.06999999,158,7.5352175024
ON,6,1206,POPU,GRA,NA,0.5046943759,0.9762125101,138.725,3,0.2909607486
ON,6,1301,BETU,ALL,NA,0.9417166489,0.874928887,420.56,3486,9.3251880698
ON,6,1303,BETU,PAP,NA,0.7457478417,0.9315965995,293.75830729,97,4.3422487295
ON,6,1303,BETU,PAP,PAP,0.7457478417,0.9315965995,293.75830729,97,4.3422487295
ON,6,1304,BETU,POP,NA,0.7457478417,0.9315965995,293.75830729,97,4.3422487295
ON,6,1400,ACER,SPP,NA,0.9458699251,0.9129278956,291.365,22,8.6476591593
ON,6,1401,ACER,SAH,NA,1.0721541339,0.8993501494,260.5525,13,4.5127121924
ON,6,1404,ACER,NEG,NA,1.0534056907,0.8798041802,509.09,5790,11.017067109
ON,6,1405,ACER,RUB,NA,0.4923308636,1.0206119905,136.855,6,4.9281933296
ON,6,1406,ACER,SAC,NA,0.9746397803,0.8934911735,503.75,3870,10.561835114
ON,6,1601,CARY,COR,NA,1.0962551388,0.8469686185,178.28,10,7.100501366
ON,6,1701,JUGL,CIN,NA,0.9274071076,0.8942718538,480.95,1450,11.594144649
ON,6,1702,JUGL,NIG,NA,0.9274071076,0.8942718538,480.95,1450,11.594144649
ON,6,1900,OSTR,SPP,NA,0.3539450302,1.1140029287,175.38,17,5.0054319084
ON,6,1900,OSTR,VIR,NA,0.3539450302,1.1140029287,175.38,17,5.0054319084
ON,6,1950,CARP,CAR,NA,0.3539450302,1.1140029287,175.38,17,5.0054319084
ON,6,1950,CARP,SPP,NA,0.3539450302,1.1140029287,175.38,17,5.0054319084
ON,6,2000,FAGU,GRA,NA,0.9781705257,0.8885915352,480.95,494,11.474408733
ON,6,2100,QUER,SPP,NA,0.9108291168,0.9175926352,359.71,333,9.8740546425
ON,6,2101,QUER,ALB,NA,0.9108291168,0.9175926352,359.71,333,9.8740546425
ON,6,2102,QUER,BIC,NA,0.9108291168,0.9175926352,359.71,333,9.8740546425
ON,6,2104,QUER,MAC,NA,0.9108291168,0.9175926352,359.71,333,9.8740546425
ON,6,2108,QUER,RUB,NA,0.9108291168,0.9175926352,359.71,333,9.8740546425
ON,6,2200,ULMU,SPP,NA,0.6376304125,0.9571269529,163.47,33,2.4207110952
ON,6,2201,ULMU,AME,NA,0.6376304125,0.9571269529,163.47,33,2.4207110952
ON,6,2600,SASS,ALB,NA,0.4793119364,0.9806441351,422.01409542,18,2.0912627436
ON,6,2700,PLAT,OCC,NA,0.6181412783,0.9339742432,456.79,96,7.5812595163
ON,6,2801,PRUN,SER,NA,0.2775103947,1.1574670937,228.67,24,3.233908427
ON,6,2802,PRUN,PEN,NA,0.8805452727,0.8986369364,113.01999999,134,4.5606542067
ON,6,2804,PRUN,VIR,NA,0.8805452727,0.8986369364,113.01999999,134,4.5606542067
ON,6,2804,PRUN,VIR,VIR,0.8805452727,0.8986369364,113.01999999,134,4.5606542067
ON,6,2900,GLED,TRI,NA,0.6181412783,0.9339742432,456.79,96,7.5812595163
ON,6,2901,ROBI,PSE,NA,0.6181412783,0.9339742432,456.79,96,7.5812595163
ON,6,3000,TILI,AME,NA,0.6181412783,0.9339742432,456.79,96,7.5812595163
ON,6,3400,FRAX,SPP,NA,0.8790589342,0.871806131,375.4,221,5.8982182621
ON,6,3401,FRAX,AME,NA,0.5086337811,1.0032559159,278.85,13,7.927601003
ON,6,3402,FRAX,NIG,NA,0.8790589342,0.871806131,375.4,221,5.8982182621
ON,6,3403,FRAX,PEN,NA,0.8790589342,0.871806131,375.4,221,5.8982182621
ON,6,3405,FRAX,PEN,SUB,0.8790589342,0.871806131,375.4,221,5.8982182621
ON,6,3405,FRAX,PEN,NA,0.8790589342,0.871806131,375.4,221,5.8982182621
ON,6,3500,SALI,SPP,NA,1.0276422825,0.8310928164,119.82,104,4.209497863
ON,6,3501,SALI,NIG,NA,1.0276422825,0.8310928164,119.82,104,4.209497863
ON,6,3960,SORB,SPP,NA,1.1007547896,0.922987419,134.91,11,5.0097909505
ON,6,3980,CAST,DEN,NA,0.9781705257,0.8885915352,480.95,494,11.474408733
ON,6,3990,ASIM,TRI,NA,0.8805452727,0.8986369364,113.01999999,134,4.5606542067
ON,7,1301,BETU,ALL,NA,0.7619291513,0.9397836601,406.69,1170,7.4468493416
ON,7,1405,ACER,RUB,NA,0.7384548369,0.9374796496,596.11,1588,6.8965328161
ON,7,1900,OSTR,SPP,NA,0.3539450302,1.1140029287,175.38,17,5.0054319084
ON,7,1900,OSTR,VIR,NA,0.3539450302,1.1140029287,175.38,17,5.0054319084
ON,7,1950,CARP,CAR,NA,0.3539450302,1.1140029287,175.38,17,5.0054319084
ON,7,1950,CARP,SPP,NA,0.3539450302,1.1140029287,175.38,17,5.0054319084
ON,7,3930,MALU,COR,NA,5.2363825788,0.5479654048,67.8,10,14.31141217
ON,7,3930,MALU,FUS,NA,5.2363825788,0.5479654048,67.8,10,14.31141217
ON,7,3930,MALU,SPP,NA,5.2363825788,0.5479654048,67.8,10,14.31141217
ON,8,100,PICE,SPP,NA,0.812165999,0.8718886262,271.415,28,2.4822974898
ON,8,101,PICE,MAR,NA,0.7358867408,0.9245170798,375.34001409,511,3.0058925901
ON,8,103,PICE,ABI,NA,9.4106227908,0.4714210021,323.59,19,27.540610422
ON,8,105,PICE,GLA,NA,0.812165999,0.8718886262,271.415,28,2.4822974898
ON,8,202,PINU,STR,NA,0.5644854785,0.9262971171,788.6449535,34,6.5835396769
ON,8,203,PINU,BAN,NA,0.8288337827,0.8997139694,382.60350906,652,3.5415415968
ON,8,204,PINU,CON,NA,0.8288337827,0.8997139694,382.60350906,652,3.5415415968
ON,8,204,PINU,CON,LAT,0.8288337827,0.8997139694,382.60350906,652,3.5415415968
ON,8,209,PINU,RES,NA,0.4132188845,1.0038000802,695.86808689,38,6.440802187
ON,8,210,PINU,RIG,NA,0.4132188845,1.0038000802,695.86808689,38,6.440802187
ON,8,211,PINU,SYL,NA,0.4132188845,1.0038000802,695.86808689,38,6.440802187
ON,8,300,ABIE,SPP,NA,0.521491848,0.9669001868,226.83175174,38,2.2411122114
ON,8,302,ABIE,BAL,NA,0.521491848,0.9669001868,226.83175174,38,2.2411122114
ON,8,401,TSUG,CAN,NA,0.9973980569,0.8660664878,264.8425,5,9.9982978302
ON,8,602,LARI,LAR,NA,0.5652696639,0.9750324574,195.8975,4,0.0254424718
ON,8,700,THUJ,SPP,NA,0.5389934105,0.9246307138,552.36447261,33,6.7440758181
ON,8,701,THUJ,OCC,NA,0.5389934105,0.9246307138,552.36447261,33,6.7440758181
ON,8,801,JUNI,VIR,NA,0.5389934105,0.9246307138,552.36447261,33,6.7440758181
ON,8,1200,POPU,SPP,NA,0.556431241,0.9548712274,570.77215184,358,2.7526945835
ON,8,1201,POPU,TRE,NA,0.556431241,0.9548712274,570.77215184,358,2.7526945835
ON,8,1203,POPU,BAL,NA,0.4793119364,0.9806441351,422.01409542,18,2.0912627436
ON,8,1203,POPU,BAL,BAL,0.4793119364,0.9806441351,422.01409542,18,2.0912627436
ON,8,1205,POPU,DEL,NA,0.9790595396,0.8456099909,233.25,9,5.173903748
ON,8,1205,POPU,DEL,DEL,0.9790595396,0.8456099909,233.25,9,5.173903748
ON,8,1206,POPU,GRA,NA,0.7493991197,0.9001013029,375.07000001,76,5.3269623553
ON,8,1301,BETU,ALL,NA,0.7920805721,0.9102130828,278.79,71,5.7898496442
ON,8,1303,BETU,PAP,NA,0.7457478417,0.9315965995,293.75830729,97,4.3422487295
ON,8,1303,BETU,PAP,PAP,0.7457478417,0.9315965995,293.75830729,97,4.3422487295
ON,8,1304,BETU,POP,NA,0.7457478417,0.9315965995,293.75830729,97,4.3422487295
ON,8,1400,ACER,SPP,NA,1.0721541339,0.8993501494,260.5525,13,4.5127121924
ON,8,1401,ACER,SAH,NA,1.0721541339,0.8993501494,260.5525,13,4.5127121924
ON,8,1404,ACER,NEG,NA,1.0534056907,0.8798041802,509.09,5790,11.017067109
ON,8,1405,ACER,RUB,NA,0.602357863,0.9658517256,494.5,1076,5.8411992068
ON,8,1406,ACER,SAC,NA,0.7527453108,0.9130834116,410.46,72,13.391675118
ON,8,1411,ACER,SPI,NA,0.4176334021,1.0546262419,123.37,12,3.9399198869
ON,8,1601,CARY,COR,NA,1.0962551388,0.8469686185,178.28,10,7.100501366
ON,8,1701,JUGL,CIN,NA,0.7597392877,0.9266001086,417.84,281,11.935107869
ON,8,1702,JUGL,NIG,NA,0.7597392877,0.9266001086,417.84,281,11.935107869
ON,8,1900,OSTR,SPP,NA,0.6062080058,0.9897011716,191.56,16,4.5150835575
ON,8,1900,OSTR,VIR,NA,0.6062080058,0.9897011716,191.56,16,4.5150835575
ON,8,1950,CARP,CAR,NA,0.6062080058,0.9897011716,191.56,16,4.5150835575
ON,8,1950,CARP,SPP,NA,0.6062080058,0.9897011716,191.56,16,4.5150835575
ON,8,2000,FAGU,GRA,NA,0.7516369402,0.9424953587,313.9,59,8.7106174549
ON,8,2100,QUER,SPP,NA,1.338422794,0.7845478294,174.27,11,3.6660021461
ON,8,2101,QUER,ALB,NA,1.338422794,0.7845478294,174.27,11,3.6660021461
ON,8,2102,QUER,BIC,NA,0.4722870882,1.042570481,244.25,22,8.4798414052
ON,8,2104,QUER,MAC,NA,0.4722870882,1.042570481,244.25,22,8.4798414052
ON,8,2108,QUER,RUB,NA,0.4722870882,1.042570481,244.25,22,8.4798414052
ON,8,2200,ULMU,SPP,NA,0.6376304125,0.9571269529,163.47,33,2.4207110952
ON,8,2201,ULMU,AME,NA,0.6376304125,0.9571269529,163.47,33,2.4207110952
ON,8,2600,SASS,ALB,NA,0.4793119364,0.9806441351,422.01409542,18,2.0912627436
ON,8,2700,PLAT,OCC,NA,0.4410203868,1.0082142936,417.84,22,4.2634375878
ON,8,2801,PRUN,SER,NA,0.94968532939999994,0.8720289333,307.7,11,3.0346461151
ON,8,2802,PRUN,PEN,NA,0.8135002694,0.8696450997,33.52,6,1.569968549
ON,8,2804,PRUN,VIR,VIR,0.8135002694,0.8696450997,33.52,6,1.569968549
ON,8,2804,PRUN,VIR,NA,0.8135002694,0.8696450997,33.52,6,1.569968549
ON,8,2900,GLED,TRI,NA,0.4410203868,1.0082142936,417.84,22,4.2634375878
ON,8,2901,ROBI,PSE,NA,0.4410203868,1.0082142936,417.84,22,4.2634375878
ON,8,3000,TILI,AME,NA,0.4410203868,1.0082142936,417.84,22,4.2634375878
ON,8,3400,FRAX,SPP,NA,0.6903668047,0.9374388103,198.35,25,6.1016078485
ON,8,3401,FRAX,AME,NA,0.8931270796,0.8874575477,246.21,27,5.4423814624
ON,8,3402,FRAX,NIG,NA,0.6903668047,0.9374388103,198.35,25,6.1016078485
ON,8,3403,FRAX,PEN,NA,0.8931270796,0.8874575477,246.21,27,5.4423814624
ON,8,3405,FRAX,PEN,SUB,0.8931270796,0.8874575477,246.21,27,5.4423814624
ON,8,3405,FRAX,PEN,NA,0.8931270796,0.8874575477,246.21,27,5.4423814624
ON,8,3500,SALI,SPP,NA,9.2261111832,0.5373080699,133.27,4,44.787382184
ON,8,3501,SALI,NIG,NA,9.2261111832,0.5373080699,133.27,4,44.787382184
ON,8,3902,CORY,AME,NA,0.9105064347,0.8644982966,151.39192011,7,4.2774342847
ON,8,3930,MALU,COR,NA,5.2363825788,0.5479654048,67.8,10,14.31141217
ON,8,3930,MALU,FUS,NA,5.2363825788,0.5479654048,67.8,10,14.31141217
ON,8,3930,MALU,SPP,NA,5.2363825788,0.5479654048,67.8,10,14.31141217
ON,8,3960,SORB,SPP,NA,5.2363825788,0.5479654048,67.8,10,14.31141217
ON,8,3980,CAST,DEN,NA,0.7516369402,0.9424953587,313.9,59,8.7106174549
ON,8,3990,ASIM,TRI,NA,0.8135002694,0.8696450997,33.52,6,1.569968549
ON,15,100,PICE,SPP,NA,0.812165999,0.8718886262,271.415,28,2.4822974898
ON,15,101,PICE,MAR,NA,0.7358867408,0.9245170798,375.34001409,511,3.0058925901
ON,15,105,PICE,GLA,NA,0.812165999,0.8718886262,271.415,28,2.4822974898
ON,15,202,PINU,STR,NA,0.5644854785,0.9262971171,788.6449535,34,6.5835396769
ON,15,203,PINU,BAN,NA,0.8288337827,0.8997139694,382.60350906,652,3.5415415968
ON,15,204,PINU,CON,NA,0.8288337827,0.8997139694,382.60350906,652,3.5415415968
ON,15,204,PINU,CON,LAT,0.8288337827,0.8997139694,382.60350906,652,3.5415415968
ON,15,209,PINU,RES,NA,0.4132188845,1.0038000802,695.86808689,38,6.440802187
ON,15,210,PINU,RIG,NA,0.4132188845,1.0038000802,695.86808689,38,6.440802187
ON,15,211,PINU,SYL,NA,0.4132188845,1.0038000802,695.86808689,38,6.440802187
ON,15,300,ABIE,SPP,NA,0.521491848,0.9669001868,226.83175174,38,2.2411122114
ON,15,302,ABIE,BAL,NA,0.521491848,0.9669001868,226.83175174,38,2.2411122114
ON,15,602,LARI,LAR,NA,0.5652696639,0.9750324574,195.8975,4,0.0254424718
ON,15,700,THUJ,SPP,NA,0.5389934105,0.9246307138,552.36447261,33,6.7440758181
ON,15,701,THUJ,OCC,NA,0.5389934105,0.9246307138,552.36447261,33,6.7440758181
ON,15,801,JUNI,VIR,NA,0.5389934105,0.9246307138,552.36447261,33,6.7440758181
ON,15,1200,POPU,SPP,NA,0.556431241,0.9548712274,570.77215184,358,2.7526945835
ON,15,1201,POPU,TRE,NA,0.556431241,0.9548712274,570.77215184,358,2.7526945835
ON,15,1203,POPU,BAL,NA,0.4793119364,0.9806441351,422.01409542,18,2.0912627436
ON,15,1203,POPU,BAL,BAL,0.4793119364,0.9806441351,422.01409542,18,2.0912627436
ON,15,1301,BETU,ALL,NA,0.9417166489,0.874928887,420.56,3486,9.3251880698
ON,15,1303,BETU,PAP,NA,0.7457478417,0.9315965995,293.75830729,97,4.3422487295
ON,15,1303,BETU,PAP,PAP,0.7457478417,0.9315965995,293.75830729,97,4.3422487295
ON,15,1304,BETU,POP,NA,0.7457478417,0.9315965995,293.75830729,97,4.3422487295
ON,15,1400,ACER,SPP,NA,0.9458699251,0.9129278956,291.365,22,8.6476591593
ON,15,1405,ACER,RUB,NA,0.8347713117,0.8988218503,348.11,1886,8.1130736782
ON,15,2600,SASS,ALB,NA,0.4793119364,0.9806441351,422.01409542,18,2.0912627436
ON,15,3402,FRAX,NIG,NA,0.8790589342,0.871806131,375.4,221,5.8982182621
PE,7,100,PICE,SPP,NA,0.5588629124,0.9532556617,353.64611821,279,5.125492051
PE,7,101,PICE,MAR,NA,0.5373432917,0.9669097253,274.48993301,117,3.0392870394
PE,7,102,PICE,RUB,NA,0.4163590391,1.0020243813,239.05054409,44,4.0781763804
PE,7,105,PICE,GLA,NA,0.5588629124,0.9532556617,353.64611821,279,5.125492051
PE,7,202,PINU,STR,NA,0.5851728144,0.9263046085,383.64948652,21,2.9372319017
PE,7,203,PINU,BAN,NA,1.4654610609,0.762603463,219.57000002,19,4.6891399208
PE,7,209,PINU,RES,NA,0.6947176213,0.9021737955,643.47713306,11,3.2020302678
PE,7,211,PINU,SYL,NA,2.1182405719,0.7195413904,195.94207581,2,0.6468120644
PE,7,302,ABIE,BAL,NA,0.4975119645,0.9952268641,324.11976114,298,7.9871510856
PE,7,401,TSUG,CAN,NA,0.4261841657,1.0114013939,351.53201563,6,7.2844931844
PE,7,602,LARI,LAR,NA,1.0023859529,0.8571130032,315.35488155,50,4.2874638554
PE,7,605,LARI,KAE,NA,1.1555110942,0.8210919273,216.89089905,2,0.6704443055
PE,7,701,THUJ,OCC,NA,0.4825915929,0.9487224542,263.22275268,21,5.664630074
PE,7,801,JUNI,VIR,NA,0.4825915929,0.9487224542,263.22275268,21,5.664630074
PE,7,1100,GENC,SPP,NA,0.5588629124,0.9532556617,353.64611821,279,5.125492051
PE,7,1150,UNKN,SPP,NA,0.5588629124,0.9532556617,353.64611821,279,5.125492051
PE,7,1200,POPU,SPP,NA,0.669993386,0.9400510853,472.96713388,4,6.8646252309
PE,7,1201,POPU,TRE,NA,0.779177971,0.9057341123,357.21851036,40,5.2799908671
PE,7,1203,POPU,BAL,NA,0.779177971,0.9057341123,357.21851036,40,5.2799908671
PE,7,1203,POPU,BAL,BAL,0.779177971,0.9057341123,357.21851036,40,5.2799908671
PE,7,1206,POPU,GRA,NA,0.5632075103,0.969117042,377.38403577,10,6.2482207132
PE,7,1301,BETU,ALL,NA,0.4880648415,1.0470591465,235.83613383,17,5.2025971673
PE,7,1303,BETU,PAP,NA,0.7150036535,0.9593159191,294.65463549,43,7.381694197
PE,7,1303,BETU,PAP,PAP,0.7150036535,0.9593159191,294.65463549,43,7.381694197
PE,7,1304,BETU,POP,NA,0.2456002024,1.1584737286,128.31232809,4,1.3078745651
PE,7,1400,ACER,SPP,NA,0.4810593559,1.0334466695,273.63367943,234,7.6339150708
PE,7,1401,ACER,SAH,NA,0.4921766786,1.0525066257,279.04801113,49,8.6757875034
PE,7,1405,ACER,RUB,NA,0.4810593559,1.0334466695,273.63367943,234,7.6339150708
PE,7,1410,ACER,PEN,NA,0.6137307582,0.9842380737,138.78,12,5.8837325782
PE,7,1411,ACER,SPI,NA,0.59278733,0.9697706157,164.87569343,12,4.5591774401
PE,7,1550,GENH,SPP,NA,0.5805233449,0.9524641321,206.94382483,50,5.0157797865
PE,7,1800,ALNU,SPP,NA,2.0543646468,0.7988471963,25.3,5,1.1914748023
PE,7,1803,ALNU,VIR,CRI,2.0543646468,0.7988471963,25.3,5,1.1914748023
PE,7,1805,ALNU,INC,RUG,2.0543646468,0.7988471963,25.3,5,1.1914748023
PE,7,1805,ALNU,INC,NA,2.0543646468,0.7988471963,25.3,5,1.1914748023
PE,7,1900,OSTR,SPP,NA,1.055574683,0.9153209176,187.47999998,17,6.1012561211
PE,7,1900,OSTR,VIR,NA,1.055574683,0.9153209176,187.47999998,17,6.1012561211
PE,7,1950,CARP,CAR,NA,1.055574683,0.9153209176,187.47999998,17,6.1012561211
PE,7,1950,CARP,SPP,NA,1.055574683,0.9153209176,187.47999998,17,6.1012561211
PE,7,2000,FAGU,GRA,NA,0.5583576593,1.0309249602,231.09589207,17,3.3039353036
PE,7,2108,QUER,RUB,NA,0.6973630895,0.9710020756,184.17149688,2,0.4364737987
PE,7,2200,ULMU,SPP,NA,0.7970288764,0.9365121025,310.61805801,5,1.9842573101
PE,7,2201,ULMU,AME,NA,0.7970288764,0.9365121025,310.61805801,5,1.9842573101
PE,7,2802,PRUN,PEN,NA,0.785673265,0.9508250795,102.72643787,9,2.5039090216
PE,7,3401,FRAX,AME,NA,1.0225262507,0.8924488212,220.93574243,9,7.2598096265
PE,7,3900,CORY,COR,NA,0.9105064347,0.8644982966,151.39192011,7,4.2774342847
PE,7,3920,ILEX,VER,NA,0.6263892358,0.9318626654,107.85217059,4,2.6548154407
PE,7,3930,MALU,COR,NA,12.407734217,0.3916222016,67.8,12,25.919035318
PE,7,3930,MALU,FUS,NA,12.407734217,0.3916222016,67.8,12,25.919035318
PE,7,3930,MALU,SPP,NA,12.407734217,0.3916222016,67.8,12,25.919035318
PE,7,3940,NEMO,MUC,NA,0.645737703,0.9281863947,116.94947166,7,4.8447606265
PE,7,3960,SORB,SPP,NA,12.407734217,0.3916222016,67.8,12,25.919035318
QC,1,100,PICE,SPP,NA,0.8934156015,0.8462471432,147.47,60,1.7182425607
QC,1,101,PICE,MAR,NA,0.8934156015,0.8462471432,147.47,60,1.7182425607
QC,1,105,PICE,GLA,NA,0.8508135179,0.8730488604,366.94,1702,7.4692411865
QC,1,107,PICE,MAR,RUB,0.8934156015,0.8462471432,147.47,60,1.7182425607
QC,1,302,ABIE,BAL,NA,1.0440742926,0.8330044973,411.81,9695,7.3228651259
QC,1,304,ABIE,LAS,NA,1.0440742926,0.8330044973,411.81,9695,7.3228651259
QC,1,602,LARI,LAR,NA,1.1017722463,0.8349387243,263.15999999,288,5.3460740624
QC,1,605,LARI,KAE,NA,1.1017722463,0.8349387243,263.15999999,288,5.3460740624
QC,1,1100,GENC,SPP,NA,0.8508135179,0.8730488604,366.94,1702,7.4692411865
QC,1,1150,UNKN,SPP,NA,0.8508135179,0.8730488604,366.94,1702,7.4692411865
QC,1,1200,POPU,SPP,NA,1.1178542719,0.8214715605,576.63000001,5489,7.8149484686
QC,1,1201,POPU,TRE,NA,1.1178542719,0.8214715605,576.63000001,5489,7.8149484686
QC,1,1203,POPU,BAL,NA,0.9665524206,0.8666119625,620.17999999,159,8.3325115545
QC,1,1203,POPU,BAL,BAL,0.9665524206,0.8666119625,620.17999999,159,8.3325115545
QC,1,1303,BETU,PAP,PAP,1.308521405,0.8111174583,423.37,10323,6.3863558046
QC,1,1303,BETU,PAP,NA,1.308521405,0.8111174583,423.37,10323,6.3863558046
QC,2,100,PICE,SPP,NA,0.8934156015,0.8462471432,147.47,60,1.7182425607
QC,2,101,PICE,MAR,NA,0.8934156015,0.8462471432,147.47,60,1.7182425607
QC,2,105,PICE,GLA,NA,0.8508135179,0.8730488604,366.94,1702,7.4692411865
QC,2,107,PICE,MAR,RUB,0.8934156015,0.8462471432,147.47,60,1.7182425607
QC,2,302,ABIE,BAL,NA,1.0440742926,0.8330044973,411.81,9695,7.3228651259
QC,2,304,ABIE,LAS,NA,1.0440742926,0.8330044973,411.81,9695,7.3228651259
QC,2,602,LARI,LAR,NA,1.1017722463,0.8349387243,263.15999999,288,5.3460740624
QC,2,605,LARI,KAE,NA,1.1017722463,0.8349387243,263.15999999,288,5.3460740624
QC,2,1100,GENC,SPP,NA,0.8508135179,0.8730488604,366.94,1702,7.4692411865
QC,2,1150,UNKN,SPP,NA,0.8508135179,0.8730488604,366.94,1702,7.4692411865
QC,2,1200,POPU,SPP,NA,1.1178542719,0.8214715605,576.63000001,5489,7.8149484686
QC,2,1201,POPU,TRE,NA,1.1178542719,0.8214715605,576.63000001,5489,7.8149484686
QC,2,1203,POPU,BAL,NA,0.9665524206,0.8666119625,620.17999999,159,8.3325115545
QC,2,1203,POPU,BAL,BAL,0.9665524206,0.8666119625,620.17999999,159,8.3325115545
QC,2,1303,BETU,PAP,NA,1.308521405,0.8111174583,423.37,10323,6.3863558046
QC,2,1303,BETU,PAP,PAP,1.308521405,0.8111174583,423.37,10323,6.3863558046
QC,3,100,PICE,SPP,NA,0.8934156015,0.8462471432,147.47,60,1.7182425607
QC,3,101,PICE,MAR,NA,0.8934156015,0.8462471432,147.47,60,1.7182425607
QC,3,105,PICE,GLA,NA,0.8508135179,0.8730488604,366.94,1702,7.4692411865
QC,3,107,PICE,MAR,RUB,0.8934156015,0.8462471432,147.47,60,1.7182425607
QC,3,302,ABIE,BAL,NA,1.0440742926,0.8330044973,411.81,9695,7.3228651259
QC,3,304,ABIE,LAS,NA,1.0440742926,0.8330044973,411.81,9695,7.3228651259
QC,3,602,LARI,LAR,NA,1.1017722463,0.8349387243,263.15999999,288,5.3460740624
QC,3,605,LARI,KAE,NA,1.1017722463,0.8349387243,263.15999999,288,5.3460740624
QC,3,1100,GENC,SPP,NA,0.8508135179,0.8730488604,366.94,1702,7.4692411865
QC,3,1150,UNKN,SPP,NA,0.8508135179,0.8730488604,366.94,1702,7.4692411865
QC,3,1200,POPU,SPP,NA,1.1178542719,0.8214715605,576.63000001,5489,7.8149484686
QC,3,1201,POPU,TRE,NA,1.1178542719,0.8214715605,576.63000001,5489,7.8149484686
QC,3,1203,POPU,BAL,NA,0.9665524206,0.8666119625,620.17999999,159,8.3325115545
QC,3,1203,POPU,BAL,BAL,0.9665524206,0.8666119625,620.17999999,159,8.3325115545
QC,3,1303,BETU,PAP,NA,1.308521405,0.8111174583,423.37,10323,6.3863558046
QC,3,1303,BETU,PAP,PAP,1.308521405,0.8111174583,423.37,10323,6.3863558046
QC,3,1805,ALNU,INC,RUG,2.0543646468,0.7988471963,25.3,5,1.1914748023
QC,3,1805,ALNU,INC,NA,2.0543646468,0.7988471963,25.3,5,1.1914748023
QC,5,100,PICE,SPP,NA,0.8934156015,0.8462471432,147.47,60,1.7182425607
QC,5,101,PICE,MAR,NA,0.8934156015,0.8462471432,147.47,60,1.7182425607
QC,5,105,PICE,GLA,NA,0.8508135179,0.8730488604,366.94,1702,7.4692411865
QC,5,107,PICE,MAR,RUB,0.8934156015,0.8462471432,147.47,60,1.7182425607
QC,5,200,PINU,SPP,NA,1.4816296067,0.768228844,395.44999999,3708,5.5864130648
QC,5,202,PINU,STR,NA,1.0174662558,0.8299513778,835.86000001,1177,11.545288569
QC,5,203,PINU,BAN,NA,1.4816296067,0.768228844,395.44999999,3708,5.5864130648
QC,5,209,PINU,RES,NA,0.9764529586,0.850569547,506.80000001,171,12.602191357
QC,5,302,ABIE,BAL,NA,1.0440742926,0.8330044973,411.81,9695,7.3228651259
QC,5,304,ABIE,LAS,NA,1.0440742926,0.8330044973,411.81,9695,7.3228651259
QC,5,401,TSUG,CAN,NA,1.1314926378,0.8358950327,577.77,424,12.528302037
QC,5,602,LARI,LAR,NA,1.1017722463,0.8349387243,263.15999999,288,5.3460740624
QC,5,605,LARI,KAE,NA,1.1017722463,0.8349387243,263.15999999,288,5.3460740624
QC,5,701,THUJ,OCC,NA,0.9090018123,0.8410820891,498.37,1861,8.0773803937
QC,5,801,JUNI,VIR,NA,0.9090018123,0.8410820891,498.37,1861,8.0773803937
QC,5,1100,GENC,SPP,NA,0.8508135179,0.8730488604,366.94,1702,7.4692411865
QC,5,1150,UNKN,SPP,NA,0.8508135179,0.8730488604,366.94,1702,7.4692411865
QC,5,1200,POPU,SPP,NA,1.1178542719,0.8214715605,576.63000001,5489,7.8149484686
QC,5,1201,POPU,TRE,NA,1.1178542719,0.8214715605,576.63000001,5489,7.8149484686
QC,5,1203,POPU,BAL,NA,0.9665524206,0.8666119625,620.17999999,159,8.3325115545
QC,5,1203,POPU,BAL,BAL,0.9665524206,0.8666119625,620.17999999,159,8.3325115545
QC,5,1211,POPU,BAL,GRA,1.0211549073,0.8416323645,620.17999999,6203,8.6407911605
QC,5,1301,BETU,ALL,NA,1.0607760422,0.8559550234,425.88,3493,9.75489794
QC,5,1303,BETU,PAP,PAP,1.308521405,0.8111174583,423.37,10323,6.3863558046
QC,5,1303,BETU,PAP,NA,1.308521405,0.8111174583,423.37,10323,6.3863558046
QC,5,1400,ACER,SPP,NA,1.2669741552,0.8494980177,509.09,3885,10.968619365
QC,5,1401,ACER,SAH,NA,1.2669741552,0.8494980177,509.09,3885,10.968619365
QC,5,1405,ACER,RUB,NA,1.2059298603,0.8360910144,362.28,1905,8.7886047573
QC,5,1550,GENH,SPP,NA,1.5118816767,0.8096994534,496.33000001,1479,12.632492979
QC,6,100,PICE,SPP,NA,1.2603615898,0.8010731542,444.77999999,19065,5.2359325497
QC,6,101,PICE,MAR,NA,1.2603615898,0.8010731542,444.77999999,19065,5.2359325497
QC,6,102,PICE,RUB,NA,2.6222428007,0.6720853649,368.61,552,15.26915541
QC,6,103,PICE,ABI,NA,2.6222428007,0.6720853649,368.61,552,15.26915541
QC,6,105,PICE,GLA,NA,0.8508135179,0.8730488604,366.94,1702,7.4692411865
QC,6,107,PICE,MAR,RUB,2.6222428007,0.6720853649,368.61,552,15.26915541
QC,6,200,PINU,SPP,NA,1.4816296067,0.768228844,395.44999999,3708,5.5864130648
QC,6,202,PINU,STR,NA,1.0174662558,0.8299513778,835.86000001,1177,11.545288569
QC,6,203,PINU,BAN,NA,1.4816296067,0.768228844,395.44999999,3708,5.5864130648
QC,6,209,PINU,RES,NA,0.9764529586,0.850569547,506.80000001,171,12.602191357
QC,6,211,PINU,SYL,NA,0.9764529586,0.850569547,506.80000001,171,12.602191357
QC,6,302,ABIE,BAL,NA,1.0440742926,0.8330044973,411.81,9695,7.3228651259
QC,6,304,ABIE,LAS,NA,1.0440742926,0.8330044973,411.81,9695,7.3228651259
QC,6,401,TSUG,CAN,NA,1.1314926378,0.8358950327,577.77,424,12.528302037
QC,6,602,LARI,LAR,NA,1.1017722463,0.8349387243,263.15999999,288,5.3460740624
QC,6,605,LARI,KAE,NA,1.1017722463,0.8349387243,263.15999999,288,5.3460740624
QC,6,701,THUJ,OCC,NA,0.9090018123,0.8410820891,498.37,1861,8.0773803937
QC,6,801,JUNI,VIR,NA,0.9090018123,0.8410820891,498.37,1861,8.0773803937
QC,6,1100,GENC,SPP,NA,0.8508135179,0.8730488604,366.94,1702,7.4692411865
QC,6,1150,UNKN,SPP,NA,0.8508135179,0.8730488604,366.94,1702,7.4692411865
QC,6,1200,POPU,SPP,NA,1.1178542719,0.8214715605,576.63000001,5489,7.8149484686
QC,6,1201,POPU,TRE,NA,1.1178542719,0.8214715605,576.63000001,5489,7.8149484686
QC,6,1203,POPU,BAL,NA,0.9665524206,0.8666119625,620.17999999,159,8.3325115545
QC,6,1203,POPU,BAL,BAL,0.9665524206,0.8666119625,620.17999999,159,8.3325115545
QC,6,1205,POPU,DEL,NA,0.9665524206,0.8666119625,620.17999999,159,8.3325115545
QC,6,1205,POPU,DEL,DEL,0.9665524206,0.8666119625,620.17999999,159,8.3325115545
QC,6,1206,POPU,GRA,NA,0.952393397,0.8672919835,558.18,554,11.628969923
QC,6,1211,POPU,BAL,GRA,1.0211549073,0.8416323645,620.17999999,6203,8.6407911605
QC,6,1301,BETU,ALL,NA,1.0607760422,0.8559550234,425.88,3493,9.75489794
QC,6,1303,BETU,PAP,NA,1.308521405,0.8111174583,423.37,10323,6.3863558046
QC,6,1303,BETU,PAP,PAP,1.308521405,0.8111174583,423.37,10323,6.3863558046
QC,6,1304,BETU,POP,NA,1.2159259326,0.8719166891,83.619999992,9,4.2743894161
QC,6,1400,ACER,SPP,NA,1.2669741552,0.8494980177,509.09,3885,10.968619365
QC,6,1401,ACER,SAH,NA,1.2669741552,0.8494980177,509.09,3885,10.968619365
QC,6,1405,ACER,RUB,NA,1.2059298603,0.8360910144,362.28,1905,8.7886047573
QC,6,1406,ACER,SAC,NA,1.2669741552,0.8494980177,509.09,3885,10.968619365
QC,6,1410,ACER,PEN,NA,0.6137307582,0.9842380737,138.78,12,5.8837325782
QC,6,1411,ACER,SPI,NA,0.6137307582,0.9842380737,138.78,12,5.8837325782
QC,6,1550,GENH,SPP,NA,1.5118816767,0.8096994534,496.33000001,1479,12.632492979
QC,6,1601,CARY,COR,NA,2.4289767385,0.7110353645,205.77,10,6.3434785536
QC,6,1701,JUGL,CIN,NA,1.5118816767,0.8096994534,496.33000001,1479,12.632492979
QC,6,1702,JUGL,NIG,NA,1.5118816767,0.8096994534,496.33000001,1479,12.632492979
QC,6,1800,ALNU,SPP,NA,2.0543646468,0.7988471963,25.3,5,1.1914748023
QC,6,1803,ALNU,VIR,CRI,2.0543646468,0.7988471963,25.3,5,1.1914748023
QC,6,1805,ALNU,INC,RUG,2.0543646468,0.7988471963,25.3,5,1.1914748023
QC,6,1805,ALNU,INC,NA,2.0543646468,0.7988471963,25.3,5,1.1914748023
QC,6,1900,OSTR,SPP,NA,1.055574683,0.9153209176,187.47999998,17,6.1012561211
QC,6,1900,OSTR,VIR,NA,1.055574683,0.9153209176,187.47999998,17,6.1012561211
QC,6,1950,CARP,CAR,NA,1.055574683,0.9153209176,187.47999998,17,6.1012561211
QC,6,1950,CARP,SPP,NA,1.055574683,0.9153209176,187.47999998,17,6.1012561211
QC,6,2000,FAGU,GRA,NA,1.2408173027,0.849435061,496.33000001,500,11.833858782
QC,6,2101,QUER,ALB,NA,1.1567696134,0.8790258976,377.2,333,10.399218284
QC,6,2102,QUER,BIC,NA,1.1567696134,0.8790258976,377.2,333,10.399218284
QC,6,2104,QUER,MAC,NA,1.1567696134,0.8790258976,377.2,333,10.399218284
QC,6,2108,QUER,RUB,NA,1.1567696134,0.8790258976,377.2,333,10.399218284
QC,6,2200,ULMU,SPP,NA,1.4367501357,0.8088631882,168.27,36,4.4524357157
QC,6,2201,ULMU,AME,NA,1.4367501357,0.8088631882,168.27,36,4.4524357157
QC,6,2202,ULMU,RUB,NA,1.4367501357,0.8088631882,168.27,36,4.4524357157
QC,6,2203,ULMU,THO,NA,1.4367501357,0.8088631882,168.27,36,4.4524357157
QC,6,2801,PRUN,SER,NA,0.5790755944,1.020957709,240.92,23,5.6169284931
QC,6,2802,PRUN,PEN,NA,3.9791888539,0.6195888799,117.78,145,7.4748453197
QC,6,2804,PRUN,VIR,NA,3.9791888539,0.6195888799,117.78,145,7.4748453197
QC,6,2804,PRUN,VIR,VIR,3.9791888539,0.6195888799,117.78,145,7.4748453197
QC,6,3000,TILI,AME,NA,0.8042334875,0.8936597062,463.34,97,8.0214083967
QC,6,3400,FRAX,SPP,NA,1.2359261375,0.8164199508,384.37,222,6.5986271592
QC,6,3401,FRAX,AME,NA,0.8824457887,0.9085517805,296.21,13,9.2674725493
QC,6,3402,FRAX,NIG,NA,1.2359261375,0.8164199508,384.37,222,6.5986271592
QC,6,3403,FRAX,PEN,NA,1.2359261375,0.8164199508,384.37,222,6.5986271592
QC,6,3500,SALI,SPP,NA,2.9099567653,0.6488529937,121.39,111,5.7221503528
QC,6,3506,SALI,BEB,NA,2.9099567653,0.6488529937,121.39,111,5.7221503528
QC,6,3910,CRAT,SPP,NA,3.5073961826,0.6987328611,139.09,12,8.0813052304
QC,6,3930,MALU,COR,NA,3.5073961826,0.6987328611,139.09,12,8.0813052304
QC,6,3930,MALU,FUS,NA,3.5073961826,0.6987328611,139.09,12,8.0813052304
QC,6,3930,MALU,SPP,NA,3.5073961826,0.6987328611,139.09,12,8.0813052304
QC,6,3960,SORB,SPP,NA,3.5073961826,0.6987328611,139.09,12,8.0813052304
QC,6,3961,SORB,AME,NA,3.5073961826,0.6987328611,139.09,12,8.0813052304
QC,6,3962,SORB,DEC,NA,3.5073961826,0.6987328611,139.09,12,8.0813052304
QC,7,100,PICE,SPP,NA,0.900368877,0.8549135636,325.31000001,1375,4.4680217991
QC,7,101,PICE,MAR,NA,0.900368877,0.8549135636,325.31000001,1375,4.4680217991
QC,7,102,PICE,RUB,NA,1.0205154067,0.8445481469,501.73,646,5.9195743009
QC,7,103,PICE,ABI,NA,9.6031958698,0.4689149033,328.7,21,26.725518282
QC,7,105,PICE,GLA,NA,0.912452853,0.850044576,390.93999999,1098,6.8394394286
QC,7,107,PICE,MAR,RUB,1.0205154067,0.8445481469,501.73,646,5.9195743009
QC,7,200,PINU,SPP,NA,1.4654610609,0.762603463,219.57000002,19,4.6891399208
QC,7,202,PINU,STR,NA,0.825631104,0.8755089854,454.22,39,9.0268479932
QC,7,203,PINU,BAN,NA,1.4654610609,0.762603463,219.57000002,19,4.6891399208
QC,7,209,PINU,RES,NA,0.8628664138,0.8725887508,294.12,28,5.4836881399
QC,7,211,PINU,SYL,NA,2.1419606652,0.7192154218,330.47999999,6,3.6582363899
QC,7,302,ABIE,BAL,NA,1.0601529186,0.8284582937,395.45,6055,7.4420929496
QC,7,304,ABIE,LAS,NA,1.0601529186,0.8284582937,395.45,6055,7.4420929496
QC,7,401,TSUG,CAN,NA,1.2132143356,0.8321404706,421.96,106,10.882634612
QC,7,602,LARI,LAR,NA,0.9898109673,0.8493611949,328.31000001,106,5.8079965436
QC,7,605,LARI,KAE,NA,0.9898109673,0.8493611949,328.31000001,106,5.8079965436
QC,7,701,THUJ,OCC,NA,0.8935993478,0.8320293852,543.3,1753,8.9650368355
QC,7,801,JUNI,VIR,NA,0.8935993478,0.8320293852,543.3,1753,8.9650368355
QC,7,1100,GENC,SPP,NA,0.912452853,0.850044576,390.93999999,1098,6.8394394286
QC,7,1150,UNKN,SPP,NA,0.912452853,0.850044576,390.93999999,1098,6.8394394286
QC,7,1200,POPU,SPP,NA,1.0623183814,0.8227628598,552.84,1888,6.4452100342
QC,7,1201,POPU,TRE,NA,1.0623183814,0.8227628598,552.84,1888,6.4452100342
QC,7,1203,POPU,BAL,NA,0.8115418836,0.873657185,476.36000001,253,6.8618633337
QC,7,1203,POPU,BAL,BAL,0.8115418836,0.873657185,476.36000001,253,6.8618633337
QC,7,1205,POPU,DEL,NA,0.8115418836,0.873657185,476.36000001,253,6.8618633337
QC,7,1205,POPU,DEL,DEL,0.8115418836,0.873657185,476.36000001,253,6.8618633337
QC,7,1206,POPU,GRA,NA,1.1136286505,0.8425350148,510.49,46,8.7823977923
QC,7,1211,POPU,BAL,GRA,1.0003267717,0.8352927162,552.84,2187,6.8246209294
QC,7,1301,BETU,ALL,NA,0.9076157178,0.9090343774,416.76,1178,7.908708197
QC,7,1303,BETU,PAP,NA,1.5493679698,0.7865067774,331.4,1767,8.1435783806
QC,7,1303,BETU,PAP,PAP,1.5493679698,0.7865067774,331.4,1767,8.1435783806
QC,7,1304,BETU,POP,NA,1.4773094154,0.7847225314,134.39,36,3.2124788888
QC,7,1400,ACER,SPP,NA,0.8064914942,0.9607337047,553.62,2280,12.422267034
QC,7,1401,ACER,SAH,NA,0.8064914942,0.9607337047,553.62,2280,12.422267034
QC,7,1405,ACER,RUB,NA,1.0548748873,0.8741246917,637.21,1617,7.5075833338
QC,7,1406,ACER,SAC,NA,0.8064914942,0.9607337047,553.62,2280,12.422267034
QC,7,1410,ACER,PEN,NA,0.6137307582,0.9842380737,138.78,12,5.8837325782
QC,7,1411,ACER,SPI,NA,0.6137307582,0.9842380737,138.78,12,5.8837325782
QC,7,1550,GENH,SPP,NA,1.1812975461,0.8750271298,386.17,441,11.529444367
QC,7,1701,JUGL,CIN,NA,1.1812975461,0.8750271298,386.17,441,11.529444367
QC,7,1702,JUGL,NIG,NA,1.1812975461,0.8750271298,386.17,441,11.529444367
QC,7,1800,ALNU,SPP,NA,2.0543646468,0.7988471963,25.3,5,1.1914748023
QC,7,1803,ALNU,VIR,CRI,2.0543646468,0.7988471963,25.3,5,1.1914748023
QC,7,1805,ALNU,INC,NA,2.0543646468,0.7988471963,25.3,5,1.1914748023
QC,7,1805,ALNU,INC,RUG,2.0543646468,0.7988471963,25.3,5,1.1914748023
QC,7,1900,OSTR,SPP,NA,1.055574683,0.9153209176,187.47999998,17,6.1012561211
QC,7,1900,OSTR,VIR,NA,1.055574683,0.9153209176,187.47999998,17,6.1012561211
QC,7,1950,CARP,CAR,NA,1.055574683,0.9153209176,187.47999998,17,6.1012561211
QC,7,1950,CARP,SPP,NA,1.055574683,0.9153209176,187.47999998,17,6.1012561211
QC,7,2000,FAGU,GRA,NA,0.8354244223,0.9478074484,283.95,172,8.0206561891
QC,7,2108,QUER,RUB,NA,1.1567696134,0.8790258976,377.2,333,10.399218284
QC,7,2200,ULMU,SPP,NA,1.4367501357,0.8088631882,168.27,36,4.4524357157
QC,7,2201,ULMU,AME,NA,1.4367501357,0.8088631882,168.27,36,4.4524357157
QC,7,2202,ULMU,RUB,NA,1.4367501357,0.8088631882,168.27,36,4.4524357157
QC,7,2203,ULMU,THO,NA,1.4367501357,0.8088631882,168.27,36,4.4524357157
QC,7,2801,PRUN,SER,NA,0.7840873237,0.9462088883,197.91,24,5.7281936363
QC,7,2802,PRUN,PEN,NA,2.6111397839,0.7367414626,119.20999999,103,6.378196233
QC,7,2804,PRUN,VIR,VIR,2.6111397839,0.7367414626,119.20999999,103,6.378196233
QC,7,2804,PRUN,VIR,NA,2.6111397839,0.7367414626,119.20999999,103,6.378196233
QC,7,3000,TILI,AME,NA,0.8042334875,0.8936597062,463.34,97,8.0214083967
QC,7,3400,FRAX,SPP,NA,1.0007565791,0.8807206124,189.2,55,7.0348995904
QC,7,3401,FRAX,AME,NA,0.4348984565,1.0503080409,386.17,48,15.557192382
QC,7,3402,FRAX,NIG,NA,1.0007565791,0.8807206124,189.2,55,7.0348995904
QC,7,3403,FRAX,PEN,NA,1.0007565791,0.8807206124,189.2,55,7.0348995904
QC,7,3500,SALI,SPP,NA,2.5808107211,0.6333362899,56.87,28,4.6371484684
QC,7,3506,SALI,BEB,NA,2.5808107211,0.6333362899,56.87,28,4.6371484684
QC,7,3910,CRAT,SPP,NA,12.407734217,0.3916222016,67.8,12,25.919035318
QC,7,3930,MALU,COR,NA,12.407734217,0.3916222016,67.8,12,25.919035318
QC,7,3930,MALU,FUS,NA,12.407734217,0.3916222016,67.8,12,25.919035318
QC,7,3930,MALU,SPP,NA,12.407734217,0.3916222016,67.8,12,25.919035318
QC,7,3960,SORB,SPP,NA,12.407734217,0.3916222016,67.8,12,25.919035318
QC,7,3961,SORB,AME,NA,12.407734217,0.3916222016,67.8,12,25.919035318
QC,7,3962,SORB,DEC,NA,12.407734217,0.3916222016,67.8,12,25.919035318
QC,8,100,PICE,SPP,NA,1.0613481287,0.8440568881,191.26000001,75,3.603598277
QC,8,101,PICE,MAR,NA,1.0613481287,0.8440568881,191.26000001,75,3.603598277
QC,8,102,PICE,RUB,NA,0.859351205,0.8863758828,342.15,88,4.5598704215
QC,8,103,PICE,ABI,NA,9.6031958698,0.4689149033,328.7,21,26.725518282
QC,8,105,PICE,GLA,NA,1.0790826562,0.8307383762,283.14,48,5.7691824716
QC,8,107,PICE,MAR,RUB,0.859351205,0.8863758828,342.15,88,4.5598704215
QC,8,200,PINU,SPP,NA,2.0557141458,0.7108765788,201.16999999,11,5.6147478529
QC,8,202,PINU,STR,NA,0.9223118184,0.8551493125,544.47000001,140,9.4037151199
QC,8,203,PINU,BAN,NA,2.0557141458,0.7108765788,201.16999999,11,5.6147478529
QC,8,209,PINU,RES,NA,2.1419606652,0.7192154218,330.47999999,6,3.6582363899
QC,8,211,PINU,SYL,NA,2.1419606652,0.7192154218,330.47999999,6,3.6582363899
QC,8,302,ABIE,BAL,NA,0.9055175755,0.8696164805,301.24,507,4.9095880471
QC,8,304,ABIE,LAS,NA,0.9055175755,0.8696164805,301.24,507,4.9095880471
QC,8,401,TSUG,CAN,NA,1.0757925287,0.8414558712,460.5,200,7.3137819706
QC,8,602,LARI,LAR,NA,0.9964940847,0.8726895393,263.75999999,71,6.0695883976
QC,8,605,LARI,KAE,NA,0.9964940847,0.8726895393,263.75999999,71,6.0695883976
QC,8,701,THUJ,OCC,NA,1.0707789532,0.8175863433,376.37,214,7.5528135339
QC,8,801,JUNI,VIR,NA,1.0707789532,0.8175863433,376.37,214,7.5528135339
QC,8,1100,GENC,SPP,NA,1.0790826562,0.8307383762,283.14,48,5.7691824716
QC,8,1150,UNKN,SPP,NA,1.0790826562,0.8307383762,283.14,48,5.7691824716
QC,8,1200,POPU,SPP,NA,1.0706469554,0.8353365762,386.76,266,4.6571588321
QC,8,1201,POPU,TRE,NA,1.0706469554,0.8353365762,386.76,266,4.6571588321
QC,8,1203,POPU,BAL,NA,0.6071465205,0.9536853457,327.87000001,29,4.2595168839
QC,8,1203,POPU,BAL,BAL,0.6071465205,0.9536853457,327.87000001,29,4.2595168839
QC,8,1205,POPU,DEL,NA,1.7565370704,0.739630845,238.21,10,8.2899943704
QC,8,1205,POPU,DEL,DEL,1.7565370704,0.739630845,238.21,10,8.2899943704
QC,8,1206,POPU,GRA,NA,1.2195893161,0.8199494819,390.17000001,77,6.5460205065
QC,8,1211,POPU,BAL,GRA,1.0140504631,0.8497381344,390.17000001,381,5.4561019252
QC,8,1301,BETU,ALL,NA,1.0359139528,0.8668126434,288.85999999,72,7.1059175004
QC,8,1303,BETU,PAP,NA,1.5121861193,0.791524698,308.29,45,7.2898447342
QC,8,1303,BETU,PAP,PAP,1.5121861193,0.791524698,308.29,45,7.2898447342
QC,8,1304,BETU,POP,NA,1.3676879617,0.8221573342,119.46000001,97,3.0078068137
QC,8,1400,ACER,SPP,NA,1.1065767525,0.8819618848,524.08,441,11.375231432
QC,8,1401,ACER,SAH,NA,1.1065767525,0.8819618848,524.08,441,11.375231432
QC,8,1404,ACER,NEG,NA,0.6137307582,0.9842380737,138.78,12,5.8837325782
QC,8,1405,ACER,RUB,NA,1.0548310777,0.8685185356,498.48,1101,6.7432405095
QC,8,1406,ACER,SAC,NA,1.1457826708,0.8433642951,427.15,74,13.641712472
QC,8,1410,ACER,PEN,NA,0.6137307582,0.9842380737,138.78,12,5.8837325782
QC,8,1411,ACER,SPI,NA,0.6137307582,0.9842380737,138.78,12,5.8837325782
QC,8,1550,GENH,SPP,NA,1.3834136931,0.8226516781,425.24,290,12.841430973
QC,8,1601,CARY,COR,NA,2.4289767385,0.7110353645,205.77,10,6.3434785536
QC,8,1701,JUGL,CIN,NA,1.3834136931,0.8226516781,425.24,290,12.841430973
QC,8,1702,JUGL,NIG,NA,1.3834136931,0.8226516781,425.24,290,12.841430973
QC,8,1800,ALNU,SPP,NA,2.0543646468,0.7988471963,25.3,5,1.1914748023
QC,8,1803,ALNU,VIR,CRI,2.0543646468,0.7988471963,25.3,5,1.1914748023
QC,8,1805,ALNU,INC,RUG,2.0543646468,0.7988471963,25.3,5,1.1914748023
QC,8,1805,ALNU,INC,NA,2.0543646468,0.7988471963,25.3,5,1.1914748023
QC,8,1900,OSTR,SPP,NA,1.5335781573,0.8315206848,245.93999999,17,4.2883818526
QC,8,1900,OSTR,VIR,NA,1.5335781573,0.8315206848,245.93999999,17,4.2883818526
QC,8,1950,CARP,CAR,NA,1.5335781573,0.8315206848,245.93999999,17,4.2883818526
QC,8,1950,CARP,SPP,NA,1.5335781573,0.8315206848,245.93999999,17,4.2883818526
QC,8,2000,FAGU,GRA,NA,1.0844474801,0.8803240283,322.25,58,9.7033480657
QC,8,2101,QUER,ALB,NA,2.1427310013,0.6989988545,174.27,11,3.181868535
QC,8,2102,QUER,BIC,NA,0.999059626,0.8998591698,248.26,22,8.792668896
QC,8,2104,QUER,MAC,NA,0.999059626,0.8998591698,248.26,22,8.792668896
QC,8,2108,QUER,RUB,NA,0.999059626,0.8998591698,248.26,22,8.792668896
QC,8,2200,ULMU,SPP,NA,1.4367501357,0.8088631882,168.27,36,4.4524357157
QC,8,2201,ULMU,AME,NA,1.4367501357,0.8088631882,168.27,36,4.4524357157
QC,8,2202,ULMU,RUB,NA,1.4367501357,0.8088631882,168.27,36,4.4524357157
QC,8,2203,ULMU,THO,NA,1.4367501357,0.8088631882,168.27,36,4.4524357157
QC,8,2801,PRUN,SER,NA,1.9282964544,0.7526551768,325.18,12,4.500593596
QC,8,2802,PRUN,PEN,NA,2.8765907723,0.661196178,39.72,7,3.2888171933
QC,8,2804,PRUN,VIR,NA,2.8765907723,0.661196178,39.72,7,3.2888171933
QC,8,2804,PRUN,VIR,VIR,2.8765907723,0.661196178,39.72,7,3.2888171933
QC,8,3000,TILI,AME,NA,0.7612352468,0.9177516262,425.24,23,5.3309770513
QC,8,3400,FRAX,SPP,NA,1.434545446,0.8055343353,203.37,24,6.3734764828
QC,8,3401,FRAX,AME,NA,1.2663508461,0.8349461494,266.65,27,7.1023510819
QC,8,3402,FRAX,NIG,NA,1.434545446,0.8055343353,203.37,24,6.3734764828
QC,8,3403,FRAX,PEN,NA,1.2663508461,0.8349461494,266.65,27,7.1023510819
QC,8,3405,FRAX,PEN,NA,1.2073825001,0.8139770244,296.81000001,28,8.5684290555
QC,8,3405,FRAX,PEN,SUB,1.2073825001,0.8139770244,296.81000001,28,8.5684290555
QC,8,3500,SALI,SPP,NA,12.022479394,0.4964033797,153.57,7,34.866852334
QC,8,3506,SALI,BEB,NA,12.022479394,0.4964033797,153.57,7,34.866852334
QC,8,3910,CRAT,SPP,NA,12.407734217,0.3916222016,67.8,12,25.919035318
QC,8,3930,MALU,COR,NA,12.407734217,0.3916222016,67.8,12,25.919035318
QC,8,3930,MALU,FUS,NA,12.407734217,0.3916222016,67.8,12,25.919035318
QC,8,3930,MALU,SPP,NA,12.407734217,0.3916222016,67.8,12,25.919035318
QC,8,3960,SORB,SPP,NA,12.407734217,0.3916222016,67.8,12,25.919035318
QC,8,3961,SORB,AME,NA,12.407734217,0.3916222016,67.8,12,25.919035318
QC,8,3962,SORB,DEC,NA,12.407734217,0.3916222016,67.8,12,25.919035318
QC,15,100,PICE,SPP,NA,0.9614861705,0.8672641964,275.4,77,2.7701057728
QC,15,101,PICE,MAR,NA,0.9614861705,0.8672641964,275.4,77,2.7701057728
QC,15,105,PICE,GLA,NA,0.8508135179,0.8730488604,366.94,1702,7.4692411865
QC,15,107,PICE,MAR,RUB,0.9614861705,0.8672641964,275.4,77,2.7701057728
QC,15,200,PINU,SPP,NA,0.6693039066,0.9713419108,132.21,11,2.1354402217
QC,15,202,PINU,STR,NA,1.0174662558,0.8299513778,835.86000001,1177,11.545288569
QC,15,203,PINU,BAN,NA,0.6693039066,0.9713419108,132.21,11,2.1354402217
QC,15,209,PINU,RES,NA,0.9764529586,0.850569547,506.80000001,171,12.602191357
QC,15,302,ABIE,BAL,NA,1.0440742926,0.8330044973,411.81,9695,7.3228651259
QC,15,304,ABIE,LAS,NA,1.0440742926,0.8330044973,411.81,9695,7.3228651259
QC,15,401,TSUG,CAN,NA,1.1314926378,0.8358950327,577.77,424,12.528302037
QC,15,602,LARI,LAR,NA,1.1017722463,0.8349387243,263.15999999,288,5.3460740624
QC,15,605,LARI,KAE,NA,1.1017722463,0.8349387243,263.15999999,288,5.3460740624
QC,15,701,THUJ,OCC,NA,0.9090018123,0.8410820891,498.37,1861,8.0773803937
QC,15,801,JUNI,VIR,NA,0.9090018123,0.8410820891,498.37,1861,8.0773803937
QC,15,1100,GENC,SPP,NA,0.8508135179,0.8730488604,366.94,1702,7.4692411865
QC,15,1150,UNKN,SPP,NA,0.8508135179,0.8730488604,366.94,1702,7.4692411865
QC,15,1200,POPU,SPP,NA,1.1178542719,0.8214715605,576.63000001,5489,7.8149484686
QC,15,1201,POPU,TRE,NA,1.1178542719,0.8214715605,576.63000001,5489,7.8149484686
QC,15,1203,POPU,BAL,NA,0.9665524206,0.8666119625,620.17999999,159,8.3325115545
QC,15,1203,POPU,BAL,BAL,0.9665524206,0.8666119625,620.17999999,159,8.3325115545
QC,15,1211,POPU,BAL,GRA,1.0211549073,0.8416323645,620.17999999,6203,8.6407911605
QC,15,1301,BETU,ALL,NA,1.0607760422,0.8559550234,425.88,3493,9.75489794
QC,15,1303,BETU,PAP,NA,1.308521405,0.8111174583,423.37,10323,6.3863558046
QC,15,1303,BETU,PAP,PAP,1.308521405,0.8111174583,423.37,10323,6.3863558046
QC,15,1400,ACER,SPP,NA,1.2669741552,0.8494980177,509.09,3885,10.968619365
QC,15,1401,ACER,SAH,NA,1.2669741552,0.8494980177,509.09,3885,10.968619365
QC,15,1405,ACER,RUB,NA,1.2059298603,0.8360910144,362.28,1905,8.7886047573
QC,15,1550,GENH,SPP,NA,1.5118816767,0.8096994534,496.33000001,1479,12.632492979
QC,15,1805,ALNU,INC,RUG,2.0543646468,0.7988471963,25.3,5,1.1914748023
QC,15,1805,ALNU,INC,NA,2.0543646468,0.7988471963,25.3,5,1.1914748023
QC,15,3500,SALI,SPP,NA,2.9099567653,0.6488529937,121.39,111,5.7221503528
SK,5,100,PICE,SPP,NA,1.1284408438,0.8363736258,405.17952745,24,7.2501581318
SK,5,101,PICE,MAR,NA,1.1284408438,0.8363736258,405.17952745,24,7.2501581318
SK,5,103,PICE,ABI,NA,0.4038404487,0.9873759397,1725.5707801,890,8.6826831831
SK,5,105,PICE,GLA,NA,0.4038404487,0.9873759397,1725.5707801,890,8.6826831831
SK,5,203,PINU,BAN,NA,1.1521308409,0.8430660091,478.99668781,49,9.9531387127
SK,5,204,PINU,CON,NA,1.1521308409,0.8430660091,478.99668781,49,9.9531387127
SK,5,204,PINU,CON,LAT,1.1521308409,0.8430660091,478.99668781,49,9.9531387127
SK,5,206,PINU,ALB,NA,1.1521308409,0.8430660091,478.99668781,49,9.9531387127
SK,5,302,ABIE,BAL,NA,0.5044499741,0.9435940531,1100.2064979,12,5.4917720541
SK,5,304,ABIE,LAS,NA,0.5044499741,0.9435940531,1100.2064979,12,5.4917720541
SK,5,602,LARI,LAR,NA,0.5312601035,0.9283378078,450.39668281,349,4.4249184128
SK,5,1200,POPU,SPP,NA,0.8046753303,0.8849319634,393.19896887,34,4.4192265842
SK,5,1201,POPU,TRE,NA,0.8046753303,0.8849319634,393.19896887,34,4.4192265842
SK,5,1203,POPU,BAL,NA,0.8046753303,0.8849319634,393.19896887,34,4.4192265842
SK,5,1203,POPU,BAL,BAL,0.8046753303,0.8849319634,393.19896887,34,4.4192265842
SK,5,1206,POPU,GRA,NA,0.8046753303,0.8849319634,393.19896887,34,4.4192265842
SK,5,1303,BETU,PAP,NA,2.3795334806,0.6791753133,185.86795256,5,2.0266345883
SK,5,1303,BETU,PAP,PAP,2.3795334806,0.6791753133,185.86795256,5,2.0266345883
SK,6,100,PICE,SPP,NA,1.1284408438,0.8363736258,405.17952745,24,7.2501581318
SK,6,101,PICE,MAR,NA,1.1284408438,0.8363736258,405.17952745,24,7.2501581318
SK,6,103,PICE,ABI,NA,1.090627972,0.8267266242,420.58168722,7,7.822540604
SK,6,105,PICE,GLA,NA,1.090627972,0.8267266242,420.58168722,7,7.822540604
SK,6,203,PINU,BAN,NA,1.1521308409,0.8430660091,478.99668781,49,9.9531387127
SK,6,204,PINU,CON,NA,1.1521308409,0.8430660091,478.99668781,49,9.9531387127
SK,6,204,PINU,CON,LAT,1.1521308409,0.8430660091,478.99668781,49,9.9531387127
SK,6,206,PINU,ALB,NA,1.1521308409,0.8430660091,478.99668781,49,9.9531387127
SK,6,302,ABIE,BAL,NA,0.5044499741,0.9435940531,1100.2064979,12,5.4917720541
SK,6,304,ABIE,LAS,NA,0.5044499741,0.9435940531,1100.2064979,12,5.4917720541
SK,6,602,LARI,LAR,NA,0.5312601035,0.9283378078,450.39668281,349,4.4249184128
SK,6,700,THUJ,SPP,NA,0.6736991849,0.8436617173,499.73926084,108,6.0125053141
SK,6,701,THUJ,OCC,NA,0.6736991849,0.8436617173,499.73926084,108,6.0125053141
SK,6,801,JUNI,VIR,NA,0.6736991849,0.8436617173,499.73926084,108,6.0125053141
SK,6,1200,POPU,SPP,NA,0.8046753303,0.8849319634,393.19896887,34,4.4192265842
SK,6,1201,POPU,TRE,NA,0.8046753303,0.8849319634,393.19896887,34,4.4192265842
SK,6,1203,POPU,BAL,NA,0.8046753303,0.8849319634,393.19896887,34,4.4192265842
SK,6,1203,POPU,BAL,BAL,0.8046753303,0.8849319634,393.19896887,34,4.4192265842
SK,6,1206,POPU,GRA,NA,0.8046753303,0.8849319634,393.19896887,34,4.4192265842
SK,6,1303,BETU,PAP,NA,2.3795334806,0.6791753133,185.86795256,5,2.0266345883
SK,6,1303,BETU,PAP,PAP,2.3795334806,0.6791753133,185.86795256,5,2.0266345883
SK,6,1404,ACER,NEG,NA,1.1949226293,0.8309039889,425.88,13825,7.4217154566
SK,6,1500,GENH,SPP,NA,1.5118816767,0.8096994534,496.33000001,1479,12.632492979
SK,6,3400,FRAX,SPP,NA,0.6184074677,0.9633134436,381.68424821,176,2.932052388
SK,9,100,PICE,SPP,NA,0.5281471038,0.9675281777,1433.9832384,394,9.2082779584
SK,9,101,PICE,MAR,NA,0.5281471038,0.9675281777,1433.9832384,394,9.2082779584
SK,9,103,PICE,ABI,NA,0.4038404487,0.9873759397,1725.5707801,890,8.6826831831
SK,9,105,PICE,GLA,NA,0.4038404487,0.9873759397,1725.5707801,890,8.6826831831
SK,9,107,PICE,MAR,RUB,0.5281471038,0.9675281777,1433.9832384,394,9.2082779584
SK,9,203,PINU,BAN,NA,0.594126813,0.9590464823,532.5837863,328,6.8259703612
SK,9,204,PINU,CON,NA,0.594126813,0.9590464823,532.5837863,328,6.8259703612
SK,9,204,PINU,CON,LAT,0.594126813,0.9590464823,532.5837863,328,6.8259703612
SK,9,206,PINU,ALB,NA,0.594126813,0.9590464823,532.5837863,328,6.8259703612
SK,9,302,ABIE,BAL,NA,0.5044499741,0.9435940531,1100.2064979,12,5.4917720541
SK,9,304,ABIE,LAS,NA,0.5044499741,0.9435940531,1100.2064979,12,5.4917720541
SK,9,602,LARI,LAR,NA,0.5312601035,0.9283378078,450.39668281,349,4.4249184128
SK,9,700,THUJ,SPP,NA,0.6736991849,0.8436617173,499.73926084,108,6.0125053141
SK,9,701,THUJ,OCC,NA,0.6736991849,0.8436617173,499.73926084,108,6.0125053141
SK,9,801,JUNI,VIR,NA,0.6736991849,0.8436617173,499.73926084,108,6.0125053141
SK,9,1200,POPU,SPP,NA,0.4496833004,0.9850477549,1739.7701209,1249,8.8432413383
SK,9,1201,POPU,TRE,NA,0.4496833004,0.9850477549,1739.7701209,1249,8.8432413383
SK,9,1203,POPU,BAL,NA,1.1174747814,0.8146799128,464.13793392,22,5.9299234455
SK,9,1203,POPU,BAL,BAL,1.1174747814,0.8146799128,464.13793392,22,5.9299234455
SK,9,1205,POPU,DEL,NA,0.4496833004,0.9850477549,1739.7701209,1249,8.8432413383
SK,9,1205,POPU,DEL,DEL,0.4496833004,0.9850477549,1739.7701209,1249,8.8432413383
SK,9,1206,POPU,GRA,NA,0.4496833004,0.9850477549,1739.7701209,1249,8.8432413383
SK,9,1303,BETU,PAP,NA,0.6182173416,0.9445234889,838.1062874,15,4.5554648577
SK,9,1303,BETU,PAP,PAP,0.6182173416,0.9445234889,838.1062874,15,4.5554648577
SK,9,1404,ACER,NEG,NA,1.1949226293,0.8309039889,425.88,13825,7.4217154566
SK,9,1500,GENH,SPP,NA,1.5118816767,0.8096994534,496.33000001,1479,12.632492979
SK,9,2201,ULMU,AME,NA,1.4367501357,0.8088631882,168.27,36,4.4524357157
SK,9,3405,FRAX,PEN,SUB,1.2359261375,0.8164199508,384.37,222,6.5986271592
SK,9,3405,FRAX,PEN,NA,1.2359261375,0.8164199508,384.37,222,6.5986271592
SK,10,100,PICE,SPP,NA,0.5281471038,0.9675281777,1433.9832384,394,9.2082779584
SK,10,101,PICE,MAR,NA,0.5281471038,0.9675281777,1433.9832384,394,9.2082779584
SK,10,103,PICE,ABI,NA,0.4038404487,0.9873759397,1725.5707801,890,8.6826831831
SK,10,105,PICE,GLA,NA,0.4038404487,0.9873759397,1725.5707801,890,8.6826831831
SK,10,203,PINU,BAN,NA,0.594126813,0.9590464823,532.5837863,328,6.8259703612
SK,10,204,PINU,CON,NA,0.594126813,0.9590464823,532.5837863,328,6.8259703612
SK,10,204,PINU,CON,LAT,0.594126813,0.9590464823,532.5837863,328,6.8259703612
SK,10,206,PINU,ALB,NA,0.594126813,0.9590464823,532.5837863,328,6.8259703612
SK,10,302,ABIE,BAL,NA,0.5044499741,0.9435940531,1100.2064979,12,5.4917720541
SK,10,304,ABIE,LAS,NA,0.5044499741,0.9435940531,1100.2064979,12,5.4917720541
SK,10,602,LARI,LAR,NA,0.5312601035,0.9283378078,450.39668281,349,4.4249184128
SK,10,1200,POPU,SPP,NA,0.4496833004,0.9850477549,1739.7701209,1249,8.8432413383
SK,10,1201,POPU,TRE,NA,0.4496833004,0.9850477549,1739.7701209,1249,8.8432413383
SK,10,1203,POPU,BAL,NA,1.1174747814,0.8146799128,464.13793392,22,5.9299234455
SK,10,1203,POPU,BAL,BAL,1.1174747814,0.8146799128,464.13793392,22,5.9299234455
SK,10,1206,POPU,GRA,NA,0.4496833004,0.9850477549,1739.7701209,1249,8.8432413383
SK,10,1303,BETU,PAP,NA,0.6182173416,0.9445234889,838.1062874,15,4.5554648577
SK,10,1303,BETU,PAP,PAP,0.6182173416,0.9445234889,838.1062874,15,4.5554648577
SK,10,1404,ACER,NEG,NA,1.1949226293,0.8309039889,425.88,13825,7.4217154566
SK,10,2201,ULMU,AME,NA,1.4367501357,0.8088631882,168.27,36,4.4524357157
SK,10,3405,FRAX,PEN,SUB,1.2359261375,0.8164199508,384.37,222,6.5986271592
SK,10,3405,FRAX,PEN,NA,1.2359261375,0.8164199508,384.37,222,6.5986271592
YT,2,100,PICE,SPP,NA,0.5267226111,0.9712336713,376.09978201,119,3.3117894288
YT,2,101,PICE,MAR,NA,0.5611746025,0.9735269822,151.7390865,20,2.5408490509
YT,2,105,PICE,GLA,NA,0.5267226111,0.9712336713,376.09978201,119,3.3117894288
YT,2,203,PINU,BAN,NA,0.49353934,0.9945612795,252.97088758,82,1.5420355791
YT,2,204,PINU,CON,NA,0.49353934,0.9945612795,252.97088758,82,1.5420355791
YT,2,204,PINU,CON,LAT,0.49353934,0.9945612795,252.97088758,82,1.5420355791
YT,3,100,PICE,SPP,NA,0.5267226111,0.9712336713,376.09978201,119,3.3117894288
YT,3,101,PICE,MAR,NA,0.5611746025,0.9735269822,151.7390865,20,2.5408490509
YT,3,105,PICE,GLA,NA,0.5267226111,0.9712336713,376.09978201,119,3.3117894288
YT,3,203,PINU,BAN,NA,0.49353934,0.9945612795,252.97088758,82,1.5420355791
YT,3,204,PINU,CON,NA,0.49353934,0.9945612795,252.97088758,82,1.5420355791
YT,3,204,PINU,CON,LAT,0.49353934,0.9945612795,252.97088758,82,1.5420355791
YT,3,300,ABIE,SPP,NA,0.5436890499,0.9656353157,376.09978201,139,3.2971442916
YT,3,302,ABIE,BAL,NA,0.5436890499,0.9656353157,376.09978201,139,3.2971442916
YT,3,304,ABIE,LAS,NA,0.5436890499,0.9656353157,376.09978201,139,3.2971442916
YT,3,602,LARI,LAR,NA,0.49353934,0.9945612795,252.97088758,82,1.5420355791
YT,3,604,LARI,LYA,NA,0.49353934,0.9945612795,252.97088758,82,1.5420355791
YT,3,1200,POPU,SPP,NA,0.5446602212,0.9876235213,203.62184609,19,1.9783416413
YT,3,1201,POPU,TRE,NA,0.5446602212,0.9876235213,203.62184609,19,1.9783416413
YT,3,1203,POPU,BAL,NA,0.5446602212,0.9876235213,203.62184609,19,1.9783416413
YT,3,1203,POPU,BAL,BAL,0.5446602212,0.9876235213,203.62184609,19,1.9783416413
YT,3,1300,BETU,SPP,NA,0.5446602212,0.9876235213,203.62184609,19,1.9783416413
YT,3,1303,BETU,PAP,NA,0.5446602212,0.9876235213,203.62184609,19,1.9783416413
YT,3,1303,BETU,PAP,PAP,0.5446602212,0.9876235213,203.62184609,19,1.9783416413
YT,3,1308,BETU,PAP,NEO,0.5446602212,0.9876235213,203.62184609,19,1.9783416413
YT,4,100,PICE,SPP,NA,0.5267226111,0.9712336713,376.09978201,119,3.3117894288
YT,4,101,PICE,MAR,NA,0.5611746025,0.9735269822,151.7390865,20,2.5408490509
YT,4,105,PICE,GLA,NA,0.5267226111,0.9712336713,376.09978201,119,3.3117894288
YT,4,203,PINU,BAN,NA,0.49353934,0.9945612795,252.97088758,82,1.5420355791
YT,4,204,PINU,CON,NA,0.49353934,0.9945612795,252.97088758,82,1.5420355791
YT,4,204,PINU,CON,LAT,0.49353934,0.9945612795,252.97088758,82,1.5420355791
YT,4,300,ABIE,SPP,NA,0.5436890499,0.9656353157,376.09978201,139,3.2971442916
YT,4,302,ABIE,BAL,NA,0.5436890499,0.9656353157,376.09978201,139,3.2971442916
YT,4,304,ABIE,LAS,NA,0.5436890499,0.9656353157,376.09978201,139,3.2971442916
YT,4,602,LARI,LAR,NA,0.49353934,0.9945612795,252.97088758,82,1.5420355791
YT,4,604,LARI,LYA,NA,0.49353934,0.9945612795,252.97088758,82,1.5420355791
YT,4,1200,POPU,SPP,NA,0.5446602212,0.9876235213,203.62184609,19,1.9783416413
YT,4,1201,POPU,TRE,NA,0.5446602212,0.9876235213,203.62184609,19,1.9783416413
YT,4,1203,POPU,BAL,NA,0.5446602212,0.9876235213,203.62184609,19,1.9783416413
YT,4,1203,POPU,BAL,BAL,0.5446602212,0.9876235213,203.62184609,19,1.9783416413
YT,4,1300,BETU,SPP,NA,0.5446602212,0.9876235213,203.62184609,19,1.9783416413
YT,4,1303,BETU,PAP,NA,0.5446602212,0.9876235213,203.62184609,19,1.9783416413
YT,4,1303,BETU,PAP,PAP,0.5446602212,0.9876235213,203.62184609,19,1.9783416413
YT,4,1308,BETU,PAP,NEO,0.5446602212,0.9876235213,203.62184609,19,1.9783416413
YT,11,100,PICE,SPP,NA,0.5267226111,0.9712336713,376.09978201,119,3.3117894288
YT,11,101,PICE,MAR,NA,0.5611746025,0.9735269822,151.7390865,20,2.5408490509
YT,11,105,PICE,GLA,NA,0.5267226111,0.9712336713,376.09978201,119,3.3117894288
YT,11,203,PINU,BAN,NA,0.49353934,0.9945612795,252.97088758,82,1.5420355791
YT,11,204,PINU,CON,NA,0.49353934,0.9945612795,252.97088758,82,1.5420355791
YT,11,204,PINU,CON,LAT,0.49353934,0.9945612795,252.97088758,82,1.5420355791
YT,11,300,ABIE,SPP,NA,0.5436890499,0.9656353157,376.09978201,139,3.2971442916
YT,11,302,ABIE,BAL,NA,0.5436890499,0.9656353157,376.09978201,139,3.2971442916
YT,11,304,ABIE,LAS,NA,0.5436890499,0.9656353157,376.09978201,139,3.2971442916
YT,11,602,LARI,LAR,NA,0.49353934,0.9945612795,252.97088758,82,1.5420355791
YT,11,604,LARI,LYA,NA,0.49353934,0.9945612795,252.97088758,82,1.5420355791
YT,11,1200,POPU,SPP,NA,0.5446602212,0.9876235213,203.62184609,19,1.9783416413
YT,11,1201,POPU,TRE,NA,0.5446602212,0.9876235213,203.62184609,19,1.9783416413
YT,11,1203,POPU,BAL,NA,0.5446602212,0.9876235213,203.62184609,19,1.9783416413
YT,11,1203,POPU,BAL,BAL,0.5446602212,0.9876235213,203.62184609,19,1.9783416413
YT,11,1300,BETU,SPP,NA,0.5446602212,0.9876235213,203.62184609,19,1.9783416413
YT,11,1303,BETU,PAP,NA,0.5446602212,0.9876235213,203.62184609,19,1.9783416413
YT,11,1303,BETU,PAP,PAP,0.5446602212,0.9876235213,203.62184609,19,1.9783416413
YT,11,1308,BETU,PAP,NEO,0.5446602212,0.9876235213,203.62184609,19,1.9783416413
YT,12,100,PICE,SPP,NA,0.5267226111,0.9712336713,376.09978201,119,3.3117894288
YT,12,101,PICE,MAR,NA,0.5611746025,0.9735269822,151.7390865,20,2.5408490509
YT,12,105,PICE,GLA,NA,0.5267226111,0.9712336713,376.09978201,119,3.3117894288
YT,12,203,PINU,BAN,NA,0.49353934,0.9945612795,252.97088758,82,1.5420355791
YT,12,204,PINU,CON,NA,0.49353934,0.9945612795,252.97088758,82,1.5420355791
YT,12,204,PINU,CON,LAT,0.49353934,0.9945612795,252.97088758,82,1.5420355791
YT,12,300,ABIE,SPP,NA,0.5436890499,0.9656353157,376.09978201,139,3.2971442916
YT,12,302,ABIE,BAL,NA,0.5436890499,0.9656353157,376.09978201,139,3.2971442916
YT,12,304,ABIE,LAS,NA,0.5436890499,0.9656353157,376.09978201,139,3.2971442916
YT,12,602,LARI,LAR,NA,0.49353934,0.9945612795,252.97088758,82,1.5420355791
YT,12,604,LARI,LYA,NA,0.49353934,0.9945612795,252.97088758,82,1.5420355791
YT,12,1200,POPU,SPP,NA,0.5446602212,0.9876235213,203.62184609,19,1.9783416413
YT,12,1201,POPU,TRE,NA,0.5446602212,0.9876235213,203.62184609,19,1.9783416413
YT,12,1203,POPU,BAL,NA,0.5446602212,0.9876235213,203.62184609,19,1.9783416413
YT,12,1203,POPU,BAL,BAL,0.5446602212,0.9876235213,203.62184609,19,1.9783416413
YT,12,1300,BETU,SPP,NA,0.5446602212,0.9876235213,203.62184609,19,1.9783416413
YT,12,1303,BETU,PAP,NA,0.5446602212,0.9876235213,203.62184609,19,1.9783416413
YT,12,1303,BETU,PAP,PAP,0.5446602212,0.9876235213,203.62184609,19,1.9783416413
YT,12,1308,BETU,PAP,NEO,0.5446602212,0.9876235213,203.62184609,19,1.9783416413
YT,13,101,PICE,MAR,NA,0.5611746025,0.9735269822,151.7390865,20,2.5408490509
YT,13,105,PICE,GLA,NA,0.5267226111,0.9712336713,376.09978201,119,3.3117894288
YT,13,204,PINU,CON,NA,0.49353934,0.9945612795,252.97088758,82,1.5420355791
YT,13,204,PINU,CON,LAT,0.49353934,0.9945612795,252.97088758,82,1.5420355791
YT,13,304,ABIE,LAS,NA,0.5436890499,0.9656353157,376.09978201,139,3.2971442916
YT,13,602,LARI,LAR,NA,0.49353934,0.9945612795,252.97088758,82,1.5420355791
YT,13,1201,POPU,TRE,NA,0.5446602212,0.9876235213,203.62184609,19,1.9783416413
YT,13,1203,POPU,BAL,NA,0.5446602212,0.9876235213,203.62184609,19,1.9783416413
YT,13,1203,POPU,BAL,BAL,0.5446602212,0.9876235213,203.62184609,19,1.9783416413
YT,13,1308,BETU,PAP,NEO,0.5446602212,0.9876235213,203.62184609,19,1.9783416413
