juris_id,ecozone,canfi_species,genus,species,variety,vol_min,vol_max,p_sw_low,p_sb_low,p_br_low,p_fl_low,p_sw_high,p_sb_high,p_br_high,p_fl_high
AB,4,100,PICE,SPP,NA,70.337549389,509.04072206,0.7255332831,0.099166774,0.0543658345,0.1209341084,0.7996138148,0.0980255217,0.0332314346,0.0691292289
AB,4,101,PICE,MAR,NA,0.2106787703,27.484256527,0.6762233703,0.1258678241,0.0683296011,0.1295792045,0.731697875,0.1196303021,0.060438262,0.088233561
AB,4,105,PICE,GLA,NA,70.337549389,509.04072206,0.7255332831,0.099166774,0.0543658345,0.1209341084,0.7996138148,0.0980255217,0.0332314346,0.0691292289
AB,4,200,PINU,SPP,NA,82.954998684,322.9076603,0.7404331073,0.1050664544,0.0967501459,0.0577502923,0.789295504,0.1017202207,0.0575720962,0.0514121791
AB,4,203,PINU,BAN,NA,82.954998684,322.9076603,0.7404331073,0.1050664544,0.0967501459,0.0577502923,0.789295504,0.1017202207,0.0575720962,0.0514121791
AB,4,204,PINU,CON,NA,82.954998684,322.9076603,0.7404331073,0.1050664544,0.0967501459,0.0577502923,0.789295504,0.1017202207,0.0575720962,0.0514121791
AB,4,204,PINU,CON,LAT,82.954998684,322.9076603,0.7404331073,0.1050664544,0.0967501459,0.0577502923,0.789295504,0.1017202207,0.0575720962,0.0514121791
AB,4,206,PINU,ALB,NA,4.3107879824,377.89513718,0.7047488996,0.1092339228,0.0904106209,0.0956065568,0.7439867515,0.077923623,0.1073246481,0.0707649774
AB,4,216,PINU,MUR,NA,82.954998684,322.9076603,0.7404331073,0.1050664544,0.0967501459,0.0577502923,0.789295504,0.1017202207,0.0575720962,0.0514121791
AB,4,300,ABIE,SPP,NA,7.7850465269,423.80330269,0.4648997067,0.0944670605,0.2902372235,0.1503960093,0.69305212410000006,0.1041264808,0.1299263125,0.0728950826
AB,4,302,ABIE,BAL,NA,7.7850465269,423.80330269,0.4648997067,0.0944670605,0.2902372235,0.1503960093,0.69305212410000006,0.1041264808,0.1299263125,0.0728950826
AB,4,500,PSEU,MEN,NA,127.45404051,477.87548132,0.5575046425,0.1052622906,0.1829760986,0.1542569683,0.5998681716,0.1124492276,0.1721805735,0.1155020274
AB,4,500,PSEU,MEN,MEN,127.45404051,477.87548132,0.5575046425,0.1052622906,0.1829760986,0.1542569683,0.5998681716,0.1124492276,0.1721805735,0.1155020274
AB,4,500,PSEU,MEN,GLA,127.45404051,477.87548132,0.5575046425,0.1052622906,0.1829760986,0.1542569683,0.5998681716,0.1124492276,0.1721805735,0.1155020274
AB,4,500,PSEU,SPP,NA,127.45404051,477.87548132,0.5575046425,0.1052622906,0.1829760986,0.1542569683,0.5998681716,0.1124492276,0.1721805735,0.1155020274
AB,4,600,LARI,SPP,NA,1.6808347273,199.53544906,0.5630947078,0.1148923377,0.2179020435,0.104110911,0.7194828785,0.1177158852,0.1220728201,0.0407284162
AB,4,601,LARI,DEC,NA,1.6808347273,199.53544906,0.5630947078,0.1148923377,0.2179020435,0.104110911,0.7194828785,0.1177158852,0.1220728201,0.0407284162
AB,4,602,LARI,LAR,NA,1.6808347273,199.53544906,0.5630947078,0.1148923377,0.2179020435,0.104110911,0.7194828785,0.1177158852,0.1220728201,0.0407284162
AB,4,603,LARI,OCC,NA,3.8575573987,795.06432589,0.7311041237,0.0810267988,0.1098500054,0.0780190722,0.7679116859,0.1120141347,0.0799389614,0.0401352179
AB,4,1200,POPU,SPP,NA,28.24256393,451.73612404,0.7669260206,0.1718077982,0.0364466129,0.0248195683,0.78409987,0.1447706541,0.0467443414,0.0243851345
AB,4,1201,POPU,TRE,NA,28.24256393,451.73612404,0.7669260206,0.1718077982,0.0364466129,0.0248195683,0.78409987,0.1447706541,0.0467443414,0.0243851345
AB,4,1203,POPU,BAL,NA,156.01091611,364.49530193,0.6580039138,0.1429591273,0.175172538,0.0238644209,0.6682737552,0.138751031,0.1694282372,0.0235469766
AB,4,1203,POPU,BAL,BAL,156.01091611,364.49530193,0.6580039138,0.1429591273,0.175172538,0.0238644209,0.6682737552,0.138751031,0.1694282372,0.0235469766
AB,4,1204,POPU,TRI,NA,156.01091611,364.49530193,0.6580039138,0.1429591273,0.175172538,0.0238644209,0.6682737552,0.138751031,0.1694282372,0.0235469766
AB,4,1205,POPU,DEL,NA,156.01091611,364.49530193,0.6580039138,0.1429591273,0.175172538,0.0238644209,0.6682737552,0.138751031,0.1694282372,0.0235469766
AB,4,1205,POPU,DEL,DEL,156.01091611,364.49530193,0.6580039138,0.1429591273,0.175172538,0.0238644209,0.6682737552,0.138751031,0.1694282372,0.0235469766
AB,4,1214,POPU,AGU,NA,156.01091611,364.49530193,0.6580039138,0.1429591273,0.175172538,0.0238644209,0.6682737552,0.138751031,0.1694282372,0.0235469766
AB,4,1303,BETU,PAP,NA,20.683976979,154.94678445,0.6987888216,0.1296315941,0.1347381619,0.0368414223,0.7068045777,0.1133610101,0.1278766548,0.0519577573
AB,4,1303,BETU,PAP,PAP,20.683976979,154.94678445,0.6987888216,0.1296315941,0.1347381619,0.0368414223,0.7068045777,0.1133610101,0.1278766548,0.0519577573
AB,5,100,PICE,SPP,NA,7.6630926566,658.35024885,0.4497097243,0.0747312508,0.2039357582,0.2716232667,0.7594824475,0.1135363871,0.0866798942,0.0403012713
AB,5,101,PICE,MAR,NA,0.7689271919,392.98012476,0.5515335214,0.1187320224,0.1378277389,0.1919067173,0.7572216262,0.0904216285,0.093493663,0.0588630823
AB,5,105,PICE,GLA,NA,7.6630926566,658.35024885,0.4497097243,0.0747312508,0.2039357582,0.2716232667,0.7594824475,0.1135363871,0.0866798942,0.0403012713
AB,5,200,PINU,SPP,NA,0.6332421665,643.08305851,0.7083260161,0.1030812211,0.0994047589,0.0891880039,0.8269853488,0.0748230702,0.0693619153,0.0288296657
AB,5,203,PINU,BAN,NA,0.5250358107,228.61569283,0.6956459972,0.1100579545,0.0915889314,0.102707117,0.8264451101,0.0686281339,0.0696890265,0.0352377295
AB,5,204,PINU,CON,NA,0.6332421665,643.08305851,0.7083260161,0.1030812211,0.0994047589,0.0891880039,0.8269853488,0.0748230702,0.0693619153,0.0288296657
AB,5,204,PINU,CON,LAT,0.6332421665,643.08305851,0.7083260161,0.1030812211,0.0994047589,0.0891880039,0.8269853488,0.0748230702,0.0693619153,0.0288296657
AB,5,216,PINU,MUR,NA,0.5250358107,643.08305851,0.7091114397,0.1048052881,0.0972959933,0.0887872789,0.8254939937,0.0751885839,0.0699281357,0.0293892867
AB,5,300,ABIE,SPP,NA,7.7850465269,423.80330269,0.4648997067,0.0944670605,0.2902372235,0.1503960093,0.69305212410000006,0.1041264808,0.1299263125,0.0728950826
AB,5,302,ABIE,BAL,NA,7.7850465269,423.80330269,0.4648997067,0.0944670605,0.2902372235,0.1503960093,0.69305212410000006,0.1041264808,0.1299263125,0.0728950826
AB,5,500,PSEU,MEN,NA,127.45404051,477.87548132,0.5575046425,0.1052622906,0.1829760986,0.1542569683,0.5998681716,0.1124492276,0.1721805735,0.1155020274
AB,5,500,PSEU,MEN,MEN,127.45404051,477.87548132,0.5575046425,0.1052622906,0.1829760986,0.1542569683,0.5998681716,0.1124492276,0.1721805735,0.1155020274
AB,5,500,PSEU,MEN,GLA,127.45404051,477.87548132,0.5575046425,0.1052622906,0.1829760986,0.1542569683,0.5998681716,0.1124492276,0.1721805735,0.1155020274
AB,5,500,PSEU,SPP,NA,127.45404051,477.87548132,0.5575046425,0.1052622906,0.1829760986,0.1542569683,0.5998681716,0.1124492276,0.1721805735,0.1155020274
AB,5,600,LARI,SPP,NA,1.6808347273,199.53544906,0.5630947078,0.1148923377,0.2179020435,0.104110911,0.7194828785,0.1177158852,0.1220728201,0.0407284162
AB,5,601,LARI,DEC,NA,1.6808347273,199.53544906,0.5630947078,0.1148923377,0.2179020435,0.104110911,0.7194828785,0.1177158852,0.1220728201,0.0407284162
AB,5,602,LARI,LAR,NA,1.6808347273,199.53544906,0.5630947078,0.1148923377,0.2179020435,0.104110911,0.7194828785,0.1177158852,0.1220728201,0.0407284162
AB,5,1200,POPU,SPP,NA,0.6614660513,802.89670489,0.696537797,0.205117098,0.0497082564,0.0486368485,0.7614503305,0.1200898182,0.0869329563,0.0315268951
AB,5,1201,POPU,TRE,NA,0.6614660513,802.89670489,0.696537797,0.205117098,0.0497082564,0.0486368485,0.7614503305,0.1200898182,0.0869329563,0.0315268951
AB,5,1203,POPU,BAL,NA,1.1074390007,504.07910798,0.6898017069,0.1014740848,0.0817227293,0.127001479,0.7466255151,0.103078829,0.1127402349,0.0375554211
AB,5,1203,POPU,BAL,BAL,1.1074390007,504.07910798,0.6898017069,0.1014740848,0.0817227293,0.127001479,0.7466255151,0.103078829,0.1127402349,0.0375554211
AB,5,1204,POPU,TRI,NA,1.1074390007,504.07910798,0.6898017069,0.1014740848,0.0817227293,0.127001479,0.7466255151,0.103078829,0.1127402349,0.0375554211
AB,5,1205,POPU,DEL,NA,1.1074390007,504.07910798,0.6898017069,0.1014740848,0.0817227293,0.127001479,0.7466255151,0.103078829,0.1127402349,0.0375554211
AB,5,1205,POPU,DEL,DEL,1.1074390007,504.07910798,0.6898017069,0.1014740848,0.0817227293,0.127001479,0.7466255151,0.103078829,0.1127402349,0.0375554211
AB,5,1214,POPU,AGU,NA,1.1074390007,504.07910798,0.6898017069,0.1014740848,0.0817227293,0.127001479,0.7466255151,0.103078829,0.1127402349,0.0375554211
AB,5,1303,BETU,PAP,NA,20.683976979,154.94678445,0.6987888216,0.1296315941,0.1347381619,0.0368414223,0.7068045777,0.1133610101,0.1278766548,0.0519577573
AB,5,1303,BETU,PAP,PAP,20.683976979,154.94678445,0.6987888216,0.1296315941,0.1347381619,0.0368414223,0.7068045777,0.1133610101,0.1278766548,0.0519577573
AB,6,100,PICE,SPP,NA,7.6630926566,658.35024885,0.4497097243,0.0747312508,0.2039357582,0.2716232667,0.7594824475,0.1135363871,0.0866798942,0.0403012713
AB,6,101,PICE,MAR,NA,0.7689271919,392.98012476,0.5515335214,0.1187320224,0.1378277389,0.1919067173,0.7572216262,0.0904216285,0.093493663,0.0588630823
AB,6,105,PICE,GLA,NA,7.6630926566,658.35024885,0.4497097243,0.0747312508,0.2039357582,0.2716232667,0.7594824475,0.1135363871,0.0866798942,0.0403012713
AB,6,200,PINU,SPP,NA,0.6332421665,643.08305851,0.7083260161,0.1030812211,0.0994047589,0.0891880039,0.8269853488,0.0748230702,0.0693619153,0.0288296657
AB,6,203,PINU,BAN,NA,0.5250358107,228.61569283,0.6956459972,0.1100579545,0.0915889314,0.102707117,0.8264451101,0.0686281339,0.0696890265,0.0352377295
AB,6,204,PINU,CON,NA,0.6332421665,643.08305851,0.7083260161,0.1030812211,0.0994047589,0.0891880039,0.8269853488,0.0748230702,0.0693619153,0.0288296657
AB,6,204,PINU,CON,LAT,0.6332421665,643.08305851,0.7083260161,0.1030812211,0.0994047589,0.0891880039,0.8269853488,0.0748230702,0.0693619153,0.0288296657
AB,6,216,PINU,MUR,NA,0.5250358107,643.08305851,0.7091114397,0.1048052881,0.0972959933,0.0887872789,0.8254939937,0.0751885839,0.0699281357,0.0293892867
AB,6,300,ABIE,SPP,NA,7.7850465269,423.80330269,0.4648997067,0.0944670605,0.2902372235,0.1503960093,0.69305212410000006,0.1041264808,0.1299263125,0.0728950826
AB,6,302,ABIE,BAL,NA,7.7850465269,423.80330269,0.4648997067,0.0944670605,0.2902372235,0.1503960093,0.69305212410000006,0.1041264808,0.1299263125,0.0728950826
AB,6,500,PSEU,MEN,NA,127.45404051,477.87548132,0.5575046425,0.1052622906,0.1829760986,0.1542569683,0.5998681716,0.1124492276,0.1721805735,0.1155020274
AB,6,500,PSEU,MEN,MEN,127.45404051,477.87548132,0.5575046425,0.1052622906,0.1829760986,0.1542569683,0.5998681716,0.1124492276,0.1721805735,0.1155020274
AB,6,500,PSEU,MEN,GLA,127.45404051,477.87548132,0.5575046425,0.1052622906,0.1829760986,0.1542569683,0.5998681716,0.1124492276,0.1721805735,0.1155020274
AB,6,500,PSEU,SPP,NA,127.45404051,477.87548132,0.5575046425,0.1052622906,0.1829760986,0.1542569683,0.5998681716,0.1124492276,0.1721805735,0.1155020274
AB,6,600,LARI,SPP,NA,1.6808347273,199.53544906,0.5630947078,0.1148923377,0.2179020435,0.104110911,0.7194828785,0.1177158852,0.1220728201,0.0407284162
AB,6,601,LARI,DEC,NA,1.6808347273,199.53544906,0.5630947078,0.1148923377,0.2179020435,0.104110911,0.7194828785,0.1177158852,0.1220728201,0.0407284162
AB,6,602,LARI,LAR,NA,1.6808347273,199.53544906,0.5630947078,0.1148923377,0.2179020435,0.104110911,0.7194828785,0.1177158852,0.1220728201,0.0407284162
AB,6,1200,POPU,SPP,NA,0.6614660513,802.89670489,0.696537797,0.205117098,0.0497082564,0.0486368485,0.7614503305,0.1200898182,0.0869329563,0.0315268951
AB,6,1201,POPU,TRE,NA,0.6614660513,802.89670489,0.696537797,0.205117098,0.0497082564,0.0486368485,0.7614503305,0.1200898182,0.0869329563,0.0315268951
AB,6,1203,POPU,BAL,NA,1.1074390007,504.07910798,0.6898017069,0.1014740848,0.0817227293,0.127001479,0.7466255151,0.103078829,0.1127402349,0.0375554211
AB,6,1203,POPU,BAL,BAL,1.1074390007,504.07910798,0.6898017069,0.1014740848,0.0817227293,0.127001479,0.7466255151,0.103078829,0.1127402349,0.0375554211
AB,6,1204,POPU,TRI,NA,1.1074390007,504.07910798,0.6898017069,0.1014740848,0.0817227293,0.127001479,0.7466255151,0.103078829,0.1127402349,0.0375554211
AB,6,1205,POPU,DEL,NA,1.1074390007,504.07910798,0.6898017069,0.1014740848,0.0817227293,0.127001479,0.7466255151,0.103078829,0.1127402349,0.0375554211
AB,6,1205,POPU,DEL,DEL,1.1074390007,504.07910798,0.6898017069,0.1014740848,0.0817227293,0.127001479,0.7466255151,0.103078829,0.1127402349,0.0375554211
AB,6,1214,POPU,AGU,NA,1.1074390007,504.07910798,0.6898017069,0.1014740848,0.0817227293,0.127001479,0.7466255151,0.103078829,0.1127402349,0.0375554211
AB,6,1303,BETU,PAP,NA,20.683976979,154.94678445,0.6987888216,0.1296315941,0.1347381619,0.0368414223,0.7068045777,0.1133610101,0.1278766548,0.0519577573
AB,6,1303,BETU,PAP,PAP,20.683976979,154.94678445,0.6987888216,0.1296315941,0.1347381619,0.0368414223,0.7068045777,0.1133610101,0.1278766548,0.0519577573
AB,9,100,PICE,SPP,NA,7.6630926566,658.35024885,0.4497097243,0.0747312508,0.2039357582,0.2716232667,0.7594824475,0.1135363871,0.0866798942,0.0403012713
AB,9,101,PICE,MAR,NA,0.7689271919,392.98012476,0.5515335214,0.1187320224,0.1378277389,0.1919067173,0.7572216262,0.0904216285,0.093493663,0.0588630823
AB,9,104,PICE,ENG,NA,105.14049101,344.45976567,0.6326964059,0.0813752595,0.1699086621,0.1160196724,0.6559547488,0.0839096358,0.1562829367,0.1038526787
AB,9,104,PICE,ENG,GLA,105.14049101,344.45976567,0.6326964059,0.0813752595,0.1699086621,0.1160196724,0.6559547488,0.0839096358,0.1562829367,0.1038526787
AB,9,105,PICE,GLA,NA,7.6630926566,658.35024885,0.4497097243,0.0747312508,0.2039357582,0.2716232667,0.7594824475,0.1135363871,0.0866798942,0.0403012713
AB,9,109,PICE,SPP,NA,7.6630926566,658.35024885,0.4497097243,0.0747312508,0.2039357582,0.2716232667,0.7594824475,0.1135363871,0.0866798942,0.0403012713
AB,9,200,PINU,SPP,NA,0.6332421665,643.08305851,0.7083260161,0.1030812211,0.0994047589,0.0891880039,0.8269853488,0.0748230702,0.0693619153,0.0288296657
AB,9,203,PINU,BAN,NA,0.5250358107,228.61569283,0.6956459972,0.1100579545,0.0915889314,0.102707117,0.8264451101,0.0686281339,0.0696890265,0.0352377295
AB,9,204,PINU,CON,NA,0.6332421665,643.08305851,0.7083260161,0.1030812211,0.0994047589,0.0891880039,0.8269853488,0.0748230702,0.0693619153,0.0288296657
AB,9,204,PINU,CON,LAT,0.6332421665,643.08305851,0.7083260161,0.1030812211,0.0994047589,0.0891880039,0.8269853488,0.0748230702,0.0693619153,0.0288296657
AB,9,206,PINU,ALB,NA,4.3107879824,377.89513718,0.7047488996,0.1092339228,0.0904106209,0.0956065568,0.7439867515,0.077923623,0.1073246481,0.0707649774
AB,9,216,PINU,MUR,NA,0.5250358107,643.08305851,0.7091114397,0.1048052881,0.0972959933,0.0887872789,0.8254939937,0.0751885839,0.0699281357,0.0293892867
AB,9,300,ABIE,SPP,NA,7.7850465269,423.80330269,0.4648997067,0.0944670605,0.2902372235,0.1503960093,0.69305212410000006,0.1041264808,0.1299263125,0.0728950826
AB,9,302,ABIE,BAL,NA,7.7850465269,423.80330269,0.4648997067,0.0944670605,0.2902372235,0.1503960093,0.69305212410000006,0.1041264808,0.1299263125,0.0728950826
AB,9,304,ABIE,LAS,NA,7.7850465269,423.80330269,0.4648997067,0.0944670605,0.2902372235,0.1503960093,0.69305212410000006,0.1041264808,0.1299263125,0.0728950826
AB,9,305,ABIE,MX2,NA,7.7850465269,423.80330269,0.4648997067,0.0944670605,0.2902372235,0.1503960093,0.69305212410000006,0.1041264808,0.1299263125,0.0728950826
AB,9,306,ABIE,MIX,NA,7.7850465269,423.80330269,0.4648997067,0.0944670605,0.2902372235,0.1503960093,0.69305212410000006,0.1041264808,0.1299263125,0.0728950826
AB,9,500,PSEU,MEN,NA,127.45404051,477.87548132,0.5575046425,0.1052622906,0.1829760986,0.1542569683,0.5998681716,0.1124492276,0.1721805735,0.1155020274
AB,9,500,PSEU,MEN,MEN,127.45404051,477.87548132,0.5575046425,0.1052622906,0.1829760986,0.1542569683,0.5998681716,0.1124492276,0.1721805735,0.1155020274
AB,9,500,PSEU,MEN,GLA,127.45404051,477.87548132,0.5575046425,0.1052622906,0.1829760986,0.1542569683,0.5998681716,0.1124492276,0.1721805735,0.1155020274
AB,9,500,PSEU,SPP,NA,127.45404051,477.87548132,0.5575046425,0.1052622906,0.1829760986,0.1542569683,0.5998681716,0.1124492276,0.1721805735,0.1155020274
AB,9,600,LARI,SPP,NA,1.6808347273,199.53544906,0.5630947078,0.1148923377,0.2179020435,0.104110911,0.7194828785,0.1177158852,0.1220728201,0.0407284162
AB,9,601,LARI,DEC,NA,1.6808347273,199.53544906,0.5630947078,0.1148923377,0.2179020435,0.104110911,0.7194828785,0.1177158852,0.1220728201,0.0407284162
AB,9,602,LARI,LAR,NA,1.6808347273,199.53544906,0.5630947078,0.1148923377,0.2179020435,0.104110911,0.7194828785,0.1177158852,0.1220728201,0.0407284162
AB,9,603,LARI,OCC,NA,3.8575573987,795.06432589,0.7311041237,0.0810267988,0.1098500054,0.0780190722,0.7679116859,0.1120141347,0.0799389614,0.0401352179
AB,9,604,LARI,LYA,NA,1.6808347273,199.53544906,0.5630947078,0.1148923377,0.2179020435,0.104110911,0.7194828785,0.1177158852,0.1220728201,0.0407284162
AB,9,1150,UNKN,SPP,NA,0.5250358107,658.35024885,0.6372984137,0.1120386886,0.1200788615,0.1305840362,0.8076745157,0.0811992483,0.0763556441,0.0347705918
AB,9,1200,POPU,SPP,NA,0.6614660513,802.89670489,0.696537797,0.205117098,0.0497082564,0.0486368485,0.7614503305,0.1200898182,0.0869329563,0.0315268951
AB,9,1201,POPU,TRE,NA,0.6614660513,802.89670489,0.696537797,0.205117098,0.0497082564,0.0486368485,0.7614503305,0.1200898182,0.0869329563,0.0315268951
AB,9,1203,POPU,BAL,NA,1.1074390007,504.07910798,0.6898017069,0.1014740848,0.0817227293,0.127001479,0.7466255151,0.103078829,0.1127402349,0.0375554211
AB,9,1203,POPU,BAL,BAL,1.1074390007,504.07910798,0.6898017069,0.1014740848,0.0817227293,0.127001479,0.7466255151,0.103078829,0.1127402349,0.0375554211
AB,9,1204,POPU,TRI,NA,1.1074390007,504.07910798,0.6898017069,0.1014740848,0.0817227293,0.127001479,0.7466255151,0.103078829,0.1127402349,0.0375554211
AB,9,1205,POPU,DEL,NA,1.1074390007,504.07910798,0.6898017069,0.1014740848,0.0817227293,0.127001479,0.7466255151,0.103078829,0.1127402349,0.0375554211
AB,9,1205,POPU,DEL,DEL,1.1074390007,504.07910798,0.6898017069,0.1014740848,0.0817227293,0.127001479,0.7466255151,0.103078829,0.1127402349,0.0375554211
AB,9,1214,POPU,AGU,NA,1.1074390007,504.07910798,0.6898017069,0.1014740848,0.0817227293,0.127001479,0.7466255151,0.103078829,0.1127402349,0.0375554211
AB,9,1303,BETU,PAP,NA,20.683976979,154.94678445,0.6987888216,0.1296315941,0.1347381619,0.0368414223,0.7068045777,0.1133610101,0.1278766548,0.0519577573
AB,9,1303,BETU,PAP,PAP,20.683976979,154.94678445,0.6987888216,0.1296315941,0.1347381619,0.0368414223,0.7068045777,0.1133610101,0.1278766548,0.0519577573
AB,9,1404,ACER,NEG,NA,20.683976979,154.94678445,0.6987888216,0.1296315941,0.1347381619,0.0368414223,0.7068045777,0.1133610101,0.1278766548,0.0519577573
AB,9,1500,GENH,SPP,NA,20.683976979,154.94678445,0.6987888216,0.1296315941,0.1347381619,0.0368414223,0.7068045777,0.1133610101,0.1278766548,0.0519577573
AB,9,1550,GENH,SPP,NA,20.683976979,154.94678445,0.6987888216,0.1296315941,0.1347381619,0.0368414223,0.7068045777,0.1133610101,0.1278766548,0.0519577573
AB,9,3500,SALI,SPP,NA,0.28,496.33000001,0.7085357217,0.1025737024,0.0898738425,0.0990167334,0.7075142464,0.0681200532,0.2059357898,0.0184299106
AB,9,3508,SALI,DIS,NA,0.28,496.33000001,0.7085357217,0.1025737024,0.0898738425,0.0990167334,0.7075142464,0.0681200532,0.2059357898,0.0184299106
AB,10,100,PICE,SPP,NA,7.6630926566,658.35024885,0.4497097243,0.0747312508,0.2039357582,0.2716232667,0.7594824475,0.1135363871,0.0866798942,0.0403012713
AB,10,101,PICE,MAR,NA,0.7689271919,392.98012476,0.5515335214,0.1187320224,0.1378277389,0.1919067173,0.7572216262,0.0904216285,0.093493663,0.0588630823
AB,10,104,PICE,ENG,NA,7.6630926566,658.35024885,0.4497097243,0.0747312508,0.2039357582,0.2716232667,0.7594824475,0.1135363871,0.0866798942,0.0403012713
AB,10,104,PICE,ENG,GLA,7.6630926566,658.35024885,0.4497097243,0.0747312508,0.2039357582,0.2716232667,0.7594824475,0.1135363871,0.0866798942,0.0403012713
AB,10,105,PICE,GLA,NA,7.6630926566,658.35024885,0.4497097243,0.0747312508,0.2039357582,0.2716232667,0.7594824475,0.1135363871,0.0866798942,0.0403012713
AB,10,200,PINU,SPP,NA,0.6332421665,643.08305851,0.7083260161,0.1030812211,0.0994047589,0.0891880039,0.8269853488,0.0748230702,0.0693619153,0.0288296657
AB,10,203,PINU,BAN,NA,0.5250358107,228.61569283,0.6956459972,0.1100579545,0.0915889314,0.102707117,0.8264451101,0.0686281339,0.0696890265,0.0352377295
AB,10,204,PINU,CON,NA,0.6332421665,643.08305851,0.7083260161,0.1030812211,0.0994047589,0.0891880039,0.8269853488,0.0748230702,0.0693619153,0.0288296657
AB,10,204,PINU,CON,LAT,0.6332421665,643.08305851,0.7083260161,0.1030812211,0.0994047589,0.0891880039,0.8269853488,0.0748230702,0.0693619153,0.0288296657
AB,10,213,PINU,FLE,NA,4.3107879824,377.89513718,0.7047488996,0.1092339228,0.0904106209,0.0956065568,0.7439867515,0.077923623,0.1073246481,0.0707649774
AB,10,216,PINU,MUR,NA,0.5250358107,643.08305851,0.7091114397,0.1048052881,0.0972959933,0.0887872789,0.8254939937,0.0751885839,0.0699281357,0.0293892867
AB,10,300,ABIE,SPP,NA,7.7850465269,423.80330269,0.4648997067,0.0944670605,0.2902372235,0.1503960093,0.69305212410000006,0.1041264808,0.1299263125,0.0728950826
AB,10,302,ABIE,BAL,NA,7.7850465269,423.80330269,0.4648997067,0.0944670605,0.2902372235,0.1503960093,0.69305212410000006,0.1041264808,0.1299263125,0.0728950826
AB,10,304,ABIE,LAS,NA,7.7850465269,423.80330269,0.4648997067,0.0944670605,0.2902372235,0.1503960093,0.69305212410000006,0.1041264808,0.1299263125,0.0728950826
AB,10,500,PSEU,MEN,NA,127.45404051,477.87548132,0.5575046425,0.1052622906,0.1829760986,0.1542569683,0.5998681716,0.1124492276,0.1721805735,0.1155020274
AB,10,500,PSEU,MEN,MEN,127.45404051,477.87548132,0.5575046425,0.1052622906,0.1829760986,0.1542569683,0.5998681716,0.1124492276,0.1721805735,0.1155020274
AB,10,500,PSEU,MEN,GLA,127.45404051,477.87548132,0.5575046425,0.1052622906,0.1829760986,0.1542569683,0.5998681716,0.1124492276,0.1721805735,0.1155020274
AB,10,500,PSEU,SPP,NA,127.45404051,477.87548132,0.5575046425,0.1052622906,0.1829760986,0.1542569683,0.5998681716,0.1124492276,0.1721805735,0.1155020274
AB,10,600,LARI,SPP,NA,1.6808347273,199.53544906,0.5630947078,0.1148923377,0.2179020435,0.104110911,0.7194828785,0.1177158852,0.1220728201,0.0407284162
AB,10,602,LARI,LAR,NA,1.6808347273,199.53544906,0.5630947078,0.1148923377,0.2179020435,0.104110911,0.7194828785,0.1177158852,0.1220728201,0.0407284162
AB,10,604,LARI,LYA,NA,1.6808347273,199.53544906,0.5630947078,0.1148923377,0.2179020435,0.104110911,0.7194828785,0.1177158852,0.1220728201,0.0407284162
AB,10,1150,UNKN,SPP,NA,0.5250358107,658.35024885,0.6372984137,0.1120386886,0.1200788615,0.1305840362,0.8076745157,0.0811992483,0.0763556441,0.0347705918
AB,10,1200,POPU,SPP,NA,0.6614660513,802.89670489,0.696537797,0.205117098,0.0497082564,0.0486368485,0.7614503305,0.1200898182,0.0869329563,0.0315268951
AB,10,1201,POPU,TRE,NA,0.6614660513,802.89670489,0.696537797,0.205117098,0.0497082564,0.0486368485,0.7614503305,0.1200898182,0.0869329563,0.0315268951
AB,10,1203,POPU,BAL,NA,1.1074390007,504.07910798,0.6898017069,0.1014740848,0.0817227293,0.127001479,0.7466255151,0.103078829,0.1127402349,0.0375554211
AB,10,1203,POPU,BAL,BAL,1.1074390007,504.07910798,0.6898017069,0.1014740848,0.0817227293,0.127001479,0.7466255151,0.103078829,0.1127402349,0.0375554211
AB,10,1204,POPU,TRI,NA,1.1074390007,504.07910798,0.6898017069,0.1014740848,0.0817227293,0.127001479,0.7466255151,0.103078829,0.1127402349,0.0375554211
AB,10,1205,POPU,DEL,NA,1.1074390007,504.07910798,0.6898017069,0.1014740848,0.0817227293,0.127001479,0.7466255151,0.103078829,0.1127402349,0.0375554211
AB,10,1205,POPU,DEL,DEL,1.1074390007,504.07910798,0.6898017069,0.1014740848,0.0817227293,0.127001479,0.7466255151,0.103078829,0.1127402349,0.0375554211
AB,10,1214,POPU,AGU,NA,1.1074390007,504.07910798,0.6898017069,0.1014740848,0.0817227293,0.127001479,0.7466255151,0.103078829,0.1127402349,0.0375554211
AB,10,1303,BETU,PAP,NA,20.683976979,154.94678445,0.6987888216,0.1296315941,0.1347381619,0.0368414223,0.7068045777,0.1133610101,0.1278766548,0.0519577573
AB,10,1303,BETU,PAP,PAP,20.683976979,154.94678445,0.6987888216,0.1296315941,0.1347381619,0.0368414223,0.7068045777,0.1133610101,0.1278766548,0.0519577573
AB,10,1404,ACER,NEG,NA,0.44,509.09,0.6643514013,0.102403013,0.1604421511,0.0728034346,0.6792775126,0.0730728998,0.233753558,0.0138960297
AB,10,1550,GENH,SPP,NA,20.683976979,154.94678445,0.6987888216,0.1296315941,0.1347381619,0.0368414223,0.7068045777,0.1133610101,0.1278766548,0.0519577573
AB,10,3500,SALI,SPP,NA,0.28,496.33000001,0.7085357217,0.1025737024,0.0898738425,0.0990167334,0.7075142464,0.0681200532,0.2059357898,0.0184299106
AB,10,3508,SALI,DIS,NA,0.28,496.33000001,0.7085357217,0.1025737024,0.0898738425,0.0990167334,0.7075142464,0.0681200532,0.2059357898,0.0184299106
AB,14,100,PICE,SPP,NA,163.85792013,588.99654381,0.6381846746,0.0999094909,0.1580222259,0.1038836086,0.6209679345,0.0752629566,0.2025878251,0.1011812838
AB,14,101,PICE,MAR,NA,0.7689271919,392.98012476,0.5515335214,0.1187320224,0.1378277389,0.1919067173,0.7572216262,0.0904216285,0.093493663,0.0588630823
AB,14,104,PICE,ENG,NA,163.85792013,588.99654381,0.6381846746,0.0999094909,0.1580222259,0.1038836086,0.6209679345,0.0752629566,0.2025878251,0.1011812838
AB,14,104,PICE,ENG,GLA,163.85792013,588.99654381,0.6381846746,0.0999094909,0.1580222259,0.1038836086,0.6209679345,0.0752629566,0.2025878251,0.1011812838
AB,14,105,PICE,GLA,NA,163.85792013,588.99654381,0.6381846746,0.0999094909,0.1580222259,0.1038836086,0.6209679345,0.0752629566,0.2025878251,0.1011812838
AB,14,109,PICE,SPP,NA,163.85792013,588.99654381,0.6381846746,0.0999094909,0.1580222259,0.1038836086,0.6209679345,0.0752629566,0.2025878251,0.1011812838
AB,14,200,PINU,SPP,NA,4.3107879824,377.89513718,0.7047488996,0.1092339228,0.0904106209,0.0956065568,0.7439867515,0.077923623,0.1073246481,0.0707649774
AB,14,201,PINU,MON,NA,1.9154691959,1372.9671369,0.3896194648,0.0886157169,0.2881516446,0.2336131737,0.7339775693,0.0894069433,0.1227671188,0.0538483686
AB,14,203,PINU,BAN,NA,4.3107879824,377.89513718,0.7047488996,0.1092339228,0.0904106209,0.0956065568,0.7439867515,0.077923623,0.1073246481,0.0707649774
AB,14,204,PINU,CON,NA,4.3107879824,377.89513718,0.7047488996,0.1092339228,0.0904106209,0.0956065568,0.7439867515,0.077923623,0.1073246481,0.0707649774
AB,14,204,PINU,CON,LAT,4.3107879824,377.89513718,0.7047488996,0.1092339228,0.0904106209,0.0956065568,0.7439867515,0.077923623,0.1073246481,0.0707649774
AB,14,206,PINU,ALB,NA,4.3107879824,377.89513718,0.7047488996,0.1092339228,0.0904106209,0.0956065568,0.7439867515,0.077923623,0.1073246481,0.0707649774
AB,14,213,PINU,FLE,NA,4.3107879824,377.89513718,0.7047488996,0.1092339228,0.0904106209,0.0956065568,0.7439867515,0.077923623,0.1073246481,0.0707649774
AB,14,216,PINU,MUR,NA,4.3107879824,377.89513718,0.7047488996,0.1092339228,0.0904106209,0.0956065568,0.7439867515,0.077923623,0.1073246481,0.0707649774
AB,14,217,PINU,ALB,FLE,4.3107879824,377.89513718,0.7047488996,0.1092339228,0.0904106209,0.0956065568,0.7439867515,0.077923623,0.1073246481,0.0707649774
AB,14,300,ABIE,SPP,NA,7.7850465269,423.80330269,0.4648997067,0.0944670605,0.2902372235,0.1503960093,0.69305212410000006,0.1041264808,0.1299263125,0.0728950826
AB,14,302,ABIE,BAL,NA,7.7850465269,423.80330269,0.4648997067,0.0944670605,0.2902372235,0.1503960093,0.69305212410000006,0.1041264808,0.1299263125,0.0728950826
AB,14,304,ABIE,LAS,NA,7.7850465269,423.80330269,0.4648997067,0.0944670605,0.2902372235,0.1503960093,0.69305212410000006,0.1041264808,0.1299263125,0.0728950826
AB,14,306,ABIE,MIX,NA,7.7850465269,423.80330269,0.4648997067,0.0944670605,0.2902372235,0.1503960093,0.69305212410000006,0.1041264808,0.1299263125,0.0728950826
AB,14,402,TSUG,HET,NA,1.496850572,1817.9597785,0.4256734924,0.0792781509,0.2545049684,0.2405433884,0.7378201105,0.1161243919,0.1106654627,0.0353900349
AB,14,500,PSEU,MEN,NA,127.45404051,477.87548132,0.5575046425,0.1052622906,0.1829760986,0.1542569683,0.5998681716,0.1124492276,0.1721805735,0.1155020274
AB,14,500,PSEU,MEN,MEN,127.45404051,477.87548132,0.5575046425,0.1052622906,0.1829760986,0.1542569683,0.5998681716,0.1124492276,0.1721805735,0.1155020274
AB,14,500,PSEU,MEN,GLA,127.45404051,477.87548132,0.5575046425,0.1052622906,0.1829760986,0.1542569683,0.5998681716,0.1124492276,0.1721805735,0.1155020274
AB,14,500,PSEU,SPP,NA,127.45404051,477.87548132,0.5575046425,0.1052622906,0.1829760986,0.1542569683,0.5998681716,0.1124492276,0.1721805735,0.1155020274
AB,14,600,LARI,SPP,NA,1.6808347273,199.53544906,0.5630947078,0.1148923377,0.2179020435,0.104110911,0.7194828785,0.1177158852,0.1220728201,0.0407284162
AB,14,602,LARI,LAR,NA,1.6808347273,199.53544906,0.5630947078,0.1148923377,0.2179020435,0.104110911,0.7194828785,0.1177158852,0.1220728201,0.0407284162
AB,14,603,LARI,OCC,NA,3.8575573987,795.06432589,0.7311041237,0.0810267988,0.1098500054,0.0780190722,0.7679116859,0.1120141347,0.0799389614,0.0401352179
AB,14,604,LARI,LYA,NA,1.6808347273,199.53544906,0.5630947078,0.1148923377,0.2179020435,0.104110911,0.7194828785,0.1177158852,0.1220728201,0.0407284162
AB,14,702,THUJ,PLI,NA,1.3181566031,2960.5389074,0.4595805103,0.1272930258,0.2312150765,0.1819113875,0.7273314268,0.1109250187,0.1219009596,0.0398425949
AB,14,1150,UNKN,SPP,NA,4.3107879824,588.99654381,0.7813914443,0.1134858873,0.0381382297,0.0669844386,0.5808349788,0.0892121878,0.2185957692,0.1113570642
AB,14,1200,POPU,SPP,NA,20.351362191,343.34153688,0.7127720855,0.1523610373,0.092292313,0.0425745642,0.7001031594,0.1500153468,0.1275281008,0.022353393
AB,14,1201,POPU,TRE,NA,20.351362191,343.34153688,0.7127720855,0.1523610373,0.092292313,0.0425745642,0.7001031594,0.1500153468,0.1275281008,0.022353393
AB,14,1203,POPU,BAL,NA,1.1074390007,504.07910798,0.6898017069,0.1014740848,0.0817227293,0.127001479,0.7466255151,0.103078829,0.1127402349,0.0375554211
AB,14,1203,POPU,BAL,BAL,1.1074390007,504.07910798,0.6898017069,0.1014740848,0.0817227293,0.127001479,0.7466255151,0.103078829,0.1127402349,0.0375554211
AB,14,1204,POPU,TRI,NA,1.1074390007,504.07910798,0.6898017069,0.1014740848,0.0817227293,0.127001479,0.7466255151,0.103078829,0.1127402349,0.0375554211
AB,14,1205,POPU,DEL,NA,1.1074390007,504.07910798,0.6898017069,0.1014740848,0.0817227293,0.127001479,0.7466255151,0.103078829,0.1127402349,0.0375554211
AB,14,1205,POPU,DEL,DEL,1.1074390007,504.07910798,0.6898017069,0.1014740848,0.0817227293,0.127001479,0.7466255151,0.103078829,0.1127402349,0.0375554211
AB,14,1214,POPU,AGU,NA,1.1074390007,504.07910798,0.6898017069,0.1014740848,0.0817227293,0.127001479,0.7466255151,0.103078829,0.1127402349,0.0375554211
AB,14,1303,BETU,PAP,NA,20.683976979,154.94678445,0.6987888216,0.1296315941,0.1347381619,0.0368414223,0.7068045777,0.1133610101,0.1278766548,0.0519577573
AB,14,1303,BETU,PAP,PAP,20.683976979,154.94678445,0.6987888216,0.1296315941,0.1347381619,0.0368414223,0.7068045777,0.1133610101,0.1278766548,0.0519577573
AB,14,1404,ACER,NEG,NA,20.683976979,154.94678445,0.6987888216,0.1296315941,0.1347381619,0.0368414223,0.7068045777,0.1133610101,0.1278766548,0.0519577573
AB,14,1550,GENH,SPP,NA,20.683976979,154.94678445,0.6987888216,0.1296315941,0.1347381619,0.0368414223,0.7068045777,0.1133610101,0.1278766548,0.0519577573
AB,14,3500,SALI,SPP,NA,3.4102282844,187.50573097,0.6519375056,0.1570010113,0.1166431046,0.0744183785,0.6947197468,0.1288055722,0.1143429254,0.0621317555
BC,4,100,PICE,SPP,NA,0.3016295102,762.59457018,0.6909125101,0.1276179303,0.0654884664,0.1159810932,0.8228101311,0.0923000102,0.0297169856,0.0551728731
BC,4,101,PICE,MAR,NA,3.2505378507,257.35412127,0.7178285453,0.1259227119,0.0655905511,0.0906581917,0.7650102664,0.1056506897,0.0776212898,0.0517177541
BC,4,104,PICE,ENG,NA,0.3016295102,762.59457018,0.6909125101,0.1276179303,0.0654884664,0.1159810932,0.8228101311,0.0923000102,0.0297169856,0.0551728731
BC,4,104,PICE,ENG,GLA,0.3016295102,762.59457018,0.6909125101,0.1276179303,0.0654884664,0.1159810932,0.8228101311,0.0923000102,0.0297169856,0.0551728731
BC,4,105,PICE,GLA,NA,0.3016295102,762.59457018,0.6909125101,0.1276179303,0.0654884664,0.1159810932,0.8228101311,0.0923000102,0.0297169856,0.0551728731
BC,4,111,PICE,LUT,X,0.3016295102,762.59457018,0.6909125101,0.1276179303,0.0654884664,0.1159810932,0.8228101311,0.0923000102,0.0297169856,0.0551728731
BC,4,111,PICE,LUT,NA,0.3016295102,762.59457018,0.6909125101,0.1276179303,0.0654884664,0.1159810932,0.8228101311,0.0923000102,0.0297169856,0.0551728731
BC,4,200,PINU,SPP,NA,0.8320480537,568.79515544,0.6795064665,0.1102607445,0.0960957178,0.1141370712,0.8261383666,0.0839110843,0.0566343195,0.0333162297
BC,4,203,PINU,BAN,NA,0.8320480537,568.79515544,0.6795064665,0.1102607445,0.0960957178,0.1141370712,0.8261383666,0.0839110843,0.0566343195,0.0333162297
BC,4,204,PINU,CON,NA,0.8320480537,568.79515544,0.6795064665,0.1102607445,0.0960957178,0.1141370712,0.8261383666,0.0839110843,0.0566343195,0.0333162297
BC,4,204,PINU,CON,LAT,0.8320480537,568.79515544,0.6795064665,0.1102607445,0.0960957178,0.1141370712,0.8261383666,0.0839110843,0.0566343195,0.0333162297
BC,4,206,PINU,ALB,NA,0.8977329502,529.17971886,0.2874372132,0.0580183024,0.3544252575,0.3001192269,0.7099012859,0.083300617,0.1357379565,0.0710601406
BC,4,208,PINU,PON,NA,7.7834879581,831.22503028,0.5251235698,0.0822707703,0.2347590916,0.1578465684,0.7911045912,0.0617751112,0.0982852134,0.0488350842
BC,4,213,PINU,FLE,NA,0.8977329502,529.17971886,0.2874372132,0.0580183024,0.3544252575,0.3001192269,0.7099012859,0.083300617,0.1357379565,0.0710601406
BC,4,300,ABIE,SPP,NA,39.646446160000004,266.2594042,0.5605496006,0.1055213569,0.1891416398,0.1447874027,0.6970450492,0.1102213409,0.119587522,0.073146088
BC,4,301,ABIE,AMA,NA,39.646446160000004,266.2594042,0.5605496006,0.1055213569,0.1891416398,0.1447874027,0.6970450492,0.1102213409,0.119587522,0.073146088
BC,4,302,ABIE,BAL,NA,39.646446160000004,266.2594042,0.5605496006,0.1055213569,0.1891416398,0.1447874027,0.6970450492,0.1102213409,0.119587522,0.073146088
BC,4,304,ABIE,LAS,NA,39.646446160000004,266.2594042,0.5605496006,0.1055213569,0.1891416398,0.1447874027,0.6970450492,0.1102213409,0.119587522,0.073146088
BC,4,308,ABIE,BIF,NA,39.646446160000004,266.2594042,0.5605496006,0.1055213569,0.1891416398,0.1447874027,0.6970450492,0.1102213409,0.119587522,0.073146088
BC,4,400,TSUG,SPP,NA,0.7886119383,1390.6147969,0.391207739,0.0769137963,0.2689335856,0.2629448791,0.7647853955,0.1249182211,0.0896207549,0.0206756285
BC,4,402,TSUG,HET,NA,0.7886119383,1390.6147969,0.391207739,0.0769137963,0.2689335856,0.2629448791,0.7647853955,0.1249182211,0.0896207549,0.0206756285
BC,4,403,TSUG,MER,NA,0.7886119383,1390.6147969,0.391207739,0.0769137963,0.2689335856,0.2629448791,0.7647853955,0.1249182211,0.0896207549,0.0206756285
BC,4,404,TSUG,MER,HET,0.7886119383,1390.6147969,0.391207739,0.0769137963,0.2689335856,0.2629448791,0.7647853955,0.1249182211,0.0896207549,0.0206756285
BC,4,500,PSEU,MEN,NA,0.590985695,1855.6885895,0.453281512,0.0999775523,0.2202529262,0.2264880095,0.6928748801,0.1158167529,0.1338270261,0.057481341
BC,4,500,PSEU,MEN,MEN,0.590985695,1855.6885895,0.453281512,0.0999775523,0.2202529262,0.2264880095,0.6928748801,0.1158167529,0.1338270261,0.057481341
BC,4,500,PSEU,MEN,GLA,0.590985695,1855.6885895,0.453281512,0.0999775523,0.2202529262,0.2264880095,0.6928748801,0.1158167529,0.1338270261,0.057481341
BC,4,500,PSEU,SPP,NA,0.590985695,1855.6885895,0.453281512,0.0999775523,0.2202529262,0.2264880095,0.6928748801,0.1158167529,0.1338270261,0.057481341
BC,4,600,LARI,SPP,NA,0.5056732563,72.27241858,0.723168598,0.1268078805,0.0810362059,0.0689873156,0.7546140207,0.0917589991,0.1057982794,0.0478287007
BC,4,602,LARI,LAR,NA,0.5056732563,72.27241858,0.723168598,0.1268078805,0.0810362059,0.0689873156,0.7546140207,0.0917589991,0.1057982794,0.0478287007
BC,4,603,LARI,OCC,NA,0.5056732563,72.27241858,0.723168598,0.1268078805,0.0810362059,0.0689873156,0.7546140207,0.0917589991,0.1057982794,0.0478287007
BC,4,604,LARI,LYA,NA,0.5056732563,72.27241858,0.723168598,0.1268078805,0.0810362059,0.0689873156,0.7546140207,0.0917589991,0.1057982794,0.0478287007
BC,4,700,THUJ,SPP,NA,1.331883172,2571.7093279,0.4092496985,0.1242683134,0.2352026998,0.2312792882,0.7121581828,0.1336935948,0.1231379323,0.0310102901
BC,4,702,THUJ,PLI,NA,1.331883172,2571.7093279,0.4092496985,0.1242683134,0.2352026998,0.2312792882,0.7121581828,0.1336935948,0.1231379323,0.0310102901
BC,4,901,TAXU,BRE,NA,1.331883172,2571.7093279,0.4092496985,0.1242683134,0.2352026998,0.2312792882,0.7121581828,0.1336935948,0.1231379323,0.0310102901
BC,4,1100,GENC,SPP,NA,0.3016295102,762.59457018,0.6909125101,0.1276179303,0.0654884664,0.1159810932,0.8228101311,0.0923000102,0.0297169856,0.0551728731
BC,4,1200,POPU,SPP,NA,0.2423893632,804.52699911,0.7094235469,0.1721938383,0.0582662847,0.0601163302,0.7966552815,0.1415753609,0.0424050574,0.0193643001
BC,4,1201,POPU,TRE,NA,0.2423893632,804.52699911,0.7094235469,0.1721938383,0.0582662847,0.0601163302,0.7966552815,0.1415753609,0.0424050574,0.0193643001
BC,4,1203,POPU,BAL,NA,0.448162852,1054.2821665,0.6579019102,0.1886923575,0.1059643619,0.0474413704,0.8026693731,0.1239772717,0.0568296938,0.0165236614
BC,4,1203,POPU,BAL,BAL,0.448162852,1054.2821665,0.6579019102,0.1886923575,0.1059643619,0.0474413704,0.8026693731,0.1239772717,0.0568296938,0.0165236614
BC,4,1204,POPU,TRI,NA,0.448162852,1054.2821665,0.6579019102,0.1886923575,0.1059643619,0.0474413704,0.8026693731,0.1239772717,0.0568296938,0.0165236614
BC,4,1300,BETU,SPP,NA,0.2562779611,454.14807021,0.6910425135,0.1335827996,0.1102185762,0.0651561106,0.7726040661,0.1269620359,0.0770624666,0.0233714313
BC,4,1303,BETU,PAP,NA,0.2562779611,454.14807021,0.6910425135,0.1335827996,0.1102185762,0.0651561106,0.7726040661,0.1269620359,0.0770624666,0.0233714313
BC,4,1303,BETU,PAP,PAP,0.2562779611,454.14807021,0.6910425135,0.1335827996,0.1102185762,0.0651561106,0.7726040661,0.1269620359,0.0770624666,0.0233714313
BC,4,1305,BETU,ALA,NA,0.2562779611,454.14807021,0.6910425135,0.1335827996,0.1102185762,0.0651561106,0.7726040661,0.1269620359,0.0770624666,0.0233714313
BC,4,1305,BETU,NEO,NA,0.2562779611,454.14807021,0.6910425135,0.1335827996,0.1102185762,0.0651561106,0.7726040661,0.1269620359,0.0770624666,0.0233714313
BC,4,1308,BETU,PAP,NEO,0.2562779611,454.14807021,0.6910425135,0.1335827996,0.1102185762,0.0651561106,0.7726040661,0.1269620359,0.0770624666,0.0233714313
BC,4,1314,BETU,OCC,NA,0.2562779611,454.14807021,0.6910425135,0.1335827996,0.1102185762,0.0651561106,0.7726040661,0.1269620359,0.0770624666,0.0233714313
BC,4,1400,ACER,SPP,NA,49.422860597,1286.0246106,0.6291456523,0.1281471674,0.1912704987,0.0514366816,0.7495721417,0.1281560744,0.1039496526,0.0183221313
BC,4,1403,ACER,MAC,NA,49.422860597,1286.0246106,0.6291456523,0.1281471674,0.1912704987,0.0514366816,0.7495721417,0.1281560744,0.1039496526,0.0183221313
BC,4,1420,ACER,CIR,NA,49.422860597,1286.0246106,0.6291456523,0.1281471674,0.1912704987,0.0514366816,0.7495721417,0.1281560744,0.1039496526,0.0183221313
BC,4,1500,GENH,SPP,NA,5.8079031274,1074.6115577,0.511308511,0.0972086943,0.2447476875,0.1467351071,0.7174257901,0.1171238049,0.1282696076,0.0371807974
BC,4,1800,ALNU,SPP,NA,5.8079031274,1074.6115577,0.511308511,0.0972086943,0.2447476875,0.1467351071,0.7174257901,0.1171238049,0.1282696076,0.0371807974
BC,4,1802,ALNU,RUB,NA,5.8079031274,1074.6115577,0.511308511,0.0972086943,0.2447476875,0.1467351071,0.7174257901,0.1171238049,0.1282696076,0.0371807974
BC,4,2100,QUER,SPP,NA,49.422860597,1286.0246106,0.6291456523,0.1281471674,0.1912704987,0.0514366816,0.7495721417,0.1281560744,0.1039496526,0.0183221313
BC,4,2803,PRUN,EMA,NA,5.8079031274,1074.6115577,0.511308511,0.0972086943,0.2447476875,0.1467351071,0.7174257901,0.1171238049,0.1282696076,0.0371807974
BC,4,3930,MALU,COR,NA,5.8079031274,1074.6115577,0.511308511,0.0972086943,0.2447476875,0.1467351071,0.7174257901,0.1171238049,0.1282696076,0.0371807974
BC,4,3930,MALU,FUS,NA,5.8079031274,1074.6115577,0.511308511,0.0972086943,0.2447476875,0.1467351071,0.7174257901,0.1171238049,0.1282696076,0.0371807974
BC,4,3930,MALU,SPP,NA,5.8079031274,1074.6115577,0.511308511,0.0972086943,0.2447476875,0.1467351071,0.7174257901,0.1171238049,0.1282696076,0.0371807974
BC,9,100,PICE,SPP,NA,57.505530912,398.34442386,0.671087356,0.0834306376,0.149395252,0.0960867544,0.7198721509,0.1193443853,0.1147190812,0.0460643826
BC,9,101,PICE,MAR,NA,3.0928694189,402.45365206,0.5682959034,0.1354956489,0.1289550713,0.1672533763,0.7357702976,0.0855107277,0.1059713988,0.0727475759
BC,9,104,PICE,ENG,GLA,2.3185330682,762.47661989,0.5272825216,0.0755908384,0.1998881617,0.1972384783,0.8018797636,0.0918761285,0.0714371289,0.034806979
BC,9,104,PICE,ENG,NA,2.3185330682,762.47661989,0.5272825216,0.0755908384,0.1998881617,0.1972384783,0.8018797636,0.0918761285,0.0714371289,0.034806979
BC,9,105,PICE,GLA,NA,2.3185330682,762.47661989,0.5272825216,0.0755908384,0.1998881617,0.1972384783,0.8018797636,0.0918761285,0.0714371289,0.034806979
BC,9,106,PICE,SIT,NA,2.3185330682,762.47661989,0.5272825216,0.0755908384,0.1998881617,0.1972384783,0.8018797636,0.0918761285,0.0714371289,0.034806979
BC,9,106,PICE,SIT,X,2.3185330682,762.47661989,0.5272825216,0.0755908384,0.1998881617,0.1972384783,0.8018797636,0.0918761285,0.0714371289,0.034806979
BC,9,111,PICE,LUT,X,2.3185330682,762.47661989,0.5272825216,0.0755908384,0.1998881617,0.1972384783,0.8018797636,0.0918761285,0.0714371289,0.034806979
BC,9,111,PICE,LUT,NA,2.3185330682,762.47661989,0.5272825216,0.0755908384,0.1998881617,0.1972384783,0.8018797636,0.0918761285,0.0714371289,0.034806979
BC,9,200,PINU,SPP,NA,1.551866345,602.98422592,0.605809995,0.0875728803,0.1598653982,0.1467517265,0.8283220405,0.0829615418,0.0610170864,0.0276993313
BC,9,203,PINU,BAN,NA,1.551866345,602.98422592,0.605809995,0.0875728803,0.1598653982,0.1467517265,0.8283220405,0.0829615418,0.0610170864,0.0276993313
BC,9,204,PINU,CON,NA,1.551866345,602.98422592,0.605809995,0.0875728803,0.1598653982,0.1467517265,0.8283220405,0.0829615418,0.0610170864,0.0276993313
BC,9,204,PINU,CON,LAT,1.551866345,602.98422592,0.605809995,0.0875728803,0.1598653982,0.1467517265,0.8283220405,0.0829615418,0.0610170864,0.0276993313
BC,9,206,PINU,ALB,NA,0.8977329502,529.17971886,0.2874372132,0.0580183024,0.3544252575,0.3001192269,0.7099012859,0.083300617,0.1357379565,0.0710601406
BC,9,208,PINU,PON,NA,7.7834879581,831.22503028,0.5251235698,0.0822707703,0.2347590916,0.1578465684,0.7911045912,0.0617751112,0.0982852134,0.0488350842
BC,9,213,PINU,FLE,NA,0.8977329502,529.17971886,0.2874372132,0.0580183024,0.3544252575,0.3001192269,0.7099012859,0.083300617,0.1357379565,0.0710601406
BC,9,300,ABIE,SPP,NA,39.646446160000004,266.2594042,0.5605496006,0.1055213569,0.1891416398,0.1447874027,0.6970450492,0.1102213409,0.119587522,0.073146088
BC,9,301,ABIE,AMA,NA,39.646446160000004,266.2594042,0.5605496006,0.1055213569,0.1891416398,0.1447874027,0.6970450492,0.1102213409,0.119587522,0.073146088
BC,9,302,ABIE,BAL,NA,39.646446160000004,266.2594042,0.5605496006,0.1055213569,0.1891416398,0.1447874027,0.6970450492,0.1102213409,0.119587522,0.073146088
BC,9,304,ABIE,LAS,NA,39.646446160000004,266.2594042,0.5605496006,0.1055213569,0.1891416398,0.1447874027,0.6970450492,0.1102213409,0.119587522,0.073146088
BC,9,308,ABIE,BIF,NA,39.646446160000004,266.2594042,0.5605496006,0.1055213569,0.1891416398,0.1447874027,0.6970450492,0.1102213409,0.119587522,0.073146088
BC,9,400,TSUG,SPP,NA,0.7886119383,1390.6147969,0.391207739,0.0769137963,0.2689335856,0.2629448791,0.7647853955,0.1249182211,0.0896207549,0.0206756285
BC,9,402,TSUG,HET,NA,0.7886119383,1390.6147969,0.391207739,0.0769137963,0.2689335856,0.2629448791,0.7647853955,0.1249182211,0.0896207549,0.0206756285
BC,9,403,TSUG,MER,NA,0.7886119383,1390.6147969,0.391207739,0.0769137963,0.2689335856,0.2629448791,0.7647853955,0.1249182211,0.0896207549,0.0206756285
BC,9,404,TSUG,MER,HET,0.7886119383,1390.6147969,0.391207739,0.0769137963,0.2689335856,0.2629448791,0.7647853955,0.1249182211,0.0896207549,0.0206756285
BC,9,500,PSEU,MEN,NA,0.590985695,1855.6885895,0.453281512,0.0999775523,0.2202529262,0.2264880095,0.6928748801,0.1158167529,0.1338270261,0.057481341
BC,9,500,PSEU,MEN,MEN,0.590985695,1855.6885895,0.453281512,0.0999775523,0.2202529262,0.2264880095,0.6928748801,0.1158167529,0.1338270261,0.057481341
BC,9,500,PSEU,MEN,GLA,0.590985695,1855.6885895,0.453281512,0.0999775523,0.2202529262,0.2264880095,0.6928748801,0.1158167529,0.1338270261,0.057481341
BC,9,500,PSEU,SPP,NA,0.590985695,1855.6885895,0.453281512,0.0999775523,0.2202529262,0.2264880095,0.6928748801,0.1158167529,0.1338270261,0.057481341
BC,9,600,LARI,SPP,NA,0.5056732563,72.27241858,0.723168598,0.1268078805,0.0810362059,0.0689873156,0.7546140207,0.0917589991,0.1057982794,0.0478287007
BC,9,602,LARI,LAR,NA,0.5056732563,72.27241858,0.723168598,0.1268078805,0.0810362059,0.0689873156,0.7546140207,0.0917589991,0.1057982794,0.0478287007
BC,9,603,LARI,OCC,NA,0.5056732563,72.27241858,0.723168598,0.1268078805,0.0810362059,0.0689873156,0.7546140207,0.0917589991,0.1057982794,0.0478287007
BC,9,604,LARI,LYA,NA,0.5056732563,72.27241858,0.723168598,0.1268078805,0.0810362059,0.0689873156,0.7546140207,0.0917589991,0.1057982794,0.0478287007
BC,9,700,THUJ,SPP,NA,1.331883172,2571.7093279,0.4092496985,0.1242683134,0.2352026998,0.2312792882,0.7121581828,0.1336935948,0.1231379323,0.0310102901
BC,9,702,THUJ,PLI,NA,1.331883172,2571.7093279,0.4092496985,0.1242683134,0.2352026998,0.2312792882,0.7121581828,0.1336935948,0.1231379323,0.0310102901
BC,9,901,TAXU,BRE,NA,1.331883172,2571.7093279,0.4092496985,0.1242683134,0.2352026998,0.2312792882,0.7121581828,0.1336935948,0.1231379323,0.0310102901
BC,9,1100,GENC,SPP,NA,2.3185330682,762.47661989,0.5272825216,0.0755908384,0.1998881617,0.1972384783,0.8018797636,0.0918761285,0.0714371289,0.034806979
BC,9,1200,POPU,SPP,NA,0.0982862974,689.20102504,0.6464433154,0.2116564314,0.0903566987,0.0515435545,0.7746634641,0.1492730636,0.0635577223,0.0125057501
BC,9,1201,POPU,TRE,NA,0.0982862974,689.20102504,0.6464433154,0.2116564314,0.0903566987,0.0515435545,0.7746634641,0.1492730636,0.0635577223,0.0125057501
BC,9,1203,POPU,BAL,NA,2.1147199868,618.40425989,0.673647858,0.2153385355,0.0817037947,0.0293098119,0.7779774523,0.132992792,0.0720277503,0.0170020054
BC,9,1203,POPU,BAL,BAL,2.1147199868,618.40425989,0.673647858,0.2153385355,0.0817037947,0.0293098119,0.7779774523,0.132992792,0.0720277503,0.0170020054
BC,9,1204,POPU,TRI,NA,2.1147199868,618.40425989,0.673647858,0.2153385355,0.0817037947,0.0293098119,0.7779774523,0.132992792,0.0720277503,0.0170020054
BC,9,1300,BETU,SPP,NA,1.4208790707,226.24300731,0.6617205789,0.1495724354,0.1414473652,0.0472596205,0.7012997063,0.1314996007,0.1447679894,0.0224327036
BC,9,1303,BETU,PAP,NA,1.4208790707,226.24300731,0.6617205789,0.1495724354,0.1414473652,0.0472596205,0.7012997063,0.1314996007,0.1447679894,0.0224327036
BC,9,1303,BETU,PAP,PAP,1.4208790707,226.24300731,0.6617205789,0.1495724354,0.1414473652,0.0472596205,0.7012997063,0.1314996007,0.1447679894,0.0224327036
BC,9,1305,BETU,ALA,NA,1.4208790707,226.24300731,0.6617205789,0.1495724354,0.1414473652,0.0472596205,0.7012997063,0.1314996007,0.1447679894,0.0224327036
BC,9,1305,BETU,NEO,NA,1.4208790707,226.24300731,0.6617205789,0.1495724354,0.1414473652,0.0472596205,0.7012997063,0.1314996007,0.1447679894,0.0224327036
BC,9,1308,BETU,PAP,NEO,1.4208790707,226.24300731,0.6617205789,0.1495724354,0.1414473652,0.0472596205,0.7012997063,0.1314996007,0.1447679894,0.0224327036
BC,9,1314,BETU,OCC,NA,1.4208790707,226.24300731,0.6617205789,0.1495724354,0.1414473652,0.0472596205,0.7012997063,0.1314996007,0.1447679894,0.0224327036
BC,9,1400,ACER,SPP,NA,49.422860597,1286.0246106,0.6291456523,0.1281471674,0.1912704987,0.0514366816,0.7495721417,0.1281560744,0.1039496526,0.0183221313
BC,9,1403,ACER,MAC,NA,49.422860597,1286.0246106,0.6291456523,0.1281471674,0.1912704987,0.0514366816,0.7495721417,0.1281560744,0.1039496526,0.0183221313
BC,9,1420,ACER,CIR,NA,49.422860597,1286.0246106,0.6291456523,0.1281471674,0.1912704987,0.0514366816,0.7495721417,0.1281560744,0.1039496526,0.0183221313
BC,9,1500,GENH,SPP,NA,5.8079031274,1074.6115577,0.511308511,0.0972086943,0.2447476875,0.1467351071,0.7174257901,0.1171238049,0.1282696076,0.0371807974
BC,9,1800,ALNU,SPP,NA,5.8079031274,1074.6115577,0.511308511,0.0972086943,0.2447476875,0.1467351071,0.7174257901,0.1171238049,0.1282696076,0.0371807974
BC,9,1802,ALNU,RUB,NA,5.8079031274,1074.6115577,0.511308511,0.0972086943,0.2447476875,0.1467351071,0.7174257901,0.1171238049,0.1282696076,0.0371807974
BC,9,2100,QUER,SPP,NA,49.422860597,1286.0246106,0.6291456523,0.1281471674,0.1912704987,0.0514366816,0.7495721417,0.1281560744,0.1039496526,0.0183221313
BC,9,2803,PRUN,EMA,NA,5.8079031274,1074.6115577,0.511308511,0.0972086943,0.2447476875,0.1467351071,0.7174257901,0.1171238049,0.1282696076,0.0371807974
BC,9,3930,MALU,COR,NA,5.8079031274,1074.6115577,0.511308511,0.0972086943,0.2447476875,0.1467351071,0.7174257901,0.1171238049,0.1282696076,0.0371807974
BC,9,3930,MALU,FUS,NA,5.8079031274,1074.6115577,0.511308511,0.0972086943,0.2447476875,0.1467351071,0.7174257901,0.1171238049,0.1282696076,0.0371807974
BC,9,3930,MALU,SPP,NA,5.8079031274,1074.6115577,0.511308511,0.0972086943,0.2447476875,0.1467351071,0.7174257901,0.1171238049,0.1282696076,0.0371807974
BC,12,100,PICE,SPP,NA,0.3940985821,663.54261911,0.5467425196,0.1143117193,0.1700218485,0.1689239126,0.8138565146,0.089765782,0.062015615,0.0343620884
BC,12,101,PICE,MAR,NA,15.17,172.76,0.6756990834,0.1183558741,0.1124374971,0.0935075454,0.7866216538,0.100806617,0.0643876932,0.048184036
BC,12,104,PICE,ENG,NA,4.255,629.3925,0.3559952735,0.0727202978,0.3352703187,0.23601411,0.6926636855,0.0783282529,0.1544433728,0.0745646888
BC,12,104,PICE,ENG,GLA,4.255,629.3925,0.3559952735,0.0727202978,0.3352703187,0.23601411,0.6926636855,0.0783282529,0.1544433728,0.0745646888
BC,12,105,PICE,GLA,NA,0.3940985821,663.54261911,0.5467425196,0.1143117193,0.1700218485,0.1689239126,0.8138565146,0.089765782,0.062015615,0.0343620884
BC,12,106,PICE,SIT,X,2.7946101169,2605.2795371,0.4898195406,0.0523080535,0.2271085582,0.2307638477,0.7585697646,0.0866855438,0.0662239348,0.0885207569
BC,12,106,PICE,SIT,NA,2.7946101169,2605.2795371,0.4898195406,0.0523080535,0.2271085582,0.2307638477,0.7585697646,0.0866855438,0.0662239348,0.0885207569
BC,12,111,PICE,LUT,X,0.3940985821,663.54261911,0.5467425196,0.1143117193,0.1700218485,0.1689239126,0.8138565146,0.089765782,0.062015615,0.0343620884
BC,12,111,PICE,LUT,NA,0.3940985821,663.54261911,0.5467425196,0.1143117193,0.1700218485,0.1689239126,0.8138565146,0.089765782,0.062015615,0.0343620884
BC,12,200,PINU,SPP,NA,0.1044170628,686.41906881,0.6636355265,0.0970024115,0.1224263659,0.1169356961,0.8474112934,0.0705352421,0.052155972,0.0298974925
BC,12,201,PINU,MON,NA,9.8565857395,754.87387313,0.4070629662,0.089480208,0.2727649934,0.2306918325,0.7299948893,0.0901524601,0.1226390679,0.0572135827
BC,12,203,PINU,BAN,NA,0.1044170628,686.41906881,0.6636355265,0.0970024115,0.1224263659,0.1169356961,0.8474112934,0.0705352421,0.052155972,0.0298974925
BC,12,204,PINU,CON,NA,0.1044170628,686.41906881,0.6636355265,0.0970024115,0.1224263659,0.1169356961,0.8474112934,0.0705352421,0.052155972,0.0298974925
BC,12,204,PINU,CON,LAT,0.1044170628,686.41906881,0.6636355265,0.0970024115,0.1224263659,0.1169356961,0.8474112934,0.0705352421,0.052155972,0.0298974925
BC,12,206,PINU,ALB,NA,0.8977329502,529.17971886,0.2874372132,0.0580183024,0.3544252575,0.3001192269,0.7099012859,0.083300617,0.1357379565,0.0710601406
BC,12,208,PINU,PON,NA,7.7834879581,831.22503028,0.5251235698,0.0822707703,0.2347590916,0.1578465684,0.7911045912,0.0617751112,0.0982852134,0.0488350842
BC,12,213,PINU,FLE,NA,0.8977329502,529.17971886,0.2874372132,0.0580183024,0.3544252575,0.3001192269,0.7099012859,0.083300617,0.1357379565,0.0710601406
BC,12,300,ABIE,SPP,NA,5.7892254889,475.65127586,0.3759984664,0.081129958,0.3233465651,0.2195250106,0.7001738536,0.101889974,0.1260919698,0.0718442026
BC,12,301,ABIE,AMA,NA,5.7892254889,475.65127586,0.3759984664,0.081129958,0.3233465651,0.2195250106,0.7001738536,0.101889974,0.1260919698,0.0718442026
BC,12,302,ABIE,BAL,NA,5.7892254889,475.65127586,0.3759984664,0.081129958,0.3233465651,0.2195250106,0.7001738536,0.101889974,0.1260919698,0.0718442026
BC,12,303,ABIE,GRA,NA,5.7892254889,475.65127586,0.3759984664,0.081129958,0.3233465651,0.2195250106,0.7001738536,0.101889974,0.1260919698,0.0718442026
BC,12,304,ABIE,LAS,NA,5.7892254889,475.65127586,0.3759984664,0.081129958,0.3233465651,0.2195250106,0.7001738536,0.101889974,0.1260919698,0.0718442026
BC,12,308,ABIE,BIF,NA,5.7892254889,475.65127586,0.3759984664,0.081129958,0.3233465651,0.2195250106,0.7001738536,0.101889974,0.1260919698,0.0718442026
BC,12,400,TSUG,SPP,NA,0.4110892199,3462.6745858,0.3594133778,0.0589676388,0.3032056693,0.2784133142,0.8195984966,0.1107739607,0.0551999792,0.0144275634
BC,12,402,TSUG,HET,NA,0.4110892199,3462.6745858,0.3594133778,0.0589676388,0.3032056693,0.2784133142,0.8195984966,0.1107739607,0.0551999792,0.0144275634
BC,12,403,TSUG,MER,NA,7.596250001,1249.0312171,0.4941114144,0.1104146605,0.1652093614,0.2302645637,0.7319557085,0.1132359427,0.091617787,0.0631905617
BC,12,404,TSUG,MER,HET,7.596250001,1249.0312171,0.4941114144,0.1104146605,0.1652093614,0.2302645637,0.7319557085,0.1132359427,0.091617787,0.0631905617
BC,12,500,PSEU,MEN,NA,2.587423538,3057.8851584,0.3913066698,0.0972101087,0.2497066626,0.261776559,0.7778126497,0.1176340748,0.0835503019,0.0210029736
BC,12,500,PSEU,MEN,MEN,2.587423538,3057.8851584,0.3913066698,0.0972101087,0.2497066626,0.261776559,0.7778126497,0.1176340748,0.0835503019,0.0210029736
BC,12,500,PSEU,MEN,GLA,2.587423538,3057.8851584,0.3913066698,0.0972101087,0.2497066626,0.261776559,0.7778126497,0.1176340748,0.0835503019,0.0210029736
BC,12,500,PSEU,SPP,NA,2.587423538,3057.8851584,0.3913066698,0.0972101087,0.2497066626,0.261776559,0.7778126497,0.1176340748,0.0835503019,0.0210029736
BC,12,600,LARI,SPP,NA,3.8575573987,795.06432589,0.7311041237,0.0810267988,0.1098500054,0.0780190722,0.7679116859,0.1120141347,0.0799389614,0.0401352179
BC,12,602,LARI,LAR,NA,3.8575573987,795.06432589,0.7311041237,0.0810267988,0.1098500054,0.0780190722,0.7679116859,0.1120141347,0.0799389614,0.0401352179
BC,12,603,LARI,OCC,NA,3.8575573987,795.06432589,0.7311041237,0.0810267988,0.1098500054,0.0780190722,0.7679116859,0.1120141347,0.0799389614,0.0401352179
BC,12,604,LARI,LYA,NA,3.8575573987,795.06432589,0.7311041237,0.0810267988,0.1098500054,0.0780190722,0.7679116859,0.1120141347,0.0799389614,0.0401352179
BC,12,700,THUJ,SPP,NA,0.8301519702,2434.1113986,0.3477585415,0.120379519,0.2762823677,0.2555795718,0.725533456,0.1470004121,0.09899517,0.0284709619
BC,12,702,THUJ,PLI,NA,0.8301519702,2434.1113986,0.3477585415,0.120379519,0.2762823677,0.2555795718,0.725533456,0.1470004121,0.09899517,0.0284709619
BC,12,901,TAXU,BRE,NA,0.8301519702,2434.1113986,0.3477585415,0.120379519,0.2762823677,0.2555795718,0.725533456,0.1470004121,0.09899517,0.0284709619
BC,12,1000,CHAM,SPP,NA,1.8117325103,1591.0739639,0.1924085266,0.1005960513,0.319471665,0.3875237571,0.7622047959,0.0930131481,0.0884855193,0.0562965367
BC,12,1001,CHAM,NOO,NA,1.8117325103,1591.0739639,0.1924085266,0.1005960513,0.319471665,0.3875237571,0.7622047959,0.0930131481,0.0884855193,0.0562965367
BC,12,1100,GENC,SPP,NA,0.3940985821,663.54261911,0.5467425196,0.1143117193,0.1700218485,0.1689239126,0.8138565146,0.089765782,0.062015615,0.0343620884
BC,12,1200,POPU,SPP,NA,0.2679633214,468.7110875,0.6999277439,0.1493165935,0.1014090809,0.0493465816,0.7990544864,0.1079306042,0.0703063876,0.0227085219
BC,12,1201,POPU,TRE,NA,0.2679633214,468.7110875,0.6999277439,0.1493165935,0.1014090809,0.0493465816,0.7990544864,0.1079306042,0.0703063876,0.0227085219
BC,12,1203,POPU,BAL,NA,44.212989146,335.90564207,0.6455901996,0.153673166,0.1433695631,0.0573670713,0.6982858644,0.1191980899,0.1587718792,0.0237441665
BC,12,1203,POPU,BAL,BAL,44.212989146,335.90564207,0.6455901996,0.153673166,0.1433695631,0.0573670713,0.6982858644,0.1191980899,0.1587718792,0.0237441665
BC,12,1204,POPU,TRI,NA,44.212989146,335.90564207,0.6455901996,0.153673166,0.1433695631,0.0573670713,0.6982858644,0.1191980899,0.1587718792,0.0237441665
BC,12,1300,BETU,SPP,NA,9.0369383864,313.08661895,0.6690223191,0.1275326223,0.1458639195,0.0575811391,0.7392305526,0.1229955499,0.1043715817,0.0334023157
BC,12,1303,BETU,PAP,PAP,9.0369383864,313.08661895,0.6690223191,0.1275326223,0.1458639195,0.0575811391,0.7392305526,0.1229955499,0.1043715817,0.0334023157
BC,12,1303,BETU,PAP,NA,9.0369383864,313.08661895,0.6690223191,0.1275326223,0.1458639195,0.0575811391,0.7392305526,0.1229955499,0.1043715817,0.0334023157
BC,12,1305,BETU,ALA,NA,9.0369383864,313.08661895,0.6690223191,0.1275326223,0.1458639195,0.0575811391,0.7392305526,0.1229955499,0.1043715817,0.0334023157
BC,12,1305,BETU,NEO,NA,9.0369383864,313.08661895,0.6690223191,0.1275326223,0.1458639195,0.0575811391,0.7392305526,0.1229955499,0.1043715817,0.0334023157
BC,12,1308,BETU,PAP,NEO,9.0369383864,313.08661895,0.6690223191,0.1275326223,0.1458639195,0.0575811391,0.7392305526,0.1229955499,0.1043715817,0.0334023157
BC,12,1314,BETU,OCC,NA,9.0369383864,313.08661895,0.6690223191,0.1275326223,0.1458639195,0.0575811391,0.7392305526,0.1229955499,0.1043715817,0.0334023157
BC,12,1400,ACER,SPP,NA,49.422860597,1286.0246106,0.6291456523,0.1281471674,0.1912704987,0.0514366816,0.7495721417,0.1281560744,0.1039496526,0.0183221313
BC,12,1403,ACER,MAC,NA,49.422860597,1286.0246106,0.6291456523,0.1281471674,0.1912704987,0.0514366816,0.7495721417,0.1281560744,0.1039496526,0.0183221313
BC,12,1420,ACER,CIR,NA,49.422860597,1286.0246106,0.6291456523,0.1281471674,0.1912704987,0.0514366816,0.7495721417,0.1281560744,0.1039496526,0.0183221313
BC,12,1500,GENH,SPP,NA,5.8079031274,1074.6115577,0.511308511,0.0972086943,0.2447476875,0.1467351071,0.7174257901,0.1171238049,0.1282696076,0.0371807974
BC,12,1800,ALNU,SPP,NA,5.8079031274,1074.6115577,0.511308511,0.0972086943,0.2447476875,0.1467351071,0.7174257901,0.1171238049,0.1282696076,0.0371807974
BC,12,1802,ALNU,RUB,NA,5.8079031274,1074.6115577,0.511308511,0.0972086943,0.2447476875,0.1467351071,0.7174257901,0.1171238049,0.1282696076,0.0371807974
BC,12,2100,QUER,SPP,NA,49.422860597,1286.0246106,0.6291456523,0.1281471674,0.1912704987,0.0514366816,0.7495721417,0.1281560744,0.1039496526,0.0183221313
BC,12,2803,PRUN,EMA,NA,5.8079031274,1074.6115577,0.511308511,0.0972086943,0.2447476875,0.1467351071,0.7174257901,0.1171238049,0.1282696076,0.0371807974
BC,12,3500,SALI,SPP,NA,3.4102282844,187.50573097,0.6519375056,0.1570010113,0.1166431046,0.0744183785,0.6947197468,0.1288055722,0.1143429254,0.0621317555
BC,12,3930,MALU,COR,NA,5.8079031274,1074.6115577,0.511308511,0.0972086943,0.2447476875,0.1467351071,0.7174257901,0.1171238049,0.1282696076,0.0371807974
BC,12,3930,MALU,FUS,NA,5.8079031274,1074.6115577,0.511308511,0.0972086943,0.2447476875,0.1467351071,0.7174257901,0.1171238049,0.1282696076,0.0371807974
BC,12,3930,MALU,SPP,NA,5.8079031274,1074.6115577,0.511308511,0.0972086943,0.2447476875,0.1467351071,0.7174257901,0.1171238049,0.1282696076,0.0371807974
BC,13,100,PICE,SPP,NA,2.7946101169,2605.2795371,0.4898195406,0.0523080535,0.2271085582,0.2307638477,0.7585697646,0.0866855438,0.0662239348,0.0885207569
BC,13,101,PICE,MAR,NA,8.2904794816,368.4371536,0.6691145868,0.1039600034,0.1072918908,0.119633519,0.7445756978,0.0854597728,0.1080801203,0.0618844091
BC,13,104,PICE,ENG,NA,10.222071266,331.40710256,0.4487332607,0.0730460557,0.2589816311,0.2192390524,0.6354400326,0.082123887,0.1942898937,0.0881461866
BC,13,104,PICE,ENG,GLA,10.222071266,331.40710256,0.4487332607,0.0730460557,0.2589816311,0.2192390524,0.6354400326,0.082123887,0.1942898937,0.0881461866
BC,13,105,PICE,GLA,NA,3.4721823981,2727.8035257,0.4655818338,0.0914136041,0.1999615177,0.2430430443,0.7970253024,0.0797018789,0.0979001578,0.0253726609
BC,13,106,PICE,SIT,NA,2.7946101169,2605.2795371,0.4898195406,0.0523080535,0.2271085582,0.2307638477,0.7585697646,0.0866855438,0.0662239348,0.0885207569
BC,13,106,PICE,SIT,X,2.7946101169,2605.2795371,0.4898195406,0.0523080535,0.2271085582,0.2307638477,0.7585697646,0.0866855438,0.0662239348,0.0885207569
BC,13,111,PICE,LUT,X,3.4721823981,2727.8035257,0.4655818338,0.0914136041,0.1999615177,0.2430430443,0.7970253024,0.0797018789,0.0979001578,0.0253726609
BC,13,111,PICE,LUT,NA,3.4721823981,2727.8035257,0.4655818338,0.0914136041,0.1999615177,0.2430430443,0.7970253024,0.0797018789,0.0979001578,0.0253726609
BC,13,200,PINU,SPP,NA,0.5391876311,1265.7150611,0.5801222899,0.0946010528,0.1796269497,0.1456497075,0.7792476659,0.0764979397,0.0989431912,0.0453112031
BC,13,201,PINU,MON,NA,9.8565857395,754.87387313,0.4070629662,0.089480208,0.2727649934,0.2306918325,0.7299948893,0.0901524601,0.1226390679,0.0572135827
BC,13,203,PINU,BAN,NA,0.5391876311,1265.7150611,0.5801222899,0.0946010528,0.1796269497,0.1456497075,0.7792476659,0.0764979397,0.0989431912,0.0453112031
BC,13,204,PINU,CON,NA,0.5391876311,1265.7150611,0.5801222899,0.0946010528,0.1796269497,0.1456497075,0.7792476659,0.0764979397,0.0989431912,0.0453112031
BC,13,204,PINU,CON,LAT,0.5391876311,1265.7150611,0.5801222899,0.0946010528,0.1796269497,0.1456497075,0.7792476659,0.0764979397,0.0989431912,0.0453112031
BC,13,205,PINU,CON,CON,0.5391876311,1265.7150611,0.5801222899,0.0946010528,0.1796269497,0.1456497075,0.7792476659,0.0764979397,0.0989431912,0.0453112031
BC,13,206,PINU,ALB,NA,0.8977329502,529.17971886,0.2874372132,0.0580183024,0.3544252575,0.3001192269,0.7099012859,0.083300617,0.1357379565,0.0710601406
BC,13,208,PINU,PON,NA,7.7834879581,831.22503028,0.5251235698,0.0822707703,0.2347590916,0.1578465684,0.7911045912,0.0617751112,0.0982852134,0.0488350842
BC,13,213,PINU,FLE,NA,0.8977329502,529.17971886,0.2874372132,0.0580183024,0.3544252575,0.3001192269,0.7099012859,0.083300617,0.1357379565,0.0710601406
BC,13,300,ABIE,SPP,NA,0.7679208622,2097.0636143,0.3907204229,0.0739949278,0.253475865,0.2818087843,0.7406599951,0.1091346813,0.0845057161,0.0656996075
BC,13,301,ABIE,AMA,NA,0.7679208622,2097.0636143,0.3907204229,0.0739949278,0.253475865,0.2818087843,0.7406599951,0.1091346813,0.0845057161,0.0656996075
BC,13,302,ABIE,BAL,NA,4.1843015892,852.11087627,0.473479501,0.0924288979,0.2348086228,0.1992829783,0.6091950669,0.0985826534,0.2093063811,0.0829158986
BC,13,303,ABIE,GRA,NA,169.71002646,1577.2279505,0.5448756026,0.0820019149,0.1863801297,0.1867423528,0.6971703687,0.1138331963,0.1064194425,0.0825769924
BC,13,304,ABIE,LAS,NA,4.1843015892,852.11087627,0.473479501,0.0924288979,0.2348086228,0.1992829783,0.6091950669,0.0985826534,0.2093063811,0.0829158986
BC,13,308,ABIE,BIF,NA,4.1843015892,852.11087627,0.473479501,0.0924288979,0.2348086228,0.1992829783,0.6091950669,0.0985826534,0.2093063811,0.0829158986
BC,13,400,TSUG,SPP,NA,0.4110892199,3462.6745858,0.3594133778,0.0589676388,0.3032056693,0.2784133142,0.8195984966,0.1107739607,0.0551999792,0.0144275634
BC,13,402,TSUG,HET,NA,0.4110892199,3462.6745858,0.3594133778,0.0589676388,0.3032056693,0.2784133142,0.8195984966,0.1107739607,0.0551999792,0.0144275634
BC,13,403,TSUG,MER,NA,7.596250001,1249.0312171,0.4941114144,0.1104146605,0.1652093614,0.2302645637,0.7319557085,0.1132359427,0.091617787,0.0631905617
BC,13,404,TSUG,MER,HET,7.596250001,1249.0312171,0.4941114144,0.1104146605,0.1652093614,0.2302645637,0.7319557085,0.1132359427,0.091617787,0.0631905617
BC,13,500,PSEU,MEN,NA,2.587423538,3057.8851584,0.3913066698,0.0972101087,0.2497066626,0.261776559,0.7778126497,0.1176340748,0.0835503019,0.0210029736
BC,13,500,PSEU,MEN,MEN,2.587423538,3057.8851584,0.3913066698,0.0972101087,0.2497066626,0.261776559,0.7778126497,0.1176340748,0.0835503019,0.0210029736
BC,13,500,PSEU,MEN,GLA,2.587423538,3057.8851584,0.3913066698,0.0972101087,0.2497066626,0.261776559,0.7778126497,0.1176340748,0.0835503019,0.0210029736
BC,13,500,PSEU,SPP,NA,2.587423538,3057.8851584,0.3913066698,0.0972101087,0.2497066626,0.261776559,0.7778126497,0.1176340748,0.0835503019,0.0210029736
BC,13,600,LARI,SPP,NA,3.8575573987,795.06432589,0.7311041237,0.0810267988,0.1098500054,0.0780190722,0.7679116859,0.1120141347,0.0799389614,0.0401352179
BC,13,602,LARI,LAR,NA,3.8575573987,795.06432589,0.7311041237,0.0810267988,0.1098500054,0.0780190722,0.7679116859,0.1120141347,0.0799389614,0.0401352179
BC,13,603,LARI,OCC,NA,3.8575573987,795.06432589,0.7311041237,0.0810267988,0.1098500054,0.0780190722,0.7679116859,0.1120141347,0.0799389614,0.0401352179
BC,13,604,LARI,LYA,NA,3.8575573987,795.06432589,0.7311041237,0.0810267988,0.1098500054,0.0780190722,0.7679116859,0.1120141347,0.0799389614,0.0401352179
BC,13,700,THUJ,SPP,NA,0.8301519702,2434.1113986,0.3477585415,0.120379519,0.2762823677,0.2555795718,0.725533456,0.1470004121,0.09899517,0.0284709619
BC,13,702,THUJ,PLI,NA,0.8301519702,2434.1113986,0.3477585415,0.120379519,0.2762823677,0.2555795718,0.725533456,0.1470004121,0.09899517,0.0284709619
BC,13,901,TAXU,BRE,NA,0.8301519702,2434.1113986,0.3477585415,0.120379519,0.2762823677,0.2555795718,0.725533456,0.1470004121,0.09899517,0.0284709619
BC,13,1000,CHAM,SPP,NA,1.8117325103,1591.0739639,0.1924085266,0.1005960513,0.319471665,0.3875237571,0.7622047959,0.0930131481,0.0884855193,0.0562965367
BC,13,1001,CHAM,NOO,NA,1.8117325103,1591.0739639,0.1924085266,0.1005960513,0.319471665,0.3875237571,0.7622047959,0.0930131481,0.0884855193,0.0562965367
BC,13,1100,GENC,SPP,NA,0.4110892199,3462.6745858,0.3594133778,0.0589676388,0.3032056693,0.2784133142,0.8195984966,0.1107739607,0.0551999792,0.0144275634
BC,13,1200,POPU,SPP,NA,3.5918868305,1725.5685811,0.5579375813,0.2003796754,0.1313101796,0.1103725637,0.7842922499,0.0772743435,0.1218393061,0.0165941004
BC,13,1201,POPU,TRE,NA,2.0018129498,595.90337580999994,0.6652304866,0.1597435408,0.1130614374,0.0619645353,0.7803206799,0.1221619003,0.0780878343,0.0194295854
BC,13,1203,POPU,BAL,NA,3.5918868305,1725.5685811,0.5579375813,0.2003796754,0.1313101796,0.1103725637,0.7842922499,0.0772743435,0.1218393061,0.0165941004
BC,13,1203,POPU,BAL,BAL,3.5918868305,1725.5685811,0.5579375813,0.2003796754,0.1313101796,0.1103725637,0.7842922499,0.0772743435,0.1218393061,0.0165941004
BC,13,1204,POPU,TRI,NA,3.5918868305,1725.5685811,0.5579375813,0.2003796754,0.1313101796,0.1103725637,0.7842922499,0.0772743435,0.1218393061,0.0165941004
BC,13,1300,BETU,SPP,NA,5.8322848847,382.79089205,0.6155916679,0.1116173386,0.152458222,0.1203327715,0.7254668219,0.1105239456,0.124247634,0.0397615985
BC,13,1303,BETU,PAP,NA,5.8322848847,382.79089205,0.6155916679,0.1116173386,0.152458222,0.1203327715,0.7254668219,0.1105239456,0.124247634,0.0397615985
BC,13,1303,BETU,PAP,PAP,5.8322848847,382.79089205,0.6155916679,0.1116173386,0.152458222,0.1203327715,0.7254668219,0.1105239456,0.124247634,0.0397615985
BC,13,1305,BETU,ALA,NA,5.8322848847,382.79089205,0.6155916679,0.1116173386,0.152458222,0.1203327715,0.7254668219,0.1105239456,0.124247634,0.0397615985
BC,13,1305,BETU,NEO,NA,5.8322848847,382.79089205,0.6155916679,0.1116173386,0.152458222,0.1203327715,0.7254668219,0.1105239456,0.124247634,0.0397615985
BC,13,1308,BETU,PAP,NEO,5.8322848847,382.79089205,0.6155916679,0.1116173386,0.152458222,0.1203327715,0.7254668219,0.1105239456,0.124247634,0.0397615985
BC,13,1314,BETU,OCC,NA,5.8322848847,382.79089205,0.6155916679,0.1116173386,0.152458222,0.1203327715,0.7254668219,0.1105239456,0.124247634,0.0397615985
BC,13,1400,ACER,SPP,NA,49.422860597,1286.0246106,0.6291456523,0.1281471674,0.1912704987,0.0514366816,0.7495721417,0.1281560744,0.1039496526,0.0183221313
BC,13,1403,ACER,MAC,NA,49.422860597,1286.0246106,0.6291456523,0.1281471674,0.1912704987,0.0514366816,0.7495721417,0.1281560744,0.1039496526,0.0183221313
BC,13,1420,ACER,CIR,NA,49.422860597,1286.0246106,0.6291456523,0.1281471674,0.1912704987,0.0514366816,0.7495721417,0.1281560744,0.1039496526,0.0183221313
BC,13,1500,GENH,SPP,NA,5.8079031274,1074.6115577,0.511308511,0.0972086943,0.2447476875,0.1467351071,0.7174257901,0.1171238049,0.1282696076,0.0371807974
BC,13,1800,ALNU,SPP,NA,5.8079031274,1074.6115577,0.511308511,0.0972086943,0.2447476875,0.1467351071,0.7174257901,0.1171238049,0.1282696076,0.0371807974
BC,13,1802,ALNU,RUB,NA,5.8079031274,1074.6115577,0.511308511,0.0972086943,0.2447476875,0.1467351071,0.7174257901,0.1171238049,0.1282696076,0.0371807974
BC,13,2100,QUER,SPP,NA,49.422860597,1286.0246106,0.6291456523,0.1281471674,0.1912704987,0.0514366816,0.7495721417,0.1281560744,0.1039496526,0.0183221313
BC,13,2103,QUER,GAR,NA,5.8322848847,382.79089205,0.6155916679,0.1116173386,0.152458222,0.1203327715,0.7254668219,0.1105239456,0.124247634,0.0397615985
BC,13,2803,PRUN,EMA,NA,5.8079031274,1074.6115577,0.511308511,0.0972086943,0.2447476875,0.1467351071,0.7174257901,0.1171238049,0.1282696076,0.0371807974
BC,13,3300,ARBU,MEN,NA,5.8322848847,382.79089205,0.6155916679,0.1116173386,0.152458222,0.1203327715,0.7254668219,0.1105239456,0.124247634,0.0397615985
BC,13,3300,ARBU,SPP,NA,5.8322848847,382.79089205,0.6155916679,0.1116173386,0.152458222,0.1203327715,0.7254668219,0.1105239456,0.124247634,0.0397615985
BC,13,3500,SALI,SPP,NA,3.4102282844,187.50573097,0.6519375056,0.1570010113,0.1166431046,0.0744183785,0.6947197468,0.1288055722,0.1143429254,0.0621317555
BC,13,3930,MALU,COR,NA,5.8079031274,1074.6115577,0.511308511,0.0972086943,0.2447476875,0.1467351071,0.7174257901,0.1171238049,0.1282696076,0.0371807974
BC,13,3930,MALU,FUS,NA,5.8079031274,1074.6115577,0.511308511,0.0972086943,0.2447476875,0.1467351071,0.7174257901,0.1171238049,0.1282696076,0.0371807974
BC,13,3930,MALU,SPP,NA,5.8079031274,1074.6115577,0.511308511,0.0972086943,0.2447476875,0.1467351071,0.7174257901,0.1171238049,0.1282696076,0.0371807974
BC,14,100,PICE,SPP,NA,4.8725,871.8438014,0.5674847065,0.0917203248,0.1595484679,0.1812465008,0.7492496658,0.0898601258,0.1106183149,0.0502718935
BC,14,101,PICE,MAR,NA,8.2904794816,368.4371536,0.6691145868,0.1039600034,0.1072918908,0.119633519,0.7445756978,0.0854597728,0.1080801203,0.0618844091
BC,14,104,PICE,ENG,NA,0.8468800321,974.47901942,0.4115522996,0.0906562145,0.2570020881,0.2407893978,0.7422628605,0.0776635031,0.1205699804,0.059503656
BC,14,104,PICE,ENG,GLA,0.8468800321,974.47901942,0.4115522996,0.0906562145,0.2570020881,0.2407893978,0.7422628605,0.0776635031,0.1205699804,0.059503656
BC,14,105,PICE,GLA,NA,0.4195011872,1105.8162774,0.4576835496,0.0948185716,0.200124245,0.2473736339,0.7885769204,0.0876518238,0.0870334254,0.0367378304
BC,14,106,PICE,SIT,NA,2.7946101169,2605.2795371,0.4898195406,0.0523080535,0.2271085582,0.2307638477,0.7585697646,0.0866855438,0.0662239348,0.0885207569
BC,14,106,PICE,SIT,X,2.7946101169,2605.2795371,0.4898195406,0.0523080535,0.2271085582,0.2307638477,0.7585697646,0.0866855438,0.0662239348,0.0885207569
BC,14,111,PICE,LUT,X,0.4195011872,1105.8162774,0.4576835496,0.0948185716,0.200124245,0.2473736339,0.7885769204,0.0876518238,0.0870334254,0.0367378304
BC,14,111,PICE,LUT,NA,0.4195011872,1105.8162774,0.4576835496,0.0948185716,0.200124245,0.2473736339,0.7885769204,0.0876518238,0.0870334254,0.0367378304
BC,14,200,PINU,SPP,NA,0.1897941541,1134.2587286,0.6495102016,0.0950977801,0.1357898716,0.1196021467,0.859738566,0.0663192401,0.0486765478,0.025265646
BC,14,201,PINU,MON,NA,9.8565857395,754.87387313,0.4070629662,0.089480208,0.2727649934,0.2306918325,0.7299948893,0.0901524601,0.1226390679,0.0572135827
BC,14,203,PINU,BAN,NA,0.1897941541,1134.2587286,0.6495102016,0.0950977801,0.1357898716,0.1196021467,0.859738566,0.0663192401,0.0486765478,0.025265646
BC,14,204,PINU,CON,NA,0.1897941541,1134.2587286,0.6495102016,0.0950977801,0.1357898716,0.1196021467,0.859738566,0.0663192401,0.0486765478,0.025265646
BC,14,204,PINU,CON,LAT,0.1897941541,1134.2587286,0.6495102016,0.0950977801,0.1357898716,0.1196021467,0.859738566,0.0663192401,0.0486765478,0.025265646
BC,14,206,PINU,ALB,NA,0.8977329502,529.17971886,0.2874372132,0.0580183024,0.3544252575,0.3001192269,0.7099012859,0.083300617,0.1357379565,0.0710601406
BC,14,208,PINU,PON,NA,7.7834879581,831.22503028,0.5251235698,0.0822707703,0.2347590916,0.1578465684,0.7911045912,0.0617751112,0.0982852134,0.0488350842
BC,14,213,PINU,FLE,NA,0.8977329502,529.17971886,0.2874372132,0.0580183024,0.3544252575,0.3001192269,0.7099012859,0.083300617,0.1357379565,0.0710601406
BC,14,300,ABIE,SPP,NA,1.3966034538,1226.1797435,0.3996792538,0.0881575092,0.2805325698,0.2316306672,0.696427481,0.101784877,0.146596762,0.0551908799
BC,14,301,ABIE,AMA,NA,1.3966034538,1226.1797435,0.3996792538,0.0881575092,0.2805325698,0.2316306672,0.696427481,0.101784877,0.146596762,0.0551908799
BC,14,302,ABIE,BAL,NA,1.3966034538,1226.1797435,0.3996792538,0.0881575092,0.2805325698,0.2316306672,0.696427481,0.101784877,0.146596762,0.0551908799
BC,14,303,ABIE,GRA,NA,1.3966034538,1226.1797435,0.3996792538,0.0881575092,0.2805325698,0.2316306672,0.696427481,0.101784877,0.146596762,0.0551908799
BC,14,304,ABIE,LAS,NA,1.3966034538,1226.1797435,0.3996792538,0.0881575092,0.2805325698,0.2316306672,0.696427481,0.101784877,0.146596762,0.0551908799
BC,14,308,ABIE,BIF,NA,1.3966034538,1226.1797435,0.3996792538,0.0881575092,0.2805325698,0.2316306672,0.696427481,0.101784877,0.146596762,0.0551908799
BC,14,400,TSUG,SPP,NA,0.7886119383,1390.6147969,0.391207739,0.0769137963,0.2689335856,0.2629448791,0.7647853955,0.1249182211,0.0896207549,0.0206756285
BC,14,402,TSUG,HET,NA,0.7886119383,1390.6147969,0.391207739,0.0769137963,0.2689335856,0.2629448791,0.7647853955,0.1249182211,0.0896207549,0.0206756285
BC,14,403,TSUG,MER,NA,22.930999105,1047.9683314,0.6548870603,0.1186117409,0.1299006402,0.0966005586,0.7216928675,0.1189264392,0.110960262,0.0484204313
BC,14,404,TSUG,MER,HET,22.930999105,1047.9683314,0.6548870603,0.1186117409,0.1299006402,0.0966005586,0.7216928675,0.1189264392,0.110960262,0.0484204313
BC,14,500,PSEU,MEN,NA,0.590985695,1855.6885895,0.453281512,0.0999775523,0.2202529262,0.2264880095,0.6928748801,0.1158167529,0.1338270261,0.057481341
BC,14,500,PSEU,MEN,MEN,0.590985695,1855.6885895,0.453281512,0.0999775523,0.2202529262,0.2264880095,0.6928748801,0.1158167529,0.1338270261,0.057481341
BC,14,500,PSEU,MEN,GLA,0.590985695,1855.6885895,0.453281512,0.0999775523,0.2202529262,0.2264880095,0.6928748801,0.1158167529,0.1338270261,0.057481341
BC,14,500,PSEU,SPP,NA,0.590985695,1855.6885895,0.453281512,0.0999775523,0.2202529262,0.2264880095,0.6928748801,0.1158167529,0.1338270261,0.057481341
BC,14,600,LARI,SPP,NA,3.8575573987,795.06432589,0.7311041237,0.0810267988,0.1098500054,0.0780190722,0.7679116859,0.1120141347,0.0799389614,0.0401352179
BC,14,602,LARI,LAR,NA,3.8575573987,795.06432589,0.7311041237,0.0810267988,0.1098500054,0.0780190722,0.7679116859,0.1120141347,0.0799389614,0.0401352179
BC,14,603,LARI,OCC,NA,3.8575573987,795.06432589,0.7311041237,0.0810267988,0.1098500054,0.0780190722,0.7679116859,0.1120141347,0.0799389614,0.0401352179
BC,14,604,LARI,LYA,NA,3.8575573987,795.06432589,0.7311041237,0.0810267988,0.1098500054,0.0780190722,0.7679116859,0.1120141347,0.0799389614,0.0401352179
BC,14,700,THUJ,SPP,NA,1.331883172,2571.7093279,0.4092496985,0.1242683134,0.2352026998,0.2312792882,0.7121581828,0.1336935948,0.1231379323,0.0310102901
BC,14,702,THUJ,PLI,NA,1.331883172,2571.7093279,0.4092496985,0.1242683134,0.2352026998,0.2312792882,0.7121581828,0.1336935948,0.1231379323,0.0310102901
BC,14,901,TAXU,BRE,NA,1.331883172,2571.7093279,0.4092496985,0.1242683134,0.2352026998,0.2312792882,0.7121581828,0.1336935948,0.1231379323,0.0310102901
BC,14,1000,CHAM,SPP,NA,1.8117325103,1591.0739639,0.1924085266,0.1005960513,0.319471665,0.3875237571,0.7622047959,0.0930131481,0.0884855193,0.0562965367
BC,14,1001,CHAM,NOO,NA,1.8117325103,1591.0739639,0.1924085266,0.1005960513,0.319471665,0.3875237571,0.7622047959,0.0930131481,0.0884855193,0.0562965367
BC,14,1100,GENC,SPP,NA,0.4195011872,1105.8162774,0.4576835496,0.0948185716,0.200124245,0.2473736339,0.7885769204,0.0876518238,0.0870334254,0.0367378304
BC,14,1150,UNKN,SPP,NA,0.1897941541,2571.7093279,0.5092288611,0.1023975436,0.2060421184,0.1823314769,0.7127139278,0.1439974441,0.1211614351,0.022127193
BC,14,1200,POPU,SPP,NA,0.4783059466,650.5206809,0.6429959685,0.156498997,0.129746341,0.0707586935,0.7664796629,0.1243449943,0.083999955,0.0251753877
BC,14,1201,POPU,TRE,NA,0.4783059466,650.5206809,0.6429959685,0.156498997,0.129746341,0.0707586935,0.7664796629,0.1243449943,0.083999955,0.0251753877
BC,14,1203,POPU,BAL,NA,57.641035214,1197.3464506,0.641677035,0.1386735767,0.1589606772,0.0606887111,0.7445395614,0.0812798146,0.1619377269,0.012242897
BC,14,1203,POPU,BAL,BAL,57.641035214,1197.3464506,0.641677035,0.1386735767,0.1589606772,0.0606887111,0.7445395614,0.0812798146,0.1619377269,0.012242897
BC,14,1204,POPU,TRI,NA,57.641035214,1197.3464506,0.641677035,0.1386735767,0.1589606772,0.0606887111,0.7445395614,0.0812798146,0.1619377269,0.012242897
BC,14,1300,BETU,SPP,NA,0.7875,553.21248691,0.5975317317,0.1191332513,0.1729921693,0.1103428476,0.7291225829,0.1093554075,0.1258795044,0.0356425052
BC,14,1303,BETU,PAP,PAP,0.7875,553.21248691,0.5975317317,0.1191332513,0.1729921693,0.1103428476,0.7291225829,0.1093554075,0.1258795044,0.0356425052
BC,14,1303,BETU,PAP,NA,0.7875,553.21248691,0.5975317317,0.1191332513,0.1729921693,0.1103428476,0.7291225829,0.1093554075,0.1258795044,0.0356425052
BC,14,1305,BETU,ALA,NA,0.7875,553.21248691,0.5975317317,0.1191332513,0.1729921693,0.1103428476,0.7291225829,0.1093554075,0.1258795044,0.0356425052
BC,14,1305,BETU,NEO,NA,0.7875,553.21248691,0.5975317317,0.1191332513,0.1729921693,0.1103428476,0.7291225829,0.1093554075,0.1258795044,0.0356425052
BC,14,1308,BETU,PAP,NEO,0.7875,553.21248691,0.5975317317,0.1191332513,0.1729921693,0.1103428476,0.7291225829,0.1093554075,0.1258795044,0.0356425052
BC,14,1314,BETU,OCC,NA,0.7875,553.21248691,0.5975317317,0.1191332513,0.1729921693,0.1103428476,0.7291225829,0.1093554075,0.1258795044,0.0356425052
BC,14,1400,ACER,SPP,NA,49.422860597,1286.0246106,0.6291456523,0.1281471674,0.1912704987,0.0514366816,0.7495721417,0.1281560744,0.1039496526,0.0183221313
BC,14,1403,ACER,MAC,NA,49.422860597,1286.0246106,0.6291456523,0.1281471674,0.1912704987,0.0514366816,0.7495721417,0.1281560744,0.1039496526,0.0183221313
BC,14,1420,ACER,CIR,NA,49.422860597,1286.0246106,0.6291456523,0.1281471674,0.1912704987,0.0514366816,0.7495721417,0.1281560744,0.1039496526,0.0183221313
BC,14,1500,GENH,SPP,NA,5.8079031274,1074.6115577,0.511308511,0.0972086943,0.2447476875,0.1467351071,0.7174257901,0.1171238049,0.1282696076,0.0371807974
BC,14,1800,ALNU,SPP,NA,5.8079031274,1074.6115577,0.511308511,0.0972086943,0.2447476875,0.1467351071,0.7174257901,0.1171238049,0.1282696076,0.0371807974
BC,14,1802,ALNU,RUB,NA,5.8079031274,1074.6115577,0.511308511,0.0972086943,0.2447476875,0.1467351071,0.7174257901,0.1171238049,0.1282696076,0.0371807974
BC,14,2100,QUER,SPP,NA,49.422860597,1286.0246106,0.6291456523,0.1281471674,0.1912704987,0.0514366816,0.7495721417,0.1281560744,0.1039496526,0.0183221313
BC,14,2803,PRUN,EMA,NA,5.8079031274,1074.6115577,0.511308511,0.0972086943,0.2447476875,0.1467351071,0.7174257901,0.1171238049,0.1282696076,0.0371807974
BC,14,3500,SALI,SPP,NA,3.4102282844,187.50573097,0.6519375056,0.1570010113,0.1166431046,0.0744183785,0.6947197468,0.1288055722,0.1143429254,0.0621317555
BC,14,3930,MALU,COR,NA,5.8079031274,1074.6115577,0.511308511,0.0972086943,0.2447476875,0.1467351071,0.7174257901,0.1171238049,0.1282696076,0.0371807974
BC,14,3930,MALU,FUS,NA,5.8079031274,1074.6115577,0.511308511,0.0972086943,0.2447476875,0.1467351071,0.7174257901,0.1171238049,0.1282696076,0.0371807974
BC,14,3930,MALU,SPP,NA,5.8079031274,1074.6115577,0.511308511,0.0972086943,0.2447476875,0.1467351071,0.7174257901,0.1171238049,0.1282696076,0.0371807974
MB,3,101,PICE,MAR,NA,0.3165080419,393.98583458,0.5368072804,0.0922863043,0.138775603,0.2321308122,0.7587373274,0.0994645322,0.0774564056,0.0643417348
MB,3,105,PICE,GLA,NA,0.9579603249,529.19418368,0.4989840918,0.0954915659,0.1591442548,0.2463800875,0.7246755288,0.1098079928,0.1131909056,0.0523255729
MB,3,203,PINU,BAN,NA,0.1650410436,382.57584582,0.6224773778,0.0848889748,0.1386884621,0.1539451854,0.8100053109,0.0737148241,0.0659324036,0.0503474614
MB,3,602,LARI,LAR,NA,2.8710377427,450.39668281,0.6282439613,0.0825433507,0.145189554,0.144023134,0.8070901679,0.0723382837,0.0773133636,0.0432581849
MB,3,1100,GENC,SPP,NA,0.3165080419,393.98583458,0.5368072804,0.0922863043,0.138775603,0.2321308122,0.7587373274,0.0994645322,0.0774564056,0.0643417348
MB,3,1200,POPU,SPP,NA,0.5801969648,703.92062662,0.5526225783,0.1343676408,0.139717506,0.1732922749,0.7191321338,0.1479418832,0.1036753348,0.0292506483
MB,3,1201,POPU,TRE,NA,0.5801969648,703.92062662,0.5526225783,0.1343676408,0.139717506,0.1732922749,0.7191321338,0.1479418832,0.1036753348,0.0292506483
MB,3,1203,POPU,BAL,NA,0.5801969648,703.92062662,0.5526225783,0.1343676408,0.139717506,0.1732922749,0.7191321338,0.1479418832,0.1036753348,0.0292506483
MB,3,1203,POPU,BAL,BAL,0.5801969648,703.92062662,0.5526225783,0.1343676408,0.139717506,0.1732922749,0.7191321338,0.1479418832,0.1036753348,0.0292506483
MB,3,1206,POPU,GRA,NA,0.5801969648,703.92062662,0.5526225783,0.1343676408,0.139717506,0.1732922749,0.7191321338,0.1479418832,0.1036753348,0.0292506483
MB,3,1308,BETU,PAP,NEO,15.403045501,326.5658705,0.5980853845,0.1040810646,0.2270677853,0.0707657656,0.6747236592,0.105628133,0.1830203748,0.036627833
MB,5,101,PICE,MAR,NA,0.3165080419,393.98583458,0.5368072804,0.0922863043,0.138775603,0.2321308122,0.7587373274,0.0994645322,0.0774564056,0.0643417348
MB,5,105,PICE,GLA,NA,0.9579603249,529.19418368,0.4989840918,0.0954915659,0.1591442548,0.2463800875,0.7246755288,0.1098079928,0.1131909056,0.0523255729
MB,5,203,PINU,BAN,NA,0.1650410436,382.57584582,0.6224773778,0.0848889748,0.1386884621,0.1539451854,0.8100053109,0.0737148241,0.0659324036,0.0503474614
MB,5,302,ABIE,BAL,NA,1.5188872089,329.11027887,0.5461174033,0.1003285582,0.1436383647,0.2099156737,0.7139395968,0.1231417844,0.1058911395,0.0570274793
MB,5,602,LARI,LAR,NA,2.8710377427,450.39668281,0.6282439613,0.0825433507,0.145189554,0.144023134,0.8070901679,0.0723382837,0.0773133636,0.0432581849
MB,5,1100,GENC,SPP,NA,0.3165080419,393.98583458,0.5368072804,0.0922863043,0.138775603,0.2321308122,0.7587373274,0.0994645322,0.0774564056,0.0643417348
MB,5,1200,POPU,SPP,NA,0.5801969648,703.92062662,0.5526225783,0.1343676408,0.139717506,0.1732922749,0.7191321338,0.1479418832,0.1036753348,0.0292506483
MB,5,1201,POPU,TRE,NA,0.5801969648,703.92062662,0.5526225783,0.1343676408,0.139717506,0.1732922749,0.7191321338,0.1479418832,0.1036753348,0.0292506483
MB,5,1203,POPU,BAL,NA,0.5801969648,703.92062662,0.5526225783,0.1343676408,0.139717506,0.1732922749,0.7191321338,0.1479418832,0.1036753348,0.0292506483
MB,5,1203,POPU,BAL,BAL,0.5801969648,703.92062662,0.5526225783,0.1343676408,0.139717506,0.1732922749,0.7191321338,0.1479418832,0.1036753348,0.0292506483
MB,5,1206,POPU,GRA,NA,0.5801969648,703.92062662,0.5526225783,0.1343676408,0.139717506,0.1732922749,0.7191321338,0.1479418832,0.1036753348,0.0292506483
MB,5,1303,BETU,PAP,NA,15.403045501,326.5658705,0.5980853845,0.1040810646,0.2270677853,0.0707657656,0.6747236592,0.105628133,0.1830203748,0.036627833
MB,5,1303,BETU,PAP,PAP,15.403045501,326.5658705,0.5980853845,0.1040810646,0.2270677853,0.0707657656,0.6747236592,0.105628133,0.1830203748,0.036627833
MB,5,1308,BETU,PAP,NEO,15.403045501,326.5658705,0.5980853845,0.1040810646,0.2270677853,0.0707657656,0.6747236592,0.105628133,0.1830203748,0.036627833
MB,6,101,PICE,MAR,NA,0.3165080419,393.98583458,0.5368072804,0.0922863043,0.138775603,0.2321308122,0.7587373274,0.0994645322,0.0774564056,0.0643417348
MB,6,105,PICE,GLA,NA,0.9579603249,529.19418368,0.4989840918,0.0954915659,0.1591442548,0.2463800875,0.7246755288,0.1098079928,0.1131909056,0.0523255729
MB,6,203,PINU,BAN,NA,0.1650410436,382.57584582,0.6224773778,0.0848889748,0.1386884621,0.1539451854,0.8100053109,0.0737148241,0.0659324036,0.0503474614
MB,6,209,PINU,RES,NA,1.0306538141,386.363291,0.3390034237,0.0686558959,0.2210375172,0.3713031633,0.7555888824,0.0712999365,0.0902059136,0.0829052676
MB,6,211,PINU,SYL,NA,39.017495743,295.003959,0.6746285251,0.0722003699,0.1618030328,0.0913680722,0.7959696803,0.0648269487,0.0914869676,0.0477164034
MB,6,302,ABIE,BAL,NA,1.5188872089,329.11027887,0.5461174033,0.1003285582,0.1436383647,0.2099156737,0.7139395968,0.1231417844,0.1058911395,0.0570274793
MB,6,602,LARI,LAR,NA,2.8710377427,450.39668281,0.6282439613,0.0825433507,0.145189554,0.144023134,0.8070901679,0.0723382837,0.0773133636,0.0432581849
MB,6,701,THUJ,OCC,NA,16.218673944,499.73926084,0.5440842995,0.0828128278,0.1808306065,0.1922722662,0.6550970945,0.0884616474,0.143036204,0.113405054
MB,6,801,JUNI,VIR,NA,16.218673944,499.73926084,0.5440842995,0.0828128278,0.1808306065,0.1922722662,0.6550970945,0.0884616474,0.143036204,0.113405054
MB,6,1100,GENC,SPP,NA,0.3165080419,393.98583458,0.5368072804,0.0922863043,0.138775603,0.2321308122,0.7587373274,0.0994645322,0.0774564056,0.0643417348
MB,6,1200,POPU,SPP,NA,0.5801969648,703.92062662,0.5526225783,0.1343676408,0.139717506,0.1732922749,0.7191321338,0.1479418832,0.1036753348,0.0292506483
MB,6,1201,POPU,TRE,NA,0.5801969648,703.92062662,0.5526225783,0.1343676408,0.139717506,0.1732922749,0.7191321338,0.1479418832,0.1036753348,0.0292506483
MB,6,1203,POPU,BAL,NA,1.7985648676,256.39075267,0.6045886137,0.168412926,0.1708614636,0.0561369968,0.7165312169,0.1191676281,0.1377689602,0.0265321947
MB,6,1203,POPU,BAL,BAL,1.7985648676,256.39075267,0.6045886137,0.168412926,0.1708614636,0.0561369968,0.7165312169,0.1191676281,0.1377689602,0.0265321947
MB,6,1205,POPU,DEL,NA,0.5801969648,703.92062662,0.5526225783,0.1343676408,0.139717506,0.1732922749,0.7191321338,0.1479418832,0.1036753348,0.0292506483
MB,6,1205,POPU,DEL,DEL,0.5801969648,703.92062662,0.5526225783,0.1343676408,0.139717506,0.1732922749,0.7191321338,0.1479418832,0.1036753348,0.0292506483
MB,6,1206,POPU,GRA,NA,0.5801969648,703.92062662,0.5526225783,0.1343676408,0.139717506,0.1732922749,0.7191321338,0.1479418832,0.1036753348,0.0292506483
MB,6,1303,BETU,PAP,NA,0.3636748411,289.66665044,0.5733952892,0.1038819248,0.1945059253,0.1282168607,0.6934599092,0.1123564076,0.148772073,0.0454116102
MB,6,1303,BETU,PAP,PAP,0.3636748411,289.66665044,0.5733952892,0.1038819248,0.1945059253,0.1282168607,0.6934599092,0.1123564076,0.148772073,0.0454116102
MB,6,1308,BETU,PAP,NEO,15.403045501,326.5658705,0.5980853845,0.1040810646,0.2270677853,0.0707657656,0.6747236592,0.105628133,0.1830203748,0.036627833
MB,6,1404,ACER,NEG,NA,0.44,509.09,0.6643514013,0.102403013,0.1604421511,0.0728034346,0.6792775126,0.0730728998,0.233753558,0.0138960297
MB,6,1500,GENH,SPP,NA,0.28,496.33000001,0.7085357217,0.1025737024,0.0898738425,0.0990167334,0.7075142464,0.0681200532,0.2059357898,0.0184299106
MB,6,2104,QUER,MAC,NA,8.8,377.2,0.6841454444,0.1337405452,0.1259865315,0.056127479,0.6684558523,0.0841824962,0.2213833597,0.0259782919
MB,6,2201,ULMU,AME,NA,4.4900000025,136.23,0.6901559284,0.0955488788,0.1663771146,0.0479180782,0.702826255,0.1002857383,0.1629685608,0.0339194458
MB,6,3400,FRAX,SPP,NA,2.1750417577,381.68424821,0.6375095406,0.1668391047,0.1486571535,0.0469942013,0.7809654545,0.1059786233,0.096371936,0.0166839862
MB,6,3401,FRAX,AME,NA,11.31,296.21,0.6948301553,0.1080640042,0.1571381323,0.0399677082,0.6788436432,0.0884578182,0.2119073422,0.0207911964
MB,6,3402,FRAX,NIG,NA,2.08,384.37,0.7264839743,0.1236426699,0.1084093653,0.0414639905,0.7375998318,0.0953795326,0.1376157395,0.0294048961
MB,6,3403,FRAX,PEN,NA,2.08,384.37,0.7264839743,0.1236426699,0.1084093653,0.0414639905,0.7375998318,0.0953795326,0.1376157395,0.0294048961
MB,6,3405,FRAX,PEN,SUB,2.08,384.37,0.7264839743,0.1236426699,0.1084093653,0.0414639905,0.7375998318,0.0953795326,0.1376157395,0.0294048961
MB,6,3405,FRAX,PEN,NA,2.08,384.37,0.7264839743,0.1236426699,0.1084093653,0.0414639905,0.7375998318,0.0953795326,0.1376157395,0.0294048961
MB,6,3500,SALI,SPP,NA,0.35,121.39,0.6531330064,0.1602803703,0.1293180586,0.0572685647,0.6938176942,0.1449959396,0.1236591789,0.0375271872
MB,7,3500,SALI,SPP,NA,1.05,56.87,0.6407344344,0.1464168014,0.1494378333,0.063410931,0.6672400725,0.1116253952,0.1604547863,0.0606797459
MB,8,3400,FRAX,SPP,NA,6.81,203.37,0.6839009655,0.1105685824,0.1589134213,0.0466170308,0.7086367047,0.1005607379,0.1596982965,0.0311042608
MB,8,3401,FRAX,AME,NA,16.699999998,266.65,0.7051060344,0.1106416084,0.1415840181,0.0426683391,0.6972618294,0.1042962763,0.169850726,0.0285911683
MB,8,3402,FRAX,NIG,NA,6.81,203.37,0.6839009655,0.1105685824,0.1589134213,0.0466170308,0.7086367047,0.1005607379,0.1596982965,0.0311042608
MB,8,3403,FRAX,PEN,NA,16.699999998,266.65,0.7051060344,0.1106416084,0.1415840181,0.0426683391,0.6972618294,0.1042962763,0.169850726,0.0285911683
MB,8,3405,FRAX,PEN,SUB,16.699999998,266.65,0.7051060344,0.1106416084,0.1415840181,0.0426683391,0.6972618294,0.1042962763,0.169850726,0.0285911683
MB,8,3405,FRAX,PEN,NA,16.699999998,266.65,0.7051060344,0.1106416084,0.1415840181,0.0426683391,0.6972618294,0.1042962763,0.169850726,0.0285911683
MB,8,3500,SALI,SPP,NA,2.67,153.57,0.6963249122,0.1646798839,0.0951528117,0.0438423922,0.679676774,0.1048335562,0.1857860055,0.0297036642
MB,9,101,PICE,MAR,NA,0.5875360528,427.28065612,0.4335479055,0.1106018429,0.1802142436,0.2756360081,0.7589007052,0.1027693375,0.0816164864,0.0567134709
MB,9,105,PICE,GLA,NA,1.2889939641,490.39794534,0.4268572301,0.0793908889,0.2426107309,0.2511411501,0.737358943,0.1059542947,0.1023198486,0.0543669136
MB,9,203,PINU,BAN,NA,0.1498626351,331.65961719,0.4613502455,0.1572266513,0.1583114642,0.223111639,0.8124301596,0.0849189461,0.0689162385,0.0337346559
MB,9,209,PINU,RES,NA,1.0306538141,386.363291,0.3390034237,0.0686558959,0.2210375172,0.3713031633,0.7555888824,0.0712999365,0.0902059136,0.0829052676
MB,9,302,ABIE,BAL,NA,3.5386289592,343.51965759,0.4240561711,0.0685547196,0.2985039694,0.2088851399,0.6692036213,0.1009874243,0.1469539773,0.0828549771
MB,9,602,LARI,LAR,NA,0.57,481.98575458,0.4927053842,0.0931360421,0.2788628397,0.135295734,0.7559849632,0.0826075608,0.1164617937,0.0449456824
MB,9,701,THUJ,OCC,NA,16.218673944,499.73926084,0.5440842995,0.0828128278,0.1808306065,0.1922722662,0.6550970945,0.0884616474,0.143036204,0.113405054
MB,9,801,JUNI,VIR,NA,16.218673944,499.73926084,0.5440842995,0.0828128278,0.1808306065,0.1922722662,0.6550970945,0.0884616474,0.143036204,0.113405054
MB,9,1100,GENC,SPP,NA,0.5875360528,427.28065612,0.4335479055,0.1106018429,0.1802142436,0.2756360081,0.7589007052,0.1027693375,0.0816164864,0.0567134709
MB,9,1200,POPU,SPP,NA,0.2481755683,522.74682936,0.383345371,0.1441937788,0.2478499271,0.2246109231,0.7568441024,0.1754129316,0.0666897067,0.0010532594
MB,9,1201,POPU,TRE,NA,0.2481755683,522.74682936,0.383345371,0.1441937788,0.2478499271,0.2246109231,0.7568441024,0.1754129316,0.0666897067,0.0010532594
MB,9,1203,POPU,BAL,NA,0.2481755683,522.74682936,0.383345371,0.1441937788,0.2478499271,0.2246109231,0.7568441024,0.1754129316,0.0666897067,0.0010532594
MB,9,1203,POPU,BAL,BAL,0.2481755683,522.74682936,0.383345371,0.1441937788,0.2478499271,0.2246109231,0.7568441024,0.1754129316,0.0666897067,0.0010532594
MB,9,1205,POPU,DEL,NA,0.2481755683,522.74682936,0.383345371,0.1441937788,0.2478499271,0.2246109231,0.7568441024,0.1754129316,0.0666897067,0.0010532594
MB,9,1205,POPU,DEL,DEL,0.2481755683,522.74682936,0.383345371,0.1441937788,0.2478499271,0.2246109231,0.7568441024,0.1754129316,0.0666897067,0.0010532594
MB,9,1206,POPU,GRA,NA,0.2481755683,522.74682936,0.383345371,0.1441937788,0.2478499271,0.2246109231,0.7568441024,0.1754129316,0.0666897067,0.0010532594
MB,9,1303,BETU,PAP,NA,15.403045501,326.5658705,0.5980853845,0.1040810646,0.2270677853,0.0707657656,0.6747236592,0.105628133,0.1830203748,0.036627833
MB,9,1303,BETU,PAP,PAP,15.403045501,326.5658705,0.5980853845,0.1040810646,0.2270677853,0.0707657656,0.6747236592,0.105628133,0.1830203748,0.036627833
MB,9,1308,BETU,PAP,NEO,15.403045501,326.5658705,0.5980853845,0.1040810646,0.2270677853,0.0707657656,0.6747236592,0.105628133,0.1830203748,0.036627833
MB,9,1404,ACER,NEG,NA,0.44,509.09,0.6643514013,0.102403013,0.1604421511,0.0728034346,0.6792775126,0.0730728998,0.233753558,0.0138960297
MB,9,1500,GENH,SPP,NA,0.28,496.33000001,0.7085357217,0.1025737024,0.0898738425,0.0990167334,0.7075142464,0.0681200532,0.2059357898,0.0184299106
MB,9,2104,QUER,MAC,NA,8.8,377.2,0.6841454444,0.1337405452,0.1259865315,0.056127479,0.6684558523,0.0841824962,0.2213833597,0.0259782919
MB,9,2201,ULMU,AME,NA,4.4900000025,136.23,0.6901559284,0.0955488788,0.1663771146,0.0479180782,0.702826255,0.1002857383,0.1629685608,0.0339194458
MB,9,3000,TILI,AME,NA,5.91,463.34,0.658844449,0.1421433636,0.1521961559,0.0468160315,0.6932394626,0.1136290785,0.1719731891,0.0211582698
MB,9,3400,FRAX,SPP,NA,2.08,384.37,0.7264839743,0.1236426699,0.1084093653,0.0414639905,0.7375998318,0.0953795326,0.1376157395,0.0294048961
MB,9,3401,FRAX,AME,NA,11.31,296.21,0.6948301553,0.1080640042,0.1571381323,0.0399677082,0.6788436432,0.0884578182,0.2119073422,0.0207911964
MB,9,3402,FRAX,NIG,NA,2.08,384.37,0.7264839743,0.1236426699,0.1084093653,0.0414639905,0.7375998318,0.0953795326,0.1376157395,0.0294048961
MB,9,3403,FRAX,PEN,NA,2.08,384.37,0.7264839743,0.1236426699,0.1084093653,0.0414639905,0.7375998318,0.0953795326,0.1376157395,0.0294048961
MB,9,3500,SALI,SPP,NA,0.28,496.33000001,0.7085357217,0.1025737024,0.0898738425,0.0990167334,0.7075142464,0.0681200532,0.2059357898,0.0184299106
MB,10,101,PICE,MAR,NA,0.3165080419,393.98583458,0.5368072804,0.0922863043,0.138775603,0.2321308122,0.7587373274,0.0994645322,0.0774564056,0.0643417348
MB,10,105,PICE,GLA,NA,3.0427728432,583.77717116,0.3424235665,0.0761929068,0.2401166425,0.3412668841,0.7470978732,0.0951032922,0.0867963293,0.0710025053
MB,10,203,PINU,BAN,NA,0.1498626351,331.65961719,0.4613502455,0.1572266513,0.1583114642,0.223111639,0.8124301596,0.0849189461,0.0689162385,0.0337346559
MB,10,209,PINU,RES,NA,1.0306538141,386.363291,0.3390034237,0.0686558959,0.2210375172,0.3713031633,0.7555888824,0.0712999365,0.0902059136,0.0829052676
MB,10,302,ABIE,BAL,NA,1.5188872089,329.11027887,0.5461174033,0.1003285582,0.1436383647,0.2099156737,0.7139395968,0.1231417844,0.1058911395,0.0570274793
MB,10,602,LARI,LAR,NA,2.8710377427,450.39668281,0.6282439613,0.0825433507,0.145189554,0.144023134,0.8070901679,0.0723382837,0.0773133636,0.0432581849
MB,10,701,THUJ,OCC,NA,16.218673944,499.73926084,0.5440842995,0.0828128278,0.1808306065,0.1922722662,0.6550970945,0.0884616474,0.143036204,0.113405054
MB,10,801,JUNI,VIR,NA,16.218673944,499.73926084,0.5440842995,0.0828128278,0.1808306065,0.1922722662,0.6550970945,0.0884616474,0.143036204,0.113405054
MB,10,1100,GENC,SPP,NA,0.3165080419,393.98583458,0.5368072804,0.0922863043,0.138775603,0.2321308122,0.7587373274,0.0994645322,0.0774564056,0.0643417348
MB,10,1200,POPU,SPP,NA,0.2481755683,522.74682936,0.383345371,0.1441937788,0.2478499271,0.2246109231,0.7568441024,0.1754129316,0.0666897067,0.0010532594
MB,10,1201,POPU,TRE,NA,0.2481755683,522.74682936,0.383345371,0.1441937788,0.2478499271,0.2246109231,0.7568441024,0.1754129316,0.0666897067,0.0010532594
MB,10,1203,POPU,BAL,NA,0.2481755683,522.74682936,0.383345371,0.1441937788,0.2478499271,0.2246109231,0.7568441024,0.1754129316,0.0666897067,0.0010532594
MB,10,1203,POPU,BAL,BAL,0.2481755683,522.74682936,0.383345371,0.1441937788,0.2478499271,0.2246109231,0.7568441024,0.1754129316,0.0666897067,0.0010532594
MB,10,1205,POPU,DEL,NA,0.2481755683,522.74682936,0.383345371,0.1441937788,0.2478499271,0.2246109231,0.7568441024,0.1754129316,0.0666897067,0.0010532594
MB,10,1205,POPU,DEL,DEL,0.2481755683,522.74682936,0.383345371,0.1441937788,0.2478499271,0.2246109231,0.7568441024,0.1754129316,0.0666897067,0.0010532594
MB,10,1206,POPU,GRA,NA,0.2481755683,522.74682936,0.383345371,0.1441937788,0.2478499271,0.2246109231,0.7568441024,0.1754129316,0.0666897067,0.0010532594
MB,10,1303,BETU,PAP,NA,15.403045501,326.5658705,0.5980853845,0.1040810646,0.2270677853,0.0707657656,0.6747236592,0.105628133,0.1830203748,0.036627833
MB,10,1303,BETU,PAP,PAP,15.403045501,326.5658705,0.5980853845,0.1040810646,0.2270677853,0.0707657656,0.6747236592,0.105628133,0.1830203748,0.036627833
MB,10,1308,BETU,PAP,NEO,15.403045501,326.5658705,0.5980853845,0.1040810646,0.2270677853,0.0707657656,0.6747236592,0.105628133,0.1830203748,0.036627833
MB,10,1404,ACER,NEG,NA,0.44,509.09,0.6643514013,0.102403013,0.1604421511,0.0728034346,0.6792775126,0.0730728998,0.233753558,0.0138960297
MB,10,1500,GENH,SPP,NA,0.28,496.33000001,0.7085357217,0.1025737024,0.0898738425,0.0990167334,0.7075142464,0.0681200532,0.2059357898,0.0184299106
MB,10,2104,QUER,MAC,NA,8.8,377.2,0.6841454444,0.1337405452,0.1259865315,0.056127479,0.6684558523,0.0841824962,0.2213833597,0.0259782919
MB,10,2201,ULMU,AME,NA,4.4900000025,136.23,0.6901559284,0.0955488788,0.1663771146,0.0479180782,0.702826255,0.1002857383,0.1629685608,0.0339194458
MB,10,3000,TILI,AME,NA,5.91,463.34,0.658844449,0.1421433636,0.1521961559,0.0468160315,0.6932394626,0.1136290785,0.1719731891,0.0211582698
MB,10,3400,FRAX,SPP,NA,2.08,384.37,0.7264839743,0.1236426699,0.1084093653,0.0414639905,0.7375998318,0.0953795326,0.1376157395,0.0294048961
MB,10,3401,FRAX,AME,NA,11.31,296.21,0.6948301553,0.1080640042,0.1571381323,0.0399677082,0.6788436432,0.0884578182,0.2119073422,0.0207911964
MB,10,3402,FRAX,NIG,NA,2.08,384.37,0.7264839743,0.1236426699,0.1084093653,0.0414639905,0.7375998318,0.0953795326,0.1376157395,0.0294048961
MB,10,3403,FRAX,PEN,NA,2.08,384.37,0.7264839743,0.1236426699,0.1084093653,0.0414639905,0.7375998318,0.0953795326,0.1376157395,0.0294048961
MB,10,3500,SALI,SPP,NA,0.28,496.33000001,0.7085357217,0.1025737024,0.0898738425,0.0990167334,0.7075142464,0.0681200532,0.2059357898,0.0184299106
MB,15,101,PICE,MAR,NA,0.3165080419,393.98583458,0.5368072804,0.0922863043,0.138775603,0.2321308122,0.7587373274,0.0994645322,0.0774564056,0.0643417348
MB,15,103,PICE,ABI,NA,0.9579603249,529.19418368,0.4989840918,0.0954915659,0.1591442548,0.2463800875,0.7246755288,0.1098079928,0.1131909056,0.0523255729
MB,15,105,PICE,GLA,NA,0.9579603249,529.19418368,0.4989840918,0.0954915659,0.1591442548,0.2463800875,0.7246755288,0.1098079928,0.1131909056,0.0523255729
MB,15,203,PINU,BAN,NA,0.1650410436,382.57584582,0.6224773778,0.0848889748,0.1386884621,0.1539451854,0.8100053109,0.0737148241,0.0659324036,0.0503474614
MB,15,302,ABIE,BAL,NA,1.5188872089,329.11027887,0.5461174033,0.1003285582,0.1436383647,0.2099156737,0.7139395968,0.1231417844,0.1058911395,0.0570274793
MB,15,602,LARI,LAR,NA,2.8710377427,450.39668281,0.6282439613,0.0825433507,0.145189554,0.144023134,0.8070901679,0.0723382837,0.0773133636,0.0432581849
MB,15,1100,GENC,SPP,NA,0.3165080419,393.98583458,0.5368072804,0.0922863043,0.138775603,0.2321308122,0.7587373274,0.0994645322,0.0774564056,0.0643417348
MB,15,1200,POPU,SPP,NA,0.5801969648,703.92062662,0.5526225783,0.1343676408,0.139717506,0.1732922749,0.7191321338,0.1479418832,0.1036753348,0.0292506483
MB,15,1201,POPU,TRE,NA,0.5801969648,703.92062662,0.5526225783,0.1343676408,0.139717506,0.1732922749,0.7191321338,0.1479418832,0.1036753348,0.0292506483
MB,15,1203,POPU,BAL,NA,0.5801969648,703.92062662,0.5526225783,0.1343676408,0.139717506,0.1732922749,0.7191321338,0.1479418832,0.1036753348,0.0292506483
MB,15,1203,POPU,BAL,BAL,0.5801969648,703.92062662,0.5526225783,0.1343676408,0.139717506,0.1732922749,0.7191321338,0.1479418832,0.1036753348,0.0292506483
MB,15,1206,POPU,GRA,NA,0.5801969648,703.92062662,0.5526225783,0.1343676408,0.139717506,0.1732922749,0.7191321338,0.1479418832,0.1036753348,0.0292506483
MB,15,1303,BETU,PAP,NA,15.403045501,326.5658705,0.5980853845,0.1040810646,0.2270677853,0.0707657656,0.6747236592,0.105628133,0.1830203748,0.036627833
MB,15,1303,BETU,PAP,PAP,15.403045501,326.5658705,0.5980853845,0.1040810646,0.2270677853,0.0707657656,0.6747236592,0.105628133,0.1830203748,0.036627833
MB,15,1308,BETU,PAP,NEO,15.403045501,326.5658705,0.5980853845,0.1040810646,0.2270677853,0.0707657656,0.6747236592,0.105628133,0.1830203748,0.036627833
NB,7,100,PICE,SPP,NA,0.2367756507,290.03620628,0.5407219128,0.2104665198,0.0435877895,0.2052237779,0.5696430157,0.1217865479,0.2043441228,0.1042263136
NB,7,101,PICE,MAR,NA,0.23865603,315.23335358,0.3923208537,0.0764747983,0.2562211095,0.2749832385,0.5458750465,0.0780165356,0.274089854,0.1020185639
NB,7,102,PICE,RUB,NA,0.2367756507,290.03620628,0.5407219128,0.2104665198,0.0435877895,0.2052237779,0.5696430157,0.1217865479,0.2043441228,0.1042263136
NB,7,103,PICE,ABI,NA,1.3343123397,272.19010304,0.4378091368,0.0715665982,0.2458810419,0.2447432232,0.5464476281,0.0812453165,0.2650180193,0.1072890361
NB,7,105,PICE,GLA,NA,1.3343123397,272.19010304,0.4378091368,0.0715665982,0.2458810419,0.2447432232,0.5464476281,0.0812453165,0.2650180193,0.1072890361
NB,7,107,PICE,MAR,RUB,0.2367756507,290.03620628,0.5407219128,0.2104665198,0.0435877895,0.2052237779,0.5696430157,0.1217865479,0.2043441228,0.1042263136
NB,7,108,PICE,RUB,GLA,1.3343123397,272.19010304,0.4378091368,0.0715665982,0.2458810419,0.2447432232,0.5464476281,0.0812453165,0.2650180193,0.1072890361
NB,7,200,PINU,SPP,NA,0.3792567236,608.22312916,0.5980521464,0.0821920371,0.1990103045,0.120745512,0.6160879019,0.0592245932,0.2433628961,0.0813246087
NB,7,202,PINU,STR,NA,3.752920333,162.93233241,0.4394483541,0.1105982429,0.2218006652,0.2281527379,0.4111758711,0.0754661766,0.3785006878,0.1348572646
NB,7,203,PINU,BAN,NA,0.3792567236,608.22312916,0.5980521464,0.0821920371,0.1990103045,0.120745512,0.6160879019,0.0592245932,0.2433628961,0.0813246087
NB,7,209,PINU,RES,NA,6.8277560765,261.61663906,0.6222139008,0.102312965,0.1215597284,0.15391340580000001,0.3907645254,0.0555717458,0.4389491922,0.1147145366
NB,7,302,ABIE,BAL,NA,0.181709277,1001.1534439,0.5137573712,0.1621977024,0.1212610904,0.202783836,0.4266811624,0.103009673,0.3304529418,0.1398562228
NB,7,401,TSUG,CAN,NA,3.7,421.96,0.624673372,0.1003456158,0.1877874334,0.0871935788,0.6713650881,0.0982123366,0.1734017337,0.0570208416
NB,7,601,LARI,DEC,NA,2.2805294894,197.30459186,0.5020361804,0.0966313999,0.2964828076,0.1048496121,0.6245447201,0.071246416,0.2469940045,0.0572148593
NB,7,602,LARI,LAR,NA,2.2805294894,197.30459186,0.5020361804,0.0966313999,0.2964828076,0.1048496121,0.6245447201,0.071246416,0.2469940045,0.0572148593
NB,7,605,LARI,KAE,NA,2.2805294894,197.30459186,0.5020361804,0.0966313999,0.2964828076,0.1048496121,0.6245447201,0.071246416,0.2469940045,0.0572148593
NB,7,701,THUJ,OCC,NA,1.7019711635,385.42209183,0.4857336384,0.108704492,0.2658742665,0.1396876031,0.5998007005,0.0954224857,0.1804785145,0.1242982993
NB,7,801,JUNI,VIR,NA,1.7019711635,385.42209183,0.4857336384,0.108704492,0.2658742665,0.1396876031,0.5998007005,0.0954224857,0.1804785145,0.1242982993
NB,7,1100,GENC,SPP,NA,1.3343123397,272.19010304,0.4378091368,0.0715665982,0.2458810419,0.2447432232,0.5464476281,0.0812453165,0.2650180193,0.1072890361
NB,7,1150,UNKN,SPP,NA,1.3343123397,272.19010304,0.4378091368,0.0715665982,0.2458810419,0.2447432232,0.5464476281,0.0812453165,0.2650180193,0.1072890361
NB,7,1200,POPU,SPP,NA,0.5117856288,1013.4041583,0.6334727143,0.2057152506,0.0717984185,0.0890136166,0.6365493982,0.1405195284,0.1999105679,0.0230205055
NB,7,1201,POPU,TRE,NA,0.5117856288,1013.4041583,0.6334727143,0.2057152506,0.0717984185,0.0890136166,0.6365493982,0.1405195284,0.1999105679,0.0230205055
NB,7,1203,POPU,BAL,NA,7.5807534678,266.38931766,0.5692385445,0.182980729,0.1318791409,0.1159015856,0.596204477,0.1294948601,0.2280722606,0.0462284022
NB,7,1203,POPU,BAL,BAL,7.5807534678,266.38931766,0.5692385445,0.182980729,0.1318791409,0.1159015856,0.596204477,0.1294948601,0.2280722606,0.0462284022
NB,7,1206,POPU,GRA,NA,0.5192557897,277.90861575,0.5347575629,0.1906218433,0.17706000659999999,0.0975605871,0.6139990061,0.1607265341,0.1832307146,0.0420437453
NB,7,1300,BETU,SPP,NA,1.5560566786,1083.781035,0.6231040417,0.1479892399,0.1303545118,0.0985522066,0.5741490078,0.0975535952,0.2900921391,0.038205258
NB,7,1301,BETU,ALL,NA,0.277023124,239.0226654,0.3508869484,0.0712407547,0.353047012,0.224825285,0.490874379,0.10684568,0.357054725,0.045225216
NB,7,1303,BETU,PAP,NA,1.5560566786,1083.781035,0.6231040417,0.1479892399,0.1303545118,0.0985522066,0.5741490078,0.0975535952,0.2900921391,0.038205258
NB,7,1303,BETU,PAP,PAP,1.5560566786,1083.781035,0.6231040417,0.1479892399,0.1303545118,0.0985522066,0.5741490078,0.0975535952,0.2900921391,0.038205258
NB,7,1304,BETU,POP,NA,3.1976291087,89.025511437,0.5852631118,0.1261643446,0.1805295624,0.1080429812,0.5890211977,0.129228325,0.2337124201,0.0480380572
NB,7,1400,ACER,SPP,NA,0.7140987104,1024.6580917000001,0.573199884,0.1471983287,0.1937259432,0.0858758441,0.5241810442,0.106108075,0.3163255183,0.0533853624
NB,7,1401,ACER,SAH,NA,0.6017505794,193.5175,0.4328829949,0.0512960443,0.3643778991,0.1514430618,0.5764667147,0.1380219694,0.2491717642,0.0363395516
NB,7,1405,ACER,RUB,NA,0.7140987104,1024.6580917000001,0.573199884,0.1471983287,0.1937259432,0.0858758441,0.5241810442,0.106108075,0.3163255183,0.0533853624
NB,7,1406,ACER,SAC,NA,0.49,553.62,0.6062833481,0.0851565275,0.2449938957,0.0635662287,0.7457251828,0.0991096662,0.1434831403,0.0116820107
NB,7,1410,ACER,PEN,NA,0.95,45.7,0.6529200774,0.1079262735,0.2007606673,0.0383929818,0.6760611358,0.100640844,0.1675228008,0.0557752194
NB,7,1411,ACER,SPI,NA,0.95,45.7,0.6529200774,0.1079262735,0.2007606673,0.0383929818,0.6760611358,0.100640844,0.1675228008,0.0557752194
NB,7,1500,GENH,SPP,NA,5.1204520968,225.13105201,0.5567795597,0.0624393941,0.327953451,0.0528275953,0.5712295018,0.0875403745,0.3097355115,0.0314946122
NB,7,1550,GENH,SPP,NA,5.1204520968,225.13105201,0.5567795597,0.0624393941,0.327953451,0.0528275953,0.5712295018,0.0875403745,0.3097355115,0.0314946122
NB,7,1800,ALNU,SPP,NA,1.99,25.3,0.7681830845,0.0696568459,0.1194294767,0.0427305929,0.7724910415,0.0503435524,0.1143445909,0.0628208152
NB,7,1803,ALNU,VIR,CRI,1.99,25.3,0.7681830845,0.0696568459,0.1194294767,0.0427305929,0.7724910415,0.0503435524,0.1143445909,0.0628208152
NB,7,1805,ALNU,INC,RUG,1.99,25.3,0.7681830845,0.0696568459,0.1194294767,0.0427305929,0.7724910415,0.0503435524,0.1143445909,0.0628208152
NB,7,1805,ALNU,INC,NA,1.99,25.3,0.7681830845,0.0696568459,0.1194294767,0.0427305929,0.7724910415,0.0503435524,0.1143445909,0.0628208152
NB,7,1806,ALNU,RUG,NA,1.99,25.3,0.7681830845,0.0696568459,0.1194294767,0.0427305929,0.7724910415,0.0503435524,0.1143445909,0.0628208152
NB,7,1900,OSTR,SPP,NA,0.28,187.47999998,0.6762386505,0.1149219252,0.1521494562,0.0566899682,0.6465693623,0.0886836945,0.2256588539,0.0390880893
NB,7,1900,OSTR,VIR,NA,0.28,187.47999998,0.6762386505,0.1149219252,0.1521494562,0.0566899682,0.6465693623,0.0886836945,0.2256588539,0.0390880893
NB,7,1950,CARP,CAR,NA,0.28,187.47999998,0.6762386505,0.1149219252,0.1521494562,0.0566899682,0.6465693623,0.0886836945,0.2256588539,0.0390880893
NB,7,1950,CARP,SPP,NA,0.28,187.47999998,0.6762386505,0.1149219252,0.1521494562,0.0566899682,0.6465693623,0.0886836945,0.2256588539,0.0390880893
NB,7,2000,FAGU,GRA,NA,5.1204520968,162.00399205,0.5588368089,0.0630398524,0.3221441498,0.0559791889,0.5722777408,0.0873063856,0.3023628167,0.0380530569
NB,7,2108,QUER,RUB,NA,8.8,377.2,0.6841454444,0.1337405452,0.1259865315,0.056127479,0.6684558523,0.0841824962,0.2213833597,0.0259782919
NB,7,2802,PRUN,PEN,NA,0.52,119.20999999,0.7281675306,0.0494907143,0.136282726,0.0860590291,0.7133999855,0.0785816901,0.1418502716,0.0661680529
NB,7,3401,FRAX,AME,NA,0.995660413,312.36734152,0.5879927147,0.0769559746,0.2734770327,0.061574278,0.7101313335,0.0914941402,0.1687204216,0.0296541047
NB,7,3500,SALI,SPP,NA,1.05,56.87,0.6407344344,0.1464168014,0.1494378333,0.063410931,0.6672400725,0.1116253952,0.1604547863,0.0606797459
NB,7,3930,MALU,COR,NA,0.46,67.8,0.7573513506,0.0263239081,0.1306822057,0.0856425356,0.6715952258,0.0759854192,0.2014076386,0.0510117164
NB,7,3930,MALU,FUS,NA,0.46,67.8,0.7573513506,0.0263239081,0.1306822057,0.0856425356,0.6715952258,0.0759854192,0.2014076386,0.0510117164
NB,7,3930,MALU,SPP,NA,0.46,67.8,0.7573513506,0.0263239081,0.1306822057,0.0856425356,0.6715952258,0.0759854192,0.2014076386,0.0510117164
NB,7,3960,SORB,SPP,NA,0.46,67.8,0.7573513506,0.0263239081,0.1306822057,0.0856425356,0.6715952258,0.0759854192,0.2014076386,0.0510117164
NB,7,3961,SORB,AME,NA,0.46,67.8,0.7573513506,0.0263239081,0.1306822057,0.0856425356,0.6715952258,0.0759854192,0.2014076386,0.0510117164
NL,1,100,PICE,SPP,NA,0.805485866,347.42407027,0.2757539364,0.0531277191,0.2015224893,0.4695958552,0.6450763815,0.0955037678,0.1607000863,0.0987197644
NL,1,101,PICE,MAR,NA,0.1987561293,240.78737062,0.3845890177,0.087796102,0.1776560409,0.3499588394,0.6294195832,0.0985248893,0.1538951889,0.1181603387
NL,1,105,PICE,GLA,NA,0.805485866,347.42407027,0.2757539364,0.0531277191,0.2015224893,0.4695958552,0.6450763815,0.0955037678,0.1607000863,0.0987197644
NL,1,302,ABIE,BAL,NA,0.6485525424,268.06000111,0.3786016055,0.0781098036,0.1474229072,0.3958656837,0.5981814067,0.1056041844,0.1974312729,0.098783136
NL,1,602,LARI,LAR,NA,0.32,263.15999999,0.6603862053,0.0916117717,0.1387373808,0.1092646422,0.7337179425,0.0828347542,0.1243521527,0.0590951505
NL,1,605,LARI,KAE,NA,0.32,263.15999999,0.6603862053,0.0916117717,0.1387373808,0.1092646422,0.7337179425,0.0828347542,0.1243521527,0.0590951505
NL,1,1100,GENC,SPP,NA,0.805485866,347.42407027,0.2757539364,0.0531277191,0.2015224893,0.4695958552,0.6450763815,0.0955037678,0.1607000863,0.0987197644
NL,1,1150,UNKN,SPP,NA,0.805485866,347.42407027,0.2757539364,0.0531277191,0.2015224893,0.4695958552,0.6450763815,0.0955037678,0.1607000863,0.0987197644
NL,1,1303,BETU,PAP,NA,0.7433551891,123.13077732000001,0.5424407031,0.1018625885,0.1941241737,0.1615725347,0.5974457748,0.107755376,0.1895201154,0.1052787339
NL,1,1303,BETU,PAP,PAP,0.7433551891,123.13077732000001,0.5424407031,0.1018625885,0.1941241737,0.1615725347,0.5974457748,0.107755376,0.1895201154,0.1052787339
NL,5,100,PICE,SPP,NA,0.805485866,347.42407027,0.2757539364,0.0531277191,0.2015224893,0.4695958552,0.6450763815,0.0955037678,0.1607000863,0.0987197644
NL,5,101,PICE,MAR,NA,0.1987561293,240.78737062,0.3845890177,0.087796102,0.1776560409,0.3499588394,0.6294195832,0.0985248893,0.1538951889,0.1181603387
NL,5,105,PICE,GLA,NA,0.805485866,347.42407027,0.2757539364,0.0531277191,0.2015224893,0.4695958552,0.6450763815,0.0955037678,0.1607000863,0.0987197644
NL,5,202,PINU,STR,NA,1.23,835.86000001,0.6123853201,0.1028727212,0.1240063876,0.160735571,0.7068775466,0.0989365108,0.1399943722,0.0541915704
NL,5,203,PINU,BAN,NA,0.25,395.44999999,0.6857064996,0.0841083063,0.1240757094,0.1061094847,0.7593811422,0.080966803,0.1058938524,0.0537582024
NL,5,302,ABIE,BAL,NA,0.6485525424,268.06000111,0.3786016055,0.0781098036,0.1474229072,0.3958656837,0.5981814067,0.1056041844,0.1974312729,0.098783136
NL,5,602,LARI,LAR,NA,0.32,263.15999999,0.6603862053,0.0916117717,0.1387373808,0.1092646422,0.7337179425,0.0828347542,0.1243521527,0.0590951505
NL,5,605,LARI,KAE,NA,0.32,263.15999999,0.6603862053,0.0916117717,0.1387373808,0.1092646422,0.7337179425,0.0828347542,0.1243521527,0.0590951505
NL,5,1100,GENC,SPP,NA,0.805485866,347.42407027,0.2757539364,0.0531277191,0.2015224893,0.4695958552,0.6450763815,0.0955037678,0.1607000863,0.0987197644
NL,5,1150,UNKN,SPP,NA,0.805485866,347.42407027,0.2757539364,0.0531277191,0.2015224893,0.4695958552,0.6450763815,0.0955037678,0.1607000863,0.0987197644
NL,5,1200,POPU,SPP,NA,0.32,576.63000001,0.6485752953,0.1447953902,0.1276008238,0.0790284907,0.719891256,0.1414985664,0.1155644435,0.0230457341
NL,5,1201,POPU,TRE,NA,0.32,576.63000001,0.6485752953,0.1447953902,0.1276008238,0.0790284907,0.719891256,0.1414985664,0.1155644435,0.0230457341
NL,5,1203,POPU,BAL,BAL,1.11,620.17999999,0.6457080747,0.1580508128,0.1491918996,0.0470492129,0.7207401355,0.1126784549,0.1478451257,0.0187362839
NL,5,1203,POPU,BAL,NA,1.11,620.17999999,0.6457080747,0.1580508128,0.1491918996,0.0470492129,0.7207401355,0.1126784549,0.1478451257,0.0187362839
NL,5,1301,BETU,ALL,NA,0.53,425.88,0.6171503971,0.0928486111,0.2223861519,0.0676148399,0.6226929539,0.0874310501,0.2596905938,0.0301854022
NL,5,1303,BETU,PAP,NA,0.7433551891,123.13077732000001,0.5424407031,0.1018625885,0.1941241737,0.1615725347,0.5974457748,0.107755376,0.1895201154,0.1052787339
NL,5,1303,BETU,PAP,PAP,0.7433551891,123.13077732000001,0.5424407031,0.1018625885,0.1941241737,0.1615725347,0.5974457748,0.107755376,0.1895201154,0.1052787339
NL,5,1400,ACER,SPP,NA,0.48,362.28,0.6699106364,0.1032952406,0.1577359175,0.0690582055,0.685600359,0.0910521635,0.1899156179,0.0334318596
NL,5,1405,ACER,RUB,NA,0.48,362.28,0.6699106364,0.1032952406,0.1577359175,0.0690582055,0.685600359,0.0910521635,0.1899156179,0.0334318596
NL,5,1500,GENH,SPP,NA,0.28,496.33000001,0.7085357217,0.1025737024,0.0898738425,0.0990167334,0.7075142464,0.0681200532,0.2059357898,0.0184299106
NL,5,1800,ALNU,SPP,NA,1.99,25.3,0.7681830845,0.0696568459,0.1194294767,0.0427305929,0.7724910415,0.0503435524,0.1143445909,0.0628208152
NL,6,100,PICE,SPP,NA,0.805485866,347.42407027,0.2757539364,0.0531277191,0.2015224893,0.4695958552,0.6450763815,0.0955037678,0.1607000863,0.0987197644
NL,6,101,PICE,MAR,NA,0.1767905919,323.76315393,0.3581139281,0.0708354037,0.1687648754,0.4022857928,0.6362529668,0.0918734633,0.1463564358,0.1255171342
NL,6,105,PICE,GLA,NA,0.805485866,347.42407027,0.2757539364,0.0531277191,0.2015224893,0.4695958552,0.6450763815,0.0955037678,0.1607000863,0.0987197644
NL,6,202,PINU,STR,NA,1.23,835.86000001,0.6123853201,0.1028727212,0.1240063876,0.160735571,0.7068775466,0.0989365108,0.1399943722,0.0541915704
NL,6,203,PINU,BAN,NA,0.25,395.44999999,0.6857064996,0.0841083063,0.1240757094,0.1061094847,0.7593811422,0.080966803,0.1058938524,0.0537582024
NL,6,209,PINU,RES,NA,8.59,506.80000001,0.6275127003,0.0771741113,0.1485535818,0.1467596066,0.7279121974,0.0760525356,0.1194916664,0.0765436005
NL,6,302,ABIE,BAL,NA,0.3119991498,332.5770705,0.3562520347,0.0616415298,0.1374190585,0.4446873769,0.6059816232,0.1156864489,0.1537896975,0.1245422305
NL,6,602,LARI,LAR,NA,0.32,263.15999999,0.6603862053,0.0916117717,0.1387373808,0.1092646422,0.7337179425,0.0828347542,0.1243521527,0.0590951505
NL,6,605,LARI,KAE,NA,0.32,263.15999999,0.6603862053,0.0916117717,0.1387373808,0.1092646422,0.7337179425,0.0828347542,0.1243521527,0.0590951505
NL,6,1100,GENC,SPP,NA,0.805485866,347.42407027,0.2757539364,0.0531277191,0.2015224893,0.4695958552,0.6450763815,0.0955037678,0.1607000863,0.0987197644
NL,6,1150,UNKN,SPP,NA,0.805485866,347.42407027,0.2757539364,0.0531277191,0.2015224893,0.4695958552,0.6450763815,0.0955037678,0.1607000863,0.0987197644
NL,6,1200,POPU,SPP,NA,0.32,576.63000001,0.6485752953,0.1447953902,0.1276008238,0.0790284907,0.719891256,0.1414985664,0.1155644435,0.0230457341
NL,6,1201,POPU,TRE,NA,0.32,576.63000001,0.6485752953,0.1447953902,0.1276008238,0.0790284907,0.719891256,0.1414985664,0.1155644435,0.0230457341
NL,6,1203,POPU,BAL,NA,1.11,620.17999999,0.6457080747,0.1580508128,0.1491918996,0.0470492129,0.7207401355,0.1126784549,0.1478451257,0.0187362839
NL,6,1203,POPU,BAL,BAL,1.11,620.17999999,0.6457080747,0.1580508128,0.1491918996,0.0470492129,0.7207401355,0.1126784549,0.1478451257,0.0187362839
NL,6,1301,BETU,ALL,NA,0.53,425.88,0.6171503971,0.0928486111,0.2223861519,0.0676148399,0.6226929539,0.0874310501,0.2596905938,0.0301854022
NL,6,1303,BETU,PAP,NA,0.7433551891,123.13077732000001,0.5424407031,0.1018625885,0.1941241737,0.1615725347,0.5974457748,0.107755376,0.1895201154,0.1052787339
NL,6,1303,BETU,PAP,PAP,0.7433551891,123.13077732000001,0.5424407031,0.1018625885,0.1941241737,0.1615725347,0.5974457748,0.107755376,0.1895201154,0.1052787339
NL,6,1400,ACER,SPP,NA,0.48,362.28,0.6699106364,0.1032952406,0.1577359175,0.0690582055,0.685600359,0.0910521635,0.1899156179,0.0334318596
NL,6,1405,ACER,RUB,NA,0.48,362.28,0.6699106364,0.1032952406,0.1577359175,0.0690582055,0.685600359,0.0910521635,0.1899156179,0.0334318596
NL,6,1500,GENH,SPP,NA,0.28,496.33000001,0.7085357217,0.1025737024,0.0898738425,0.0990167334,0.7075142464,0.0681200532,0.2059357898,0.0184299106
NL,6,1800,ALNU,SPP,NA,1.99,25.3,0.7681830845,0.0696568459,0.1194294767,0.0427305929,0.7724910415,0.0503435524,0.1143445909,0.0628208152
NL,6,1803,ALNU,VIR,CRI,1.99,25.3,0.7681830845,0.0696568459,0.1194294767,0.0427305929,0.7724910415,0.0503435524,0.1143445909,0.0628208152
NL,6,1804,ALNU,INC,TEN,1.99,25.3,0.7681830845,0.0696568459,0.1194294767,0.0427305929,0.7724910415,0.0503435524,0.1143445909,0.0628208152
NL,6,1804,ALNU,INC,NA,1.99,25.3,0.7681830845,0.0696568459,0.1194294767,0.0427305929,0.7724910415,0.0503435524,0.1143445909,0.0628208152
NL,6,1805,ALNU,INC,RUG,1.99,25.3,0.7681830845,0.0696568459,0.1194294767,0.0427305929,0.7724910415,0.0503435524,0.1143445909,0.0628208152
NL,6,1805,ALNU,INC,NA,1.99,25.3,0.7681830845,0.0696568459,0.1194294767,0.0427305929,0.7724910415,0.0503435524,0.1143445909,0.0628208152
NL,6,3500,SALI,SPP,NA,0.35,121.39,0.6531330064,0.1602803703,0.1293180586,0.0572685647,0.6938176942,0.1449959396,0.1236591789,0.0375271872
NL,7,1410,ACER,PEN,NA,0.95,45.7,0.6529200774,0.1079262735,0.2007606673,0.0383929818,0.6760611358,0.100640844,0.1675228008,0.0557752194
NL,7,1411,ACER,SPI,NA,0.95,45.7,0.6529200774,0.1079262735,0.2007606673,0.0383929818,0.6760611358,0.100640844,0.1675228008,0.0557752194
NL,7,1800,ALNU,SPP,NA,1.99,25.3,0.7681830845,0.0696568459,0.1194294767,0.0427305929,0.7724910415,0.0503435524,0.1143445909,0.0628208152
NL,7,1805,ALNU,INC,RUG,1.99,25.3,0.7681830845,0.0696568459,0.1194294767,0.0427305929,0.7724910415,0.0503435524,0.1143445909,0.0628208152
NL,7,1805,ALNU,INC,NA,1.99,25.3,0.7681830845,0.0696568459,0.1194294767,0.0427305929,0.7724910415,0.0503435524,0.1143445909,0.0628208152
NL,7,1900,OSTR,SPP,NA,0.28,187.47999998,0.6762386505,0.1149219252,0.1521494562,0.0566899682,0.6465693623,0.0886836945,0.2256588539,0.0390880893
NL,7,1900,OSTR,VIR,NA,0.28,187.47999998,0.6762386505,0.1149219252,0.1521494562,0.0566899682,0.6465693623,0.0886836945,0.2256588539,0.0390880893
NL,7,1950,CARP,CAR,NA,0.28,187.47999998,0.6762386505,0.1149219252,0.1521494562,0.0566899682,0.6465693623,0.0886836945,0.2256588539,0.0390880893
NL,7,1950,CARP,SPP,NA,0.28,187.47999998,0.6762386505,0.1149219252,0.1521494562,0.0566899682,0.6465693623,0.0886836945,0.2256588539,0.0390880893
NS,7,100,PICE,SPP,NA,0.2179262128,517.64980889,0.3624953652,0.0524576149,0.3986407785,0.1864062414,0.6874715733,0.0886830557,0.1546525184,0.0691928527
NS,7,101,PICE,MAR,NA,0.279656476,278.46548872,0.4084711147,0.0657581436,0.3333798186,0.192390923,0.6614760036,0.0841286294,0.1721240322,0.0822713348
NS,7,102,PICE,RUB,NA,0.2412743169,694.41260125,0.4927181813,0.1669919248,0.1803339869,0.159955907,0.661415097,0.0796357645,0.1964945206,0.0624546179
NS,7,103,PICE,ABI,NA,1.4692920424,125.3445359,0.7074508805,0.0958767127,0.12588433,0.0707880767,0.712508008,0.0829070122,0.1137794749,0.090805505
NS,7,105,PICE,GLA,NA,0.2179262128,517.64980889,0.3624953652,0.0524576149,0.3986407785,0.1864062414,0.6874715733,0.0886830557,0.1546525184,0.0691928527
NS,7,106,PICE,SIT,NA,0.2179262128,517.64980889,0.3624953652,0.0524576149,0.3986407785,0.1864062414,0.6874715733,0.0886830557,0.1546525184,0.0691928527
NS,7,106,PICE,SIT,X,0.2179262128,517.64980889,0.3624953652,0.0524576149,0.3986407785,0.1864062414,0.6874715733,0.0886830557,0.1546525184,0.0691928527
NS,7,107,PICE,MAR,RUB,0.2412743169,694.41260125,0.4927181813,0.1669919248,0.1803339869,0.159955907,0.661415097,0.0796357645,0.1964945206,0.0624546179
NS,7,202,PINU,STR,NA,0.3172401884,827.38487563,0.3806371717,0.0871717133,0.348141017,0.184050098,0.6196742086,0.0841694764,0.2286021867,0.0675541283
NS,7,203,PINU,BAN,NA,0.4192544331,298.80218862,0.5335690653,0.0740175844,0.291661294,0.1007520563,0.7083257741,0.0702119101,0.1656492696,0.0558130461
NS,7,209,PINU,RES,NA,0.199614286,580.26065529,0.2657622201,0.0517745504,0.4870854308,0.1953777988,0.6212325141,0.0679966687,0.2310575225,0.0797132946
NS,7,211,PINU,SYL,NA,0.199614286,580.26065529,0.2657622201,0.0517745504,0.4870854308,0.1953777988,0.6212325141,0.0679966687,0.2310575225,0.0797132946
NS,7,302,ABIE,BAL,NA,0.136403238,508.21936483,0.3446745338,0.1000124544,0.3649522484,0.1903607634,0.6242813557,0.1039414088,0.2177109655,0.05406627
NS,7,401,TSUG,CAN,NA,2.6319092665,1061.8501979,0.5161639434,0.1347770777,0.2270963376,0.1219626413,0.6561128505,0.0973401913,0.1826247719,0.0639221863
NS,7,601,LARI,DEC,NA,0.6724835634,350.27428383,0.5417435069,0.0748835426,0.2707502535,0.112622697,0.7576004098,0.0803474106,0.1174980997,0.0445540799
NS,7,602,LARI,LAR,NA,0.6724835634,350.27428383,0.5417435069,0.0748835426,0.2707502535,0.112622697,0.7576004098,0.0803474106,0.1174980997,0.0445540799
NS,7,701,THUJ,OCC,NA,37.44445665,263.22275268,0.400547948,0.0977943754,0.2418265063,0.2598311703,0.626090299,0.1135300497,0.1690817233,0.091297928
NS,7,801,JUNI,VIR,NA,37.44445665,263.22275268,0.400547948,0.0977943754,0.2418265063,0.2598311703,0.626090299,0.1135300497,0.1690817233,0.091297928
NS,7,1100,GENC,SPP,NA,0.136403238,1061.8501979,0.3624487254,0.081023341,0.3578047202,0.1987232134,0.6355849297,0.0712104041,0.237974495,0.0552301712
NS,7,1150,UNKN,SPP,NA,0.136403238,1061.8501979,0.3624487254,0.081023341,0.3578047202,0.1987232134,0.6355849297,0.0712104041,0.237974495,0.0552301712
NS,7,1200,POPU,SPP,NA,0.3227639467,532.21111722,0.6415683908,0.1470883764,0.1615730139,0.0497702188,0.6941132592,0.0891016515,0.1844519921,0.0323330972
NS,7,1201,POPU,TRE,NA,0.3227639467,532.21111722,0.6415683908,0.1470883764,0.1615730139,0.0497702188,0.6941132592,0.0891016515,0.1844519921,0.0323330972
NS,7,1203,POPU,BAL,NA,0.3227639467,532.21111722,0.6415683908,0.1470883764,0.1615730139,0.0497702188,0.6941132592,0.0891016515,0.1844519921,0.0323330972
NS,7,1203,POPU,BAL,BAL,0.3227639467,532.21111722,0.6415683908,0.1470883764,0.1615730139,0.0497702188,0.6941132592,0.0891016515,0.1844519921,0.0323330972
NS,7,1206,POPU,GRA,NA,0.6610678721,501.68845707,0.5284969054,0.1991259347,0.1884917005,0.0838854594,0.6723752103,0.1302729873,0.1659119503,0.0314398521
NS,7,1300,BETU,SPP,NA,0.1388108825,574.22245674,0.4149637548,0.0880830182,0.4421542025,0.0547990245,0.5571294313,0.0812983232,0.3247420453,0.0368302003
NS,7,1301,BETU,ALL,NA,0.360318273,534.84901215,0.3823494758,0.096662712,0.4599975724,0.0609902397,0.568626528,0.1028590703,0.3042208625,0.0242935392
NS,7,1303,BETU,PAP,NA,0.1388108825,574.22245674,0.4149637548,0.0880830182,0.4421542025,0.0547990245,0.5571294313,0.0812983232,0.3247420453,0.0368302003
NS,7,1303,BETU,PAP,PAP,0.1388108825,574.22245674,0.4149637548,0.0880830182,0.4421542025,0.0547990245,0.5571294313,0.0812983232,0.3247420453,0.0368302003
NS,7,1304,BETU,POP,NA,1.0463953696,100.49400418,0.6366249891,0.1240018911,0.1810417876,0.0583313323,0.6844079815,0.1063623963,0.1706182399,0.0386113824
NS,7,1400,ACER,SPP,NA,0.1863886972,566.03594955,0.538815453,0.148636162,0.2559970935,0.0565512915,0.6716591888,0.0928041355,0.2056281466,0.0299085291
NS,7,1401,ACER,SAH,NA,0.6222560359,398.33773803,0.3358061085,0.094458056,0.4751519549,0.0945838806,0.6413093939,0.0985036266,0.2294488613,0.0307381182
NS,7,1405,ACER,RUB,NA,0.1863886972,566.03594955,0.538815453,0.148636162,0.2559970935,0.0565512915,0.6716591888,0.0928041355,0.2056281466,0.0299085291
NS,7,1406,ACER,SAC,NA,0.49,553.62,0.6062833481,0.0851565275,0.2449938957,0.0635662287,0.7457251828,0.0991096662,0.1434831403,0.0116820107
NS,7,1410,ACER,PEN,NA,0.95,45.7,0.6529200774,0.1079262735,0.2007606673,0.0383929818,0.6760611358,0.100640844,0.1675228008,0.0557752194
NS,7,1411,ACER,SPI,NA,0.95,45.7,0.6529200774,0.1079262735,0.2007606673,0.0383929818,0.6760611358,0.100640844,0.1675228008,0.0557752194
NS,7,1500,GENH,SPP,NA,0.2919132528,652.1126556,0.5752703958,0.1477094872,0.2111222418,0.0658978751,0.6718172653,0.0564542913,0.2526968737,0.0190315697
NS,7,1550,GENH,SPP,NA,0.2919132528,652.1126556,0.5752703958,0.1477094872,0.2111222418,0.0658978751,0.6718172653,0.0564542913,0.2526968737,0.0190315697
NS,7,1800,ALNU,SPP,NA,1.99,25.3,0.7681830845,0.0696568459,0.1194294767,0.0427305929,0.7724910415,0.0503435524,0.1143445909,0.0628208152
NS,7,1803,ALNU,VIR,CRI,1.99,25.3,0.7681830845,0.0696568459,0.1194294767,0.0427305929,0.7724910415,0.0503435524,0.1143445909,0.0628208152
NS,7,1805,ALNU,INC,RUG,1.99,25.3,0.7681830845,0.0696568459,0.1194294767,0.0427305929,0.7724910415,0.0503435524,0.1143445909,0.0628208152
NS,7,1805,ALNU,INC,NA,1.99,25.3,0.7681830845,0.0696568459,0.1194294767,0.0427305929,0.7724910415,0.0503435524,0.1143445909,0.0628208152
NS,7,1900,OSTR,SPP,NA,0.28,187.47999998,0.6762386505,0.1149219252,0.1521494562,0.0566899682,0.6465693623,0.0886836945,0.2256588539,0.0390880893
NS,7,1900,OSTR,VIR,NA,0.28,187.47999998,0.6762386505,0.1149219252,0.1521494562,0.0566899682,0.6465693623,0.0886836945,0.2256588539,0.0390880893
NS,7,1950,CARP,CAR,NA,0.28,187.47999998,0.6762386505,0.1149219252,0.1521494562,0.0566899682,0.6465693623,0.0886836945,0.2256588539,0.0390880893
NS,7,1950,CARP,SPP,NA,0.28,187.47999998,0.6762386505,0.1149219252,0.1521494562,0.0566899682,0.6465693623,0.0886836945,0.2256588539,0.0390880893
NS,7,2000,FAGU,GRA,NA,0.2919132528,652.1126556,0.5680723152,0.0633546105,0.3217186585,0.0468544157,0.6675913827,0.0548468934,0.258334903,0.019226821
NS,7,2100,QUER,SPP,NA,0.9074336746,305.71807273,0.5667755714,0.1899704183,0.1683927352,0.074861275,0.6463199188,0.1275578684,0.1894851613,0.0366370515
NS,7,2108,QUER,RUB,NA,0.9074336746,305.71807273,0.5667755714,0.1899704183,0.1683927352,0.074861275,0.6463199188,0.1275578684,0.1894851613,0.0366370515
NS,7,2201,ULMU,AME,NA,33.977723729,310.61805801,0.6023675628,0.0935507541,0.2538333543,0.0502483288,0.6595852216,0.092115031,0.1966186087,0.0516811387
NS,7,2801,PRUN,SER,NA,0.2919132528,652.1126556,0.5752703958,0.1477094872,0.2111222418,0.0658978751,0.6718172653,0.0564542913,0.2526968737,0.0190315697
NS,7,2802,PRUN,PEN,NA,0.52,119.20999999,0.7281675306,0.0494907143,0.136282726,0.0860590291,0.7133999855,0.0785816901,0.1418502716,0.0661680529
NS,7,2804,PRUN,VIR,NA,0.2919132528,652.1126556,0.5752703958,0.1477094872,0.2111222418,0.0658978751,0.6718172653,0.0564542913,0.2526968737,0.0190315697
NS,7,2804,PRUN,VIR,VIR,0.2919132528,652.1126556,0.5752703958,0.1477094872,0.2111222418,0.0658978751,0.6718172653,0.0564542913,0.2526968737,0.0190315697
NS,7,3400,FRAX,SPP,NA,0.995660413,312.36734152,0.5879927147,0.0769559746,0.2734770327,0.061574278,0.7101313335,0.0914941402,0.1687204216,0.0296541047
NS,7,3401,FRAX,AME,NA,0.995660413,312.36734152,0.5879927147,0.0769559746,0.2734770327,0.061574278,0.7101313335,0.0914941402,0.1687204216,0.0296541047
NS,7,3402,FRAX,NIG,NA,0.995660413,312.36734152,0.5879927147,0.0769559746,0.2734770327,0.061574278,0.7101313335,0.0914941402,0.1687204216,0.0296541047
NS,7,3930,MALU,COR,NA,0.46,67.8,0.7573513506,0.0263239081,0.1306822057,0.0856425356,0.6715952258,0.0759854192,0.2014076386,0.0510117164
NS,7,3930,MALU,FUS,NA,0.46,67.8,0.7573513506,0.0263239081,0.1306822057,0.0856425356,0.6715952258,0.0759854192,0.2014076386,0.0510117164
NS,7,3930,MALU,SPP,NA,0.46,67.8,0.7573513506,0.0263239081,0.1306822057,0.0856425356,0.6715952258,0.0759854192,0.2014076386,0.0510117164
NS,7,3960,SORB,SPP,NA,0.46,67.8,0.7573513506,0.0263239081,0.1306822057,0.0856425356,0.6715952258,0.0759854192,0.2014076386,0.0510117164
NT,2,100,PICE,SPP,NA,1.4854376445,376.09978201,0.531059224,0.1219899712,0.1873106451,0.1596401597,0.7617729106,0.0981772341,0.0857221875,0.0543276677
NT,2,101,PICE,MAR,NA,1.7278668842,151.7390865,0.6218799881,0.1235754649,0.1314774744,0.1230670726,0.740227908,0.1151641874,0.0805510513,0.0640568533
NT,2,105,PICE,GLA,NA,1.4854376445,376.09978201,0.531059224,0.1219899712,0.1873106451,0.1596401597,0.7617729106,0.0981772341,0.0857221875,0.0543276677
NT,2,203,PINU,BAN,NA,2.7745139946,252.97088758,0.7434578236,0.0912060253,0.0849779392,0.0803582119,0.8120198899,0.0720921346,0.0733900037,0.0424979718
NT,2,204,PINU,CON,NA,2.7745139946,252.97088758,0.7434578236,0.0912060253,0.0849779392,0.0803582119,0.8120198899,0.0720921346,0.0733900037,0.0424979718
NT,2,204,PINU,CON,LAT,2.7745139946,252.97088758,0.7434578236,0.0912060253,0.0849779392,0.0803582119,0.8120198899,0.0720921346,0.0733900037,0.0424979718
NT,3,100,PICE,SPP,NA,1.4854376445,376.09978201,0.531059224,0.1219899712,0.1873106451,0.1596401597,0.7617729106,0.0981772341,0.0857221875,0.0543276677
NT,3,101,PICE,MAR,NA,1.7278668842,151.7390865,0.6218799881,0.1235754649,0.1314774744,0.1230670726,0.740227908,0.1151641874,0.0805510513,0.0640568533
NT,3,105,PICE,GLA,NA,1.4854376445,376.09978201,0.531059224,0.1219899712,0.1873106451,0.1596401597,0.7617729106,0.0981772341,0.0857221875,0.0543276677
NT,3,203,PINU,BAN,NA,2.7745139946,252.97088758,0.7434578236,0.0912060253,0.0849779392,0.0803582119,0.8120198899,0.0720921346,0.0733900037,0.0424979718
NT,3,204,PINU,CON,NA,2.7745139946,252.97088758,0.7434578236,0.0912060253,0.0849779392,0.0803582119,0.8120198899,0.0720921346,0.0733900037,0.0424979718
NT,3,204,PINU,CON,LAT,2.7745139946,252.97088758,0.7434578236,0.0912060253,0.0849779392,0.0803582119,0.8120198899,0.0720921346,0.0733900037,0.0424979718
NT,3,300,ABIE,SPP,NA,7.7850465269,423.80330269,0.4648997067,0.0944670605,0.2902372235,0.1503960093,0.69305212410000006,0.1041264808,0.1299263125,0.0728950826
NT,3,304,ABIE,LAS,NA,1.4854376445,376.09978201,0.6075056618,0.1223696862,0.1416872517,0.1284374003,0.7646273869,0.0978638557,0.0840089997,0.0534997577
NT,3,602,LARI,LAR,NA,2.7745139946,252.97088758,0.7434578236,0.0912060253,0.0849779392,0.0803582119,0.8120198899,0.0720921346,0.0733900037,0.0424979718
NT,3,1201,POPU,TRE,NA,1.8109884235,203.62184609,0.6836307499,0.1410984308,0.1002839013,0.074986918,0.7349507772,0.1238363699,0.1163084367,0.0249044163
NT,3,1203,POPU,BAL,NA,1.8109884235,203.62184609,0.6836307499,0.1410984308,0.1002839013,0.074986918,0.7349507772,0.1238363699,0.1163084367,0.0249044163
NT,3,1203,POPU,BAL,BAL,1.8109884235,203.62184609,0.6836307499,0.1410984308,0.1002839013,0.074986918,0.7349507772,0.1238363699,0.1163084367,0.0249044163
NT,3,1300,BETU,SPP,NA,20.683976979,154.94678445,0.6987888216,0.1296315941,0.1347381619,0.0368414223,0.7068045777,0.1133610101,0.1278766548,0.0519577573
NT,3,1303,BETU,PAP,NA,1.8109884235,203.62184609,0.6836307499,0.1410984308,0.1002839013,0.074986918,0.7349507772,0.1238363699,0.1163084367,0.0249044163
NT,3,1303,BETU,PAP,PAP,1.8109884235,203.62184609,0.6836307499,0.1410984308,0.1002839013,0.074986918,0.7349507772,0.1238363699,0.1163084367,0.0249044163
NT,3,1308,BETU,PAP,NEO,1.8109884235,203.62184609,0.6836307499,0.1410984308,0.1002839013,0.074986918,0.7349507772,0.1238363699,0.1163084367,0.0249044163
NT,4,100,PICE,SPP,NA,0.51,435.9225,0.6044827441,0.1344491718,0.1747243572,0.086343727,0.7687058954,0.1301387667,0.0554870736,0.0456682642
NT,4,101,PICE,MAR,NA,0.375,72.8675,0.6349256848,0.1276278339,0.0964185185,0.1410279629,0.7289425658,0.1207553295,0.0602595668,0.090042538
NT,4,105,PICE,GLA,NA,0.51,435.9225,0.6044827441,0.1344491718,0.1747243572,0.086343727,0.7687058954,0.1301387667,0.0554870736,0.0456682642
NT,4,203,PINU,BAN,NA,82.954998684,322.9076603,0.7404331073,0.1050664544,0.0967501459,0.0577502923,0.789295504,0.1017202207,0.0575720962,0.0514121791
NT,4,204,PINU,CON,NA,82.954998684,322.9076603,0.7404331073,0.1050664544,0.0967501459,0.0577502923,0.789295504,0.1017202207,0.0575720962,0.0514121791
NT,4,204,PINU,CON,LAT,82.954998684,322.9076603,0.7404331073,0.1050664544,0.0967501459,0.0577502923,0.789295504,0.1017202207,0.0575720962,0.0514121791
NT,4,216,PINU,MUR,NA,82.954998684,322.9076603,0.7404331073,0.1050664544,0.0967501459,0.0577502923,0.789295504,0.1017202207,0.0575720962,0.0514121791
NT,4,300,ABIE,SPP,NA,7.7850465269,423.80330269,0.4648997067,0.0944670605,0.2902372235,0.1503960093,0.69305212410000006,0.1041264808,0.1299263125,0.0728950826
NT,4,302,ABIE,BAL,NA,7.7850465269,423.80330269,0.4648997067,0.0944670605,0.2902372235,0.1503960093,0.69305212410000006,0.1041264808,0.1299263125,0.0728950826
NT,4,304,ABIE,LAS,NA,7.7850465269,423.80330269,0.4648997067,0.0944670605,0.2902372235,0.1503960093,0.69305212410000006,0.1041264808,0.1299263125,0.0728950826
NT,4,500,PSEU,MEN,NA,127.45404051,477.87548132,0.5575046425,0.1052622906,0.1829760986,0.1542569683,0.5998681716,0.1124492276,0.1721805735,0.1155020274
NT,4,500,PSEU,MEN,MEN,127.45404051,477.87548132,0.5575046425,0.1052622906,0.1829760986,0.1542569683,0.5998681716,0.1124492276,0.1721805735,0.1155020274
NT,4,500,PSEU,MEN,GLA,127.45404051,477.87548132,0.5575046425,0.1052622906,0.1829760986,0.1542569683,0.5998681716,0.1124492276,0.1721805735,0.1155020274
NT,4,500,PSEU,SPP,NA,127.45404051,477.87548132,0.5575046425,0.1052622906,0.1829760986,0.1542569683,0.5998681716,0.1124492276,0.1721805735,0.1155020274
NT,4,601,LARI,DEC,NA,1.6808347273,199.53544906,0.5630947078,0.1148923377,0.2179020435,0.104110911,0.7194828785,0.1177158852,0.1220728201,0.0407284162
NT,4,602,LARI,LAR,NA,1.6808347273,199.53544906,0.5630947078,0.1148923377,0.2179020435,0.104110911,0.7194828785,0.1177158852,0.1220728201,0.0407284162
NT,4,1200,POPU,SPP,NA,28.24256393,451.73612404,0.7669260206,0.1718077982,0.0364466129,0.0248195683,0.78409987,0.1447706541,0.0467443414,0.0243851345
NT,4,1201,POPU,TRE,NA,22.8625,106.84,0.7177077219,0.161843731,0.0965061075,0.0239424397,0.766503764,0.1467631327,0.0578164104,0.028916693
NT,4,1203,POPU,BAL,NA,156.01091611,364.49530193,0.6580039138,0.1429591273,0.175172538,0.0238644209,0.6682737552,0.138751031,0.1694282372,0.0235469766
NT,4,1203,POPU,BAL,BAL,156.01091611,364.49530193,0.6580039138,0.1429591273,0.175172538,0.0238644209,0.6682737552,0.138751031,0.1694282372,0.0235469766
NT,4,1301,BETU,ALL,NA,20.683976979,154.94678445,0.6987888216,0.1296315941,0.1347381619,0.0368414223,0.7068045777,0.1133610101,0.1278766548,0.0519577573
NT,4,1303,BETU,PAP,NA,20.683976979,154.94678445,0.6987888216,0.1296315941,0.1347381619,0.0368414223,0.7068045777,0.1133610101,0.1278766548,0.0519577573
NT,4,1303,BETU,PAP,PAP,20.683976979,154.94678445,0.6987888216,0.1296315941,0.1347381619,0.0368414223,0.7068045777,0.1133610101,0.1278766548,0.0519577573
NT,4,1305,BETU,ALA,NA,20.683976979,154.94678445,0.6987888216,0.1296315941,0.1347381619,0.0368414223,0.7068045777,0.1133610101,0.1278766548,0.0519577573
NT,4,1305,BETU,NEO,NA,20.683976979,154.94678445,0.6987888216,0.1296315941,0.1347381619,0.0368414223,0.7068045777,0.1133610101,0.1278766548,0.0519577573
NT,5,100,PICE,SPP,NA,7.6630926566,658.35024885,0.4497097243,0.0747312508,0.2039357582,0.2716232667,0.7594824475,0.1135363871,0.0866798942,0.0403012713
NT,5,101,PICE,MAR,NA,0.7689271919,392.98012476,0.5515335214,0.1187320224,0.1378277389,0.1919067173,0.7572216262,0.0904216285,0.093493663,0.0588630823
NT,5,105,PICE,GLA,NA,7.6630926566,658.35024885,0.4497097243,0.0747312508,0.2039357582,0.2716232667,0.7594824475,0.1135363871,0.0866798942,0.0403012713
NT,5,203,PINU,BAN,NA,0.5250358107,228.61569283,0.6956459972,0.1100579545,0.0915889314,0.102707117,0.8264451101,0.0686281339,0.0696890265,0.0352377295
NT,5,204,PINU,CON,NA,0.6332421665,643.08305851,0.7083260161,0.1030812211,0.0994047589,0.0891880039,0.8269853488,0.0748230702,0.0693619153,0.0288296657
NT,5,204,PINU,CON,LAT,0.6332421665,643.08305851,0.7083260161,0.1030812211,0.0994047589,0.0891880039,0.8269853488,0.0748230702,0.0693619153,0.0288296657
NT,5,216,PINU,MUR,NA,0.5250358107,643.08305851,0.7091114397,0.1048052881,0.0972959933,0.0887872789,0.8254939937,0.0751885839,0.0699281357,0.0293892867
NT,5,300,ABIE,SPP,NA,7.7850465269,423.80330269,0.4648997067,0.0944670605,0.2902372235,0.1503960093,0.69305212410000006,0.1041264808,0.1299263125,0.0728950826
NT,5,302,ABIE,BAL,NA,7.7850465269,423.80330269,0.4648997067,0.0944670605,0.2902372235,0.1503960093,0.69305212410000006,0.1041264808,0.1299263125,0.0728950826
NT,5,304,ABIE,LAS,NA,7.7850465269,423.80330269,0.4648997067,0.0944670605,0.2902372235,0.1503960093,0.69305212410000006,0.1041264808,0.1299263125,0.0728950826
NT,5,500,PSEU,MEN,NA,127.45404051,477.87548132,0.5575046425,0.1052622906,0.1829760986,0.1542569683,0.5998681716,0.1124492276,0.1721805735,0.1155020274
NT,5,500,PSEU,MEN,MEN,127.45404051,477.87548132,0.5575046425,0.1052622906,0.1829760986,0.1542569683,0.5998681716,0.1124492276,0.1721805735,0.1155020274
NT,5,500,PSEU,MEN,GLA,127.45404051,477.87548132,0.5575046425,0.1052622906,0.1829760986,0.1542569683,0.5998681716,0.1124492276,0.1721805735,0.1155020274
NT,5,500,PSEU,SPP,NA,127.45404051,477.87548132,0.5575046425,0.1052622906,0.1829760986,0.1542569683,0.5998681716,0.1124492276,0.1721805735,0.1155020274
NT,5,601,LARI,DEC,NA,1.6808347273,199.53544906,0.5630947078,0.1148923377,0.2179020435,0.104110911,0.7194828785,0.1177158852,0.1220728201,0.0407284162
NT,5,602,LARI,LAR,NA,1.6808347273,199.53544906,0.5630947078,0.1148923377,0.2179020435,0.104110911,0.7194828785,0.1177158852,0.1220728201,0.0407284162
NT,5,1200,POPU,SPP,NA,0.6614660513,802.89670489,0.696537797,0.205117098,0.0497082564,0.0486368485,0.7614503305,0.1200898182,0.0869329563,0.0315268951
NT,5,1201,POPU,TRE,NA,0.6614660513,802.89670489,0.696537797,0.205117098,0.0497082564,0.0486368485,0.7614503305,0.1200898182,0.0869329563,0.0315268951
NT,5,1203,POPU,BAL,NA,1.1074390007,504.07910798,0.6898017069,0.1014740848,0.0817227293,0.127001479,0.7466255151,0.103078829,0.1127402349,0.0375554211
NT,5,1203,POPU,BAL,BAL,1.1074390007,504.07910798,0.6898017069,0.1014740848,0.0817227293,0.127001479,0.7466255151,0.103078829,0.1127402349,0.0375554211
NT,5,1301,BETU,ALL,NA,20.683976979,154.94678445,0.6987888216,0.1296315941,0.1347381619,0.0368414223,0.7068045777,0.1133610101,0.1278766548,0.0519577573
NT,5,1303,BETU,PAP,NA,20.683976979,154.94678445,0.6987888216,0.1296315941,0.1347381619,0.0368414223,0.7068045777,0.1133610101,0.1278766548,0.0519577573
NT,5,1303,BETU,PAP,PAP,20.683976979,154.94678445,0.6987888216,0.1296315941,0.1347381619,0.0368414223,0.7068045777,0.1133610101,0.1278766548,0.0519577573
NT,5,1305,BETU,ALA,NA,20.683976979,154.94678445,0.6987888216,0.1296315941,0.1347381619,0.0368414223,0.7068045777,0.1133610101,0.1278766548,0.0519577573
NT,5,1305,BETU,NEO,NA,20.683976979,154.94678445,0.6987888216,0.1296315941,0.1347381619,0.0368414223,0.7068045777,0.1133610101,0.1278766548,0.0519577573
NT,9,100,PICE,SPP,NA,7.6630926566,658.35024885,0.4497097243,0.0747312508,0.2039357582,0.2716232667,0.7594824475,0.1135363871,0.0866798942,0.0403012713
NT,9,101,PICE,MAR,NA,0.7689271919,392.98012476,0.5515335214,0.1187320224,0.1378277389,0.1919067173,0.7572216262,0.0904216285,0.093493663,0.0588630823
NT,9,104,PICE,ENG,NA,105.14049101,344.45976567,0.6326964059,0.0813752595,0.1699086621,0.1160196724,0.6559547488,0.0839096358,0.1562829367,0.1038526787
NT,9,104,PICE,ENG,GLA,105.14049101,344.45976567,0.6326964059,0.0813752595,0.1699086621,0.1160196724,0.6559547488,0.0839096358,0.1562829367,0.1038526787
NT,9,105,PICE,GLA,NA,7.6630926566,658.35024885,0.4497097243,0.0747312508,0.2039357582,0.2716232667,0.7594824475,0.1135363871,0.0866798942,0.0403012713
NT,9,109,PICE,SPP,NA,7.6630926566,658.35024885,0.4497097243,0.0747312508,0.2039357582,0.2716232667,0.7594824475,0.1135363871,0.0866798942,0.0403012713
NT,9,203,PINU,BAN,NA,0.5250358107,228.61569283,0.6956459972,0.1100579545,0.0915889314,0.102707117,0.8264451101,0.0686281339,0.0696890265,0.0352377295
NT,9,204,PINU,CON,NA,0.6332421665,643.08305851,0.7083260161,0.1030812211,0.0994047589,0.0891880039,0.8269853488,0.0748230702,0.0693619153,0.0288296657
NT,9,204,PINU,CON,LAT,0.6332421665,643.08305851,0.7083260161,0.1030812211,0.0994047589,0.0891880039,0.8269853488,0.0748230702,0.0693619153,0.0288296657
NT,9,216,PINU,MUR,NA,0.5250358107,643.08305851,0.7091114397,0.1048052881,0.0972959933,0.0887872789,0.8254939937,0.0751885839,0.0699281357,0.0293892867
NT,9,300,ABIE,SPP,NA,7.7850465269,423.80330269,0.4648997067,0.0944670605,0.2902372235,0.1503960093,0.69305212410000006,0.1041264808,0.1299263125,0.0728950826
NT,9,302,ABIE,BAL,NA,7.7850465269,423.80330269,0.4648997067,0.0944670605,0.2902372235,0.1503960093,0.69305212410000006,0.1041264808,0.1299263125,0.0728950826
NT,9,304,ABIE,LAS,NA,7.7850465269,423.80330269,0.4648997067,0.0944670605,0.2902372235,0.1503960093,0.69305212410000006,0.1041264808,0.1299263125,0.0728950826
NT,9,305,ABIE,MX2,NA,7.7850465269,423.80330269,0.4648997067,0.0944670605,0.2902372235,0.1503960093,0.69305212410000006,0.1041264808,0.1299263125,0.0728950826
NT,9,306,ABIE,MIX,NA,7.7850465269,423.80330269,0.4648997067,0.0944670605,0.2902372235,0.1503960093,0.69305212410000006,0.1041264808,0.1299263125,0.0728950826
NT,9,500,PSEU,MEN,NA,127.45404051,477.87548132,0.5575046425,0.1052622906,0.1829760986,0.1542569683,0.5998681716,0.1124492276,0.1721805735,0.1155020274
NT,9,500,PSEU,MEN,MEN,127.45404051,477.87548132,0.5575046425,0.1052622906,0.1829760986,0.1542569683,0.5998681716,0.1124492276,0.1721805735,0.1155020274
NT,9,500,PSEU,MEN,GLA,127.45404051,477.87548132,0.5575046425,0.1052622906,0.1829760986,0.1542569683,0.5998681716,0.1124492276,0.1721805735,0.1155020274
NT,9,500,PSEU,SPP,NA,127.45404051,477.87548132,0.5575046425,0.1052622906,0.1829760986,0.1542569683,0.5998681716,0.1124492276,0.1721805735,0.1155020274
NT,9,600,LARI,SPP,NA,1.6808347273,199.53544906,0.5630947078,0.1148923377,0.2179020435,0.104110911,0.7194828785,0.1177158852,0.1220728201,0.0407284162
NT,9,601,LARI,DEC,NA,1.6808347273,199.53544906,0.5630947078,0.1148923377,0.2179020435,0.104110911,0.7194828785,0.1177158852,0.1220728201,0.0407284162
NT,9,602,LARI,LAR,NA,1.6808347273,199.53544906,0.5630947078,0.1148923377,0.2179020435,0.104110911,0.7194828785,0.1177158852,0.1220728201,0.0407284162
NT,9,604,LARI,LYA,NA,1.6808347273,199.53544906,0.5630947078,0.1148923377,0.2179020435,0.104110911,0.7194828785,0.1177158852,0.1220728201,0.0407284162
NT,9,1150,UNKN,SPP,NA,0.5250358107,658.35024885,0.6372984137,0.1120386886,0.1200788615,0.1305840362,0.8076745157,0.0811992483,0.0763556441,0.0347705918
NT,9,1200,POPU,SPP,NA,0.6614660513,802.89670489,0.696537797,0.205117098,0.0497082564,0.0486368485,0.7614503305,0.1200898182,0.0869329563,0.0315268951
NT,9,1201,POPU,TRE,NA,0.6614660513,802.89670489,0.696537797,0.205117098,0.0497082564,0.0486368485,0.7614503305,0.1200898182,0.0869329563,0.0315268951
NT,9,1203,POPU,BAL,BAL,1.1074390007,504.07910798,0.6898017069,0.1014740848,0.0817227293,0.127001479,0.7466255151,0.103078829,0.1127402349,0.0375554211
NT,9,1203,POPU,BAL,NA,1.1074390007,504.07910798,0.6898017069,0.1014740848,0.0817227293,0.127001479,0.7466255151,0.103078829,0.1127402349,0.0375554211
NT,9,1301,BETU,ALL,NA,20.683976979,154.94678445,0.6987888216,0.1296315941,0.1347381619,0.0368414223,0.7068045777,0.1133610101,0.1278766548,0.0519577573
NT,9,1303,BETU,PAP,NA,20.683976979,154.94678445,0.6987888216,0.1296315941,0.1347381619,0.0368414223,0.7068045777,0.1133610101,0.1278766548,0.0519577573
NT,9,1303,BETU,PAP,PAP,20.683976979,154.94678445,0.6987888216,0.1296315941,0.1347381619,0.0368414223,0.7068045777,0.1133610101,0.1278766548,0.0519577573
NT,9,1305,BETU,ALA,NA,20.683976979,154.94678445,0.6987888216,0.1296315941,0.1347381619,0.0368414223,0.7068045777,0.1133610101,0.1278766548,0.0519577573
NT,9,1305,BETU,NEO,NA,20.683976979,154.94678445,0.6987888216,0.1296315941,0.1347381619,0.0368414223,0.7068045777,0.1133610101,0.1278766548,0.0519577573
NT,9,1404,ACER,NEG,NA,20.683976979,154.94678445,0.6987888216,0.1296315941,0.1347381619,0.0368414223,0.7068045777,0.1133610101,0.1278766548,0.0519577573
NT,9,1500,GENH,SPP,NA,20.683976979,154.94678445,0.6987888216,0.1296315941,0.1347381619,0.0368414223,0.7068045777,0.1133610101,0.1278766548,0.0519577573
NT,9,1550,GENH,SPP,NA,20.683976979,154.94678445,0.6987888216,0.1296315941,0.1347381619,0.0368414223,0.7068045777,0.1133610101,0.1278766548,0.0519577573
NT,11,100,PICE,SPP,NA,1.4854376445,376.09978201,0.531059224,0.1219899712,0.1873106451,0.1596401597,0.7617729106,0.0981772341,0.0857221875,0.0543276677
NT,11,101,PICE,MAR,NA,1.7278668842,151.7390865,0.6218799881,0.1235754649,0.1314774744,0.1230670726,0.740227908,0.1151641874,0.0805510513,0.0640568533
NT,11,105,PICE,GLA,NA,1.4854376445,376.09978201,0.531059224,0.1219899712,0.1873106451,0.1596401597,0.7617729106,0.0981772341,0.0857221875,0.0543276677
NT,11,203,PINU,BAN,NA,2.7745139946,252.97088758,0.7434578236,0.0912060253,0.0849779392,0.0803582119,0.8120198899,0.0720921346,0.0733900037,0.0424979718
NT,11,204,PINU,CON,NA,2.7745139946,252.97088758,0.7434578236,0.0912060253,0.0849779392,0.0803582119,0.8120198899,0.0720921346,0.0733900037,0.0424979718
NT,11,204,PINU,CON,LAT,2.7745139946,252.97088758,0.7434578236,0.0912060253,0.0849779392,0.0803582119,0.8120198899,0.0720921346,0.0733900037,0.0424979718
NT,11,300,ABIE,SPP,NA,1.4854376445,376.09978201,0.6075056618,0.1223696862,0.1416872517,0.1284374003,0.7646273869,0.0978638557,0.0840089997,0.0534997577
NT,11,304,ABIE,LAS,NA,1.4854376445,376.09978201,0.6075056618,0.1223696862,0.1416872517,0.1284374003,0.7646273869,0.0978638557,0.0840089997,0.0534997577
NT,11,602,LARI,LAR,NA,2.7745139946,252.97088758,0.7434578236,0.0912060253,0.0849779392,0.0803582119,0.8120198899,0.0720921346,0.0733900037,0.0424979718
NT,11,1201,POPU,TRE,NA,1.8109884235,203.62184609,0.6836307499,0.1410984308,0.1002839013,0.074986918,0.7349507772,0.1238363699,0.1163084367,0.0249044163
NT,11,1203,POPU,BAL,NA,1.8109884235,203.62184609,0.6836307499,0.1410984308,0.1002839013,0.074986918,0.7349507772,0.1238363699,0.1163084367,0.0249044163
NT,11,1203,POPU,BAL,BAL,1.8109884235,203.62184609,0.6836307499,0.1410984308,0.1002839013,0.074986918,0.7349507772,0.1238363699,0.1163084367,0.0249044163
NT,11,1303,BETU,PAP,NA,1.8109884235,203.62184609,0.6836307499,0.1410984308,0.1002839013,0.074986918,0.7349507772,0.1238363699,0.1163084367,0.0249044163
NT,11,1303,BETU,PAP,PAP,1.8109884235,203.62184609,0.6836307499,0.1410984308,0.1002839013,0.074986918,0.7349507772,0.1238363699,0.1163084367,0.0249044163
NT,11,1308,BETU,PAP,NEO,1.8109884235,203.62184609,0.6836307499,0.1410984308,0.1002839013,0.074986918,0.7349507772,0.1238363699,0.1163084367,0.0249044163
NT,12,100,PICE,SPP,NA,1.4854376445,376.09978201,0.531059224,0.1219899712,0.1873106451,0.1596401597,0.7617729106,0.0981772341,0.0857221875,0.0543276677
NT,12,101,PICE,MAR,NA,1.7278668842,151.7390865,0.6218799881,0.1235754649,0.1314774744,0.1230670726,0.740227908,0.1151641874,0.0805510513,0.0640568533
NT,12,105,PICE,GLA,NA,1.4854376445,376.09978201,0.531059224,0.1219899712,0.1873106451,0.1596401597,0.7617729106,0.0981772341,0.0857221875,0.0543276677
NT,12,203,PINU,BAN,NA,2.7745139946,252.97088758,0.7434578236,0.0912060253,0.0849779392,0.0803582119,0.8120198899,0.0720921346,0.0733900037,0.0424979718
NT,12,204,PINU,CON,NA,2.7745139946,252.97088758,0.7434578236,0.0912060253,0.0849779392,0.0803582119,0.8120198899,0.0720921346,0.0733900037,0.0424979718
NT,12,204,PINU,CON,LAT,2.7745139946,252.97088758,0.7434578236,0.0912060253,0.0849779392,0.0803582119,0.8120198899,0.0720921346,0.0733900037,0.0424979718
NT,12,300,ABIE,SPP,NA,1.4854376445,376.09978201,0.6075056618,0.1223696862,0.1416872517,0.1284374003,0.7646273869,0.0978638557,0.0840089997,0.0534997577
NT,12,304,ABIE,LAS,NA,1.4854376445,376.09978201,0.6075056618,0.1223696862,0.1416872517,0.1284374003,0.7646273869,0.0978638557,0.0840089997,0.0534997577
NT,12,602,LARI,LAR,NA,2.7745139946,252.97088758,0.7434578236,0.0912060253,0.0849779392,0.0803582119,0.8120198899,0.0720921346,0.0733900037,0.0424979718
NT,12,1200,POPU,SPP,NA,1.8109884235,203.62184609,0.6836307499,0.1410984308,0.1002839013,0.074986918,0.7349507772,0.1238363699,0.1163084367,0.0249044163
NT,12,1201,POPU,TRE,NA,1.8109884235,203.62184609,0.6836307499,0.1410984308,0.1002839013,0.074986918,0.7349507772,0.1238363699,0.1163084367,0.0249044163
NT,12,1203,POPU,BAL,NA,1.8109884235,203.62184609,0.6836307499,0.1410984308,0.1002839013,0.074986918,0.7349507772,0.1238363699,0.1163084367,0.0249044163
NT,12,1203,POPU,BAL,BAL,1.8109884235,203.62184609,0.6836307499,0.1410984308,0.1002839013,0.074986918,0.7349507772,0.1238363699,0.1163084367,0.0249044163
NT,12,1303,BETU,PAP,NA,1.8109884235,203.62184609,0.6836307499,0.1410984308,0.1002839013,0.074986918,0.7349507772,0.1238363699,0.1163084367,0.0249044163
NT,12,1303,BETU,PAP,PAP,1.8109884235,203.62184609,0.6836307499,0.1410984308,0.1002839013,0.074986918,0.7349507772,0.1238363699,0.1163084367,0.0249044163
NT,12,1308,BETU,PAP,NEO,1.8109884235,203.62184609,0.6836307499,0.1410984308,0.1002839013,0.074986918,0.7349507772,0.1238363699,0.1163084367,0.0249044163
NU,1,101,PICE,MAR,NA,0.24,147.47,0.5492635958,0.0978982917,0.1645668453,0.1882712672,0.6310513977,0.0997681936,0.1401164423,0.1290639663
NU,1,105,PICE,GLA,NA,0.29,366.94,0.5949767252,0.0927878986,0.1234947601,0.1887406161,0.6804364639,0.0999341376,0.1352402989,0.0843890996
NU,1,107,PICE,MAR,RUB,0.24,147.47,0.5492635958,0.0978982917,0.1645668453,0.1882712672,0.6310513977,0.0997681936,0.1401164423,0.1290639663
NU,1,302,ABIE,BAL,NA,0.28,411.81,0.6121785413,0.1087131913,0.1240446596,0.1550636078,0.6656899438,0.1157085068,0.1464948298,0.0721067196
NU,1,602,LARI,LAR,NA,0.32,263.15999999,0.6603862053,0.0916117717,0.1387373808,0.1092646422,0.7337179425,0.0828347542,0.1243521527,0.0590951505
NU,1,1201,POPU,TRE,NA,0.32,576.63000001,0.6485752953,0.1447953902,0.1276008238,0.0790284907,0.719891256,0.1414985664,0.1155644435,0.0230457341
NU,1,1203,POPU,BAL,NA,1.11,620.17999999,0.6457080747,0.1580508128,0.1491918996,0.0470492129,0.7207401355,0.1126784549,0.1478451257,0.0187362839
NU,1,1203,POPU,BAL,BAL,1.11,620.17999999,0.6457080747,0.1580508128,0.1491918996,0.0470492129,0.7207401355,0.1126784549,0.1478451257,0.0187362839
NU,1,1303,BETU,PAP,NA,0.36,423.37,0.6710249415,0.1098835414,0.1366128099,0.0824787071,0.6980894126,0.1173494703,0.1474792384,0.0370818788
NU,1,1303,BETU,PAP,PAP,0.36,423.37,0.6710249415,0.1098835414,0.1366128099,0.0824787071,0.6980894126,0.1173494703,0.1474792384,0.0370818788
NU,2,101,PICE,MAR,NA,0.24,147.47,0.5492635958,0.0978982917,0.1645668453,0.1882712672,0.6310513977,0.0997681936,0.1401164423,0.1290639663
NU,2,105,PICE,GLA,NA,0.29,366.94,0.5949767252,0.0927878986,0.1234947601,0.1887406161,0.6804364639,0.0999341376,0.1352402989,0.0843890996
NU,2,107,PICE,MAR,RUB,0.24,147.47,0.5492635958,0.0978982917,0.1645668453,0.1882712672,0.6310513977,0.0997681936,0.1401164423,0.1290639663
NU,2,302,ABIE,BAL,NA,0.28,411.81,0.6121785413,0.1087131913,0.1240446596,0.1550636078,0.6656899438,0.1157085068,0.1464948298,0.0721067196
NU,2,602,LARI,LAR,NA,0.32,263.15999999,0.6603862053,0.0916117717,0.1387373808,0.1092646422,0.7337179425,0.0828347542,0.1243521527,0.0590951505
NU,2,1201,POPU,TRE,NA,0.32,576.63000001,0.6485752953,0.1447953902,0.1276008238,0.0790284907,0.719891256,0.1414985664,0.1155644435,0.0230457341
NU,2,1203,POPU,BAL,NA,1.11,620.17999999,0.6457080747,0.1580508128,0.1491918996,0.0470492129,0.7207401355,0.1126784549,0.1478451257,0.0187362839
NU,2,1203,POPU,BAL,BAL,1.11,620.17999999,0.6457080747,0.1580508128,0.1491918996,0.0470492129,0.7207401355,0.1126784549,0.1478451257,0.0187362839
NU,2,1303,BETU,PAP,NA,0.36,423.37,0.6710249415,0.1098835414,0.1366128099,0.0824787071,0.6980894126,0.1173494703,0.1474792384,0.0370818788
NU,2,1303,BETU,PAP,PAP,0.36,423.37,0.6710249415,0.1098835414,0.1366128099,0.0824787071,0.6980894126,0.1173494703,0.1474792384,0.0370818788
NU,3,101,PICE,MAR,NA,0.24,147.47,0.5492635958,0.0978982917,0.1645668453,0.1882712672,0.6310513977,0.0997681936,0.1401164423,0.1290639663
NU,3,105,PICE,GLA,NA,0.29,366.94,0.5949767252,0.0927878986,0.1234947601,0.1887406161,0.6804364639,0.0999341376,0.1352402989,0.0843890996
NU,3,107,PICE,MAR,RUB,0.24,147.47,0.5492635958,0.0978982917,0.1645668453,0.1882712672,0.6310513977,0.0997681936,0.1401164423,0.1290639663
NU,3,302,ABIE,BAL,NA,0.28,411.81,0.6121785413,0.1087131913,0.1240446596,0.1550636078,0.6656899438,0.1157085068,0.1464948298,0.0721067196
NU,3,602,LARI,LAR,NA,0.32,263.15999999,0.6603862053,0.0916117717,0.1387373808,0.1092646422,0.7337179425,0.0828347542,0.1243521527,0.0590951505
NU,3,1201,POPU,TRE,NA,0.32,576.63000001,0.6485752953,0.1447953902,0.1276008238,0.0790284907,0.719891256,0.1414985664,0.1155644435,0.0230457341
NU,3,1203,POPU,BAL,NA,1.11,620.17999999,0.6457080747,0.1580508128,0.1491918996,0.0470492129,0.7207401355,0.1126784549,0.1478451257,0.0187362839
NU,3,1203,POPU,BAL,BAL,1.11,620.17999999,0.6457080747,0.1580508128,0.1491918996,0.0470492129,0.7207401355,0.1126784549,0.1478451257,0.0187362839
NU,3,1303,BETU,PAP,NA,0.36,423.37,0.6710249415,0.1098835414,0.1366128099,0.0824787071,0.6980894126,0.1173494703,0.1474792384,0.0370818788
NU,3,1303,BETU,PAP,PAP,0.36,423.37,0.6710249415,0.1098835414,0.1366128099,0.0824787071,0.6980894126,0.1173494703,0.1474792384,0.0370818788
NU,5,101,PICE,MAR,NA,0.24,147.47,0.5492635958,0.0978982917,0.1645668453,0.1882712672,0.6310513977,0.0997681936,0.1401164423,0.1290639663
NU,5,105,PICE,GLA,NA,0.29,366.94,0.5949767252,0.0927878986,0.1234947601,0.1887406161,0.6804364639,0.0999341376,0.1352402989,0.0843890996
NU,5,107,PICE,MAR,RUB,0.24,147.47,0.5492635958,0.0978982917,0.1645668453,0.1882712672,0.6310513977,0.0997681936,0.1401164423,0.1290639663
NU,5,202,PINU,STR,NA,1.23,835.86000001,0.6123853201,0.1028727212,0.1240063876,0.160735571,0.7068775466,0.0989365108,0.1399943722,0.0541915704
NU,5,203,PINU,BAN,NA,0.25,395.44999999,0.6857064996,0.0841083063,0.1240757094,0.1061094847,0.7593811422,0.080966803,0.1058938524,0.0537582024
NU,5,209,PINU,RES,NA,8.59,506.80000001,0.6275127003,0.0771741113,0.1485535818,0.1467596066,0.7279121974,0.0760525356,0.1194916664,0.0765436005
NU,5,302,ABIE,BAL,NA,0.28,411.81,0.6121785413,0.1087131913,0.1240446596,0.1550636078,0.6656899438,0.1157085068,0.1464948298,0.0721067196
NU,5,401,TSUG,CAN,NA,2.43,577.77,0.6201947629,0.127377572,0.1411295553,0.1112981099,0.6693477288,0.1146929193,0.1678670453,0.0480923066
NU,5,602,LARI,LAR,NA,0.32,263.15999999,0.6603862053,0.0916117717,0.1387373808,0.1092646422,0.7337179425,0.0828347542,0.1243521527,0.0590951505
NU,5,701,THUJ,OCC,NA,0.44,498.37,0.6235485281,0.094225041,0.1428737162,0.1393527147,0.6595483619,0.0919272703,0.1679626293,0.0805617386
NU,5,801,JUNI,VIR,NA,0.44,498.37,0.6235485281,0.094225041,0.1428737162,0.1393527147,0.6595483619,0.0919272703,0.1679626293,0.0805617386
NU,5,1201,POPU,TRE,NA,0.32,576.63000001,0.6485752953,0.1447953902,0.1276008238,0.0790284907,0.719891256,0.1414985664,0.1155644435,0.0230457341
NU,5,1203,POPU,BAL,NA,1.11,620.17999999,0.6457080747,0.1580508128,0.1491918996,0.0470492129,0.7207401355,0.1126784549,0.1478451257,0.0187362839
NU,5,1203,POPU,BAL,BAL,1.11,620.17999999,0.6457080747,0.1580508128,0.1491918996,0.0470492129,0.7207401355,0.1126784549,0.1478451257,0.0187362839
NU,5,1211,POPU,BAL,GRA,0.32,620.17999999,0.648905287,0.1442275354,0.1285052044,0.0783619732,0.72005725,0.1387388128,0.1210907375,0.0201131997
NU,5,1301,BETU,ALL,NA,0.53,425.88,0.6171503971,0.0928486111,0.2223861519,0.0676148399,0.6226929539,0.0874310501,0.2596905938,0.0301854022
NU,5,1303,BETU,PAP,NA,0.36,423.37,0.6710249415,0.1098835414,0.1366128099,0.0824787071,0.6980894126,0.1173494703,0.1474792384,0.0370818788
NU,5,1303,BETU,PAP,PAP,0.36,423.37,0.6710249415,0.1098835414,0.1366128099,0.0824787071,0.6980894126,0.1173494703,0.1474792384,0.0370818788
NU,5,1401,ACER,SAH,NA,0.44,509.09,0.6524618457,0.096173208,0.1885629784,0.0628019679,0.6801522412,0.0742558946,0.2299620339,0.0156298303
NU,5,1405,ACER,RUB,NA,0.48,362.28,0.6699106364,0.1032952406,0.1577359175,0.0690582055,0.685600359,0.0910521635,0.1899156179,0.0334318596
NU,5,1550,GENH,SPP,NA,0.28,496.33000001,0.7085357217,0.1025737024,0.0898738425,0.0990167334,0.7075142464,0.0681200532,0.2059357898,0.0184299106
NU,15,101,PICE,MAR,NA,0.24,275.4,0.5794251379,0.100032327,0.1439421935,0.1766003415,0.6849145174,0.103349561,0.1174233818,0.0943125398
NU,15,105,PICE,GLA,NA,0.29,366.94,0.5949767252,0.0927878986,0.1234947601,0.1887406161,0.6804364639,0.0999341376,0.1352402989,0.0843890996
NU,15,107,PICE,MAR,RUB,0.24,275.4,0.5794251379,0.100032327,0.1439421935,0.1766003415,0.6849145174,0.103349561,0.1174233818,0.0943125398
NU,15,202,PINU,STR,NA,1.23,835.86000001,0.6123853201,0.1028727212,0.1240063876,0.160735571,0.7068775466,0.0989365108,0.1399943722,0.0541915704
NU,15,203,PINU,BAN,NA,0.93,132.21,0.5732088391,0.1013054716,0.1735115513,0.151974138,0.7295093365,0.0838479726,0.1025834773,0.0840592136
NU,15,209,PINU,RES,NA,8.59,506.80000001,0.6275127003,0.0771741113,0.1485535818,0.1467596066,0.7279121974,0.0760525356,0.1194916664,0.0765436005
NU,15,302,ABIE,BAL,NA,0.28,411.81,0.6121785413,0.1087131913,0.1240446596,0.1550636078,0.6656899438,0.1157085068,0.1464948298,0.0721067196
NU,15,401,TSUG,CAN,NA,2.43,577.77,0.6201947629,0.127377572,0.1411295553,0.1112981099,0.6693477288,0.1146929193,0.1678670453,0.0480923066
NU,15,602,LARI,LAR,NA,0.32,263.15999999,0.6603862053,0.0916117717,0.1387373808,0.1092646422,0.7337179425,0.0828347542,0.1243521527,0.0590951505
NU,15,701,THUJ,OCC,NA,0.44,498.37,0.6235485281,0.094225041,0.1428737162,0.1393527147,0.6595483619,0.0919272703,0.1679626293,0.0805617386
NU,15,801,JUNI,VIR,NA,0.44,498.37,0.6235485281,0.094225041,0.1428737162,0.1393527147,0.6595483619,0.0919272703,0.1679626293,0.0805617386
NU,15,1201,POPU,TRE,NA,0.32,576.63000001,0.6485752953,0.1447953902,0.1276008238,0.0790284907,0.719891256,0.1414985664,0.1155644435,0.0230457341
NU,15,1203,POPU,BAL,NA,1.11,620.17999999,0.6457080747,0.1580508128,0.1491918996,0.0470492129,0.7207401355,0.1126784549,0.1478451257,0.0187362839
NU,15,1203,POPU,BAL,BAL,1.11,620.17999999,0.6457080747,0.1580508128,0.1491918996,0.0470492129,0.7207401355,0.1126784549,0.1478451257,0.0187362839
NU,15,1211,POPU,BAL,GRA,0.32,620.17999999,0.648905287,0.1442275354,0.1285052044,0.0783619732,0.72005725,0.1387388128,0.1210907375,0.0201131997
NU,15,1301,BETU,ALL,NA,0.53,425.88,0.6171503971,0.0928486111,0.2223861519,0.0676148399,0.6226929539,0.0874310501,0.2596905938,0.0301854022
NU,15,1303,BETU,PAP,NA,0.36,423.37,0.6710249415,0.1098835414,0.1366128099,0.0824787071,0.6980894126,0.1173494703,0.1474792384,0.0370818788
NU,15,1303,BETU,PAP,PAP,0.36,423.37,0.6710249415,0.1098835414,0.1366128099,0.0824787071,0.6980894126,0.1173494703,0.1474792384,0.0370818788
NU,15,1401,ACER,SAH,NA,0.44,509.09,0.6524618457,0.096173208,0.1885629784,0.0628019679,0.6801522412,0.0742558946,0.2299620339,0.0156298303
NU,15,1405,ACER,RUB,NA,0.48,362.28,0.6699106364,0.1032952406,0.1577359175,0.0690582055,0.685600359,0.0910521635,0.1899156179,0.0334318596
NU,15,1550,GENH,SPP,NA,0.28,496.33000001,0.7085357217,0.1025737024,0.0898738425,0.0990167334,0.7075142464,0.0681200532,0.2059357898,0.0184299106
ON,5,1301,BETU,ALL,NA,0.43,420.56,0.621496656,0.0936457074,0.2159192373,0.0689383992,0.6225102075,0.0875871773,0.2591828009,0.0307198143
ON,5,1405,ACER,RUB,NA,0.48,348.11,0.6671659476,0.1076730603,0.1549635583,0.0701974337,0.6838981132,0.0902990687,0.1916951418,0.0341076764
ON,6,100,PICE,SPP,NA,0.4077095578,271.415,0.4420372166,0.0907150345,0.1177403459,0.3495074029,0.7140255493,0.0919794025,0.1163023388,0.0776927093
ON,6,101,PICE,MAR,NA,0.1866876298,375.34001409,0.5132081227,0.0967845455,0.1357037515,0.2543035803,0.7573776564,0.1036870647,0.0862557478,0.0526795311
ON,6,103,PICE,ABI,NA,0.42,367.45,0.6594977737,0.1043232001,0.1435668988,0.0926121274,0.6786569045,0.0892400353,0.1657730542,0.066330006
ON,6,105,PICE,GLA,NA,0.4077095578,271.415,0.4420372166,0.0907150345,0.1177403459,0.3495074029,0.7140255493,0.0919794025,0.1163023388,0.0776927093
ON,6,202,PINU,STR,NA,65.9225,788.6449535,0.6310703409,0.1108882785,0.1684236616,0.089617719,0.7192473136,0.0969509256,0.135868955,0.0479328057
ON,6,203,PINU,BAN,NA,0.3482648234,382.60350906,0.6208120391,0.0973364158,0.1225220742,0.1593294709,0.8013765588,0.075865245,0.0802556689,0.0425025274
ON,6,204,PINU,CON,NA,0.3482648234,382.60350906,0.6208120391,0.0973364158,0.1225220742,0.1593294709,0.8013765588,0.075865245,0.0802556689,0.0425025274
ON,6,204,PINU,CON,LAT,0.3482648234,382.60350906,0.6208120391,0.0973364158,0.1225220742,0.1593294709,0.8013765588,0.075865245,0.0802556689,0.0425025274
ON,6,209,PINU,RES,NA,1.0096495955,695.86808689,0.5416789295,0.0886441948,0.1299902317,0.239686644,0.7982389486,0.0552537225,0.092830732,0.0536765969
ON,6,210,PINU,RIG,NA,1.0096495955,695.86808689,0.5416789295,0.0886441948,0.1299902317,0.239686644,0.7982389486,0.0552537225,0.092830732,0.0536765969
ON,6,211,PINU,SYL,NA,1.0096495955,695.86808689,0.5416789295,0.0886441948,0.1299902317,0.239686644,0.7982389486,0.0552537225,0.092830732,0.0536765969
ON,6,300,ABIE,SPP,NA,0.3220920298,226.83175174,0.4520645678,0.0854568642,0.1385862878,0.3238922803,0.7009528634,0.1249688894,0.104347619,0.0697306282
ON,6,302,ABIE,BAL,NA,0.3220920298,226.83175174,0.4520645678,0.0854568642,0.1385862878,0.3238922803,0.7009528634,0.1249688894,0.104347619,0.0697306282
ON,6,401,TSUG,CAN,NA,2.43,577.77,0.6241373695,0.1252154604,0.1425799328,0.1080672373,0.6694826203,0.1148107146,0.1675274782,0.048179187
ON,6,602,LARI,LAR,NA,0.32,256.43999999,0.6609746933,0.0929092959,0.1376165158,0.108499495,0.7339905572,0.0827264415,0.123480367,0.0598026344
ON,6,700,THUJ,SPP,NA,1.8126214035,552.36447261,0.5050636486,0.0863693903,0.2220308612,0.1865360999,0.7035220247,0.0931399951,0.1310877254,0.0722502548
ON,6,701,THUJ,OCC,NA,1.8126214035,552.36447261,0.5050636486,0.0863693903,0.2220308612,0.1865360999,0.7035220247,0.0931399951,0.1310877254,0.0722502548
ON,6,801,JUNI,VIR,NA,1.8126214035,552.36447261,0.5050636486,0.0863693903,0.2220308612,0.1865360999,0.7035220247,0.0931399951,0.1310877254,0.0722502548
ON,6,1200,POPU,SPP,NA,1.5933586679,570.77215184,0.6067327644,0.1305397802,0.1283872093,0.1343402461,0.7421998697,0.1442352075,0.0985687621,0.0149961607
ON,6,1201,POPU,TRE,NA,1.5933586679,570.77215184,0.6067327644,0.1305397802,0.1283872093,0.1343402461,0.7421998697,0.1442352075,0.0985687621,0.0149961607
ON,6,1203,POPU,BAL,NA,136.83137778,422.01409542,0.705895984,0.1124996566,0.1528997051,0.0287046543,0.7362269391,0.1193378747,0.1285818524,0.0158533338
ON,6,1203,POPU,BAL,BAL,136.83137778,422.01409542,0.705895984,0.1124996566,0.1528997051,0.0287046543,0.7362269391,0.1193378747,0.1285818524,0.0158533338
ON,6,1205,POPU,DEL,NA,1.6,613.06999999,0.647342676,0.1598367737,0.1455762353,0.047244315,0.7202162408,0.1132918724,0.1473165639,0.0191753228
ON,6,1205,POPU,DEL,DEL,1.6,613.06999999,0.647342676,0.1598367737,0.1455762353,0.047244315,0.7202162408,0.1132918724,0.1473165639,0.0191753228
ON,6,1206,POPU,GRA,NA,5.63,555.44,0.6606441089,0.1617435945,0.1132437728,0.0643685237,0.7185272715,0.1369551431,0.1233853419,0.0211322436
ON,6,1301,BETU,ALL,NA,0.43,420.56,0.621496656,0.0936457074,0.2159192373,0.0689383992,0.6225102075,0.0875871773,0.2591828009,0.0307198143
ON,6,1303,BETU,PAP,NA,0.4795352439,293.75830729,0.6035782147,0.1059586114,0.1231002783,0.1673628956,0.7016932983,0.1108281765,0.1438066136,0.0436719116
ON,6,1303,BETU,PAP,PAP,0.4795352439,293.75830729,0.6035782147,0.1059586114,0.1231002783,0.1673628956,0.7016932983,0.1108281765,0.1438066136,0.0436719116
ON,6,1304,BETU,POP,NA,0.4795352439,293.75830729,0.6035782147,0.1059586114,0.1231002783,0.1673628956,0.7016932983,0.1108281765,0.1438066136,0.0436719116
ON,6,1400,ACER,SPP,NA,3.61,503.75,0.6581925027,0.1012706222,0.1848990164,0.0556378587,0.6804224735,0.0744787864,0.2294369785,0.0156617615
ON,6,1401,ACER,SAH,NA,3.61,503.75,0.6581925027,0.1012706222,0.1848990164,0.0556378587,0.6804224735,0.0744787864,0.2294369785,0.0156617615
ON,6,1404,ACER,NEG,NA,0.44,509.09,0.6643514013,0.102403013,0.1604421511,0.0728034346,0.6792775126,0.0730728998,0.233753558,0.0138960297
ON,6,1405,ACER,RUB,NA,0.48,348.11,0.6671659476,0.1076730603,0.1549635583,0.0701974337,0.6838981132,0.0902990687,0.1916951418,0.0341076764
ON,6,1406,ACER,SAC,NA,3.61,503.75,0.6581925027,0.1012706222,0.1848990164,0.0556378587,0.6804224735,0.0744787864,0.2294369785,0.0156617615
ON,6,1601,CARY,COR,NA,12.57,178.28,0.6593216875,0.0996573504,0.2011892561,0.0398317061,0.6479364357,0.0885696073,0.226116326,0.037377631
ON,6,1701,JUGL,CIN,NA,77.66,275.26,0.6254129731,0.09110738,0.2362723683,0.0472072786,0.5433057869,0.0625198637,0.3674807196,0.0266936299
ON,6,1702,JUGL,NIG,NA,77.66,275.26,0.6254129731,0.09110738,0.2362723683,0.0472072786,0.5433057869,0.0625198637,0.3674807196,0.0266936299
ON,6,1900,OSTR,SPP,NA,0.3,175.38,0.6833392018,0.1187768853,0.1399581646,0.0579257483,0.6483481059,0.0898915366,0.2219041799,0.0398561776
ON,6,1900,OSTR,VIR,NA,0.3,175.38,0.6833392018,0.1187768853,0.1399581646,0.0579257483,0.6483481059,0.0898915366,0.2219041799,0.0398561776
ON,6,1950,CARP,CAR,NA,0.3,175.38,0.6833392018,0.1187768853,0.1399581646,0.0579257483,0.6483481059,0.0898915366,0.2219041799,0.0398561776
ON,6,1950,CARP,SPP,NA,0.3,175.38,0.6833392018,0.1187768853,0.1399581646,0.0579257483,0.6483481059,0.0898915366,0.2219041799,0.0398561776
ON,6,2000,FAGU,GRA,NA,2.8,480.95,0.6866591538,0.0823586625,0.1847277583,0.0462544254,0.6972547875,0.0590356743,0.225687383,0.0180221552
ON,6,2100,QUER,SPP,NA,3.61,359.71,0.6895417745,0.1341666354,0.1214299762,0.0548616139,0.6674444367,0.0833729502,0.2228703401,0.0263122729
ON,6,2101,QUER,ALB,NA,3.61,359.71,0.6895417745,0.1341666354,0.1214299762,0.0548616139,0.6674444367,0.0833729502,0.2228703401,0.0263122729
ON,6,2102,QUER,BIC,NA,3.61,359.71,0.6895417745,0.1341666354,0.1214299762,0.0548616139,0.6674444367,0.0833729502,0.2228703401,0.0263122729
ON,6,2104,QUER,MAC,NA,3.61,359.71,0.6895417745,0.1341666354,0.1214299762,0.0548616139,0.6674444367,0.0833729502,0.2228703401,0.0263122729
ON,6,2108,QUER,RUB,NA,3.61,359.71,0.6895417745,0.1341666354,0.1214299762,0.0548616139,0.6674444367,0.0833729502,0.2228703401,0.0263122729
ON,6,2200,ULMU,SPP,NA,3.06,99,0.6925784634,0.0976799,0.1654873136,0.0442543231,0.699260538,0.0996140635,0.1673148276,0.0338105709
ON,6,2201,ULMU,AME,NA,3.06,99,0.6925784634,0.0976799,0.1654873136,0.0442543231,0.699260538,0.0996140635,0.1673148276,0.0338105709
ON,6,2600,SASS,ALB,NA,136.83137778,422.01409542,0.705895984,0.1124996566,0.1528997051,0.0287046543,0.7362269391,0.1193378747,0.1285818524,0.0158533338
ON,6,2700,PLAT,OCC,NA,7.31,456.79,0.6636173758,0.137069417,0.1537292159,0.0455839912,0.6947024869,0.1127410039,0.171379383,0.0211771262
ON,6,2801,PRUN,SER,NA,2.6,228.67,0.709892341,0.1066160515,0.1407490047,0.0427426028,0.6705701889,0.0925323285,0.2157689258,0.0211285569
ON,6,2802,PRUN,PEN,NA,0.39,113.01999999,0.73310712,0.0436989573,0.1327619538,0.0904319688,0.6918316459,0.0717206238,0.1677581003,0.06868963
ON,6,2804,PRUN,VIR,NA,0.39,113.01999999,0.73310712,0.0436989573,0.1327619538,0.0904319688,0.6918316459,0.0717206238,0.1677581003,0.06868963
ON,6,2804,PRUN,VIR,VIR,0.39,113.01999999,0.73310712,0.0436989573,0.1327619538,0.0904319688,0.6918316459,0.0717206238,0.1677581003,0.06868963
ON,6,2900,GLED,TRI,NA,7.31,456.79,0.6636173758,0.137069417,0.1537292159,0.0455839912,0.6947024869,0.1127410039,0.171379383,0.0211771262
ON,6,2901,ROBI,PSE,NA,7.31,456.79,0.6636173758,0.137069417,0.1537292159,0.0455839912,0.6947024869,0.1127410039,0.171379383,0.0211771262
ON,6,3000,TILI,AME,NA,7.31,456.79,0.6636173758,0.137069417,0.1537292159,0.0455839912,0.6947024869,0.1127410039,0.171379383,0.0211771262
ON,6,3400,FRAX,SPP,NA,0.28,375.4,0.7107863168,0.1313291859,0.1153726777,0.0425118196,0.735315786,0.0952731947,0.1401751165,0.0292359028
ON,6,3401,FRAX,AME,NA,11.31,278.85,0.6889281279,0.1048752006,0.1724889086,0.033707763,0.6792317367,0.0888277982,0.2108052727,0.0211351924
ON,6,3402,FRAX,NIG,NA,0.28,375.4,0.7107863168,0.1313291859,0.1153726777,0.0425118196,0.735315786,0.0952731947,0.1401751165,0.0292359028
ON,6,3403,FRAX,PEN,NA,0.28,375.4,0.7107863168,0.1313291859,0.1153726777,0.0425118196,0.735315786,0.0952731947,0.1401751165,0.0292359028
ON,6,3405,FRAX,PEN,SUB,0.28,375.4,0.7107863168,0.1313291859,0.1153726777,0.0425118196,0.735315786,0.0952731947,0.1401751165,0.0292359028
ON,6,3405,FRAX,PEN,NA,0.28,375.4,0.7107863168,0.1313291859,0.1153726777,0.0425118196,0.735315786,0.0952731947,0.1401751165,0.0292359028
ON,6,3500,SALI,SPP,NA,0.39,119.82,0.6524088481,0.1589682237,0.1294139231,0.0592090051,0.6938044481,0.1455632123,0.1238362043,0.0367961354
ON,6,3501,SALI,NIG,NA,0.39,119.82,0.6524088481,0.1589682237,0.1294139231,0.0592090051,0.6938044481,0.1455632123,0.1238362043,0.0367961354
ON,6,3960,SORB,SPP,NA,6.33,134.91,0.723769779,0.0617601302,0.1295606395,0.0849094513,0.6896375027,0.0790942713,0.1663157298,0.0649524962
ON,6,3980,CAST,DEN,NA,2.8,480.95,0.6866591538,0.0823586625,0.1847277583,0.0462544254,0.6972547875,0.0590356743,0.225687383,0.0180221552
ON,6,3990,ASIM,TRI,NA,0.39,113.01999999,0.73310712,0.0436989573,0.1327619538,0.0904319688,0.6918316459,0.0717206238,0.1677581003,0.06868963
ON,7,1301,BETU,ALL,NA,0.41,406.69,0.5905517367,0.0906026701,0.2597643805,0.0590812127,0.6567574442,0.0942032231,0.2227116878,0.026327645
ON,7,1405,ACER,RUB,NA,0.35,596.11,0.660455386,0.120660057,0.1649965721,0.0538879849,0.7124537249,0.0817723937,0.1818081341,0.0239657473
ON,7,1900,OSTR,SPP,NA,0.3,175.38,0.6833392018,0.1187768853,0.1399581646,0.0579257483,0.6483481059,0.0898915366,0.2219041799,0.0398561776
ON,7,1900,OSTR,VIR,NA,0.3,175.38,0.6833392018,0.1187768853,0.1399581646,0.0579257483,0.6483481059,0.0898915366,0.2219041799,0.0398561776
ON,7,1950,CARP,CAR,NA,0.3,175.38,0.6833392018,0.1187768853,0.1399581646,0.0579257483,0.6483481059,0.0898915366,0.2219041799,0.0398561776
ON,7,1950,CARP,SPP,NA,0.3,175.38,0.6833392018,0.1187768853,0.1399581646,0.0579257483,0.6483481059,0.0898915366,0.2219041799,0.0398561776
ON,7,3930,MALU,COR,NA,1.29,67.8,0.7660832673,0.0214798871,0.1234868444,0.0889500013,0.6686082898,0.0779029178,0.2044819704,0.049006822
ON,7,3930,MALU,FUS,NA,1.29,67.8,0.7660832673,0.0214798871,0.1234868444,0.0889500013,0.6686082898,0.0779029178,0.2044819704,0.049006822
ON,7,3930,MALU,SPP,NA,1.29,67.8,0.7660832673,0.0214798871,0.1234868444,0.0889500013,0.6686082898,0.0779029178,0.2044819704,0.049006822
ON,8,100,PICE,SPP,NA,0.4077095578,271.415,0.4420372166,0.0907150345,0.1177403459,0.3495074029,0.7140255493,0.0919794025,0.1163023388,0.0776927093
ON,8,101,PICE,MAR,NA,0.1866876298,375.34001409,0.5132081227,0.0967845455,0.1357037515,0.2543035803,0.7573776564,0.1036870647,0.0862557478,0.0526795311
ON,8,103,PICE,ABI,NA,0.37,323.59,0.7519420556,0.1078573576,0.0926465482,0.0475540386,0.6290182175,0.0818407122,0.179172828,0.1099682424
ON,8,105,PICE,GLA,NA,0.4077095578,271.415,0.4420372166,0.0907150345,0.1177403459,0.3495074029,0.7140255493,0.0919794025,0.1163023388,0.0776927093
ON,8,202,PINU,STR,NA,65.9225,788.6449535,0.6310703409,0.1108882785,0.1684236616,0.089617719,0.7192473136,0.0969509256,0.135868955,0.0479328057
ON,8,203,PINU,BAN,NA,0.3482648234,382.60350906,0.6208120391,0.0973364158,0.1225220742,0.1593294709,0.8013765588,0.075865245,0.0802556689,0.0425025274
ON,8,204,PINU,CON,NA,0.3482648234,382.60350906,0.6208120391,0.0973364158,0.1225220742,0.1593294709,0.8013765588,0.075865245,0.0802556689,0.0425025274
ON,8,204,PINU,CON,LAT,0.3482648234,382.60350906,0.6208120391,0.0973364158,0.1225220742,0.1593294709,0.8013765588,0.075865245,0.0802556689,0.0425025274
ON,8,209,PINU,RES,NA,1.0096495955,695.86808689,0.5416789295,0.0886441948,0.1299902317,0.239686644,0.7982389486,0.0552537225,0.092830732,0.0536765969
ON,8,210,PINU,RIG,NA,1.0096495955,695.86808689,0.5416789295,0.0886441948,0.1299902317,0.239686644,0.7982389486,0.0552537225,0.092830732,0.0536765969
ON,8,211,PINU,SYL,NA,1.0096495955,695.86808689,0.5416789295,0.0886441948,0.1299902317,0.239686644,0.7982389486,0.0552537225,0.092830732,0.0536765969
ON,8,300,ABIE,SPP,NA,0.3220920298,226.83175174,0.4520645678,0.0854568642,0.1385862878,0.3238922803,0.7009528634,0.1249688894,0.104347619,0.0697306282
ON,8,302,ABIE,BAL,NA,0.3220920298,226.83175174,0.4520645678,0.0854568642,0.1385862878,0.3238922803,0.7009528634,0.1249688894,0.104347619,0.0697306282
ON,8,401,TSUG,CAN,NA,1.38,456.61,0.6308951227,0.1217634485,0.1602947607,0.0870466681,0.6735704953,0.110621574,0.1611872639,0.0546206668
ON,8,602,LARI,LAR,NA,1.78,263.75999999,0.7258895244,0.0986426129,0.0902099408,0.0852579218,0.75957440490000006,0.0775219947,0.0956175446,0.0672860558
ON,8,700,THUJ,SPP,NA,1.8126214035,552.36447261,0.5050636486,0.0863693903,0.2220308612,0.1865360999,0.7035220247,0.0931399951,0.1310877254,0.0722502548
ON,8,701,THUJ,OCC,NA,1.8126214035,552.36447261,0.5050636486,0.0863693903,0.2220308612,0.1865360999,0.7035220247,0.0931399951,0.1310877254,0.0722502548
ON,8,801,JUNI,VIR,NA,1.8126214035,552.36447261,0.5050636486,0.0863693903,0.2220308612,0.1865360999,0.7035220247,0.0931399951,0.1310877254,0.0722502548
ON,8,1200,POPU,SPP,NA,1.5933586679,570.77215184,0.6067327644,0.1305397802,0.1283872093,0.1343402461,0.7421998697,0.1442352075,0.0985687621,0.0149961607
ON,8,1201,POPU,TRE,NA,1.5933586679,570.77215184,0.6067327644,0.1305397802,0.1283872093,0.1343402461,0.7421998697,0.1442352075,0.0985687621,0.0149961607
ON,8,1203,POPU,BAL,NA,136.83137778,422.01409542,0.705895984,0.1124996566,0.1528997051,0.0287046543,0.7362269391,0.1193378747,0.1285818524,0.0158533338
ON,8,1203,POPU,BAL,BAL,136.83137778,422.01409542,0.705895984,0.1124996566,0.1528997051,0.0287046543,0.7362269391,0.1193378747,0.1285818524,0.0158533338
ON,8,1205,POPU,DEL,NA,9.61,233.25,0.7448687607,0.1107767488,0.1134651642,0.0308893263,0.715544973,0.1006542503,0.15813288649999999,0.0256678902
ON,8,1205,POPU,DEL,DEL,9.61,233.25,0.7448687607,0.1107767488,0.1134651642,0.0308893263,0.715544973,0.1006542503,0.15813288649999999,0.0256678902
ON,8,1206,POPU,GRA,NA,7.7099999975,375.07000001,0.681427837,0.1463191796,0.1362945448,0.0359584385,0.7031144809,0.1239256023,0.1482703613,0.0246895555
ON,8,1301,BETU,ALL,NA,4.48,278.79,0.6512883444,0.1112307998,0.1972794377,0.0402014182,0.6575615015,0.0910438701,0.2194464303,0.0319481982
ON,8,1303,BETU,PAP,NA,0.4795352439,293.75830729,0.6035782147,0.1059586114,0.1231002783,0.1673628956,0.7016932983,0.1108281765,0.1438066136,0.0436719116
ON,8,1303,BETU,PAP,PAP,0.4795352439,293.75830729,0.6035782147,0.1059586114,0.1231002783,0.1673628956,0.7016932983,0.1108281765,0.1438066136,0.0436719116
ON,8,1304,BETU,POP,NA,0.4795352439,293.75830729,0.6035782147,0.1059586114,0.1231002783,0.1673628956,0.7016932983,0.1108281765,0.1438066136,0.0436719116
ON,8,1400,ACER,SPP,NA,0.43,517.24,0.640392712,0.1145962854,0.1777302849,0.0672807178,0.6959056927,0.0702781681,0.2195956004,0.0142205388
ON,8,1401,ACER,SAH,NA,0.43,517.24,0.640392712,0.1145962854,0.1777302849,0.0672807178,0.6959056927,0.0702781681,0.2195956004,0.0142205388
ON,8,1404,ACER,NEG,NA,0.44,509.09,0.6643514013,0.102403013,0.1604421511,0.0728034346,0.6792775126,0.0730728998,0.233753558,0.0138960297
ON,8,1405,ACER,RUB,NA,1.15,494.5,0.6835562375,0.1075874552,0.1672535849,0.0416027223,0.6992805683,0.0743620017,0.2083701988,0.0179872312
ON,8,1406,ACER,SAC,NA,4.84,591.48,0.7065571241,0.1064507022,0.1203299388,0.0666622349,0.6442738734,0.0727192565,0.2646545192,0.0183523508
ON,8,1411,ACER,SPI,NA,3.46,45.7,0.6614019806,0.1070679128,0.1847430703,0.0467870363,0.677731321,0.0997857192,0.1673735959,0.0551093638
ON,8,1601,CARY,COR,NA,12.57,178.28,0.6593216875,0.0996573504,0.2011892561,0.0398317061,0.6479364357,0.0885696073,0.226116326,0.037377631
ON,8,1701,JUGL,CIN,NA,77.66,275.26,0.6254129731,0.09110738,0.2362723683,0.0472072786,0.5433057869,0.0625198637,0.3674807196,0.0266936299
ON,8,1702,JUGL,NIG,NA,77.66,275.26,0.6254129731,0.09110738,0.2362723683,0.0472072786,0.5433057869,0.0625198637,0.3674807196,0.0266936299
ON,8,1900,OSTR,SPP,NA,6.44,74.52,0.6869368934,0.1131595728,0.1511958521,0.0487076817,0.6840940372,0.1031441637,0.1733185553,0.0394432438
ON,8,1900,OSTR,VIR,NA,6.44,74.52,0.6869368934,0.1131595728,0.1511958521,0.0487076817,0.6840940372,0.1031441637,0.1733185553,0.0394432438
ON,8,1950,CARP,CAR,NA,6.44,74.52,0.6869368934,0.1131595728,0.1511958521,0.0487076817,0.6840940372,0.1031441637,0.1733185553,0.0394432438
ON,8,1950,CARP,SPP,NA,6.44,74.52,0.6869368934,0.1131595728,0.1511958521,0.0487076817,0.6840940372,0.1031441637,0.1733185553,0.0394432438
ON,8,2000,FAGU,GRA,NA,2.1,313.9,0.636843563,0.114503615,0.187927072,0.06072575,0.6873314332,0.0693850025,0.2212553798,0.0220281845
ON,8,2100,QUER,SPP,NA,3.47,155.82,0.5926701986,0.0854023764,0.3126486962,0.0092787288,0.6148122446,0.0763121931,0.2860203416,0.0228552207
ON,8,2101,QUER,ALB,NA,3.47,155.82,0.5926701986,0.0854023764,0.3126486962,0.0092787288,0.6148122446,0.0763121931,0.2860203416,0.0228552207
ON,8,2102,QUER,BIC,NA,58.09,244.25,0.6490368255,0.0998127093,0.2122034445,0.0389470208,0.6086523267,0.0747437203,0.3010300131,0.0155739398
ON,8,2104,QUER,MAC,NA,58.09,244.25,0.6490368255,0.0998127093,0.2122034445,0.0389470208,0.6086523267,0.0747437203,0.3010300131,0.0155739398
ON,8,2108,QUER,RUB,NA,58.09,244.25,0.6490368255,0.0998127093,0.2122034445,0.0389470208,0.6086523267,0.0747437203,0.3010300131,0.0155739398
ON,8,2200,ULMU,SPP,NA,3.06,99,0.6925784634,0.0976799,0.1654873136,0.0442543231,0.699260538,0.0996140635,0.1673148276,0.0338105709
ON,8,2201,ULMU,AME,NA,3.06,99,0.6925784634,0.0976799,0.1654873136,0.0442543231,0.699260538,0.0996140635,0.1673148276,0.0338105709
ON,8,2600,SASS,ALB,NA,136.83137778,422.01409542,0.705895984,0.1124996566,0.1528997051,0.0287046543,0.7362269391,0.1193378747,0.1285818524,0.0158533338
ON,8,2700,PLAT,OCC,NA,4.08,417.84,0.6870600838,0.148933314,0.1237433565,0.0402632457,0.6867989683,0.1007505525,0.1913018817,0.0211485974
ON,8,2801,PRUN,SER,NA,30.01,307.7,0.7038686137,0.1082960976,0.1492719405,0.0385633482,0.6983888031,0.0943928422,0.1862350874,0.0209832673
ON,8,2802,PRUN,PEN,NA,1.44,33.52,0.7449641288,0.0568069569,0.1170690225,0.0811598918,0.7207305649,0.0902964483,0.132504917,0.0564680698
ON,8,2804,PRUN,VIR,VIR,1.44,33.52,0.7449641288,0.0568069569,0.1170690225,0.0811598918,0.7207305649,0.0902964483,0.132504917,0.0564680698
ON,8,2804,PRUN,VIR,NA,1.44,33.52,0.7449641288,0.0568069569,0.1170690225,0.0811598918,0.7207305649,0.0902964483,0.132504917,0.0564680698
ON,8,2900,GLED,TRI,NA,4.08,417.84,0.6870600838,0.148933314,0.1237433565,0.0402632457,0.6867989683,0.1007505525,0.1913018817,0.0211485974
ON,8,2901,ROBI,PSE,NA,4.08,417.84,0.6870600838,0.148933314,0.1237433565,0.0402632457,0.6867989683,0.1007505525,0.1913018817,0.0211485974
ON,8,3000,TILI,AME,NA,4.08,417.84,0.6870600838,0.148933314,0.1237433565,0.0402632457,0.6867989683,0.1007505525,0.1913018817,0.0211485974
ON,8,3400,FRAX,SPP,NA,1.41,198.35,0.6696734335,0.1341596817,0.153144632,0.0430222529,0.7097414317,0.0999236831,0.1591002267,0.0312346584
ON,8,3401,FRAX,AME,NA,5.8,246.21,0.7014634569,0.1169267576,0.1321108666,0.0494989189,0.700126651,0.1023905381,0.1702509885,0.0272318225
ON,8,3402,FRAX,NIG,NA,1.41,198.35,0.6696734335,0.1341596817,0.153144632,0.0430222529,0.7097414317,0.0999236831,0.1591002267,0.0312346584
ON,8,3403,FRAX,PEN,NA,5.8,246.21,0.7014634569,0.1169267576,0.1321108666,0.0494989189,0.700126651,0.1023905381,0.1702509885,0.0272318225
ON,8,3405,FRAX,PEN,SUB,5.8,246.21,0.7014634569,0.1169267576,0.1321108666,0.0494989189,0.700126651,0.1023905381,0.1702509885,0.0272318225
ON,8,3405,FRAX,PEN,NA,5.8,246.21,0.7014634569,0.1169267576,0.1321108666,0.0494989189,0.700126651,0.1023905381,0.1702509885,0.0272318225
ON,8,3500,SALI,SPP,NA,40.42,133.27,0.7272111835,0.1292494674,0.1157356931,0.0278036561,0.6770331984,0.1042705239,0.1881234854,0.0305727923
ON,8,3501,SALI,NIG,NA,40.42,133.27,0.7272111835,0.1292494674,0.1157356931,0.0278036561,0.6770331984,0.1042705239,0.1881234854,0.0305727923
ON,8,3902,CORY,AME,NA,11.533970082,151.39192011,0.2618327321,0.0642004857,0.3804221147,0.2935446676,0.5033348162,0.1176798698,0.2623466326,0.1166386814
ON,8,3930,MALU,COR,NA,1.29,67.8,0.7660832673,0.0214798871,0.1234868444,0.0889500013,0.6686082898,0.0779029178,0.2044819704,0.049006822
ON,8,3930,MALU,FUS,NA,1.29,67.8,0.7660832673,0.0214798871,0.1234868444,0.0889500013,0.6686082898,0.0779029178,0.2044819704,0.049006822
ON,8,3930,MALU,SPP,NA,1.29,67.8,0.7660832673,0.0214798871,0.1234868444,0.0889500013,0.6686082898,0.0779029178,0.2044819704,0.049006822
ON,8,3960,SORB,SPP,NA,1.29,67.8,0.7660832673,0.0214798871,0.1234868444,0.0889500013,0.6686082898,0.0779029178,0.2044819704,0.049006822
ON,8,3980,CAST,DEN,NA,2.1,313.9,0.636843563,0.114503615,0.187927072,0.06072575,0.6873314332,0.0693850025,0.2212553798,0.0220281845
ON,8,3990,ASIM,TRI,NA,1.44,33.52,0.7449641288,0.0568069569,0.1170690225,0.0811598918,0.7207305649,0.0902964483,0.132504917,0.0564680698
ON,15,100,PICE,SPP,NA,0.4077095578,271.415,0.4420372166,0.0907150345,0.1177403459,0.3495074029,0.7140255493,0.0919794025,0.1163023388,0.0776927093
ON,15,101,PICE,MAR,NA,0.1866876298,375.34001409,0.5132081227,0.0967845455,0.1357037515,0.2543035803,0.7573776564,0.1036870647,0.0862557478,0.0526795311
ON,15,105,PICE,GLA,NA,0.4077095578,271.415,0.4420372166,0.0907150345,0.1177403459,0.3495074029,0.7140255493,0.0919794025,0.1163023388,0.0776927093
ON,15,202,PINU,STR,NA,65.9225,788.6449535,0.6310703409,0.1108882785,0.1684236616,0.089617719,0.7192473136,0.0969509256,0.135868955,0.0479328057
ON,15,203,PINU,BAN,NA,0.3482648234,382.60350906,0.6208120391,0.0973364158,0.1225220742,0.1593294709,0.8013765588,0.075865245,0.0802556689,0.0425025274
ON,15,204,PINU,CON,NA,0.3482648234,382.60350906,0.6208120391,0.0973364158,0.1225220742,0.1593294709,0.8013765588,0.075865245,0.0802556689,0.0425025274
ON,15,204,PINU,CON,LAT,0.3482648234,382.60350906,0.6208120391,0.0973364158,0.1225220742,0.1593294709,0.8013765588,0.075865245,0.0802556689,0.0425025274
ON,15,209,PINU,RES,NA,1.0096495955,695.86808689,0.5416789295,0.0886441948,0.1299902317,0.239686644,0.7982389486,0.0552537225,0.092830732,0.0536765969
ON,15,210,PINU,RIG,NA,1.0096495955,695.86808689,0.5416789295,0.0886441948,0.1299902317,0.239686644,0.7982389486,0.0552537225,0.092830732,0.0536765969
ON,15,211,PINU,SYL,NA,1.0096495955,695.86808689,0.5416789295,0.0886441948,0.1299902317,0.239686644,0.7982389486,0.0552537225,0.092830732,0.0536765969
ON,15,300,ABIE,SPP,NA,0.3220920298,226.83175174,0.4520645678,0.0854568642,0.1385862878,0.3238922803,0.7009528634,0.1249688894,0.104347619,0.0697306282
ON,15,302,ABIE,BAL,NA,0.3220920298,226.83175174,0.4520645678,0.0854568642,0.1385862878,0.3238922803,0.7009528634,0.1249688894,0.104347619,0.0697306282
ON,15,602,LARI,LAR,NA,0.32,256.43999999,0.6609746933,0.0929092959,0.1376165158,0.108499495,0.7339905572,0.0827264415,0.123480367,0.0598026344
ON,15,700,THUJ,SPP,NA,1.8126214035,552.36447261,0.5050636486,0.0863693903,0.2220308612,0.1865360999,0.7035220247,0.0931399951,0.1310877254,0.0722502548
ON,15,701,THUJ,OCC,NA,1.8126214035,552.36447261,0.5050636486,0.0863693903,0.2220308612,0.1865360999,0.7035220247,0.0931399951,0.1310877254,0.0722502548
ON,15,801,JUNI,VIR,NA,1.8126214035,552.36447261,0.5050636486,0.0863693903,0.2220308612,0.1865360999,0.7035220247,0.0931399951,0.1310877254,0.0722502548
ON,15,1200,POPU,SPP,NA,1.5933586679,570.77215184,0.6067327644,0.1305397802,0.1283872093,0.1343402461,0.7421998697,0.1442352075,0.0985687621,0.0149961607
ON,15,1201,POPU,TRE,NA,1.5933586679,570.77215184,0.6067327644,0.1305397802,0.1283872093,0.1343402461,0.7421998697,0.1442352075,0.0985687621,0.0149961607
ON,15,1203,POPU,BAL,NA,136.83137778,422.01409542,0.705895984,0.1124996566,0.1528997051,0.0287046543,0.7362269391,0.1193378747,0.1285818524,0.0158533338
ON,15,1203,POPU,BAL,BAL,136.83137778,422.01409542,0.705895984,0.1124996566,0.1528997051,0.0287046543,0.7362269391,0.1193378747,0.1285818524,0.0158533338
ON,15,1301,BETU,ALL,NA,0.43,420.56,0.621496656,0.0936457074,0.2159192373,0.0689383992,0.6225102075,0.0875871773,0.2591828009,0.0307198143
ON,15,1303,BETU,PAP,NA,0.4795352439,293.75830729,0.6035782147,0.1059586114,0.1231002783,0.1673628956,0.7016932983,0.1108281765,0.1438066136,0.0436719116
ON,15,1303,BETU,PAP,PAP,0.4795352439,293.75830729,0.6035782147,0.1059586114,0.1231002783,0.1673628956,0.7016932983,0.1108281765,0.1438066136,0.0436719116
ON,15,1304,BETU,POP,NA,0.4795352439,293.75830729,0.6035782147,0.1059586114,0.1231002783,0.1673628956,0.7016932983,0.1108281765,0.1438066136,0.0436719116
ON,15,1400,ACER,SPP,NA,3.61,503.75,0.6581925027,0.1012706222,0.1848990164,0.0556378587,0.6804224735,0.0744787864,0.2294369785,0.0156617615
ON,15,1405,ACER,RUB,NA,0.48,348.11,0.6671659476,0.1076730603,0.1549635583,0.0701974337,0.6838981132,0.0902990687,0.1916951418,0.0341076764
ON,15,2600,SASS,ALB,NA,136.83137778,422.01409542,0.705895984,0.1124996566,0.1528997051,0.0287046543,0.7362269391,0.1193378747,0.1285818524,0.0158533338
ON,15,3402,FRAX,NIG,NA,0.28,375.4,0.7107863168,0.1313291859,0.1153726777,0.0425118196,0.735315786,0.0952731947,0.1401751165,0.0292359028
PE,7,100,PICE,SPP,NA,1.1600474316,353.64611821,0.3073240979,0.0774144629,0.2163471181,0.3989143211,0.6346737877,0.0877297918,0.1771383198,0.1004581007
PE,7,101,PICE,MAR,NA,0.3503525896,274.48993301,0.3183349612,0.0616261225,0.2451744486,0.3748644677,0.6526783099,0.0950377672,0.1788293365,0.0734545864
PE,7,102,PICE,RUB,NA,4.667525222,239.05054409,0.4974989599,0.2325583407,0.0965709792,0.1733717201,0.6721757598,0.1120964275,0.1322530779,0.0834747349
PE,7,105,PICE,GLA,NA,1.1600474316,353.64611821,0.3073240979,0.0774144629,0.2163471181,0.3989143211,0.6346737877,0.0877297918,0.1771383198,0.1004581007
PE,7,202,PINU,STR,NA,0.6405021202,383.64948652,0.544657227,0.1237802153,0.1554616059,0.1761009518,0.6502206696,0.0914800923,0.2011852812,0.0571139569
PE,7,203,PINU,BAN,NA,1.2699999975,219.57000002,0.7405648751,0.093479899,0.1218571303,0.0440980956,0.693238543,0.0665277249,0.1626133523,0.0776203798
PE,7,209,PINU,RES,NA,0.3337171696,643.47713306,0.4549940416,0.1164005924,0.257015284,0.171590082,0.8562291621,0.0701306123,0.044554704,0.0290855216
PE,7,211,PINU,SYL,NA,0.3337171696,643.47713306,0.4549940416,0.1164005924,0.257015284,0.171590082,0.8562291621,0.0701306123,0.044554704,0.0290855216
PE,7,302,ABIE,BAL,NA,4.5001023166,324.11976114,0.401788235,0.1767655464,0.1338216574,0.2876245612,0.656100991,0.1139721106,0.1751904009,0.0547364975
PE,7,401,TSUG,CAN,NA,137.76237575,351.53201563,0.6477709308,0.1010198497,0.1824412397,0.0687679798,0.6400886807,0.101762737,0.1926182794,0.065530303
PE,7,602,LARI,LAR,NA,1.9556789844,315.35488155,0.4460983159,0.1114942629,0.2134997572,0.2289076641,0.6969608048,0.081353461,0.1612155565,0.0604701778
PE,7,605,LARI,KAE,NA,1.9556789844,315.35488155,0.4460983159,0.1114942629,0.2134997572,0.2289076641,0.6969608048,0.081353461,0.1612155565,0.0604701778
PE,7,701,THUJ,OCC,NA,37.44445665,263.22275268,0.400547948,0.0977943754,0.2418265063,0.2598311703,0.626090299,0.1135300497,0.1690817233,0.091297928
PE,7,801,JUNI,VIR,NA,37.44445665,263.22275268,0.400547948,0.0977943754,0.2418265063,0.2598311703,0.626090299,0.1135300497,0.1690817233,0.091297928
PE,7,1100,GENC,SPP,NA,1.1600474316,353.64611821,0.3073240979,0.0774144629,0.2163471181,0.3989143211,0.6346737877,0.0877297918,0.1771383198,0.1004581007
PE,7,1150,UNKN,SPP,NA,1.1600474316,353.64611821,0.3073240979,0.0774144629,0.2163471181,0.3989143211,0.6346737877,0.0877297918,0.1771383198,0.1004581007
PE,7,1200,POPU,SPP,NA,6.8051163866,472.96713388,0.6632183567,0.1518194618,0.1199800911,0.0649820904,0.6551874928,0.1497478225,0.1569530563,0.0381116284
PE,7,1201,POPU,TRE,NA,20.671492496,357.21851036,0.6369028628,0.1888279793,0.1031942239,0.071074934,0.6590814542,0.1418787909,0.1560004156,0.0430393393
PE,7,1203,POPU,BAL,NA,20.671492496,357.21851036,0.6369028628,0.1888279793,0.1031942239,0.071074934,0.6590814542,0.1418787909,0.1560004156,0.0430393393
PE,7,1203,POPU,BAL,BAL,20.671492496,357.21851036,0.6369028628,0.1888279793,0.1031942239,0.071074934,0.6590814542,0.1418787909,0.1560004156,0.0430393393
PE,7,1206,POPU,GRA,NA,84.847096189,377.38403577,0.6104627248,0.1456149407,0.1573996494,0.086522685,0.600935835,0.1461617096,0.1969142824,0.0559881731
PE,7,1301,BETU,ALL,NA,6.4308348531,235.83613383,0.2530690464,0.0775099357,0.3882007092,0.2812203087,0.5840083865,0.0956988821,0.272398931,0.0478938003
PE,7,1303,BETU,PAP,NA,12.293582691,294.65463549,0.5521207066,0.1095038179,0.2405969015,0.097778574,0.64297771,0.1009386571,0.2030806925,0.0530029405
PE,7,1303,BETU,PAP,PAP,12.293582691,294.65463549,0.5521207066,0.1095038179,0.2405969015,0.097778574,0.64297771,0.1009386571,0.2030806925,0.0530029405
PE,7,1304,BETU,POP,NA,4.2363469459,128.31232809,0.5079258832,0.1618161102,0.1216857208,0.2085722857,0.6446114513,0.1141806558,0.15754315,0.0836647429
PE,7,1400,ACER,SPP,NA,3.6183157511,273.63367943,0.4751727908,0.2203932389,0.1825176852,0.1219162851,0.6627742516,0.1033035581,0.1947365313,0.0391856591
PE,7,1401,ACER,SAH,NA,59.451721073,279.04801113,0.4138601659,0.07225449,0.3183606099,0.19552473410000001,0.61867494730000006,0.090684507,0.2482879963,0.0423525494
PE,7,1405,ACER,RUB,NA,3.6183157511,273.63367943,0.4751727908,0.2203932389,0.1825176852,0.1219162851,0.6627742516,0.1033035581,0.1947365313,0.0391856591
PE,7,1410,ACER,PEN,NA,0.95,45.7,0.6529200774,0.1079262735,0.2007606673,0.0383929818,0.6760611358,0.100640844,0.1675228008,0.0557752194
PE,7,1411,ACER,SPI,NA,14.910960758,164.87569343,0.4798020314,0.1438952444,0.2336815471,0.1426211771,0.646300276,0.108448037,0.1960532573,0.0491984297
PE,7,1550,GENH,SPP,NA,0.8737582988,310.61805801,0.334633712,0.0988340135,0.3615400477,0.2049922268,0.6878883159,0.0834738214,0.2125354148,0.0161024479
PE,7,1800,ALNU,SPP,NA,1.99,25.3,0.7681830845,0.0696568459,0.1194294767,0.0427305929,0.7724910415,0.0503435524,0.1143445909,0.0628208152
PE,7,1803,ALNU,VIR,CRI,1.99,25.3,0.7681830845,0.0696568459,0.1194294767,0.0427305929,0.7724910415,0.0503435524,0.1143445909,0.0628208152
PE,7,1805,ALNU,INC,RUG,1.99,25.3,0.7681830845,0.0696568459,0.1194294767,0.0427305929,0.7724910415,0.0503435524,0.1143445909,0.0628208152
PE,7,1805,ALNU,INC,NA,1.99,25.3,0.7681830845,0.0696568459,0.1194294767,0.0427305929,0.7724910415,0.0503435524,0.1143445909,0.0628208152
PE,7,1900,OSTR,SPP,NA,0.28,187.47999998,0.6762386505,0.1149219252,0.1521494562,0.0566899682,0.6465693623,0.0886836945,0.2256588539,0.0390880893
PE,7,1900,OSTR,VIR,NA,0.28,187.47999998,0.6762386505,0.1149219252,0.1521494562,0.0566899682,0.6465693623,0.0886836945,0.2256588539,0.0390880893
PE,7,1950,CARP,CAR,NA,0.28,187.47999998,0.6762386505,0.1149219252,0.1521494562,0.0566899682,0.6465693623,0.0886836945,0.2256588539,0.0390880893
PE,7,1950,CARP,SPP,NA,0.28,187.47999998,0.6762386505,0.1149219252,0.1521494562,0.0566899682,0.6465693623,0.0886836945,0.2256588539,0.0390880893
PE,7,2000,FAGU,GRA,NA,102.46193663,231.09589207,0.6498129179,0.0731434656,0.2287126143,0.0483310021,0.6360874982,0.0651457538,0.2607073553,0.0380593926
PE,7,2108,QUER,RUB,NA,0.9074336746,305.71807273,0.5667755714,0.1899704183,0.1683927352,0.074861275,0.6463199188,0.1275578684,0.1894851613,0.0366370515
PE,7,2200,ULMU,SPP,NA,33.977723729,310.61805801,0.6023675628,0.0935507541,0.2538333543,0.0502483288,0.6595852216,0.092115031,0.1966186087,0.0516811387
PE,7,2201,ULMU,AME,NA,33.977723729,310.61805801,0.6023675628,0.0935507541,0.2538333543,0.0502483288,0.6595852216,0.092115031,0.1966186087,0.0516811387
PE,7,2802,PRUN,PEN,NA,0.8737582988,102.72643787,0.5551201914,0.1154527359,0.2322654154,0.0971616573,0.668001726,0.0978850448,0.1477915439,0.0863216852
PE,7,3401,FRAX,AME,NA,75.048628246,178.63162477,0.4231567515,0.0616032797,0.2089035893,0.3063363796,0.6475491454,0.0875250675,0.2031309603,0.0617948268
PE,7,3900,CORY,COR,NA,11.533970082,151.39192011,0.2618327321,0.0642004857,0.3804221147,0.2935446676,0.5033348162,0.1176798698,0.2623466326,0.1166386814
PE,7,3920,ILEX,VER,NA,11.533970082,151.39192011,0.2618327321,0.0642004857,0.3804221147,0.2935446676,0.5033348162,0.1176798698,0.2623466326,0.1166386814
PE,7,3930,MALU,COR,NA,0.46,67.8,0.7573513506,0.0263239081,0.1306822057,0.0856425356,0.6715952258,0.0759854192,0.2014076386,0.0510117164
PE,7,3930,MALU,FUS,NA,0.46,67.8,0.7573513506,0.0263239081,0.1306822057,0.0856425356,0.6715952258,0.0759854192,0.2014076386,0.0510117164
PE,7,3930,MALU,SPP,NA,0.46,67.8,0.7573513506,0.0263239081,0.1306822057,0.0856425356,0.6715952258,0.0759854192,0.2014076386,0.0510117164
PE,7,3940,NEMO,MUC,NA,21.241216664,116.94947166,0.3940678176,0.0577976872,0.2993592053,0.2487752898,0.531967923,0.0926128126,0.2279376124,0.1474816519
PE,7,3960,SORB,SPP,NA,0.46,67.8,0.7573513506,0.0263239081,0.1306822057,0.0856425356,0.6715952258,0.0759854192,0.2014076386,0.0510117164
QC,1,100,PICE,SPP,NA,0.24,147.47,0.5492635958,0.0978982917,0.1645668453,0.1882712672,0.6310513977,0.0997681936,0.1401164423,0.1290639663
QC,1,101,PICE,MAR,NA,0.24,147.47,0.5492635958,0.0978982917,0.1645668453,0.1882712672,0.6310513977,0.0997681936,0.1401164423,0.1290639663
QC,1,105,PICE,GLA,NA,0.29,366.94,0.5949767252,0.0927878986,0.1234947601,0.1887406161,0.6804364639,0.0999341376,0.1352402989,0.0843890996
QC,1,107,PICE,MAR,RUB,0.24,147.47,0.5492635958,0.0978982917,0.1645668453,0.1882712672,0.6310513977,0.0997681936,0.1401164423,0.1290639663
QC,1,302,ABIE,BAL,NA,0.28,411.81,0.6121785413,0.1087131913,0.1240446596,0.1550636078,0.6656899438,0.1157085068,0.1464948298,0.0721067196
QC,1,304,ABIE,LAS,NA,0.28,411.81,0.6121785413,0.1087131913,0.1240446596,0.1550636078,0.6656899438,0.1157085068,0.1464948298,0.0721067196
QC,1,602,LARI,LAR,NA,0.32,263.15999999,0.6603862053,0.0916117717,0.1387373808,0.1092646422,0.7337179425,0.0828347542,0.1243521527,0.0590951505
QC,1,605,LARI,KAE,NA,0.32,263.15999999,0.6603862053,0.0916117717,0.1387373808,0.1092646422,0.7337179425,0.0828347542,0.1243521527,0.0590951505
QC,1,1100,GENC,SPP,NA,0.29,366.94,0.5949767252,0.0927878986,0.1234947601,0.1887406161,0.6804364639,0.0999341376,0.1352402989,0.0843890996
QC,1,1150,UNKN,SPP,NA,0.29,366.94,0.5949767252,0.0927878986,0.1234947601,0.1887406161,0.6804364639,0.0999341376,0.1352402989,0.0843890996
QC,1,1200,POPU,SPP,NA,0.32,576.63000001,0.6485752953,0.1447953902,0.1276008238,0.0790284907,0.719891256,0.1414985664,0.1155644435,0.0230457341
QC,1,1201,POPU,TRE,NA,0.32,576.63000001,0.6485752953,0.1447953902,0.1276008238,0.0790284907,0.719891256,0.1414985664,0.1155644435,0.0230457341
QC,1,1203,POPU,BAL,NA,1.11,620.17999999,0.6457080747,0.1580508128,0.1491918996,0.0470492129,0.7207401355,0.1126784549,0.1478451257,0.0187362839
QC,1,1203,POPU,BAL,BAL,1.11,620.17999999,0.6457080747,0.1580508128,0.1491918996,0.0470492129,0.7207401355,0.1126784549,0.1478451257,0.0187362839
QC,1,1303,BETU,PAP,PAP,0.36,423.37,0.6710249415,0.1098835414,0.1366128099,0.0824787071,0.6980894126,0.1173494703,0.1474792384,0.0370818788
QC,1,1303,BETU,PAP,NA,0.36,423.37,0.6710249415,0.1098835414,0.1366128099,0.0824787071,0.6980894126,0.1173494703,0.1474792384,0.0370818788
QC,2,100,PICE,SPP,NA,0.24,147.47,0.5492635958,0.0978982917,0.1645668453,0.1882712672,0.6310513977,0.0997681936,0.1401164423,0.1290639663
QC,2,101,PICE,MAR,NA,0.24,147.47,0.5492635958,0.0978982917,0.1645668453,0.1882712672,0.6310513977,0.0997681936,0.1401164423,0.1290639663
QC,2,105,PICE,GLA,NA,0.29,366.94,0.5949767252,0.0927878986,0.1234947601,0.1887406161,0.6804364639,0.0999341376,0.1352402989,0.0843890996
QC,2,107,PICE,MAR,RUB,0.24,147.47,0.5492635958,0.0978982917,0.1645668453,0.1882712672,0.6310513977,0.0997681936,0.1401164423,0.1290639663
QC,2,302,ABIE,BAL,NA,0.28,411.81,0.6121785413,0.1087131913,0.1240446596,0.1550636078,0.6656899438,0.1157085068,0.1464948298,0.0721067196
QC,2,304,ABIE,LAS,NA,0.28,411.81,0.6121785413,0.1087131913,0.1240446596,0.1550636078,0.6656899438,0.1157085068,0.1464948298,0.0721067196
QC,2,602,LARI,LAR,NA,0.32,263.15999999,0.6603862053,0.0916117717,0.1387373808,0.1092646422,0.7337179425,0.0828347542,0.1243521527,0.0590951505
QC,2,605,LARI,KAE,NA,0.32,263.15999999,0.6603862053,0.0916117717,0.1387373808,0.1092646422,0.7337179425,0.0828347542,0.1243521527,0.0590951505
QC,2,1100,GENC,SPP,NA,0.29,366.94,0.5949767252,0.0927878986,0.1234947601,0.1887406161,0.6804364639,0.0999341376,0.1352402989,0.0843890996
QC,2,1150,UNKN,SPP,NA,0.29,366.94,0.5949767252,0.0927878986,0.1234947601,0.1887406161,0.6804364639,0.0999341376,0.1352402989,0.0843890996
QC,2,1200,POPU,SPP,NA,0.32,576.63000001,0.6485752953,0.1447953902,0.1276008238,0.0790284907,0.719891256,0.1414985664,0.1155644435,0.0230457341
QC,2,1201,POPU,TRE,NA,0.32,576.63000001,0.6485752953,0.1447953902,0.1276008238,0.0790284907,0.719891256,0.1414985664,0.1155644435,0.0230457341
QC,2,1203,POPU,BAL,NA,1.11,620.17999999,0.6457080747,0.1580508128,0.1491918996,0.0470492129,0.7207401355,0.1126784549,0.1478451257,0.0187362839
QC,2,1203,POPU,BAL,BAL,1.11,620.17999999,0.6457080747,0.1580508128,0.1491918996,0.0470492129,0.7207401355,0.1126784549,0.1478451257,0.0187362839
QC,2,1303,BETU,PAP,NA,0.36,423.37,0.6710249415,0.1098835414,0.1366128099,0.0824787071,0.6980894126,0.1173494703,0.1474792384,0.0370818788
QC,2,1303,BETU,PAP,PAP,0.36,423.37,0.6710249415,0.1098835414,0.1366128099,0.0824787071,0.6980894126,0.1173494703,0.1474792384,0.0370818788
QC,3,100,PICE,SPP,NA,0.24,147.47,0.5492635958,0.0978982917,0.1645668453,0.1882712672,0.6310513977,0.0997681936,0.1401164423,0.1290639663
QC,3,101,PICE,MAR,NA,0.24,147.47,0.5492635958,0.0978982917,0.1645668453,0.1882712672,0.6310513977,0.0997681936,0.1401164423,0.1290639663
QC,3,105,PICE,GLA,NA,0.29,366.94,0.5949767252,0.0927878986,0.1234947601,0.1887406161,0.6804364639,0.0999341376,0.1352402989,0.0843890996
QC,3,107,PICE,MAR,RUB,0.24,147.47,0.5492635958,0.0978982917,0.1645668453,0.1882712672,0.6310513977,0.0997681936,0.1401164423,0.1290639663
QC,3,302,ABIE,BAL,NA,0.28,411.81,0.6121785413,0.1087131913,0.1240446596,0.1550636078,0.6656899438,0.1157085068,0.1464948298,0.0721067196
QC,3,304,ABIE,LAS,NA,0.28,411.81,0.6121785413,0.1087131913,0.1240446596,0.1550636078,0.6656899438,0.1157085068,0.1464948298,0.0721067196
QC,3,602,LARI,LAR,NA,0.32,263.15999999,0.6603862053,0.0916117717,0.1387373808,0.1092646422,0.7337179425,0.0828347542,0.1243521527,0.0590951505
QC,3,605,LARI,KAE,NA,0.32,263.15999999,0.6603862053,0.0916117717,0.1387373808,0.1092646422,0.7337179425,0.0828347542,0.1243521527,0.0590951505
QC,3,1100,GENC,SPP,NA,0.29,366.94,0.5949767252,0.0927878986,0.1234947601,0.1887406161,0.6804364639,0.0999341376,0.1352402989,0.0843890996
QC,3,1150,UNKN,SPP,NA,0.29,366.94,0.5949767252,0.0927878986,0.1234947601,0.1887406161,0.6804364639,0.0999341376,0.1352402989,0.0843890996
QC,3,1200,POPU,SPP,NA,0.32,576.63000001,0.6485752953,0.1447953902,0.1276008238,0.0790284907,0.719891256,0.1414985664,0.1155644435,0.0230457341
QC,3,1201,POPU,TRE,NA,0.32,576.63000001,0.6485752953,0.1447953902,0.1276008238,0.0790284907,0.719891256,0.1414985664,0.1155644435,0.0230457341
QC,3,1203,POPU,BAL,NA,1.11,620.17999999,0.6457080747,0.1580508128,0.1491918996,0.0470492129,0.7207401355,0.1126784549,0.1478451257,0.0187362839
QC,3,1203,POPU,BAL,BAL,1.11,620.17999999,0.6457080747,0.1580508128,0.1491918996,0.0470492129,0.7207401355,0.1126784549,0.1478451257,0.0187362839
QC,3,1303,BETU,PAP,NA,0.36,423.37,0.6710249415,0.1098835414,0.1366128099,0.0824787071,0.6980894126,0.1173494703,0.1474792384,0.0370818788
QC,3,1303,BETU,PAP,PAP,0.36,423.37,0.6710249415,0.1098835414,0.1366128099,0.0824787071,0.6980894126,0.1173494703,0.1474792384,0.0370818788
QC,3,1805,ALNU,INC,RUG,1.99,25.3,0.7681830845,0.0696568459,0.1194294767,0.0427305929,0.7724910415,0.0503435524,0.1143445909,0.0628208152
QC,3,1805,ALNU,INC,NA,1.99,25.3,0.7681830845,0.0696568459,0.1194294767,0.0427305929,0.7724910415,0.0503435524,0.1143445909,0.0628208152
QC,5,100,PICE,SPP,NA,0.24,147.47,0.5492635958,0.0978982917,0.1645668453,0.1882712672,0.6310513977,0.0997681936,0.1401164423,0.1290639663
QC,5,101,PICE,MAR,NA,0.24,147.47,0.5492635958,0.0978982917,0.1645668453,0.1882712672,0.6310513977,0.0997681936,0.1401164423,0.1290639663
QC,5,105,PICE,GLA,NA,0.29,366.94,0.5949767252,0.0927878986,0.1234947601,0.1887406161,0.6804364639,0.0999341376,0.1352402989,0.0843890996
QC,5,107,PICE,MAR,RUB,0.24,147.47,0.5492635958,0.0978982917,0.1645668453,0.1882712672,0.6310513977,0.0997681936,0.1401164423,0.1290639663
QC,5,200,PINU,SPP,NA,0.25,395.44999999,0.6857064996,0.0841083063,0.1240757094,0.1061094847,0.7593811422,0.080966803,0.1058938524,0.0537582024
QC,5,202,PINU,STR,NA,1.23,835.86000001,0.6123853201,0.1028727212,0.1240063876,0.160735571,0.7068775466,0.0989365108,0.1399943722,0.0541915704
QC,5,203,PINU,BAN,NA,0.25,395.44999999,0.6857064996,0.0841083063,0.1240757094,0.1061094847,0.7593811422,0.080966803,0.1058938524,0.0537582024
QC,5,209,PINU,RES,NA,8.59,506.80000001,0.6275127003,0.0771741113,0.1485535818,0.1467596066,0.7279121974,0.0760525356,0.1194916664,0.0765436005
QC,5,302,ABIE,BAL,NA,0.28,411.81,0.6121785413,0.1087131913,0.1240446596,0.1550636078,0.6656899438,0.1157085068,0.1464948298,0.0721067196
QC,5,304,ABIE,LAS,NA,0.28,411.81,0.6121785413,0.1087131913,0.1240446596,0.1550636078,0.6656899438,0.1157085068,0.1464948298,0.0721067196
QC,5,401,TSUG,CAN,NA,2.43,577.77,0.6201947629,0.127377572,0.1411295553,0.1112981099,0.6693477288,0.1146929193,0.1678670453,0.0480923066
QC,5,602,LARI,LAR,NA,0.32,263.15999999,0.6603862053,0.0916117717,0.1387373808,0.1092646422,0.7337179425,0.0828347542,0.1243521527,0.0590951505
QC,5,605,LARI,KAE,NA,0.32,263.15999999,0.6603862053,0.0916117717,0.1387373808,0.1092646422,0.7337179425,0.0828347542,0.1243521527,0.0590951505
QC,5,701,THUJ,OCC,NA,0.44,498.37,0.6235485281,0.094225041,0.1428737162,0.1393527147,0.6595483619,0.0919272703,0.1679626293,0.0805617386
QC,5,801,JUNI,VIR,NA,0.44,498.37,0.6235485281,0.094225041,0.1428737162,0.1393527147,0.6595483619,0.0919272703,0.1679626293,0.0805617386
QC,5,1100,GENC,SPP,NA,0.29,366.94,0.5949767252,0.0927878986,0.1234947601,0.1887406161,0.6804364639,0.0999341376,0.1352402989,0.0843890996
QC,5,1150,UNKN,SPP,NA,0.29,366.94,0.5949767252,0.0927878986,0.1234947601,0.1887406161,0.6804364639,0.0999341376,0.1352402989,0.0843890996
QC,5,1200,POPU,SPP,NA,0.32,576.63000001,0.6485752953,0.1447953902,0.1276008238,0.0790284907,0.719891256,0.1414985664,0.1155644435,0.0230457341
QC,5,1201,POPU,TRE,NA,0.32,576.63000001,0.6485752953,0.1447953902,0.1276008238,0.0790284907,0.719891256,0.1414985664,0.1155644435,0.0230457341
QC,5,1203,POPU,BAL,NA,1.11,620.17999999,0.6457080747,0.1580508128,0.1491918996,0.0470492129,0.7207401355,0.1126784549,0.1478451257,0.0187362839
QC,5,1203,POPU,BAL,BAL,1.11,620.17999999,0.6457080747,0.1580508128,0.1491918996,0.0470492129,0.7207401355,0.1126784549,0.1478451257,0.0187362839
QC,5,1211,POPU,BAL,GRA,0.32,620.17999999,0.648905287,0.1442275354,0.1285052044,0.0783619732,0.72005725,0.1387388128,0.1210907375,0.0201131997
QC,5,1301,BETU,ALL,NA,0.53,425.88,0.6171503971,0.0928486111,0.2223861519,0.0676148399,0.6226929539,0.0874310501,0.2596905938,0.0301854022
QC,5,1303,BETU,PAP,PAP,0.36,423.37,0.6710249415,0.1098835414,0.1366128099,0.0824787071,0.6980894126,0.1173494703,0.1474792384,0.0370818788
QC,5,1303,BETU,PAP,NA,0.36,423.37,0.6710249415,0.1098835414,0.1366128099,0.0824787071,0.6980894126,0.1173494703,0.1474792384,0.0370818788
QC,5,1400,ACER,SPP,NA,0.44,509.09,0.6524618457,0.096173208,0.1885629784,0.0628019679,0.6801522412,0.0742558946,0.2299620339,0.0156298303
QC,5,1401,ACER,SAH,NA,0.44,509.09,0.6524618457,0.096173208,0.1885629784,0.0628019679,0.6801522412,0.0742558946,0.2299620339,0.0156298303
QC,5,1405,ACER,RUB,NA,0.48,362.28,0.6699106364,0.1032952406,0.1577359175,0.0690582055,0.685600359,0.0910521635,0.1899156179,0.0334318596
QC,5,1550,GENH,SPP,NA,0.28,496.33000001,0.7085357217,0.1025737024,0.0898738425,0.0990167334,0.7075142464,0.0681200532,0.2059357898,0.0184299106
QC,6,100,PICE,SPP,NA,0.24,444.77999999,0.6017007189,0.0956487153,0.1279287333,0.1747218325,0.7183741493,0.0988340078,0.1092674145,0.0735244284
QC,6,101,PICE,MAR,NA,0.24,444.77999999,0.6017007189,0.0956487153,0.1279287333,0.1747218325,0.7183741493,0.0988340078,0.1092674145,0.0735244284
QC,6,102,PICE,RUB,NA,0.42,368.61,0.6569213314,0.1032495504,0.146580929,0.0932481893,0.6783280264,0.0895143707,0.1658607102,0.0662968927
QC,6,103,PICE,ABI,NA,0.42,368.61,0.6569213314,0.1032495504,0.146580929,0.0932481893,0.6783280264,0.0895143707,0.1658607102,0.0662968927
QC,6,105,PICE,GLA,NA,0.29,366.94,0.5949767252,0.0927878986,0.1234947601,0.1887406161,0.6804364639,0.0999341376,0.1352402989,0.0843890996
QC,6,107,PICE,MAR,RUB,0.42,368.61,0.6569213314,0.1032495504,0.146580929,0.0932481893,0.6783280264,0.0895143707,0.1658607102,0.0662968927
QC,6,200,PINU,SPP,NA,0.25,395.44999999,0.6857064996,0.0841083063,0.1240757094,0.1061094847,0.7593811422,0.080966803,0.1058938524,0.0537582024
QC,6,202,PINU,STR,NA,1.23,835.86000001,0.6123853201,0.1028727212,0.1240063876,0.160735571,0.7068775466,0.0989365108,0.1399943722,0.0541915704
QC,6,203,PINU,BAN,NA,0.25,395.44999999,0.6857064996,0.0841083063,0.1240757094,0.1061094847,0.7593811422,0.080966803,0.1058938524,0.0537582024
QC,6,209,PINU,RES,NA,8.59,506.80000001,0.6275127003,0.0771741113,0.1485535818,0.1467596066,0.7279121974,0.0760525356,0.1194916664,0.0765436005
QC,6,211,PINU,SYL,NA,8.59,506.80000001,0.6275127003,0.0771741113,0.1485535818,0.1467596066,0.7279121974,0.0760525356,0.1194916664,0.0765436005
QC,6,302,ABIE,BAL,NA,0.28,411.81,0.6121785413,0.1087131913,0.1240446596,0.1550636078,0.6656899438,0.1157085068,0.1464948298,0.0721067196
QC,6,304,ABIE,LAS,NA,0.28,411.81,0.6121785413,0.1087131913,0.1240446596,0.1550636078,0.6656899438,0.1157085068,0.1464948298,0.0721067196
QC,6,401,TSUG,CAN,NA,2.43,577.77,0.6201947629,0.127377572,0.1411295553,0.1112981099,0.6693477288,0.1146929193,0.1678670453,0.0480923066
QC,6,602,LARI,LAR,NA,0.32,263.15999999,0.6603862053,0.0916117717,0.1387373808,0.1092646422,0.7337179425,0.0828347542,0.1243521527,0.0590951505
QC,6,605,LARI,KAE,NA,0.32,263.15999999,0.6603862053,0.0916117717,0.1387373808,0.1092646422,0.7337179425,0.0828347542,0.1243521527,0.0590951505
QC,6,701,THUJ,OCC,NA,0.44,498.37,0.6235485281,0.094225041,0.1428737162,0.1393527147,0.6595483619,0.0919272703,0.1679626293,0.0805617386
QC,6,801,JUNI,VIR,NA,0.44,498.37,0.6235485281,0.094225041,0.1428737162,0.1393527147,0.6595483619,0.0919272703,0.1679626293,0.0805617386
QC,6,1100,GENC,SPP,NA,0.29,366.94,0.5949767252,0.0927878986,0.1234947601,0.1887406161,0.6804364639,0.0999341376,0.1352402989,0.0843890996
QC,6,1150,UNKN,SPP,NA,0.29,366.94,0.5949767252,0.0927878986,0.1234947601,0.1887406161,0.6804364639,0.0999341376,0.1352402989,0.0843890996
QC,6,1200,POPU,SPP,NA,0.32,576.63000001,0.6485752953,0.1447953902,0.1276008238,0.0790284907,0.719891256,0.1414985664,0.1155644435,0.0230457341
QC,6,1201,POPU,TRE,NA,0.32,576.63000001,0.6485752953,0.1447953902,0.1276008238,0.0790284907,0.719891256,0.1414985664,0.1155644435,0.0230457341
QC,6,1203,POPU,BAL,NA,1.11,620.17999999,0.6457080747,0.1580508128,0.1491918996,0.0470492129,0.7207401355,0.1126784549,0.1478451257,0.0187362839
QC,6,1203,POPU,BAL,BAL,1.11,620.17999999,0.6457080747,0.1580508128,0.1491918996,0.0470492129,0.7207401355,0.1126784549,0.1478451257,0.0187362839
QC,6,1205,POPU,DEL,NA,1.11,620.17999999,0.6457080747,0.1580508128,0.1491918996,0.0470492129,0.7207401355,0.1126784549,0.1478451257,0.0187362839
QC,6,1205,POPU,DEL,DEL,1.11,620.17999999,0.6457080747,0.1580508128,0.1491918996,0.0470492129,0.7207401355,0.1126784549,0.1478451257,0.0187362839
QC,6,1206,POPU,GRA,NA,3.61,558.18,0.6497708264,0.1736630145,0.1030920311,0.0734741281,0.7178573908,0.1372802905,0.1240556089,0.0208067098
QC,6,1211,POPU,BAL,GRA,0.32,620.17999999,0.648905287,0.1442275354,0.1285052044,0.0783619732,0.72005725,0.1387388128,0.1210907375,0.0201131997
QC,6,1301,BETU,ALL,NA,0.53,425.88,0.6171503971,0.0928486111,0.2223861519,0.0676148399,0.6226929539,0.0874310501,0.2596905938,0.0301854022
QC,6,1303,BETU,PAP,NA,0.36,423.37,0.6710249415,0.1098835414,0.1366128099,0.0824787071,0.6980894126,0.1173494703,0.1474792384,0.0370818788
QC,6,1303,BETU,PAP,PAP,0.36,423.37,0.6710249415,0.1098835414,0.1366128099,0.0824787071,0.6980894126,0.1173494703,0.1474792384,0.0370818788
QC,6,1304,BETU,POP,NA,1.57,83.619999992,0.733488869,0.1188643464,0.1067469035,0.0408998811,0.7304857482,0.1165651776,0.1143614082,0.038587666
QC,6,1400,ACER,SPP,NA,0.44,509.09,0.6524618457,0.096173208,0.1885629784,0.0628019679,0.6801522412,0.0742558946,0.2299620339,0.0156298303
QC,6,1401,ACER,SAH,NA,0.44,509.09,0.6524618457,0.096173208,0.1885629784,0.0628019679,0.6801522412,0.0742558946,0.2299620339,0.0156298303
QC,6,1405,ACER,RUB,NA,0.48,362.28,0.6699106364,0.1032952406,0.1577359175,0.0690582055,0.685600359,0.0910521635,0.1899156179,0.0334318596
QC,6,1406,ACER,SAC,NA,0.44,509.09,0.6524618457,0.096173208,0.1885629784,0.0628019679,0.6801522412,0.0742558946,0.2299620339,0.0156298303
QC,6,1410,ACER,PEN,NA,0.95,45.7,0.6529200774,0.1079262735,0.2007606673,0.0383929818,0.6760611358,0.100640844,0.1675228008,0.0557752194
QC,6,1411,ACER,SPI,NA,0.95,45.7,0.6529200774,0.1079262735,0.2007606673,0.0383929818,0.6760611358,0.100640844,0.1675228008,0.0557752194
QC,6,1550,GENH,SPP,NA,0.28,496.33000001,0.7085357217,0.1025737024,0.0898738425,0.0990167334,0.7075142464,0.0681200532,0.2059357898,0.0184299106
QC,6,1601,CARY,COR,NA,32.489999995,205.77,0.6643198509,0.1020533667,0.1941183045,0.0395084779,0.6491499531,0.0912866465,0.2208791769,0.0386842235
QC,6,1701,JUGL,CIN,NA,105.21000001,278.28,0.6300038909,0.089528027,0.2378522826,0.0426157995,0.5519419365,0.0647112926,0.357221461,0.0261253098
QC,6,1702,JUGL,NIG,NA,105.21000001,278.28,0.6300038909,0.089528027,0.2378522826,0.0426157995,0.5519419365,0.0647112926,0.357221461,0.0261253098
QC,6,1800,ALNU,SPP,NA,1.99,25.3,0.7681830845,0.0696568459,0.1194294767,0.0427305929,0.7724910415,0.0503435524,0.1143445909,0.0628208152
QC,6,1803,ALNU,VIR,CRI,1.99,25.3,0.7681830845,0.0696568459,0.1194294767,0.0427305929,0.7724910415,0.0503435524,0.1143445909,0.0628208152
QC,6,1805,ALNU,INC,RUG,1.99,25.3,0.7681830845,0.0696568459,0.1194294767,0.0427305929,0.7724910415,0.0503435524,0.1143445909,0.0628208152
QC,6,1805,ALNU,INC,NA,1.99,25.3,0.7681830845,0.0696568459,0.1194294767,0.0427305929,0.7724910415,0.0503435524,0.1143445909,0.0628208152
QC,6,1900,OSTR,SPP,NA,0.28,187.47999998,0.6762386505,0.1149219252,0.1521494562,0.0566899682,0.6465693623,0.0886836945,0.2256588539,0.0390880893
QC,6,1900,OSTR,VIR,NA,0.28,187.47999998,0.6762386505,0.1149219252,0.1521494562,0.0566899682,0.6465693623,0.0886836945,0.2256588539,0.0390880893
QC,6,1950,CARP,CAR,NA,0.28,187.47999998,0.6762386505,0.1149219252,0.1521494562,0.0566899682,0.6465693623,0.0886836945,0.2256588539,0.0390880893
QC,6,1950,CARP,SPP,NA,0.28,187.47999998,0.6762386505,0.1149219252,0.1521494562,0.0566899682,0.6465693623,0.0886836945,0.2256588539,0.0390880893
QC,6,2000,FAGU,GRA,NA,1.64,496.33000001,0.6935645584,0.0760420227,0.1831245749,0.047268844,0.6991057922,0.0592815297,0.2234458338,0.0181668444
QC,6,2101,QUER,ALB,NA,8.8,377.2,0.6841454444,0.1337405452,0.1259865315,0.056127479,0.6684558523,0.0841824962,0.2213833597,0.0259782919
QC,6,2102,QUER,BIC,NA,8.8,377.2,0.6841454444,0.1337405452,0.1259865315,0.056127479,0.6684558523,0.0841824962,0.2213833597,0.0259782919
QC,6,2104,QUER,MAC,NA,8.8,377.2,0.6841454444,0.1337405452,0.1259865315,0.056127479,0.6684558523,0.0841824962,0.2213833597,0.0259782919
QC,6,2108,QUER,RUB,NA,8.8,377.2,0.6841454444,0.1337405452,0.1259865315,0.056127479,0.6684558523,0.0841824962,0.2213833597,0.0259782919
QC,6,2200,ULMU,SPP,NA,4.4900000025,136.23,0.6901559284,0.0955488788,0.1663771146,0.0479180782,0.702826255,0.1002857383,0.1629685608,0.0339194458
QC,6,2201,ULMU,AME,NA,4.4900000025,136.23,0.6901559284,0.0955488788,0.1663771146,0.0479180782,0.702826255,0.1002857383,0.1629685608,0.0339194458
QC,6,2202,ULMU,RUB,NA,4.4900000025,136.23,0.6901559284,0.0955488788,0.1663771146,0.0479180782,0.702826255,0.1002857383,0.1629685608,0.0339194458
QC,6,2203,ULMU,THO,NA,4.4900000025,136.23,0.6901559284,0.0955488788,0.1663771146,0.0479180782,0.702826255,0.1002857383,0.1629685608,0.0339194458
QC,6,2801,PRUN,SER,NA,1.67,240.92,0.7203375397,0.1067742792,0.1391180385,0.0337701426,0.670982158,0.0921798039,0.2163788808,0.0204591574
QC,6,2802,PRUN,PEN,NA,0.43,117.78,0.7437804472,0.0320890839,0.127791586,0.096338883,0.6911049483,0.0691831736,0.1724036018,0.0673082762
QC,6,2804,PRUN,VIR,NA,0.43,117.78,0.7437804472,0.0320890839,0.127791586,0.096338883,0.6911049483,0.0691831736,0.1724036018,0.0673082762
QC,6,2804,PRUN,VIR,VIR,0.43,117.78,0.7437804472,0.0320890839,0.127791586,0.096338883,0.6911049483,0.0691831736,0.1724036018,0.0673082762
QC,6,3000,TILI,AME,NA,5.91,463.34,0.658844449,0.1421433636,0.1521961559,0.0468160315,0.6932394626,0.1136290785,0.1719731891,0.0211582698
QC,6,3400,FRAX,SPP,NA,2.08,384.37,0.7264839743,0.1236426699,0.1084093653,0.0414639905,0.7375998318,0.0953795326,0.1376157395,0.0294048961
QC,6,3401,FRAX,AME,NA,11.31,296.21,0.6948301553,0.1080640042,0.1571381323,0.0399677082,0.6788436432,0.0884578182,0.2119073422,0.0207911964
QC,6,3402,FRAX,NIG,NA,2.08,384.37,0.7264839743,0.1236426699,0.1084093653,0.0414639905,0.7375998318,0.0953795326,0.1376157395,0.0294048961
QC,6,3403,FRAX,PEN,NA,2.08,384.37,0.7264839743,0.1236426699,0.1084093653,0.0414639905,0.7375998318,0.0953795326,0.1376157395,0.0294048961
QC,6,3500,SALI,SPP,NA,0.35,121.39,0.6531330064,0.1602803703,0.1293180586,0.0572685647,0.6938176942,0.1449959396,0.1236591789,0.0375271872
QC,6,3506,SALI,BEB,NA,0.35,121.39,0.6531330064,0.1602803703,0.1293180586,0.0572685647,0.6938176942,0.1449959396,0.1236591789,0.0375271872
QC,6,3910,CRAT,SPP,NA,0.47,139.09,0.7615166808,0.0340799947,0.1280163364,0.0763869881,0.6927974133,0.0756578122,0.1656039253,0.0659408492
QC,6,3930,MALU,COR,NA,0.47,139.09,0.7615166808,0.0340799947,0.1280163364,0.0763869881,0.6927974133,0.0756578122,0.1656039253,0.0659408492
QC,6,3930,MALU,FUS,NA,0.47,139.09,0.7615166808,0.0340799947,0.1280163364,0.0763869881,0.6927974133,0.0756578122,0.1656039253,0.0659408492
QC,6,3930,MALU,SPP,NA,0.47,139.09,0.7615166808,0.0340799947,0.1280163364,0.0763869881,0.6927974133,0.0756578122,0.1656039253,0.0659408492
QC,6,3960,SORB,SPP,NA,0.47,139.09,0.7615166808,0.0340799947,0.1280163364,0.0763869881,0.6927974133,0.0756578122,0.1656039253,0.0659408492
QC,6,3961,SORB,AME,NA,0.47,139.09,0.7615166808,0.0340799947,0.1280163364,0.0763869881,0.6927974133,0.0756578122,0.1656039253,0.0659408492
QC,6,3962,SORB,DEC,NA,0.47,139.09,0.7615166808,0.0340799947,0.1280163364,0.0763869881,0.6927974133,0.0756578122,0.1656039253,0.0659408492
QC,7,100,PICE,SPP,NA,0.24,325.31000001,0.5441967045,0.0863453314,0.2095136562,0.1599443079,0.6539450423,0.0955966492,0.1616203148,0.0888379937
QC,7,101,PICE,MAR,NA,0.24,325.31000001,0.5441967045,0.0863453314,0.2095136562,0.1599443079,0.6539450423,0.0955966492,0.1616203148,0.0888379937
QC,7,102,PICE,RUB,NA,0.42,501.73,0.6548059004,0.1362425282,0.1087895484,0.1001620231,0.6870239816,0.0921475806,0.1589965067,0.061831931
QC,7,103,PICE,ABI,NA,0.37,328.7,0.7679824186,0.0945129389,0.0867120247,0.0507926179,0.6308544266,0.0809603717,0.1780120592,0.1101731424
QC,7,105,PICE,GLA,NA,0.29,390.93999999,0.5819078675,0.0842499777,0.1998657283,0.1339764265,0.6658812439,0.0969245167,0.1613852915,0.0758089478
QC,7,107,PICE,MAR,RUB,0.42,501.73,0.6548059004,0.1362425282,0.1087895484,0.1001620231,0.6870239816,0.0921475806,0.1589965067,0.061831931
QC,7,200,PINU,SPP,NA,1.2699999975,219.57000002,0.7405648751,0.093479899,0.1218571303,0.0440980956,0.693238543,0.0665277249,0.1626133523,0.0776203798
QC,7,202,PINU,STR,NA,21.3,454.22,0.66692206489999994,0.0963197508,0.1646549509,0.0721032334,0.6820610238,0.0910642651,0.1764272529,0.0504474582
QC,7,203,PINU,BAN,NA,1.2699999975,219.57000002,0.7405648751,0.093479899,0.1218571303,0.0440980956,0.693238543,0.0665277249,0.1626133523,0.0776203798
QC,7,209,PINU,RES,NA,3.68,294.12,0.7296040598,0.0589211091,0.1278767213,0.0835981098,0.7679610622,0.0801295791,0.1015412165,0.0503681423
QC,7,211,PINU,SYL,NA,3.68,294.12,0.7296040598,0.0589211091,0.1278767213,0.0835981098,0.7679610622,0.0801295791,0.1015412165,0.0503681423
QC,7,302,ABIE,BAL,NA,0.3,395.45,0.6324789112,0.1274911739,0.1400768845,0.0999530304,0.6787443055,0.1112019552,0.1451177923,0.0649359471
QC,7,304,ABIE,LAS,NA,0.3,395.45,0.6324789112,0.1274911739,0.1400768845,0.0999530304,0.6787443055,0.1112019552,0.1451177923,0.0649359471
QC,7,401,TSUG,CAN,NA,3.7,421.96,0.624673372,0.1003456158,0.1877874334,0.0871935788,0.6713650881,0.0982123366,0.1734017337,0.0570208416
QC,7,602,LARI,LAR,NA,2.11,328.31000001,0.6767514175,0.0949987211,0.1805329818,0.0477168796,0.744064179,0.0857678192,0.1316273676,0.0385406342
QC,7,605,LARI,KAE,NA,2.11,328.31000001,0.6767514175,0.0949987211,0.1805329818,0.0477168796,0.744064179,0.0857678192,0.1316273676,0.0385406342
QC,7,701,THUJ,OCC,NA,0.43,543.3,0.6232414697,0.1153657989,0.1517705349,0.1096221966,0.6938965114,0.103784846,0.1244293764,0.0778892663
QC,7,801,JUNI,VIR,NA,0.43,543.3,0.6232414697,0.1153657989,0.1517705349,0.1096221966,0.6938965114,0.103784846,0.1244293764,0.0778892663
QC,7,1100,GENC,SPP,NA,0.29,390.93999999,0.5819078675,0.0842499777,0.1998657283,0.1339764265,0.6658812439,0.0969245167,0.1613852915,0.0758089478
QC,7,1150,UNKN,SPP,NA,0.29,390.93999999,0.5819078675,0.0842499777,0.1998657283,0.1339764265,0.6658812439,0.0969245167,0.1613852915,0.0758089478
QC,7,1200,POPU,SPP,NA,0.45,552.84,0.668087269,0.1541224891,0.1358853908,0.0419048511,0.6476704953,0.1259159261,0.2019856374,0.0244279412
QC,7,1201,POPU,TRE,NA,0.45,552.84,0.668087269,0.1541224891,0.1358853908,0.0419048511,0.6476704953,0.1259159261,0.2019856374,0.0244279412
QC,7,1203,POPU,BAL,NA,0.43,476.36000001,0.663148368,0.1679704729,0.1166466985,0.0522344607,0.6908117495,0.1237781076,0.1542483781,0.0311617649
QC,7,1203,POPU,BAL,BAL,0.43,476.36000001,0.663148368,0.1679704729,0.1166466985,0.0522344607,0.6908117495,0.1237781076,0.1542483781,0.0311617649
QC,7,1205,POPU,DEL,NA,0.43,476.36000001,0.663148368,0.1679704729,0.1166466985,0.0522344607,0.6908117495,0.1237781076,0.1542483781,0.0311617649
QC,7,1205,POPU,DEL,DEL,0.43,476.36000001,0.663148368,0.1679704729,0.1166466985,0.0522344607,0.6908117495,0.1237781076,0.1542483781,0.0311617649
QC,7,1206,POPU,GRA,NA,1.01,510.49,0.636487343,0.1776618784,0.0909875716,0.094863207,0.7040341763,0.133142103,0.1315227609,0.0313009599
QC,7,1211,POPU,BAL,GRA,0.43,552.84,0.6712425273,0.1558480258,0.1284600782,0.0444493687,0.6643205019,0.1261966218,0.1837966976,0.0256861787
QC,7,1301,BETU,ALL,NA,0.43,416.76,0.580917554,0.0923527217,0.2712602329,0.0554694913,0.6569987753,0.0940119064,0.2232867542,0.0257025641
QC,7,1303,BETU,PAP,NA,0.33,331.4,0.6513144688,0.1053000416,0.1894996587,0.053885831,0.6608159904,0.1016592197,0.2015504198,0.0359743701
QC,7,1303,BETU,PAP,PAP,0.33,331.4,0.6513144688,0.1053000416,0.1894996587,0.053885831,0.6608159904,0.1016592197,0.2015504198,0.0359743701
QC,7,1304,BETU,POP,NA,0.95,134.39,0.7011166597,0.1175014726,0.1488764794,0.0325053883,0.6964381155,0.1128063338,0.1565499487,0.0342056021
QC,7,1400,ACER,SPP,NA,0.49,553.62,0.6062833481,0.0851565275,0.2449938957,0.0635662287,0.7457251828,0.0991096662,0.1434831403,0.0116820107
QC,7,1401,ACER,SAH,NA,0.49,553.62,0.6062833481,0.0851565275,0.2449938957,0.0635662287,0.7457251828,0.0991096662,0.1434831403,0.0116820107
QC,7,1405,ACER,RUB,NA,0.27,637.21,0.6612188133,0.1217081342,0.1622812835,0.054791769,0.7135629174,0.0812587626,0.1822574859,0.0229208341
QC,7,1406,ACER,SAC,NA,0.49,553.62,0.6062833481,0.0851565275,0.2449938957,0.0635662287,0.7457251828,0.0991096662,0.1434831403,0.0116820107
QC,7,1410,ACER,PEN,NA,0.95,45.7,0.6529200774,0.1079262735,0.2007606673,0.0383929818,0.6760611358,0.100640844,0.1675228008,0.0557752194
QC,7,1411,ACER,SPI,NA,0.95,45.7,0.6529200774,0.1079262735,0.2007606673,0.0383929818,0.6760611358,0.100640844,0.1675228008,0.0557752194
QC,7,1550,GENH,SPP,NA,0.34,386.17,0.7050380173,0.0774949109,0.1280487279,0.0894183439,0.7260733402,0.0673820675,0.1923186414,0.0142259509
QC,7,1701,JUGL,CIN,NA,105.21000001,278.28,0.6300038909,0.089528027,0.2378522826,0.0426157995,0.5519419365,0.0647112926,0.357221461,0.0261253098
QC,7,1702,JUGL,NIG,NA,105.21000001,278.28,0.6300038909,0.089528027,0.2378522826,0.0426157995,0.5519419365,0.0647112926,0.357221461,0.0261253098
QC,7,1800,ALNU,SPP,NA,1.99,25.3,0.7681830845,0.0696568459,0.1194294767,0.0427305929,0.7724910415,0.0503435524,0.1143445909,0.0628208152
QC,7,1803,ALNU,VIR,CRI,1.99,25.3,0.7681830845,0.0696568459,0.1194294767,0.0427305929,0.7724910415,0.0503435524,0.1143445909,0.0628208152
QC,7,1805,ALNU,INC,NA,1.99,25.3,0.7681830845,0.0696568459,0.1194294767,0.0427305929,0.7724910415,0.0503435524,0.1143445909,0.0628208152
QC,7,1805,ALNU,INC,RUG,1.99,25.3,0.7681830845,0.0696568459,0.1194294767,0.0427305929,0.7724910415,0.0503435524,0.1143445909,0.0628208152
QC,7,1900,OSTR,SPP,NA,0.28,187.47999998,0.6762386505,0.1149219252,0.1521494562,0.0566899682,0.6465693623,0.0886836945,0.2256588539,0.0390880893
QC,7,1900,OSTR,VIR,NA,0.28,187.47999998,0.6762386505,0.1149219252,0.1521494562,0.0566899682,0.6465693623,0.0886836945,0.2256588539,0.0390880893
QC,7,1950,CARP,CAR,NA,0.28,187.47999998,0.6762386505,0.1149219252,0.1521494562,0.0566899682,0.6465693623,0.0886836945,0.2256588539,0.0390880893
QC,7,1950,CARP,SPP,NA,0.28,187.47999998,0.6762386505,0.1149219252,0.1521494562,0.0566899682,0.6465693623,0.0886836945,0.2256588539,0.0390880893
QC,7,2000,FAGU,GRA,NA,0.53,283.95,0.6730262,0.0557339954,0.2309377133,0.0403020913,0.7039753799,0.0645521455,0.2121028886,0.019369586
QC,7,2108,QUER,RUB,NA,8.8,377.2,0.6841454444,0.1337405452,0.1259865315,0.056127479,0.6684558523,0.0841824962,0.2213833597,0.0259782919
QC,7,2200,ULMU,SPP,NA,4.4900000025,136.23,0.6901559284,0.0955488788,0.1663771146,0.0479180782,0.702826255,0.1002857383,0.1629685608,0.0339194458
QC,7,2201,ULMU,AME,NA,4.4900000025,136.23,0.6901559284,0.0955488788,0.1663771146,0.0479180782,0.702826255,0.1002857383,0.1629685608,0.0339194458
QC,7,2202,ULMU,RUB,NA,4.4900000025,136.23,0.6901559284,0.0955488788,0.1663771146,0.0479180782,0.702826255,0.1002857383,0.1629685608,0.0339194458
QC,7,2203,ULMU,THO,NA,4.4900000025,136.23,0.6901559284,0.0955488788,0.1663771146,0.0479180782,0.702826255,0.1002857383,0.1629685608,0.0339194458
QC,7,2801,PRUN,SER,NA,2.47,197.91,0.6982786201,0.124716368,0.1353940525,0.0416109594,0.6859531782,0.0900756151,0.1907380381,0.0332331686
QC,7,2802,PRUN,PEN,NA,0.52,119.20999999,0.7281675306,0.0494907143,0.136282726,0.0860590291,0.7133999855,0.0785816901,0.1418502716,0.0661680529
QC,7,2804,PRUN,VIR,VIR,0.52,119.20999999,0.7281675306,0.0494907143,0.136282726,0.0860590291,0.7133999855,0.0785816901,0.1418502716,0.0661680529
QC,7,2804,PRUN,VIR,NA,0.52,119.20999999,0.7281675306,0.0494907143,0.136282726,0.0860590291,0.7133999855,0.0785816901,0.1418502716,0.0661680529
QC,7,3000,TILI,AME,NA,5.91,463.34,0.658844449,0.1421433636,0.1521961559,0.0468160315,0.6932394626,0.1136290785,0.1719731891,0.0211582698
QC,7,3400,FRAX,SPP,NA,0.44,189.2,0.6478096182,0.1469971439,0.1620838711,0.0431093669,0.7176601936,0.1061985395,0.1460788043,0.0300624626
QC,7,3401,FRAX,AME,NA,0.55,386.17,0.6122815126,0.0949306071,0.2290829765,0.0637049037,0.7305365198,0.0828420306,0.1699929091,0.0166285404
QC,7,3402,FRAX,NIG,NA,0.44,189.2,0.6478096182,0.1469971439,0.1620838711,0.0431093669,0.7176601936,0.1061985395,0.1460788043,0.0300624626
QC,7,3403,FRAX,PEN,NA,0.44,189.2,0.6478096182,0.1469971439,0.1620838711,0.0431093669,0.7176601936,0.1061985395,0.1460788043,0.0300624626
QC,7,3500,SALI,SPP,NA,1.05,56.87,0.6407344344,0.1464168014,0.1494378333,0.063410931,0.6672400725,0.1116253952,0.1604547863,0.0606797459
QC,7,3506,SALI,BEB,NA,1.05,56.87,0.6407344344,0.1464168014,0.1494378333,0.063410931,0.6672400725,0.1116253952,0.1604547863,0.0606797459
QC,7,3910,CRAT,SPP,NA,0.46,67.8,0.7573513506,0.0263239081,0.1306822057,0.0856425356,0.6715952258,0.0759854192,0.2014076386,0.0510117164
QC,7,3930,MALU,COR,NA,0.46,67.8,0.7573513506,0.0263239081,0.1306822057,0.0856425356,0.6715952258,0.0759854192,0.2014076386,0.0510117164
QC,7,3930,MALU,FUS,NA,0.46,67.8,0.7573513506,0.0263239081,0.1306822057,0.0856425356,0.6715952258,0.0759854192,0.2014076386,0.0510117164
QC,7,3930,MALU,SPP,NA,0.46,67.8,0.7573513506,0.0263239081,0.1306822057,0.0856425356,0.6715952258,0.0759854192,0.2014076386,0.0510117164
QC,7,3960,SORB,SPP,NA,0.46,67.8,0.7573513506,0.0263239081,0.1306822057,0.0856425356,0.6715952258,0.0759854192,0.2014076386,0.0510117164
QC,7,3961,SORB,AME,NA,0.46,67.8,0.7573513506,0.0263239081,0.1306822057,0.0856425356,0.6715952258,0.0759854192,0.2014076386,0.0510117164
QC,7,3962,SORB,DEC,NA,0.46,67.8,0.7573513506,0.0263239081,0.1306822057,0.0856425356,0.6715952258,0.0759854192,0.2014076386,0.0510117164
QC,8,100,PICE,SPP,NA,1.32,191.26000001,0.6084672757,0.1102009204,0.1171980288,0.1641337751,0.6754339606,0.1035239496,0.1365481192,0.0844939706
QC,8,101,PICE,MAR,NA,1.32,191.26000001,0.6084672757,0.1102009204,0.1171980288,0.1641337751,0.6754339606,0.1035239496,0.1365481192,0.0844939706
QC,8,102,PICE,RUB,NA,6.25,342.15,0.703875449,0.1128220181,0.0909394263,0.0923631066,0.6993011873,0.0959292112,0.1395089831,0.0652606184
QC,8,103,PICE,ABI,NA,0.37,328.7,0.7679824186,0.0945129389,0.0867120247,0.0507926179,0.6308544266,0.0809603717,0.1780120592,0.1101731424
QC,8,105,PICE,GLA,NA,0.35,283.14,0.5044947239,0.0806737823,0.1583842125,0.2564472812,0.6705316773,0.0952233522,0.149548445,0.0846965255
QC,8,107,PICE,MAR,RUB,6.25,342.15,0.703875449,0.1128220181,0.0909394263,0.0923631066,0.6993011873,0.0959292112,0.1395089831,0.0652606184
QC,8,200,PINU,SPP,NA,2.68,201.16999999,0.6204462881,0.0939002182,0.1465336056,0.139119888,0.7614378552,0.0848962525,0.0920221326,0.0616437598
QC,8,202,PINU,STR,NA,2.73,544.47000001,0.6284428566,0.1195965547,0.1211049563,0.1308556324,0.6917277424,0.1032053379,0.1480221166,0.0570448031
QC,8,203,PINU,BAN,NA,2.68,201.16999999,0.6204462881,0.0939002182,0.1465336056,0.139119888,0.7614378552,0.0848962525,0.0920221326,0.0616437598
QC,8,209,PINU,RES,NA,2.66,330.47999999,0.6025025926,0.1206219185,0.1421896017,0.1346858871,0.7200455084,0.0763314666,0.1094212007,0.0942018243
QC,8,211,PINU,SYL,NA,2.66,330.47999999,0.6025025926,0.1206219185,0.1421896017,0.1346858871,0.7200455084,0.0763314666,0.1094212007,0.0942018243
QC,8,302,ABIE,BAL,NA,0.42,301.24,0.6158323681,0.112534349,0.1331412255,0.1384920574,0.6734785276,0.1045071527,0.1530899272,0.0689243926
QC,8,304,ABIE,LAS,NA,0.42,301.24,0.6158323681,0.112534349,0.1331412255,0.1384920574,0.6734785276,0.1045071527,0.1530899272,0.0689243926
QC,8,401,TSUG,CAN,NA,1.76,460.5,0.6207263945,0.1221511536,0.1600323995,0.0970900525,0.6734149037,0.1103373881,0.1609736145,0.0552740937
QC,8,602,LARI,LAR,NA,2.17,263.75999999,0.7289354605,0.0963706476,0.0835865899,0.091107302,0.7582262531,0.0776860597,0.0972206875,0.0668669997
QC,8,605,LARI,KAE,NA,2.17,263.75999999,0.7289354605,0.0963706476,0.0835865899,0.091107302,0.7582262531,0.0776860597,0.0972206875,0.0668669997
QC,8,701,THUJ,OCC,NA,0.43,376.37,0.6291890375,0.1007711253,0.1386797078,0.1313601294,0.6826440595,0.0933159392,0.1423714828,0.0816685185
QC,8,801,JUNI,VIR,NA,0.43,376.37,0.6291890375,0.1007711253,0.1386797078,0.1313601294,0.6826440595,0.0933159392,0.1423714828,0.0816685185
QC,8,1100,GENC,SPP,NA,0.35,283.14,0.5044947239,0.0806737823,0.1583842125,0.2564472812,0.6705316773,0.0952233522,0.149548445,0.0846965255
QC,8,1150,UNKN,SPP,NA,0.35,283.14,0.5044947239,0.0806737823,0.1583842125,0.2564472812,0.6705316773,0.0952233522,0.149548445,0.0846965255
QC,8,1200,POPU,SPP,NA,0.88,386.76,0.6941110656,0.1423643859,0.1120132704,0.0515112781,0.702535583,0.1302638308,0.1286011938,0.0385993925
QC,8,1201,POPU,TRE,NA,0.88,386.76,0.6941110656,0.1423643859,0.1120132704,0.0515112781,0.702535583,0.1302638308,0.1286011938,0.0385993925
QC,8,1203,POPU,BAL,NA,1.54,327.87000001,0.6862083749,0.1133663599,0.1219610471,0.0784642181,0.7370309981,0.0888981111,0.132487033,0.0415838579
QC,8,1203,POPU,BAL,BAL,1.54,327.87000001,0.6862083749,0.1133663599,0.1219610471,0.0784642181,0.7370309981,0.0888981111,0.132487033,0.0415838579
QC,8,1205,POPU,DEL,NA,2.09,238.21,0.7320274039,0.1030503564,0.1485160839,0.0164061558,0.71357645,0.1003582439,0.1613713124,0.0246939938
QC,8,1205,POPU,DEL,DEL,2.09,238.21,0.7320274039,0.1030503564,0.1485160839,0.0164061558,0.71357645,0.1003582439,0.1613713124,0.0246939938
QC,8,1206,POPU,GRA,NA,11.559999998,390.17000001,0.6818831124,0.1498162092,0.1302196028,0.0380810756,0.702591073,0.1239772786,0.1481343606,0.0252972877
QC,8,1211,POPU,BAL,GRA,0.88,390.17000001,0.7036159817,0.1271485732,0.1260099239,0.0432255211,0.7076638187,0.1220402832,0.1387107956,0.0315851025
QC,8,1301,BETU,ALL,NA,6.9000000025,288.85999999,0.6168738334,0.0953771972,0.2473602779,0.0403886915,0.6553441358,0.0901061046,0.2238739556,0.0306758039
QC,8,1303,BETU,PAP,NA,28.23,308.29,0.6754998885,0.1167248288,0.1561990929,0.0515761897,0.6727318547,0.1078804859,0.172100307,0.0472873524
QC,8,1303,BETU,PAP,PAP,28.23,308.29,0.6754998885,0.1167248288,0.1561990929,0.0515761897,0.6727318547,0.1078804859,0.172100307,0.0472873524
QC,8,1304,BETU,POP,NA,0.44,119.46000001,0.7438291423,0.1275455806,0.101707187,0.0269180901,0.7201424249,0.1100737352,0.1318939567,0.0378898831
QC,8,1400,ACER,SPP,NA,1.86,524.08,0.6269459584,0.11088236,0.1811776088,0.0809940729,0.6950845279,0.0697627078,0.2206792429,0.0144735214
QC,8,1401,ACER,SAH,NA,1.86,524.08,0.6269459584,0.11088236,0.1811776088,0.0809940729,0.6950845279,0.0697627078,0.2206792429,0.0144735214
QC,8,1404,ACER,NEG,NA,1.86,524.08,0.6269459584,0.11088236,0.1811776088,0.0809940729,0.6950845279,0.0697627078,0.2206792429,0.0144735214
QC,8,1405,ACER,RUB,NA,0.48,498.48,0.6868913818,0.1079988633,0.1676307858,0.0374789691,0.6995448912,0.0745266108,0.2081164323,0.0178120657
QC,8,1406,ACER,SAC,NA,4.27,594.07,0.7225413989,0.114411834,0.0846035631,0.0784432039,0.6681515686,0.0759937443,0.2352592148,0.0205954724
QC,8,1410,ACER,PEN,NA,0.95,45.7,0.6529200774,0.1079262735,0.2007606673,0.0383929818,0.6760611358,0.100640844,0.1675228008,0.0557752194
QC,8,1411,ACER,SPI,NA,0.95,45.7,0.6529200774,0.1079262735,0.2007606673,0.0383929818,0.6760611358,0.100640844,0.1675228008,0.0557752194
QC,8,1550,GENH,SPP,NA,1.87,425.24,0.7019476113,0.132718417,0.1152203819,0.0501135898,0.6754759073,0.0742775335,0.2323378798,0.0179086794
QC,8,1601,CARY,COR,NA,32.489999995,205.77,0.6643198509,0.1020533667,0.1941183045,0.0395084779,0.6491499531,0.0912866465,0.2208791769,0.0386842235
QC,8,1701,JUGL,CIN,NA,105.21000001,278.28,0.6300038909,0.089528027,0.2378522826,0.0426157995,0.5519419365,0.0647112926,0.357221461,0.0261253098
QC,8,1702,JUGL,NIG,NA,105.21000001,278.28,0.6300038909,0.089528027,0.2378522826,0.0426157995,0.5519419365,0.0647112926,0.357221461,0.0261253098
QC,8,1800,ALNU,SPP,NA,1.99,25.3,0.7681830845,0.0696568459,0.1194294767,0.0427305929,0.7724910415,0.0503435524,0.1143445909,0.0628208152
QC,8,1803,ALNU,VIR,CRI,1.99,25.3,0.7681830845,0.0696568459,0.1194294767,0.0427305929,0.7724910415,0.0503435524,0.1143445909,0.0628208152
QC,8,1805,ALNU,INC,RUG,1.99,25.3,0.7681830845,0.0696568459,0.1194294767,0.0427305929,0.7724910415,0.0503435524,0.1143445909,0.0628208152
QC,8,1805,ALNU,INC,NA,1.99,25.3,0.7681830845,0.0696568459,0.1194294767,0.0427305929,0.7724910415,0.0503435524,0.1143445909,0.0628208152
QC,8,1900,OSTR,SPP,NA,48.629999995,134.2,0.6808867438,0.1093221112,0.1628379531,0.046953192,0.6874809398,0.1021731865,0.1727691358,0.0375767379
QC,8,1900,OSTR,VIR,NA,48.629999995,134.2,0.6808867438,0.1093221112,0.1628379531,0.046953192,0.6874809398,0.1021731865,0.1727691358,0.0375767379
QC,8,1950,CARP,CAR,NA,48.629999995,134.2,0.6808867438,0.1093221112,0.1628379531,0.046953192,0.6874809398,0.1021731865,0.1727691358,0.0375767379
QC,8,1950,CARP,SPP,NA,48.629999995,134.2,0.6808867438,0.1093221112,0.1628379531,0.046953192,0.6874809398,0.1021731865,0.1727691358,0.0375767379
QC,8,2000,FAGU,GRA,NA,18.06,322.25,0.6376892659,0.1250138285,0.1768128989,0.0604840067,0.6866698207,0.0716413377,0.2185427241,0.0231461176
QC,8,2101,QUER,ALB,NA,7.03,167.11,0.5884890523,0.091367946,0.3041768491,0.0159661526,0.6113716468,0.0761265795,0.2903327308,0.0221690429
QC,8,2102,QUER,BIC,NA,75.909999998,248.26,0.6444234212,0.0975707616,0.2153016071,0.04270421,0.617348644,0.0763401734,0.2896987045,0.016612478
QC,8,2104,QUER,MAC,NA,75.909999998,248.26,0.6444234212,0.0975707616,0.2153016071,0.04270421,0.617348644,0.0763401734,0.2896987045,0.016612478
QC,8,2108,QUER,RUB,NA,75.909999998,248.26,0.6444234212,0.0975707616,0.2153016071,0.04270421,0.617348644,0.0763401734,0.2896987045,0.016612478
QC,8,2200,ULMU,SPP,NA,4.4900000025,136.23,0.6901559284,0.0955488788,0.1663771146,0.0479180782,0.702826255,0.1002857383,0.1629685608,0.0339194458
QC,8,2201,ULMU,AME,NA,4.4900000025,136.23,0.6901559284,0.0955488788,0.1663771146,0.0479180782,0.702826255,0.1002857383,0.1629685608,0.0339194458
QC,8,2202,ULMU,RUB,NA,4.4900000025,136.23,0.6901559284,0.0955488788,0.1663771146,0.0479180782,0.702826255,0.1002857383,0.1629685608,0.0339194458
QC,8,2203,ULMU,THO,NA,4.4900000025,136.23,0.6901559284,0.0955488788,0.1663771146,0.0479180782,0.702826255,0.1002857383,0.1629685608,0.0339194458
QC,8,2801,PRUN,SER,NA,6.67,325.18,0.6843403368,0.1026357417,0.1753363637,0.0376875578,0.6973552765,0.0938536055,0.1890398633,0.0197512547
QC,8,2802,PRUN,PEN,NA,1.87,39.72,0.7530961647,0.0560864837,0.1050027493,0.0858146023,0.7104478375,0.0932211861,0.14089467,0.0554363063
QC,8,2804,PRUN,VIR,NA,1.87,39.72,0.7530961647,0.0560864837,0.1050027493,0.0858146023,0.7104478375,0.0932211861,0.14089467,0.0554363063
QC,8,2804,PRUN,VIR,VIR,1.87,39.72,0.7530961647,0.0560864837,0.1050027493,0.0858146023,0.7104478375,0.0932211861,0.14089467,0.0554363063
QC,8,3000,TILI,AME,NA,5.8,425.24,0.6954864194,0.1551502822,0.1109640705,0.0383992279,0.6870467741,0.1003043086,0.1914617523,0.021187165
QC,8,3400,FRAX,SPP,NA,6.81,203.37,0.6839009655,0.1105685824,0.1589134213,0.0466170308,0.7086367047,0.1005607379,0.1596982965,0.0311042608
QC,8,3401,FRAX,AME,NA,16.699999998,266.65,0.7051060344,0.1106416084,0.1415840181,0.0426683391,0.6972618294,0.1042962763,0.169850726,0.0285911683
QC,8,3402,FRAX,NIG,NA,6.81,203.37,0.6839009655,0.1105685824,0.1589134213,0.0466170308,0.7086367047,0.1005607379,0.1596982965,0.0311042608
QC,8,3403,FRAX,PEN,NA,16.699999998,266.65,0.7051060344,0.1106416084,0.1415840181,0.0426683391,0.6972618294,0.1042962763,0.169850726,0.0285911683
QC,8,3405,FRAX,PEN,NA,12.52,296.81000001,0.7132348076,0.1256964655,0.1252635793,0.0358051475,0.7177291443,0.1034548679,0.1575525427,0.0212634452
QC,8,3405,FRAX,PEN,SUB,12.52,296.81000001,0.7132348076,0.1256964655,0.1252635793,0.0358051475,0.7177291443,0.1034548679,0.1575525427,0.0212634452
QC,8,3500,SALI,SPP,NA,2.67,153.57,0.6963249122,0.1646798839,0.0951528117,0.0438423922,0.679676774,0.1048335562,0.1857860055,0.0297036642
QC,8,3506,SALI,BEB,NA,2.67,153.57,0.6963249122,0.1646798839,0.0951528117,0.0438423922,0.679676774,0.1048335562,0.1857860055,0.0297036642
QC,8,3910,CRAT,SPP,NA,0.46,67.8,0.7573513506,0.0263239081,0.1306822057,0.0856425356,0.6715952258,0.0759854192,0.2014076386,0.0510117164
QC,8,3930,MALU,COR,NA,0.46,67.8,0.7573513506,0.0263239081,0.1306822057,0.0856425356,0.6715952258,0.0759854192,0.2014076386,0.0510117164
QC,8,3930,MALU,FUS,NA,0.46,67.8,0.7573513506,0.0263239081,0.1306822057,0.0856425356,0.6715952258,0.0759854192,0.2014076386,0.0510117164
QC,8,3930,MALU,SPP,NA,0.46,67.8,0.7573513506,0.0263239081,0.1306822057,0.0856425356,0.6715952258,0.0759854192,0.2014076386,0.0510117164
QC,8,3960,SORB,SPP,NA,0.46,67.8,0.7573513506,0.0263239081,0.1306822057,0.0856425356,0.6715952258,0.0759854192,0.2014076386,0.0510117164
QC,8,3961,SORB,AME,NA,0.46,67.8,0.7573513506,0.0263239081,0.1306822057,0.0856425356,0.6715952258,0.0759854192,0.2014076386,0.0510117164
QC,8,3962,SORB,DEC,NA,0.46,67.8,0.7573513506,0.0263239081,0.1306822057,0.0856425356,0.6715952258,0.0759854192,0.2014076386,0.0510117164
QC,15,100,PICE,SPP,NA,0.24,275.4,0.5794251379,0.100032327,0.1439421935,0.1766003415,0.6849145174,0.103349561,0.1174233818,0.0943125398
QC,15,101,PICE,MAR,NA,0.24,275.4,0.5794251379,0.100032327,0.1439421935,0.1766003415,0.6849145174,0.103349561,0.1174233818,0.0943125398
QC,15,105,PICE,GLA,NA,0.29,366.94,0.5949767252,0.0927878986,0.1234947601,0.1887406161,0.6804364639,0.0999341376,0.1352402989,0.0843890996
QC,15,107,PICE,MAR,RUB,0.24,275.4,0.5794251379,0.100032327,0.1439421935,0.1766003415,0.6849145174,0.103349561,0.1174233818,0.0943125398
QC,15,200,PINU,SPP,NA,0.93,132.21,0.5732088391,0.1013054716,0.1735115513,0.151974138,0.7295093365,0.0838479726,0.1025834773,0.0840592136
QC,15,202,PINU,STR,NA,1.23,835.86000001,0.6123853201,0.1028727212,0.1240063876,0.160735571,0.7068775466,0.0989365108,0.1399943722,0.0541915704
QC,15,203,PINU,BAN,NA,0.93,132.21,0.5732088391,0.1013054716,0.1735115513,0.151974138,0.7295093365,0.0838479726,0.1025834773,0.0840592136
QC,15,209,PINU,RES,NA,8.59,506.80000001,0.6275127003,0.0771741113,0.1485535818,0.1467596066,0.7279121974,0.0760525356,0.1194916664,0.0765436005
QC,15,302,ABIE,BAL,NA,0.28,411.81,0.6121785413,0.1087131913,0.1240446596,0.1550636078,0.6656899438,0.1157085068,0.1464948298,0.0721067196
QC,15,304,ABIE,LAS,NA,0.28,411.81,0.6121785413,0.1087131913,0.1240446596,0.1550636078,0.6656899438,0.1157085068,0.1464948298,0.0721067196
QC,15,401,TSUG,CAN,NA,2.43,577.77,0.6201947629,0.127377572,0.1411295553,0.1112981099,0.6693477288,0.1146929193,0.1678670453,0.0480923066
QC,15,602,LARI,LAR,NA,0.32,263.15999999,0.6603862053,0.0916117717,0.1387373808,0.1092646422,0.7337179425,0.0828347542,0.1243521527,0.0590951505
QC,15,605,LARI,KAE,NA,0.32,263.15999999,0.6603862053,0.0916117717,0.1387373808,0.1092646422,0.7337179425,0.0828347542,0.1243521527,0.0590951505
QC,15,701,THUJ,OCC,NA,0.44,498.37,0.6235485281,0.094225041,0.1428737162,0.1393527147,0.6595483619,0.0919272703,0.1679626293,0.0805617386
QC,15,801,JUNI,VIR,NA,0.44,498.37,0.6235485281,0.094225041,0.1428737162,0.1393527147,0.6595483619,0.0919272703,0.1679626293,0.0805617386
QC,15,1100,GENC,SPP,NA,0.29,366.94,0.5949767252,0.0927878986,0.1234947601,0.1887406161,0.6804364639,0.0999341376,0.1352402989,0.0843890996
QC,15,1150,UNKN,SPP,NA,0.29,366.94,0.5949767252,0.0927878986,0.1234947601,0.1887406161,0.6804364639,0.0999341376,0.1352402989,0.0843890996
QC,15,1200,POPU,SPP,NA,0.32,576.63000001,0.6485752953,0.1447953902,0.1276008238,0.0790284907,0.719891256,0.1414985664,0.1155644435,0.0230457341
QC,15,1201,POPU,TRE,NA,0.32,576.63000001,0.6485752953,0.1447953902,0.1276008238,0.0790284907,0.719891256,0.1414985664,0.1155644435,0.0230457341
QC,15,1203,POPU,BAL,NA,1.11,620.17999999,0.6457080747,0.1580508128,0.1491918996,0.0470492129,0.7207401355,0.1126784549,0.1478451257,0.0187362839
QC,15,1203,POPU,BAL,BAL,1.11,620.17999999,0.6457080747,0.1580508128,0.1491918996,0.0470492129,0.7207401355,0.1126784549,0.1478451257,0.0187362839
QC,15,1211,POPU,BAL,GRA,0.32,620.17999999,0.648905287,0.1442275354,0.1285052044,0.0783619732,0.72005725,0.1387388128,0.1210907375,0.0201131997
QC,15,1301,BETU,ALL,NA,0.53,425.88,0.6171503971,0.0928486111,0.2223861519,0.0676148399,0.6226929539,0.0874310501,0.2596905938,0.0301854022
QC,15,1303,BETU,PAP,NA,0.36,423.37,0.6710249415,0.1098835414,0.1366128099,0.0824787071,0.6980894126,0.1173494703,0.1474792384,0.0370818788
QC,15,1303,BETU,PAP,PAP,0.36,423.37,0.6710249415,0.1098835414,0.1366128099,0.0824787071,0.6980894126,0.1173494703,0.1474792384,0.0370818788
QC,15,1400,ACER,SPP,NA,0.44,509.09,0.6524618457,0.096173208,0.1885629784,0.0628019679,0.6801522412,0.0742558946,0.2299620339,0.0156298303
QC,15,1401,ACER,SAH,NA,0.44,509.09,0.6524618457,0.096173208,0.1885629784,0.0628019679,0.6801522412,0.0742558946,0.2299620339,0.0156298303
QC,15,1405,ACER,RUB,NA,0.48,362.28,0.6699106364,0.1032952406,0.1577359175,0.0690582055,0.685600359,0.0910521635,0.1899156179,0.0334318596
QC,15,1550,GENH,SPP,NA,0.28,496.33000001,0.7085357217,0.1025737024,0.0898738425,0.0990167334,0.7075142464,0.0681200532,0.2059357898,0.0184299106
QC,15,1805,ALNU,INC,RUG,1.99,25.3,0.7681830845,0.0696568459,0.1194294767,0.0427305929,0.7724910415,0.0503435524,0.1143445909,0.0628208152
QC,15,1805,ALNU,INC,NA,1.99,25.3,0.7681830845,0.0696568459,0.1194294767,0.0427305929,0.7724910415,0.0503435524,0.1143445909,0.0628208152
QC,15,3500,SALI,SPP,NA,0.35,121.39,0.6531330064,0.1602803703,0.1293180586,0.0572685647,0.6938176942,0.1449959396,0.1236591789,0.0375271872
SK,5,100,PICE,SPP,NA,94.895,405.17952745,0.6778204888,0.1046571361,0.1030832693,0.1144391057,0.7688793388,0.1046589236,0.0690587109,0.0574030268
SK,5,101,PICE,MAR,NA,94.895,405.17952745,0.6778204888,0.1046571361,0.1030832693,0.1144391057,0.7688793388,0.1046589236,0.0690587109,0.0574030268
SK,5,103,PICE,ABI,NA,33.964891835,1725.5707801,0.5671470674,0.0953187021,0.2006680305,0.1368661999,0.7032280865,0.1061732556,0.1154075398,0.0751911181
SK,5,105,PICE,GLA,NA,33.964891835,1725.5707801,0.5671470674,0.0953187021,0.2006680305,0.1368661999,0.7032280865,0.1061732556,0.1154075398,0.0751911181
SK,5,203,PINU,BAN,NA,11.733311058,478.99668781,0.7020273981,0.092912697,0.0844279221,0.1206319827,0.7921444101,0.0835314321,0.0758999983,0.0484241594
SK,5,204,PINU,CON,NA,11.733311058,478.99668781,0.7020273981,0.092912697,0.0844279221,0.1206319827,0.7921444101,0.0835314321,0.0758999983,0.0484241594
SK,5,204,PINU,CON,LAT,11.733311058,478.99668781,0.7020273981,0.092912697,0.0844279221,0.1206319827,0.7921444101,0.0835314321,0.0758999983,0.0484241594
SK,5,206,PINU,ALB,NA,11.733311058,478.99668781,0.7020273981,0.092912697,0.0844279221,0.1206319827,0.7921444101,0.0835314321,0.0758999983,0.0484241594
SK,5,302,ABIE,BAL,NA,133.7825,1100.2064979,0.6737286624,0.1197579094,0.1278768412,0.0786365871,0.7296489731,0.1038726176,0.1033905065,0.0630879027
SK,5,304,ABIE,LAS,NA,133.7825,1100.2064979,0.6737286624,0.1197579094,0.1278768412,0.0786365871,0.7296489731,0.1038726176,0.1033905065,0.0630879027
SK,5,602,LARI,LAR,NA,2.8710377427,450.39668281,0.6282439613,0.0825433507,0.145189554,0.144023134,0.8070901679,0.0723382837,0.0773133636,0.0432581849
SK,5,1200,POPU,SPP,NA,33.085569417,393.19896887,0.6555838471,0.1527381489,0.1241100252,0.0675679788,0.7337435333,0.1248307633,0.1004975156,0.0409281878
SK,5,1201,POPU,TRE,NA,33.085569417,393.19896887,0.6555838471,0.1527381489,0.1241100252,0.0675679788,0.7337435333,0.1248307633,0.1004975156,0.0409281878
SK,5,1203,POPU,BAL,NA,33.085569417,393.19896887,0.6555838471,0.1527381489,0.1241100252,0.0675679788,0.7337435333,0.1248307633,0.1004975156,0.0409281878
SK,5,1203,POPU,BAL,BAL,33.085569417,393.19896887,0.6555838471,0.1527381489,0.1241100252,0.0675679788,0.7337435333,0.1248307633,0.1004975156,0.0409281878
SK,5,1206,POPU,GRA,NA,33.085569417,393.19896887,0.6555838471,0.1527381489,0.1241100252,0.0675679788,0.7337435333,0.1248307633,0.1004975156,0.0409281878
SK,5,1303,BETU,PAP,NA,35.137971771,185.86795256,0.7014305406,0.1217225769,0.1062089544,0.0706379281,0.7366563918,0.1083034514,0.1207184886,0.0343216682
SK,5,1303,BETU,PAP,PAP,35.137971771,185.86795256,0.7014305406,0.1217225769,0.1062089544,0.0706379281,0.7366563918,0.1083034514,0.1207184886,0.0343216682
SK,6,100,PICE,SPP,NA,94.895,405.17952745,0.6778204888,0.1046571361,0.1030832693,0.1144391057,0.7688793388,0.1046589236,0.0690587109,0.0574030268
SK,6,101,PICE,MAR,NA,94.895,405.17952745,0.6778204888,0.1046571361,0.1030832693,0.1144391057,0.7688793388,0.1046589236,0.0690587109,0.0574030268
SK,6,103,PICE,ABI,NA,138.92518167,420.58168722,0.7193347362,0.0992380219,0.1105558001,0.0708714418,0.7825466364,0.0874565887,0.076935023,0.0530617519
SK,6,105,PICE,GLA,NA,138.92518167,420.58168722,0.7193347362,0.0992380219,0.1105558001,0.0708714418,0.7825466364,0.0874565887,0.076935023,0.0530617519
SK,6,203,PINU,BAN,NA,11.733311058,478.99668781,0.7020273981,0.092912697,0.0844279221,0.1206319827,0.7921444101,0.0835314321,0.0758999983,0.0484241594
SK,6,204,PINU,CON,NA,11.733311058,478.99668781,0.7020273981,0.092912697,0.0844279221,0.1206319827,0.7921444101,0.0835314321,0.0758999983,0.0484241594
SK,6,204,PINU,CON,LAT,11.733311058,478.99668781,0.7020273981,0.092912697,0.0844279221,0.1206319827,0.7921444101,0.0835314321,0.0758999983,0.0484241594
SK,6,206,PINU,ALB,NA,11.733311058,478.99668781,0.7020273981,0.092912697,0.0844279221,0.1206319827,0.7921444101,0.0835314321,0.0758999983,0.0484241594
SK,6,302,ABIE,BAL,NA,133.7825,1100.2064979,0.6737286624,0.1197579094,0.1278768412,0.0786365871,0.7296489731,0.1038726176,0.1033905065,0.0630879027
SK,6,304,ABIE,LAS,NA,133.7825,1100.2064979,0.6737286624,0.1197579094,0.1278768412,0.0786365871,0.7296489731,0.1038726176,0.1033905065,0.0630879027
SK,6,602,LARI,LAR,NA,2.8710377427,450.39668281,0.6282439613,0.0825433507,0.145189554,0.144023134,0.8070901679,0.0723382837,0.0773133636,0.0432581849
SK,6,700,THUJ,SPP,NA,16.218673944,499.73926084,0.5440842995,0.0828128278,0.1808306065,0.1922722662,0.6550970945,0.0884616474,0.143036204,0.113405054
SK,6,701,THUJ,OCC,NA,16.218673944,499.73926084,0.5440842995,0.0828128278,0.1808306065,0.1922722662,0.6550970945,0.0884616474,0.143036204,0.113405054
SK,6,801,JUNI,VIR,NA,16.218673944,499.73926084,0.5440842995,0.0828128278,0.1808306065,0.1922722662,0.6550970945,0.0884616474,0.143036204,0.113405054
SK,6,1200,POPU,SPP,NA,33.085569417,393.19896887,0.6555838471,0.1527381489,0.1241100252,0.0675679788,0.7337435333,0.1248307633,0.1004975156,0.0409281878
SK,6,1201,POPU,TRE,NA,33.085569417,393.19896887,0.6555838471,0.1527381489,0.1241100252,0.0675679788,0.7337435333,0.1248307633,0.1004975156,0.0409281878
SK,6,1203,POPU,BAL,NA,33.085569417,393.19896887,0.6555838471,0.1527381489,0.1241100252,0.0675679788,0.7337435333,0.1248307633,0.1004975156,0.0409281878
SK,6,1203,POPU,BAL,BAL,33.085569417,393.19896887,0.6555838471,0.1527381489,0.1241100252,0.0675679788,0.7337435333,0.1248307633,0.1004975156,0.0409281878
SK,6,1206,POPU,GRA,NA,33.085569417,393.19896887,0.6555838471,0.1527381489,0.1241100252,0.0675679788,0.7337435333,0.1248307633,0.1004975156,0.0409281878
SK,6,1303,BETU,PAP,NA,35.137971771,185.86795256,0.7014305406,0.1217225769,0.1062089544,0.0706379281,0.7366563918,0.1083034514,0.1207184886,0.0343216682
SK,6,1303,BETU,PAP,PAP,35.137971771,185.86795256,0.7014305406,0.1217225769,0.1062089544,0.0706379281,0.7366563918,0.1083034514,0.1207184886,0.0343216682
SK,6,1404,ACER,NEG,NA,0.36,425.88,0.6616331143,0.1048994366,0.151445611,0.0820218382,0.629277363,0.0913889327,0.2504202521,0.0289134523
SK,6,1500,GENH,SPP,NA,0.28,496.33000001,0.7085357217,0.1025737024,0.0898738425,0.0990167334,0.7075142464,0.0681200532,0.2059357898,0.0184299106
SK,6,3400,FRAX,SPP,NA,NA,NA,NA,NA,NA,NA,NA,NA,NA,NA
SK,9,100,PICE,SPP,NA,0.1048538257,1433.9832384,0.3816635691,0.1035937286,0.1770538623,0.33768884,0.7062126603,0.1049723,0.0964460769,0.0923689628
SK,9,101,PICE,MAR,NA,0.1048538257,1433.9832384,0.3816635691,0.1035937286,0.1770538623,0.33768884,0.7062126603,0.1049723,0.0964460769,0.0923689628
SK,9,103,PICE,ABI,NA,33.964891835,1725.5707801,0.5671470674,0.0953187021,0.2006680305,0.1368661999,0.7032280865,0.1061732556,0.1154075398,0.0751911181
SK,9,105,PICE,GLA,NA,33.964891835,1725.5707801,0.5671470674,0.0953187021,0.2006680305,0.1368661999,0.7032280865,0.1061732556,0.1154075398,0.0751911181
SK,9,107,PICE,MAR,RUB,0.1048538257,1433.9832384,0.3816635691,0.1035937286,0.1770538623,0.33768884,0.7062126603,0.1049723,0.0964460769,0.0923689628
SK,9,203,PINU,BAN,NA,4.965,532.5837863,0.473884455,0.1368182893,0.1533501857,0.2359470701,0.841177552,0.0625102417,0.0632194477,0.0330927586
SK,9,204,PINU,CON,NA,4.965,532.5837863,0.473884455,0.1368182893,0.1533501857,0.2359470701,0.841177552,0.0625102417,0.0632194477,0.0330927586
SK,9,204,PINU,CON,LAT,4.965,532.5837863,0.473884455,0.1368182893,0.1533501857,0.2359470701,0.841177552,0.0625102417,0.0632194477,0.0330927586
SK,9,206,PINU,ALB,NA,4.965,532.5837863,0.473884455,0.1368182893,0.1533501857,0.2359470701,0.841177552,0.0625102417,0.0632194477,0.0330927586
SK,9,302,ABIE,BAL,NA,133.7825,1100.2064979,0.6737286624,0.1197579094,0.1278768412,0.0786365871,0.7296489731,0.1038726176,0.1033905065,0.0630879027
SK,9,304,ABIE,LAS,NA,133.7825,1100.2064979,0.6737286624,0.1197579094,0.1278768412,0.0786365871,0.7296489731,0.1038726176,0.1033905065,0.0630879027
SK,9,602,LARI,LAR,NA,2.8710377427,450.39668281,0.6282439613,0.0825433507,0.145189554,0.144023134,0.8070901679,0.0723382837,0.0773133636,0.0432581849
SK,9,700,THUJ,SPP,NA,16.218673944,499.73926084,0.5440842995,0.0828128278,0.1808306065,0.1922722662,0.6550970945,0.0884616474,0.143036204,0.113405054
SK,9,701,THUJ,OCC,NA,16.218673944,499.73926084,0.5440842995,0.0828128278,0.1808306065,0.1922722662,0.6550970945,0.0884616474,0.143036204,0.113405054
SK,9,801,JUNI,VIR,NA,16.218673944,499.73926084,0.5440842995,0.0828128278,0.1808306065,0.1922722662,0.6550970945,0.0884616474,0.143036204,0.113405054
SK,9,1200,POPU,SPP,NA,0.2727303239,1739.7701209,0.5583745848,0.2420097432,0.1164696105,0.083146061499999993,0.6957341464,0.1775591756,0.0962472437,0.0304594343
SK,9,1201,POPU,TRE,NA,0.2727303239,1739.7701209,0.5583745848,0.2420097432,0.1164696105,0.083146061499999993,0.6957341464,0.1775591756,0.0962472437,0.0304594343
SK,9,1203,POPU,BAL,NA,0.2516040209,464.13793392,0.5984471807,0.1798274892,0.0872972063,0.1344281237,0.6926958113,0.121652155,0.1396802072,0.0459718265
SK,9,1203,POPU,BAL,BAL,0.2516040209,464.13793392,0.5984471807,0.1798274892,0.0872972063,0.1344281237,0.6926958113,0.121652155,0.1396802072,0.0459718265
SK,9,1205,POPU,DEL,NA,0.2727303239,1739.7701209,0.5583745848,0.2420097432,0.1164696105,0.083146061499999993,0.6957341464,0.1775591756,0.0962472437,0.0304594343
SK,9,1205,POPU,DEL,DEL,0.2727303239,1739.7701209,0.5583745848,0.2420097432,0.1164696105,0.083146061499999993,0.6957341464,0.1775591756,0.0962472437,0.0304594343
SK,9,1206,POPU,GRA,NA,0.2727303239,1739.7701209,0.5583745848,0.2420097432,0.1164696105,0.083146061499999993,0.6957341464,0.1775591756,0.0962472437,0.0304594343
SK,9,1303,BETU,PAP,NA,0.5154372041,838.1062874,0.5275028178,0.1170315439,0.1191262092,0.2363394291,0.7091436386,0.1294724403,0.1250325883,0.0363513327
SK,9,1303,BETU,PAP,PAP,0.5154372041,838.1062874,0.5275028178,0.1170315439,0.1191262092,0.2363394291,0.7091436386,0.1294724403,0.1250325883,0.0363513327
SK,9,1404,ACER,NEG,NA,0.36,425.88,0.6616331143,0.1048994366,0.151445611,0.0820218382,0.629277363,0.0913889327,0.2504202521,0.0289134523
SK,9,1500,GENH,SPP,NA,0.28,496.33000001,0.7085357217,0.1025737024,0.0898738425,0.0990167334,0.7075142464,0.0681200532,0.2059357898,0.0184299106
SK,9,2201,ULMU,AME,NA,4.4900000025,136.23,0.6901559284,0.0955488788,0.1663771146,0.0479180782,0.702826255,0.1002857383,0.1629685608,0.0339194458
SK,9,3405,FRAX,PEN,SUB,2.08,384.37,0.7264839743,0.1236426699,0.1084093653,0.0414639905,0.7375998318,0.0953795326,0.1376157395,0.0294048961
SK,9,3405,FRAX,PEN,NA,2.08,384.37,0.7264839743,0.1236426699,0.1084093653,0.0414639905,0.7375998318,0.0953795326,0.1376157395,0.0294048961
SK,10,100,PICE,SPP,NA,0.1048538257,1433.9832384,0.3816635691,0.1035937286,0.1770538623,0.33768884,0.7062126603,0.1049723,0.0964460769,0.0923689628
SK,10,101,PICE,MAR,NA,0.1048538257,1433.9832384,0.3816635691,0.1035937286,0.1770538623,0.33768884,0.7062126603,0.1049723,0.0964460769,0.0923689628
SK,10,103,PICE,ABI,NA,33.964891835,1725.5707801,0.5671470674,0.0953187021,0.2006680305,0.1368661999,0.7032280865,0.1061732556,0.1154075398,0.0751911181
SK,10,105,PICE,GLA,NA,33.964891835,1725.5707801,0.5671470674,0.0953187021,0.2006680305,0.1368661999,0.7032280865,0.1061732556,0.1154075398,0.0751911181
SK,10,203,PINU,BAN,NA,4.965,532.5837863,0.473884455,0.1368182893,0.1533501857,0.2359470701,0.841177552,0.0625102417,0.0632194477,0.0330927586
SK,10,204,PINU,CON,NA,4.965,532.5837863,0.473884455,0.1368182893,0.1533501857,0.2359470701,0.841177552,0.0625102417,0.0632194477,0.0330927586
SK,10,204,PINU,CON,LAT,4.965,532.5837863,0.473884455,0.1368182893,0.1533501857,0.2359470701,0.841177552,0.0625102417,0.0632194477,0.0330927586
SK,10,206,PINU,ALB,NA,4.965,532.5837863,0.473884455,0.1368182893,0.1533501857,0.2359470701,0.841177552,0.0625102417,0.0632194477,0.0330927586
SK,10,302,ABIE,BAL,NA,133.7825,1100.2064979,0.6737286624,0.1197579094,0.1278768412,0.0786365871,0.7296489731,0.1038726176,0.1033905065,0.0630879027
SK,10,304,ABIE,LAS,NA,133.7825,1100.2064979,0.6737286624,0.1197579094,0.1278768412,0.0786365871,0.7296489731,0.1038726176,0.1033905065,0.0630879027
SK,10,602,LARI,LAR,NA,2.8710377427,450.39668281,0.6282439613,0.0825433507,0.145189554,0.144023134,0.8070901679,0.0723382837,0.0773133636,0.0432581849
SK,10,1200,POPU,SPP,NA,0.2727303239,1739.7701209,0.5583745848,0.2420097432,0.1164696105,0.083146061499999993,0.6957341464,0.1775591756,0.0962472437,0.0304594343
SK,10,1201,POPU,TRE,NA,0.2727303239,1739.7701209,0.5583745848,0.2420097432,0.1164696105,0.083146061499999993,0.6957341464,0.1775591756,0.0962472437,0.0304594343
SK,10,1203,POPU,BAL,NA,0.2516040209,464.13793392,0.5984471807,0.1798274892,0.0872972063,0.1344281237,0.6926958113,0.121652155,0.1396802072,0.0459718265
SK,10,1203,POPU,BAL,BAL,0.2516040209,464.13793392,0.5984471807,0.1798274892,0.0872972063,0.1344281237,0.6926958113,0.121652155,0.1396802072,0.0459718265
SK,10,1206,POPU,GRA,NA,0.2727303239,1739.7701209,0.5583745848,0.2420097432,0.1164696105,0.083146061499999993,0.6957341464,0.1775591756,0.0962472437,0.0304594343
SK,10,1303,BETU,PAP,NA,0.5154372041,838.1062874,0.5275028178,0.1170315439,0.1191262092,0.2363394291,0.7091436386,0.1294724403,0.1250325883,0.0363513327
SK,10,1303,BETU,PAP,PAP,0.5154372041,838.1062874,0.5275028178,0.1170315439,0.1191262092,0.2363394291,0.7091436386,0.1294724403,0.1250325883,0.0363513327
SK,10,1404,ACER,NEG,NA,0.36,425.88,0.6616331143,0.1048994366,0.151445611,0.0820218382,0.629277363,0.0913889327,0.2504202521,0.0289134523
SK,10,2201,ULMU,AME,NA,4.4900000025,136.23,0.6901559284,0.0955488788,0.1663771146,0.0479180782,0.702826255,0.1002857383,0.1629685608,0.0339194458
SK,10,3405,FRAX,PEN,SUB,2.08,384.37,0.7264839743,0.1236426699,0.1084093653,0.0414639905,0.7375998318,0.0953795326,0.1376157395,0.0294048961
SK,10,3405,FRAX,PEN,NA,2.08,384.37,0.7264839743,0.1236426699,0.1084093653,0.0414639905,0.7375998318,0.0953795326,0.1376157395,0.0294048961
YT,2,100,PICE,SPP,NA,1.4854376445,376.09978201,0.531059224,0.1219899712,0.1873106451,0.1596401597,0.7617729106,0.0981772341,0.0857221875,0.0543276677
YT,2,101,PICE,MAR,NA,1.7278668842,151.7390865,0.6218799881,0.1235754649,0.1314774744,0.1230670726,0.740227908,0.1151641874,0.0805510513,0.0640568533
YT,2,105,PICE,GLA,NA,1.4854376445,376.09978201,0.531059224,0.1219899712,0.1873106451,0.1596401597,0.7617729106,0.0981772341,0.0857221875,0.0543276677
YT,2,203,PINU,BAN,NA,2.7745139946,252.97088758,0.7434578236,0.0912060253,0.0849779392,0.0803582119,0.8120198899,0.0720921346,0.0733900037,0.0424979718
YT,2,204,PINU,CON,NA,2.7745139946,252.97088758,0.7434578236,0.0912060253,0.0849779392,0.0803582119,0.8120198899,0.0720921346,0.0733900037,0.0424979718
YT,2,204,PINU,CON,LAT,2.7745139946,252.97088758,0.7434578236,0.0912060253,0.0849779392,0.0803582119,0.8120198899,0.0720921346,0.0733900037,0.0424979718
YT,3,100,PICE,SPP,NA,1.4854376445,376.09978201,0.531059224,0.1219899712,0.1873106451,0.1596401597,0.7617729106,0.0981772341,0.0857221875,0.0543276677
YT,3,101,PICE,MAR,NA,1.7278668842,151.7390865,0.6218799881,0.1235754649,0.1314774744,0.1230670726,0.740227908,0.1151641874,0.0805510513,0.0640568533
YT,3,105,PICE,GLA,NA,1.4854376445,376.09978201,0.531059224,0.1219899712,0.1873106451,0.1596401597,0.7617729106,0.0981772341,0.0857221875,0.0543276677
YT,3,203,PINU,BAN,NA,2.7745139946,252.97088758,0.7434578236,0.0912060253,0.0849779392,0.0803582119,0.8120198899,0.0720921346,0.0733900037,0.0424979718
YT,3,204,PINU,CON,NA,2.7745139946,252.97088758,0.7434578236,0.0912060253,0.0849779392,0.0803582119,0.8120198899,0.0720921346,0.0733900037,0.0424979718
YT,3,204,PINU,CON,LAT,2.7745139946,252.97088758,0.7434578236,0.0912060253,0.0849779392,0.0803582119,0.8120198899,0.0720921346,0.0733900037,0.0424979718
YT,3,300,ABIE,SPP,NA,1.4854376445,376.09978201,0.6075056618,0.1223696862,0.1416872517,0.1284374003,0.7646273869,0.0978638557,0.0840089997,0.0534997577
YT,3,302,ABIE,BAL,NA,1.4854376445,376.09978201,0.6075056618,0.1223696862,0.1416872517,0.1284374003,0.7646273869,0.0978638557,0.0840089997,0.0534997577
YT,3,304,ABIE,LAS,NA,1.4854376445,376.09978201,0.6075056618,0.1223696862,0.1416872517,0.1284374003,0.7646273869,0.0978638557,0.0840089997,0.0534997577
YT,3,602,LARI,LAR,NA,2.7745139946,252.97088758,0.7434578236,0.0912060253,0.0849779392,0.0803582119,0.8120198899,0.0720921346,0.0733900037,0.0424979718
YT,3,604,LARI,LYA,NA,2.7745139946,252.97088758,0.7434578236,0.0912060253,0.0849779392,0.0803582119,0.8120198899,0.0720921346,0.0733900037,0.0424979718
YT,3,1200,POPU,SPP,NA,1.8109884235,203.62184609,0.6836307499,0.1410984308,0.1002839013,0.074986918,0.7349507772,0.1238363699,0.1163084367,0.0249044163
YT,3,1201,POPU,TRE,NA,1.8109884235,203.62184609,0.6836307499,0.1410984308,0.1002839013,0.074986918,0.7349507772,0.1238363699,0.1163084367,0.0249044163
YT,3,1203,POPU,BAL,NA,1.8109884235,203.62184609,0.6836307499,0.1410984308,0.1002839013,0.074986918,0.7349507772,0.1238363699,0.1163084367,0.0249044163
YT,3,1203,POPU,BAL,BAL,1.8109884235,203.62184609,0.6836307499,0.1410984308,0.1002839013,0.074986918,0.7349507772,0.1238363699,0.1163084367,0.0249044163
YT,3,1300,BETU,SPP,NA,1.8109884235,203.62184609,0.6836307499,0.1410984308,0.1002839013,0.074986918,0.7349507772,0.1238363699,0.1163084367,0.0249044163
YT,3,1303,BETU,PAP,NA,1.8109884235,203.62184609,0.6836307499,0.1410984308,0.1002839013,0.074986918,0.7349507772,0.1238363699,0.1163084367,0.0249044163
YT,3,1303,BETU,PAP,PAP,1.8109884235,203.62184609,0.6836307499,0.1410984308,0.1002839013,0.074986918,0.7349507772,0.1238363699,0.1163084367,0.0249044163
YT,3,1308,BETU,PAP,NEO,1.8109884235,203.62184609,0.6836307499,0.1410984308,0.1002839013,0.074986918,0.7349507772,0.1238363699,0.1163084367,0.0249044163
YT,4,100,PICE,SPP,NA,1.4854376445,376.09978201,0.531059224,0.1219899712,0.1873106451,0.1596401597,0.7617729106,0.0981772341,0.0857221875,0.0543276677
YT,4,101,PICE,MAR,NA,1.7278668842,151.7390865,0.6218799881,0.1235754649,0.1314774744,0.1230670726,0.740227908,0.1151641874,0.0805510513,0.0640568533
YT,4,105,PICE,GLA,NA,1.4854376445,376.09978201,0.531059224,0.1219899712,0.1873106451,0.1596401597,0.7617729106,0.0981772341,0.0857221875,0.0543276677
YT,4,203,PINU,BAN,NA,2.7745139946,252.97088758,0.7434578236,0.0912060253,0.0849779392,0.0803582119,0.8120198899,0.0720921346,0.0733900037,0.0424979718
YT,4,204,PINU,CON,NA,2.7745139946,252.97088758,0.7434578236,0.0912060253,0.0849779392,0.0803582119,0.8120198899,0.0720921346,0.0733900037,0.0424979718
YT,4,204,PINU,CON,LAT,2.7745139946,252.97088758,0.7434578236,0.0912060253,0.0849779392,0.0803582119,0.8120198899,0.0720921346,0.0733900037,0.0424979718
YT,4,300,ABIE,SPP,NA,1.4854376445,376.09978201,0.6075056618,0.1223696862,0.1416872517,0.1284374003,0.7646273869,0.0978638557,0.0840089997,0.0534997577
YT,4,302,ABIE,BAL,NA,1.4854376445,376.09978201,0.6075056618,0.1223696862,0.1416872517,0.1284374003,0.7646273869,0.0978638557,0.0840089997,0.0534997577
YT,4,304,ABIE,LAS,NA,1.4854376445,376.09978201,0.6075056618,0.1223696862,0.1416872517,0.1284374003,0.7646273869,0.0978638557,0.0840089997,0.0534997577
YT,4,602,LARI,LAR,NA,2.7745139946,252.97088758,0.7434578236,0.0912060253,0.0849779392,0.0803582119,0.8120198899,0.0720921346,0.0733900037,0.0424979718
YT,4,604,LARI,LYA,NA,2.7745139946,252.97088758,0.7434578236,0.0912060253,0.0849779392,0.0803582119,0.8120198899,0.0720921346,0.0733900037,0.0424979718
YT,4,1200,POPU,SPP,NA,1.8109884235,203.62184609,0.6836307499,0.1410984308,0.1002839013,0.074986918,0.7349507772,0.1238363699,0.1163084367,0.0249044163
YT,4,1201,POPU,TRE,NA,1.8109884235,203.62184609,0.6836307499,0.1410984308,0.1002839013,0.074986918,0.7349507772,0.1238363699,0.1163084367,0.0249044163
YT,4,1203,POPU,BAL,NA,1.8109884235,203.62184609,0.6836307499,0.1410984308,0.1002839013,0.074986918,0.7349507772,0.1238363699,0.1163084367,0.0249044163
YT,4,1203,POPU,BAL,BAL,1.8109884235,203.62184609,0.6836307499,0.1410984308,0.1002839013,0.074986918,0.7349507772,0.1238363699,0.1163084367,0.0249044163
YT,4,1300,BETU,SPP,NA,1.8109884235,203.62184609,0.6836307499,0.1410984308,0.1002839013,0.074986918,0.7349507772,0.1238363699,0.1163084367,0.0249044163
YT,4,1303,BETU,PAP,NA,1.8109884235,203.62184609,0.6836307499,0.1410984308,0.1002839013,0.074986918,0.7349507772,0.1238363699,0.1163084367,0.0249044163
YT,4,1303,BETU,PAP,PAP,1.8109884235,203.62184609,0.6836307499,0.1410984308,0.1002839013,0.074986918,0.7349507772,0.1238363699,0.1163084367,0.0249044163
YT,4,1308,BETU,PAP,NEO,1.8109884235,203.62184609,0.6836307499,0.1410984308,0.1002839013,0.074986918,0.7349507772,0.1238363699,0.1163084367,0.0249044163
YT,11,100,PICE,SPP,NA,1.4854376445,376.09978201,0.531059224,0.1219899712,0.1873106451,0.1596401597,0.7617729106,0.0981772341,0.0857221875,0.0543276677
YT,11,101,PICE,MAR,NA,1.7278668842,151.7390865,0.6218799881,0.1235754649,0.1314774744,0.1230670726,0.740227908,0.1151641874,0.0805510513,0.0640568533
YT,11,105,PICE,GLA,NA,1.4854376445,376.09978201,0.531059224,0.1219899712,0.1873106451,0.1596401597,0.7617729106,0.0981772341,0.0857221875,0.0543276677
YT,11,203,PINU,BAN,NA,2.7745139946,252.97088758,0.7434578236,0.0912060253,0.0849779392,0.0803582119,0.8120198899,0.0720921346,0.0733900037,0.0424979718
YT,11,204,PINU,CON,NA,2.7745139946,252.97088758,0.7434578236,0.0912060253,0.0849779392,0.0803582119,0.8120198899,0.0720921346,0.0733900037,0.0424979718
YT,11,204,PINU,CON,LAT,2.7745139946,252.97088758,0.7434578236,0.0912060253,0.0849779392,0.0803582119,0.8120198899,0.0720921346,0.0733900037,0.0424979718
YT,11,300,ABIE,SPP,NA,1.4854376445,376.09978201,0.6075056618,0.1223696862,0.1416872517,0.1284374003,0.7646273869,0.0978638557,0.0840089997,0.0534997577
YT,11,302,ABIE,BAL,NA,1.4854376445,376.09978201,0.6075056618,0.1223696862,0.1416872517,0.1284374003,0.7646273869,0.0978638557,0.0840089997,0.0534997577
YT,11,304,ABIE,LAS,NA,1.4854376445,376.09978201,0.6075056618,0.1223696862,0.1416872517,0.1284374003,0.7646273869,0.0978638557,0.0840089997,0.0534997577
YT,11,602,LARI,LAR,NA,2.7745139946,252.97088758,0.7434578236,0.0912060253,0.0849779392,0.0803582119,0.8120198899,0.0720921346,0.0733900037,0.0424979718
YT,11,604,LARI,LYA,NA,2.7745139946,252.97088758,0.7434578236,0.0912060253,0.0849779392,0.0803582119,0.8120198899,0.0720921346,0.0733900037,0.0424979718
YT,11,1200,POPU,SPP,NA,1.8109884235,203.62184609,0.6836307499,0.1410984308,0.1002839013,0.074986918,0.7349507772,0.1238363699,0.1163084367,0.0249044163
YT,11,1201,POPU,TRE,NA,1.8109884235,203.62184609,0.6836307499,0.1410984308,0.1002839013,0.074986918,0.7349507772,0.1238363699,0.1163084367,0.0249044163
YT,11,1203,POPU,BAL,NA,1.8109884235,203.62184609,0.6836307499,0.1410984308,0.1002839013,0.074986918,0.7349507772,0.1238363699,0.1163084367,0.0249044163
YT,11,1203,POPU,BAL,BAL,1.8109884235,203.62184609,0.6836307499,0.1410984308,0.1002839013,0.074986918,0.7349507772,0.1238363699,0.1163084367,0.0249044163
YT,11,1300,BETU,SPP,NA,1.8109884235,203.62184609,0.6836307499,0.1410984308,0.1002839013,0.074986918,0.7349507772,0.1238363699,0.1163084367,0.0249044163
YT,11,1303,BETU,PAP,NA,1.8109884235,203.62184609,0.6836307499,0.1410984308,0.1002839013,0.074986918,0.7349507772,0.1238363699,0.1163084367,0.0249044163
YT,11,1303,BETU,PAP,PAP,1.8109884235,203.62184609,0.6836307499,0.1410984308,0.1002839013,0.074986918,0.7349507772,0.1238363699,0.1163084367,0.0249044163
YT,11,1308,BETU,PAP,NEO,1.8109884235,203.62184609,0.6836307499,0.1410984308,0.1002839013,0.074986918,0.7349507772,0.1238363699,0.1163084367,0.0249044163
YT,12,100,PICE,SPP,NA,1.4854376445,376.09978201,0.531059224,0.1219899712,0.1873106451,0.1596401597,0.7617729106,0.0981772341,0.0857221875,0.0543276677
YT,12,101,PICE,MAR,NA,1.7278668842,151.7390865,0.6218799881,0.1235754649,0.1314774744,0.1230670726,0.740227908,0.1151641874,0.0805510513,0.0640568533
YT,12,105,PICE,GLA,NA,1.4854376445,376.09978201,0.531059224,0.1219899712,0.1873106451,0.1596401597,0.7617729106,0.0981772341,0.0857221875,0.0543276677
YT,12,203,PINU,BAN,NA,2.7745139946,252.97088758,0.7434578236,0.0912060253,0.0849779392,0.0803582119,0.8120198899,0.0720921346,0.0733900037,0.0424979718
YT,12,204,PINU,CON,NA,2.7745139946,252.97088758,0.7434578236,0.0912060253,0.0849779392,0.0803582119,0.8120198899,0.0720921346,0.0733900037,0.0424979718
YT,12,204,PINU,CON,LAT,2.7745139946,252.97088758,0.7434578236,0.0912060253,0.0849779392,0.0803582119,0.8120198899,0.0720921346,0.0733900037,0.0424979718
YT,12,300,ABIE,SPP,NA,1.4854376445,376.09978201,0.6075056618,0.1223696862,0.1416872517,0.1284374003,0.7646273869,0.0978638557,0.0840089997,0.0534997577
YT,12,302,ABIE,BAL,NA,1.4854376445,376.09978201,0.6075056618,0.1223696862,0.1416872517,0.1284374003,0.7646273869,0.0978638557,0.0840089997,0.0534997577
YT,12,304,ABIE,LAS,NA,1.4854376445,376.09978201,0.6075056618,0.1223696862,0.1416872517,0.1284374003,0.7646273869,0.0978638557,0.0840089997,0.0534997577
YT,12,602,LARI,LAR,NA,2.7745139946,252.97088758,0.7434578236,0.0912060253,0.0849779392,0.0803582119,0.8120198899,0.0720921346,0.0733900037,0.0424979718
YT,12,604,LARI,LYA,NA,2.7745139946,252.97088758,0.7434578236,0.0912060253,0.0849779392,0.0803582119,0.8120198899,0.0720921346,0.0733900037,0.0424979718
YT,12,1200,POPU,SPP,NA,1.8109884235,203.62184609,0.6836307499,0.1410984308,0.1002839013,0.074986918,0.7349507772,0.1238363699,0.1163084367,0.0249044163
YT,12,1201,POPU,TRE,NA,1.8109884235,203.62184609,0.6836307499,0.1410984308,0.1002839013,0.074986918,0.7349507772,0.1238363699,0.1163084367,0.0249044163
YT,12,1203,POPU,BAL,NA,1.8109884235,203.62184609,0.6836307499,0.1410984308,0.1002839013,0.074986918,0.7349507772,0.1238363699,0.1163084367,0.0249044163
YT,12,1203,POPU,BAL,BAL,1.8109884235,203.62184609,0.6836307499,0.1410984308,0.1002839013,0.074986918,0.7349507772,0.1238363699,0.1163084367,0.0249044163
YT,12,1300,BETU,SPP,NA,1.8109884235,203.62184609,0.6836307499,0.1410984308,0.1002839013,0.074986918,0.7349507772,0.1238363699,0.1163084367,0.0249044163
YT,12,1303,BETU,PAP,NA,1.8109884235,203.62184609,0.6836307499,0.1410984308,0.1002839013,0.074986918,0.7349507772,0.1238363699,0.1163084367,0.0249044163
YT,12,1303,BETU,PAP,PAP,1.8109884235,203.62184609,0.6836307499,0.1410984308,0.1002839013,0.074986918,0.7349507772,0.1238363699,0.1163084367,0.0249044163
YT,12,1308,BETU,PAP,NEO,1.8109884235,203.62184609,0.6836307499,0.1410984308,0.1002839013,0.074986918,0.7349507772,0.1238363699,0.1163084367,0.0249044163
YT,13,101,PICE,MAR,NA,1.7278668842,151.7390865,0.6218799881,0.1235754649,0.1314774744,0.1230670726,0.740227908,0.1151641874,0.0805510513,0.0640568533
YT,13,105,PICE,GLA,NA,1.4854376445,376.09978201,0.531059224,0.1219899712,0.1873106451,0.1596401597,0.7617729106,0.0981772341,0.0857221875,0.0543276677
YT,13,204,PINU,CON,NA,2.7745139946,252.97088758,0.7434578236,0.0912060253,0.0849779392,0.0803582119,0.8120198899,0.0720921346,0.0733900037,0.0424979718
YT,13,204,PINU,CON,LAT,2.7745139946,252.97088758,0.7434578236,0.0912060253,0.0849779392,0.0803582119,0.8120198899,0.0720921346,0.0733900037,0.0424979718
YT,13,304,ABIE,LAS,NA,1.4854376445,376.09978201,0.6075056618,0.1223696862,0.1416872517,0.1284374003,0.7646273869,0.0978638557,0.0840089997,0.0534997577
YT,13,602,LARI,LAR,NA,2.7745139946,252.97088758,0.7434578236,0.0912060253,0.0849779392,0.0803582119,0.8120198899,0.0720921346,0.0733900037,0.0424979718
YT,13,1201,POPU,TRE,NA,1.8109884235,203.62184609,0.6836307499,0.1410984308,0.1002839013,0.074986918,0.7349507772,0.1238363699,0.1163084367,0.0249044163
YT,13,1203,POPU,BAL,NA,1.8109884235,203.62184609,0.6836307499,0.1410984308,0.1002839013,0.074986918,0.7349507772,0.1238363699,0.1163084367,0.0249044163
YT,13,1203,POPU,BAL,BAL,1.8109884235,203.62184609,0.6836307499,0.1410984308,0.1002839013,0.074986918,0.7349507772,0.1238363699,0.1163084367,0.0249044163
YT,13,1308,BETU,PAP,NEO,1.8109884235,203.62184609,0.6836307499,0.1410984308,0.1002839013,0.074986918,0.7349507772,0.1238363699,0.1163084367,0.0249044163
