juris_id,ecozone,canfi_species,genus,species,variety,a1,a2,a3,b1,b2,b3,c1,c2,c3,count
AB,4,100,PICE,SPP,NA,-4.069524,-0.0029697,0.5062346,-6.754172,-0.0095226,1.094078,0.6802207,0.0030908,-0.7032325,94
AB,4,101,PICE,MAR,NA,-1.46236,0.0032257,-0.1268144,-1.687938,-5.507e-4,-0.2285118,-0.2638057,0.0314033,-0.782653,4
AB,4,105,PICE,GLA,NA,-4.069524,-0.0029697,0.5062346,-6.754172,-0.0095226,1.094078,0.6802207,0.0030908,-0.7032325,94
AB,4,200,PINU,SPP,NA,10.31687,0.0242875,-3.206051,-15.23638,-0.0308422,3.47312,3.299958,0.0096525,-1.489882,9
AB,4,203,PINU,BAN,NA,10.31687,0.0242875,-3.206051,-15.23638,-0.0308422,3.47312,3.299958,0.0096525,-1.489882,9
AB,4,204,PINU,CON,NA,10.31687,0.0242875,-3.206051,-15.23638,-0.0308422,3.47312,3.299958,0.0096525,-1.489882,9
AB,4,204,PINU,CON,LAT,10.31687,0.0242875,-3.206051,-15.23638,-0.0308422,3.47312,3.299958,0.0096525,-1.489882,9
AB,4,206,PINU,ALB,NA,-0.8777844,0.0011272,-0.2963811,-0.5778987,0.0072881,-0.5907995,0.1672015,0.0054957,-0.7093111,46
AB,4,216,PINU,MUR,NA,10.31687,0.0242875,-3.206051,-15.23638,-0.0308422,3.47312,3.299958,0.0096525,-1.489882,9
AB,4,300,ABIE,SPP,NA,-1.000371,0.0019237,-0.2422341,1.020285,0.0030838,-0.6019995,0.3282367,0.0026063,-0.554543,38
AB,4,302,ABIE,BAL,NA,-1.000371,0.0019237,-0.2422341,1.020285,0.0030838,-0.6019995,0.3282367,0.0026063,-0.554543,38
AB,4,500,PSEU,MEN,NA,-4.96034,-0.003358,0.7540441,-4.572906,-0.0038663,0.7804509,-2.366531,-0.0022725,0.2327415,9
AB,4,500,PSEU,MEN,MEN,-4.96034,-0.003358,0.7540441,-4.572906,-0.0038663,0.7804509,-2.366531,-0.0022725,0.2327415,9
AB,4,500,PSEU,MEN,GLA,-4.96034,-0.003358,0.7540441,-4.572906,-0.0038663,0.7804509,-2.366531,-0.0022725,0.2327415,9
AB,4,500,PSEU,SPP,NA,-4.96034,-0.003358,0.7540441,-4.572906,-0.0038663,0.7804509,-2.366531,-0.0022725,0.2327415,9
AB,4,600,LARI,SPP,NA,-1.099096,0.0025439,-0.229751,-0.7028945,-0.0045692,-0.0869036,-1.932418,-0.0092075,0.0701183,26
AB,4,601,LARI,DEC,NA,-1.099096,0.0025439,-0.229751,-0.7028945,-0.0045692,-0.0869036,-1.932418,-0.0092075,0.0701183,26
AB,4,602,LARI,LAR,NA,-1.099096,0.0025439,-0.229751,-0.7028945,-0.0045692,-0.0869036,-1.932418,-0.0092075,0.0701183,26
AB,4,603,LARI,OCC,NA,-2.161013,3.227e-4,0.0204651,-1.458815,5.336e-4,-0.1485879,-1.734942,5.368e-4,-0.2083722,633
AB,4,1200,POPU,SPP,NA,-0.7360142,8.489e-4,-0.2080342,-6.068531,-0.0073233,0.9091436,-7.975438,-0.0105587,1.27694,21
AB,4,1201,POPU,TRE,NA,-0.7360142,8.489e-4,-0.2080342,-6.068531,-0.0073233,0.9091436,-7.975438,-0.0105587,1.27694,21
AB,4,1203,POPU,BAL,NA,-0.5694063,0.0012656,-0.235651,0.0376201,0.0020969,-0.3387005,-5.988289,-0.0050448,0.6897327,4
AB,4,1203,POPU,BAL,BAL,-0.5694063,0.0012656,-0.235651,0.0376201,0.0020969,-0.3387005,-5.988289,-0.0050448,0.6897327,4
AB,4,1203,POPU,BAL,GLA,-0.5694063,0.0012656,-0.235651,0.0376201,0.0020969,-0.3387005,-5.988289,-0.0050448,0.6897327,4
AB,4,1204,POPU,TRI,NA,-0.5694063,0.0012656,-0.235651,0.0376201,0.0020969,-0.3387005,-5.988289,-0.0050448,0.6897327,4
AB,4,1205,POPU,DEL,NA,-0.5694063,0.0012656,-0.235651,0.0376201,0.0020969,-0.3387005,-5.988289,-0.0050448,0.6897327,4
AB,4,1205,POPU,DEL,DEL,-0.5694063,0.0012656,-0.235651,0.0376201,0.0020969,-0.3387005,-5.988289,-0.0050448,0.6897327,4
AB,4,1214,POPU,AGU,NA,-0.5694063,0.0012656,-0.235651,0.0376201,0.0020969,-0.3387005,-5.988289,-0.0050448,0.6897327,4
AB,4,1303,BETU,PAP,NA,0.6017257,0.0027172,-0.5733871,-7.208304,-0.0217154,1.67497,-3.020837,0.0064431,-0.0730317,4
AB,4,1303,BETU,PAP,PAP,0.6017257,0.0027172,-0.5733871,-7.208304,-0.0217154,1.67497,-3.020837,0.0064431,-0.0730317,4
AB,5,100,PICE,SPP,NA,-1.619452,9.733e-4,-0.0988202,-0.6090675,-9.805e-4,-0.2039749,-1.195725,-0.0021176,-0.1712661,403
AB,5,101,PICE,MAR,NA,-1.962642,-0.0025805,0.0964473,-1.162072,-0.0025745,-0.0407574,-2.373166,-0.0077735,0.3590638,81
AB,5,105,PICE,GLA,NA,-1.619452,9.733e-4,-0.0988202,-0.6090675,-9.805e-4,-0.2039749,-1.195725,-0.0021176,-0.1712661,403
AB,5,200,PINU,SPP,NA,-1.596728,-2.99e-5,-0.1297067,-0.123297,9.653e-4,-0.4400286,-1.624699,-0.0025082,-0.1218482,729
AB,5,203,PINU,BAN,NA,-1.210482,-5.965e-4,-0.2261727,-1.392068,-5.859e-4,-0.2044972,-0.8886665,-0.0030297,-0.3700746,30
AB,5,204,PINU,CON,NA,-1.596728,-2.99e-5,-0.1297067,-0.123297,9.653e-4,-0.4400286,-1.624699,-0.0025082,-0.1218482,729
AB,5,204,PINU,CON,LAT,-1.596728,-2.99e-5,-0.1297067,-0.123297,9.653e-4,-0.4400286,-1.624699,-0.0025082,-0.1218482,729
AB,5,216,PINU,MUR,NA,-1.593991,3.79e-5,-0.1330865,-0.7553959,3.32e-4,-0.297162,-1.910119,-0.0026327,-0.0640618,759
AB,5,300,ABIE,SPP,NA,-1.000371,0.0019237,-0.2422341,1.020285,0.0030838,-0.6019995,0.3282367,0.0026063,-0.554543,38
AB,5,302,ABIE,BAL,NA,-1.000371,0.0019237,-0.2422341,1.020285,0.0030838,-0.6019995,0.3282367,0.0026063,-0.554543,38
AB,5,500,PSEU,MEN,NA,-4.96034,-0.003358,0.7540441,-4.572906,-0.0038663,0.7804509,-2.366531,-0.0022725,0.2327415,9
AB,5,500,PSEU,MEN,MEN,-4.96034,-0.003358,0.7540441,-4.572906,-0.0038663,0.7804509,-2.366531,-0.0022725,0.2327415,9
AB,5,500,PSEU,MEN,GLA,-4.96034,-0.003358,0.7540441,-4.572906,-0.0038663,0.7804509,-2.366531,-0.0022725,0.2327415,9
AB,5,500,PSEU,SPP,NA,-4.96034,-0.003358,0.7540441,-4.572906,-0.0038663,0.7804509,-2.366531,-0.0022725,0.2327415,9
AB,5,600,LARI,SPP,NA,-1.099096,0.0025439,-0.229751,-0.7028945,-0.0045692,-0.0869036,-1.932418,-0.0092075,0.0701183,26
AB,5,601,LARI,DEC,NA,-1.099096,0.0025439,-0.229751,-0.7028945,-0.0045692,-0.0869036,-1.932418,-0.0092075,0.0701183,26
AB,5,602,LARI,LAR,NA,-1.099096,0.0025439,-0.229751,-0.7028945,-0.0045692,-0.0869036,-1.932418,-0.0092075,0.0701183,26
AB,5,1200,POPU,SPP,NA,-1.062501,-8.673e-4,-0.0548917,-2.832979,-0.0010086,0.1977748,-1.410144,0.0026366,-0.4847424,247
AB,5,1201,POPU,TRE,NA,-1.062501,-8.673e-4,-0.0548917,-2.832979,-0.0010086,0.1977748,-1.410144,0.0026366,-0.4847424,247
AB,5,1203,POPU,BAL,NA,-2.83981,-0.0052953,0.4117675,-2.483366,-0.0025045,0.2426761,0.2876938,0.0080777,-0.9679265,36
AB,5,1203,POPU,BAL,BAL,-2.83981,-0.0052953,0.4117675,-2.483366,-0.0025045,0.2426761,0.2876938,0.0080777,-0.9679265,36
AB,5,1203,POPU,BAL,GLA,-2.83981,-0.0052953,0.4117675,-2.483366,-0.0025045,0.2426761,0.2876938,0.0080777,-0.9679265,36
AB,5,1204,POPU,TRI,NA,-2.83981,-0.0052953,0.4117675,-2.483366,-0.0025045,0.2426761,0.2876938,0.0080777,-0.9679265,36
AB,5,1205,POPU,DEL,NA,-2.83981,-0.0052953,0.4117675,-2.483366,-0.0025045,0.2426761,0.2876938,0.0080777,-0.9679265,36
AB,5,1205,POPU,DEL,DEL,-2.83981,-0.0052953,0.4117675,-2.483366,-0.0025045,0.2426761,0.2876938,0.0080777,-0.9679265,36
AB,5,1214,POPU,AGU,NA,-2.83981,-0.0052953,0.4117675,-2.483366,-0.0025045,0.2426761,0.2876938,0.0080777,-0.9679265,36
AB,5,1303,BETU,PAP,NA,0.6017257,0.0027172,-0.5733871,-7.208304,-0.0217154,1.67497,-3.020837,0.0064431,-0.0730317,4
AB,5,1303,BETU,PAP,PAP,0.6017257,0.0027172,-0.5733871,-7.208304,-0.0217154,1.67497,-3.020837,0.0064431,-0.0730317,4
AB,6,100,PICE,SPP,NA,-1.619452,9.733e-4,-0.0988202,-0.6090675,-9.805e-4,-0.2039749,-1.195725,-0.0021176,-0.1712661,403
AB,6,101,PICE,MAR,NA,-1.962642,-0.0025805,0.0964473,-1.162072,-0.0025745,-0.0407574,-2.373166,-0.0077735,0.3590638,81
AB,6,105,PICE,GLA,NA,-1.619452,9.733e-4,-0.0988202,-0.6090675,-9.805e-4,-0.2039749,-1.195725,-0.0021176,-0.1712661,403
AB,6,200,PINU,SPP,NA,-1.596728,-2.99e-5,-0.1297067,-0.123297,9.653e-4,-0.4400286,-1.624699,-0.0025082,-0.1218482,729
AB,6,203,PINU,BAN,NA,-1.210482,-5.965e-4,-0.2261727,-1.392068,-5.859e-4,-0.2044972,-0.8886665,-0.0030297,-0.3700746,30
AB,6,204,PINU,CON,NA,-1.596728,-2.99e-5,-0.1297067,-0.123297,9.653e-4,-0.4400286,-1.624699,-0.0025082,-0.1218482,729
AB,6,204,PINU,CON,LAT,-1.596728,-2.99e-5,-0.1297067,-0.123297,9.653e-4,-0.4400286,-1.624699,-0.0025082,-0.1218482,729
AB,6,216,PINU,MUR,NA,-1.593991,3.79e-5,-0.1330865,-0.7553959,3.32e-4,-0.297162,-1.910119,-0.0026327,-0.0640618,759
AB,6,300,ABIE,SPP,NA,-1.000371,0.0019237,-0.2422341,1.020285,0.0030838,-0.6019995,0.3282367,0.0026063,-0.554543,38
AB,6,302,ABIE,BAL,NA,-1.000371,0.0019237,-0.2422341,1.020285,0.0030838,-0.6019995,0.3282367,0.0026063,-0.554543,38
AB,6,500,PSEU,MEN,NA,-4.96034,-0.003358,0.7540441,-4.572906,-0.0038663,0.7804509,-2.366531,-0.0022725,0.2327415,9
AB,6,500,PSEU,MEN,MEN,-4.96034,-0.003358,0.7540441,-4.572906,-0.0038663,0.7804509,-2.366531,-0.0022725,0.2327415,9
AB,6,500,PSEU,MEN,GLA,-4.96034,-0.003358,0.7540441,-4.572906,-0.0038663,0.7804509,-2.366531,-0.0022725,0.2327415,9
AB,6,500,PSEU,SPP,NA,-4.96034,-0.003358,0.7540441,-4.572906,-0.0038663,0.7804509,-2.366531,-0.0022725,0.2327415,9
AB,6,600,LARI,SPP,NA,-1.099096,0.0025439,-0.229751,-0.7028945,-0.0045692,-0.0869036,-1.932418,-0.0092075,0.0701183,26
AB,6,601,LARI,DEC,NA,-1.099096,0.0025439,-0.229751,-0.7028945,-0.0045692,-0.0869036,-1.932418,-0.0092075,0.0701183,26
AB,6,602,LARI,LAR,NA,-1.099096,0.0025439,-0.229751,-0.7028945,-0.0045692,-0.0869036,-1.932418,-0.0092075,0.0701183,26
AB,6,1200,POPU,SPP,NA,-1.062501,-8.673e-4,-0.0548917,-2.832979,-0.0010086,0.1977748,-1.410144,0.0026366,-0.4847424,247
AB,6,1201,POPU,TRE,NA,-1.062501,-8.673e-4,-0.0548917,-2.832979,-0.0010086,0.1977748,-1.410144,0.0026366,-0.4847424,247
AB,6,1203,POPU,BAL,NA,-2.83981,-0.0052953,0.4117675,-2.483366,-0.0025045,0.2426761,0.2876938,0.0080777,-0.9679265,36
AB,6,1203,POPU,BAL,BAL,-2.83981,-0.0052953,0.4117675,-2.483366,-0.0025045,0.2426761,0.2876938,0.0080777,-0.9679265,36
AB,6,1203,POPU,BAL,GLA,-2.83981,-0.0052953,0.4117675,-2.483366,-0.0025045,0.2426761,0.2876938,0.0080777,-0.9679265,36
AB,6,1204,POPU,TRI,NA,-2.83981,-0.0052953,0.4117675,-2.483366,-0.0025045,0.2426761,0.2876938,0.0080777,-0.9679265,36
AB,6,1205,POPU,DEL,NA,-2.83981,-0.0052953,0.4117675,-2.483366,-0.0025045,0.2426761,0.2876938,0.0080777,-0.9679265,36
AB,6,1205,POPU,DEL,DEL,-2.83981,-0.0052953,0.4117675,-2.483366,-0.0025045,0.2426761,0.2876938,0.0080777,-0.9679265,36
AB,6,1214,POPU,AGU,NA,-2.83981,-0.0052953,0.4117675,-2.483366,-0.0025045,0.2426761,0.2876938,0.0080777,-0.9679265,36
AB,6,1303,BETU,PAP,NA,0.6017257,0.0027172,-0.5733871,-7.208304,-0.0217154,1.67497,-3.020837,0.0064431,-0.0730317,4
AB,6,1303,BETU,PAP,PAP,0.6017257,0.0027172,-0.5733871,-7.208304,-0.0217154,1.67497,-3.020837,0.0064431,-0.0730317,4
AB,9,100,PICE,SPP,NA,-1.619452,9.733e-4,-0.0988202,-0.6090675,-9.805e-4,-0.2039749,-1.195725,-0.0021176,-0.1712661,403
AB,9,101,PICE,MAR,NA,-1.962642,-0.0025805,0.0964473,-1.162072,-0.0025745,-0.0407574,-2.373166,-0.0077735,0.3590638,81
AB,9,104,PICE,ENG,NA,-6.478428,-0.0079798,1.141726,-1.473774,-0.0010405,0.0519275,-0.3977257,0.0014648,-0.3224147,5
AB,9,104,PICE,ENG,GLA,-6.478428,-0.0079798,1.141726,-1.473774,-0.0010405,0.0519275,-0.3977257,0.0014648,-0.3224147,5
AB,9,105,PICE,GLA,NA,-1.619452,9.733e-4,-0.0988202,-0.6090675,-9.805e-4,-0.2039749,-1.195725,-0.0021176,-0.1712661,403
AB,9,109,PICE,SPP,NA,-1.619452,9.733e-4,-0.0988202,-0.6090675,-9.805e-4,-0.2039749,-1.195725,-0.0021176,-0.1712661,403
AB,9,200,PINU,SPP,NA,-1.596728,-2.99e-5,-0.1297067,-0.123297,9.653e-4,-0.4400286,-1.624699,-0.0025082,-0.1218482,729
AB,9,203,PINU,BAN,NA,-1.210482,-5.965e-4,-0.2261727,-1.392068,-5.859e-4,-0.2044972,-0.8886665,-0.0030297,-0.3700746,30
AB,9,204,PINU,CON,NA,-1.596728,-2.99e-5,-0.1297067,-0.123297,9.653e-4,-0.4400286,-1.624699,-0.0025082,-0.1218482,729
AB,9,204,PINU,CON,LAT,-1.596728,-2.99e-5,-0.1297067,-0.123297,9.653e-4,-0.4400286,-1.624699,-0.0025082,-0.1218482,729
AB,9,206,PINU,ALB,NA,-0.8777844,0.0011272,-0.2963811,-0.5778987,0.0072881,-0.5907995,0.1672015,0.0054957,-0.7093111,46
AB,9,208,PINU,PON,NA,-2.072806,-9.6e-4,-0.0156953,0.7278768,0.0018701,-0.5897837,-0.3655799,4.557e-4,-0.4323731,273
AB,9,216,PINU,MUR,NA,-1.593991,3.79e-5,-0.1330865,-0.7553959,3.32e-4,-0.297162,-1.910119,-0.0026327,-0.0640618,759
AB,9,300,ABIE,SPP,NA,-1.000371,0.0019237,-0.2422341,1.020285,0.0030838,-0.6019995,0.3282367,0.0026063,-0.554543,38
AB,9,302,ABIE,BAL,NA,-1.000371,0.0019237,-0.2422341,1.020285,0.0030838,-0.6019995,0.3282367,0.0026063,-0.554543,38
AB,9,304,ABIE,LAS,NA,-1.000371,0.0019237,-0.2422341,1.020285,0.0030838,-0.6019995,0.3282367,0.0026063,-0.554543,38
AB,9,305,ABIE,MX2,NA,-1.000371,0.0019237,-0.2422341,1.020285,0.0030838,-0.6019995,0.3282367,0.0026063,-0.554543,38
AB,9,306,ABIE,MIX,NA,-1.000371,0.0019237,-0.2422341,1.020285,0.0030838,-0.6019995,0.3282367,0.0026063,-0.554543,38
AB,9,500,PSEU,MEN,NA,-4.96034,-0.003358,0.7540441,-4.572906,-0.0038663,0.7804509,-2.366531,-0.0022725,0.2327415,9
AB,9,500,PSEU,MEN,MEN,-4.96034,-0.003358,0.7540441,-4.572906,-0.0038663,0.7804509,-2.366531,-0.0022725,0.2327415,9
AB,9,500,PSEU,MEN,GLA,-4.96034,-0.003358,0.7540441,-4.572906,-0.0038663,0.7804509,-2.366531,-0.0022725,0.2327415,9
AB,9,500,PSEU,SPP,NA,-4.96034,-0.003358,0.7540441,-4.572906,-0.0038663,0.7804509,-2.366531,-0.0022725,0.2327415,9
AB,9,600,LARI,SPP,NA,-1.099096,0.0025439,-0.229751,-0.7028945,-0.0045692,-0.0869036,-1.932418,-0.0092075,0.0701183,26
AB,9,601,LARI,DEC,NA,-1.099096,0.0025439,-0.229751,-0.7028945,-0.0045692,-0.0869036,-1.932418,-0.0092075,0.0701183,26
AB,9,602,LARI,LAR,NA,-1.099096,0.0025439,-0.229751,-0.7028945,-0.0045692,-0.0869036,-1.932418,-0.0092075,0.0701183,26
AB,9,603,LARI,OCC,NA,-2.161013,3.227e-4,0.0204651,-1.458815,5.336e-4,-0.1485879,-1.734942,5.368e-4,-0.2083722,633
AB,9,604,LARI,LYA,NA,-1.099096,0.0025439,-0.229751,-0.7028945,-0.0045692,-0.0869036,-1.932418,-0.0092075,0.0701183,26
AB,9,1150,UNKN,SPP,NA,-1.59885,-1.745e-4,-0.1087694,-0.5711935,-2.642e-4,-0.2818973,-1.946162,-0.0033301,0.0057605,1113
AB,9,1200,POPU,SPP,NA,-1.062501,-8.673e-4,-0.0548917,-2.832979,-0.0010086,0.1977748,-1.410144,0.0026366,-0.4847424,247
AB,9,1201,POPU,TRE,NA,-1.062501,-8.673e-4,-0.0548917,-2.832979,-0.0010086,0.1977748,-1.410144,0.0026366,-0.4847424,247
AB,9,1203,POPU,BAL,NA,-2.83981,-0.0052953,0.4117675,-2.483366,-0.0025045,0.2426761,0.2876938,0.0080777,-0.9679265,36
AB,9,1203,POPU,BAL,BAL,-2.83981,-0.0052953,0.4117675,-2.483366,-0.0025045,0.2426761,0.2876938,0.0080777,-0.9679265,36
AB,9,1203,POPU,BAL,GLA,-2.83981,-0.0052953,0.4117675,-2.483366,-0.0025045,0.2426761,0.2876938,0.0080777,-0.9679265,36
AB,9,1204,POPU,TRI,NA,-2.83981,-0.0052953,0.4117675,-2.483366,-0.0025045,0.2426761,0.2876938,0.0080777,-0.9679265,36
AB,9,1205,POPU,DEL,NA,-2.83981,-0.0052953,0.4117675,-2.483366,-0.0025045,0.2426761,0.2876938,0.0080777,-0.9679265,36
AB,9,1205,POPU,DEL,DEL,-2.83981,-0.0052953,0.4117675,-2.483366,-0.0025045,0.2426761,0.2876938,0.0080777,-0.9679265,36
AB,9,1214,POPU,AGU,NA,-2.83981,-0.0052953,0.4117675,-2.483366,-0.0025045,0.2426761,0.2876938,0.0080777,-0.9679265,36
AB,9,1303,BETU,PAP,NA,0.6017257,0.0027172,-0.5733871,-7.208304,-0.0217154,1.67497,-3.020837,0.0064431,-0.0730317,4
AB,9,1303,BETU,PAP,PAP,0.6017257,0.0027172,-0.5733871,-7.208304,-0.0217154,1.67497,-3.020837,0.0064431,-0.0730317,4
AB,9,1404,ACER,NEG,NA,0.6017257,0.0027172,-0.5733871,-7.208304,-0.0217154,1.67497,-3.020837,0.0064431,-0.0730317,4
AB,9,1500,GENH,SPP,NA,0.6017257,0.0027172,-0.5733871,-7.208304,-0.0217154,1.67497,-3.020837,0.0064431,-0.0730317,4
AB,9,1550,GENH,SPP,NA,0.6017257,0.0027172,-0.5733871,-7.208304,-0.0217154,1.67497,-3.020837,0.0064431,-0.0730317,4
AB,9,3500,SALI,SPP,NA,-1.749271,-0.0011443,-0.0385082,-2.368783,3.223e-4,0.2192045,-1.433405,-0.0013944,-0.2984636,1479
AB,9,3508,SALI,DIS,NA,-1.749271,-0.0011443,-0.0385082,-2.368783,3.223e-4,0.2192045,-1.433405,-0.0013944,-0.2984636,1479
AB,10,100,PICE,SPP,NA,-1.619452,9.733e-4,-0.0988202,-0.6090675,-9.805e-4,-0.2039749,-1.195725,-0.0021176,-0.1712661,403
AB,10,101,PICE,MAR,NA,-1.962642,-0.0025805,0.0964473,-1.162072,-0.0025745,-0.0407574,-2.373166,-0.0077735,0.3590638,81
AB,10,104,PICE,ENG,NA,-1.619452,9.733e-4,-0.0988202,-0.6090675,-9.805e-4,-0.2039749,-1.195725,-0.0021176,-0.1712661,403
AB,10,104,PICE,ENG,GLA,-1.619452,9.733e-4,-0.0988202,-0.6090675,-9.805e-4,-0.2039749,-1.195725,-0.0021176,-0.1712661,403
AB,10,105,PICE,GLA,NA,-1.619452,9.733e-4,-0.0988202,-0.6090675,-9.805e-4,-0.2039749,-1.195725,-0.0021176,-0.1712661,403
AB,10,200,PINU,SPP,NA,-1.596728,-2.99e-5,-0.1297067,-0.123297,9.653e-4,-0.4400286,-1.624699,-0.0025082,-0.1218482,729
AB,10,203,PINU,BAN,NA,-1.210482,-5.965e-4,-0.2261727,-1.392068,-5.859e-4,-0.2044972,-0.8886665,-0.0030297,-0.3700746,30
AB,10,204,PINU,CON,NA,-1.596728,-2.99e-5,-0.1297067,-0.123297,9.653e-4,-0.4400286,-1.624699,-0.0025082,-0.1218482,729
AB,10,204,PINU,CON,LAT,-1.596728,-2.99e-5,-0.1297067,-0.123297,9.653e-4,-0.4400286,-1.624699,-0.0025082,-0.1218482,729
AB,10,213,PINU,FLE,NA,-0.8777844,0.0011272,-0.2963811,-0.5778987,0.0072881,-0.5907995,0.1672015,0.0054957,-0.7093111,46
AB,10,216,PINU,MUR,NA,-1.593991,3.79e-5,-0.1330865,-0.7553959,3.32e-4,-0.297162,-1.910119,-0.0026327,-0.0640618,759
AB,10,300,ABIE,SPP,NA,-1.000371,0.0019237,-0.2422341,1.020285,0.0030838,-0.6019995,0.3282367,0.0026063,-0.554543,38
AB,10,302,ABIE,BAL,NA,-1.000371,0.0019237,-0.2422341,1.020285,0.0030838,-0.6019995,0.3282367,0.0026063,-0.554543,38
AB,10,304,ABIE,LAS,NA,-1.000371,0.0019237,-0.2422341,1.020285,0.0030838,-0.6019995,0.3282367,0.0026063,-0.554543,38
AB,10,500,PSEU,MEN,NA,-4.96034,-0.003358,0.7540441,-4.572906,-0.0038663,0.7804509,-2.366531,-0.0022725,0.2327415,9
AB,10,500,PSEU,MEN,MEN,-4.96034,-0.003358,0.7540441,-4.572906,-0.0038663,0.7804509,-2.366531,-0.0022725,0.2327415,9
AB,10,500,PSEU,MEN,GLA,-4.96034,-0.003358,0.7540441,-4.572906,-0.0038663,0.7804509,-2.366531,-0.0022725,0.2327415,9
AB,10,500,PSEU,SPP,NA,-4.96034,-0.003358,0.7540441,-4.572906,-0.0038663,0.7804509,-2.366531,-0.0022725,0.2327415,9
AB,10,600,LARI,SPP,NA,-1.099096,0.0025439,-0.229751,-0.7028945,-0.0045692,-0.0869036,-1.932418,-0.0092075,0.0701183,26
AB,10,602,LARI,LAR,NA,-1.099096,0.0025439,-0.229751,-0.7028945,-0.0045692,-0.0869036,-1.932418,-0.0092075,0.0701183,26
AB,10,604,LARI,LYA,NA,-1.099096,0.0025439,-0.229751,-0.7028945,-0.0045692,-0.0869036,-1.932418,-0.0092075,0.0701183,26
AB,10,1150,UNKN,SPP,NA,-1.59885,-1.745e-4,-0.1087694,-0.5711935,-2.642e-4,-0.2818973,-1.946162,-0.0033301,0.0057605,1113
AB,10,1200,POPU,SPP,NA,-1.062501,-8.673e-4,-0.0548917,-2.832979,-0.0010086,0.1977748,-1.410144,0.0026366,-0.4847424,247
AB,10,1201,POPU,TRE,NA,-1.062501,-8.673e-4,-0.0548917,-2.832979,-0.0010086,0.1977748,-1.410144,0.0026366,-0.4847424,247
AB,10,1203,POPU,BAL,NA,-2.83981,-0.0052953,0.4117675,-2.483366,-0.0025045,0.2426761,0.2876938,0.0080777,-0.9679265,36
AB,10,1203,POPU,BAL,BAL,-2.83981,-0.0052953,0.4117675,-2.483366,-0.0025045,0.2426761,0.2876938,0.0080777,-0.9679265,36
AB,10,1203,POPU,BAL,GLA,-2.83981,-0.0052953,0.4117675,-2.483366,-0.0025045,0.2426761,0.2876938,0.0080777,-0.9679265,36
AB,10,1204,POPU,TRI,NA,-2.83981,-0.0052953,0.4117675,-2.483366,-0.0025045,0.2426761,0.2876938,0.0080777,-0.9679265,36
AB,10,1205,POPU,DEL,NA,-2.83981,-0.0052953,0.4117675,-2.483366,-0.0025045,0.2426761,0.2876938,0.0080777,-0.9679265,36
AB,10,1205,POPU,DEL,DEL,-2.83981,-0.0052953,0.4117675,-2.483366,-0.0025045,0.2426761,0.2876938,0.0080777,-0.9679265,36
AB,10,1214,POPU,AGU,NA,-2.83981,-0.0052953,0.4117675,-2.483366,-0.0025045,0.2426761,0.2876938,0.0080777,-0.9679265,36
AB,10,1303,BETU,PAP,NA,0.6017257,0.0027172,-0.5733871,-7.208304,-0.0217154,1.67497,-3.020837,0.0064431,-0.0730317,4
AB,10,1303,BETU,PAP,PAP,0.6017257,0.0027172,-0.5733871,-7.208304,-0.0217154,1.67497,-3.020837,0.0064431,-0.0730317,4
AB,10,1404,ACER,NEG,NA,-1.942214,-0.001215,0.0205737,-1.51729,6.041e-4,0.0471622,-2.024583,-0.0035157,-0.1032072,5790
AB,10,1550,GENH,SPP,NA,0.6017257,0.0027172,-0.5733871,-7.208304,-0.0217154,1.67497,-3.020837,0.0064431,-0.0730317,4
AB,10,3500,SALI,SPP,NA,-1.749271,-0.0011443,-0.0385082,-2.368783,3.223e-4,0.2192045,-1.433405,-0.0013944,-0.2984636,1479
AB,10,3508,SALI,DIS,NA,-1.749271,-0.0011443,-0.0385082,-2.368783,3.223e-4,0.2192045,-1.433405,-0.0013944,-0.2984636,1479
AB,14,100,PICE,SPP,NA,1.429132,0.0022324,-0.7370856,3.079754,0.0065005,-1.091282,3.383475,0.005854,-1.225224,11
AB,14,101,PICE,MAR,NA,-1.962642,-0.0025805,0.0964473,-1.162072,-0.0025745,-0.0407574,-2.373166,-0.0077735,0.3590638,81
AB,14,104,PICE,ENG,NA,1.429132,0.0022324,-0.7370856,3.079754,0.0065005,-1.091282,3.383475,0.005854,-1.225224,11
AB,14,104,PICE,ENG,GLA,1.429132,0.0022324,-0.7370856,3.079754,0.0065005,-1.091282,3.383475,0.005854,-1.225224,11
AB,14,105,PICE,GLA,NA,1.429132,0.0022324,-0.7370856,3.079754,0.0065005,-1.091282,3.383475,0.005854,-1.225224,11
AB,14,109,PICE,SPP,NA,1.429132,0.0022324,-0.7370856,3.079754,0.0065005,-1.091282,3.383475,0.005854,-1.225224,11
AB,14,200,PINU,SPP,NA,-0.8777844,0.0011272,-0.2963811,-0.5778987,0.0072881,-0.5907995,0.1672015,0.0054957,-0.7093111,46
AB,14,201,PINU,MON,NA,-0.5118219,9.205e-4,-0.3217572,2.019649,0.0022129,-0.7684928,2.662205,0.0026659,-1.021211,104
AB,14,203,PINU,BAN,NA,-0.8777844,0.0011272,-0.2963811,-0.5778987,0.0072881,-0.5907995,0.1672015,0.0054957,-0.7093111,46
AB,14,204,PINU,CON,NA,-0.8777844,0.0011272,-0.2963811,-0.5778987,0.0072881,-0.5907995,0.1672015,0.0054957,-0.7093111,46
AB,14,204,PINU,CON,LAT,-0.8777844,0.0011272,-0.2963811,-0.5778987,0.0072881,-0.5907995,0.1672015,0.0054957,-0.7093111,46
AB,14,206,PINU,ALB,NA,-0.8777844,0.0011272,-0.2963811,-0.5778987,0.0072881,-0.5907995,0.1672015,0.0054957,-0.7093111,46
AB,14,213,PINU,FLE,NA,-0.8777844,0.0011272,-0.2963811,-0.5778987,0.0072881,-0.5907995,0.1672015,0.0054957,-0.7093111,46
AB,14,216,PINU,MUR,NA,-0.8777844,0.0011272,-0.2963811,-0.5778987,0.0072881,-0.5907995,0.1672015,0.0054957,-0.7093111,46
AB,14,217,PINU,ALB,FLE,-0.8777844,0.0011272,-0.2963811,-0.5778987,0.0072881,-0.5907995,0.1672015,0.0054957,-0.7093111,46
AB,14,300,ABIE,SPP,NA,-1.000371,0.0019237,-0.2422341,1.020285,0.0030838,-0.6019995,0.3282367,0.0026063,-0.554543,38
AB,14,302,ABIE,BAL,NA,-1.000371,0.0019237,-0.2422341,1.020285,0.0030838,-0.6019995,0.3282367,0.0026063,-0.554543,38
AB,14,304,ABIE,LAS,NA,-1.000371,0.0019237,-0.2422341,1.020285,0.0030838,-0.6019995,0.3282367,0.0026063,-0.554543,38
AB,14,306,ABIE,MIX,NA,-1.000371,0.0019237,-0.2422341,1.020285,0.0030838,-0.6019995,0.3282367,0.0026063,-0.554543,38
AB,14,402,TSUG,HET,NA,-1.212644,4.417e-4,-0.137378,0.704756,-2.659e-4,-0.3895794,1.281835,-0.0011045,-0.5916393,1952
AB,14,500,PSEU,MEN,NA,-4.96034,-0.003358,0.7540441,-4.572906,-0.0038663,0.7804509,-2.366531,-0.0022725,0.2327415,9
AB,14,500,PSEU,MEN,MEN,-4.96034,-0.003358,0.7540441,-4.572906,-0.0038663,0.7804509,-2.366531,-0.0022725,0.2327415,9
AB,14,500,PSEU,MEN,GLA,-4.96034,-0.003358,0.7540441,-4.572906,-0.0038663,0.7804509,-2.366531,-0.0022725,0.2327415,9
AB,14,500,PSEU,SPP,NA,-4.96034,-0.003358,0.7540441,-4.572906,-0.0038663,0.7804509,-2.366531,-0.0022725,0.2327415,9
AB,14,600,LARI,SPP,NA,-1.099096,0.0025439,-0.229751,-0.7028945,-0.0045692,-0.0869036,-1.932418,-0.0092075,0.0701183,26
AB,14,602,LARI,LAR,NA,-1.099096,0.0025439,-0.229751,-0.7028945,-0.0045692,-0.0869036,-1.932418,-0.0092075,0.0701183,26
AB,14,603,LARI,OCC,NA,-2.161013,3.227e-4,0.0204651,-1.458815,5.336e-4,-0.1485879,-1.734942,5.368e-4,-0.2083722,633
AB,14,604,LARI,LYA,NA,-1.099096,0.0025439,-0.229751,-0.7028945,-0.0045692,-0.0869036,-1.932418,-0.0092075,0.0701183,26
AB,14,702,THUJ,PLI,NA,-1.016917,5.282e-4,-0.1872104,0.2404317,3.952e-4,-0.3496854,0.6514865,6.96e-5,-0.5468589,1904
AB,14,1150,UNKN,SPP,NA,-0.3770679,0.0041701,-0.4667732,-4.607397,0.0037579000000000002,0.3951618,-1.774784,0.0048272,-0.2476359,63
AB,14,1200,POPU,SPP,NA,-1.047662,1.651e-4,-0.0966479,1.300382,0.0039742,-0.7058004,-4.130531,-0.0080294,0.4343508,9
AB,14,1201,POPU,TRE,NA,-1.047662,1.651e-4,-0.0966479,1.300382,0.0039742,-0.7058004,-4.130531,-0.0080294,0.4343508,9
AB,14,1203,POPU,BAL,NA,-2.83981,-0.0052953,0.4117675,-2.483366,-0.0025045,0.2426761,0.2876938,0.0080777,-0.9679265,36
AB,14,1203,POPU,BAL,BAL,-2.83981,-0.0052953,0.4117675,-2.483366,-0.0025045,0.2426761,0.2876938,0.0080777,-0.9679265,36
AB,14,1203,POPU,BAL,GLA,-2.83981,-0.0052953,0.4117675,-2.483366,-0.0025045,0.2426761,0.2876938,0.0080777,-0.9679265,36
AB,14,1204,POPU,TRI,NA,-2.83981,-0.0052953,0.4117675,-2.483366,-0.0025045,0.2426761,0.2876938,0.0080777,-0.9679265,36
AB,14,1205,POPU,DEL,NA,-2.83981,-0.0052953,0.4117675,-2.483366,-0.0025045,0.2426761,0.2876938,0.0080777,-0.9679265,36
AB,14,1205,POPU,DEL,DEL,-2.83981,-0.0052953,0.4117675,-2.483366,-0.0025045,0.2426761,0.2876938,0.0080777,-0.9679265,36
AB,14,1214,POPU,AGU,NA,-2.83981,-0.0052953,0.4117675,-2.483366,-0.0025045,0.2426761,0.2876938,0.0080777,-0.9679265,36
AB,14,1303,BETU,PAP,NA,0.6017257,0.0027172,-0.5733871,-7.208304,-0.0217154,1.67497,-3.020837,0.0064431,-0.0730317,4
AB,14,1303,BETU,PAP,PAP,0.6017257,0.0027172,-0.5733871,-7.208304,-0.0217154,1.67497,-3.020837,0.0064431,-0.0730317,4
AB,14,1404,ACER,NEG,NA,0.6017257,0.0027172,-0.5733871,-7.208304,-0.0217154,1.67497,-3.020837,0.0064431,-0.0730317,4
AB,14,1550,GENH,SPP,NA,0.6017257,0.0027172,-0.5733871,-7.208304,-0.0217154,1.67497,-3.020837,0.0064431,-0.0730317,4
AB,14,3500,SALI,SPP,NA,-2.032221,-0.0022207,0.1560215,-0.1270363,-0.002147,-0.2358926,-0.2603108,4.764e-4,-0.4353695,7
BC,4,100,PICE,SPP,NA,-0.7346453,8.073e-4,-0.2665361,-0.7155772,-0.001228,-0.3434178,-1.340184,-0.0010431,-0.1769405,743
BC,4,101,PICE,MAR,NA,-1.343778,5.761e-4,-0.1280725,-2.072388,-2.95e-6,-0.0628138,-0.73155,0.0012709,-0.3761799,48
BC,4,104,PICE,ENG,NA,-0.7346453,8.073e-4,-0.2665361,-0.7155772,-0.001228,-0.3434178,-1.340184,-0.0010431,-0.1769405,743
BC,4,104,PICE,ENG,GLA,-0.7346453,8.073e-4,-0.2665361,-0.7155772,-0.001228,-0.3434178,-1.340184,-0.0010431,-0.1769405,743
BC,4,105,PICE,GLA,NA,-0.7346453,8.073e-4,-0.2665361,-0.7155772,-0.001228,-0.3434178,-1.340184,-0.0010431,-0.1769405,743
BC,4,111,PICE,LUT,X,-0.7346453,8.073e-4,-0.2665361,-0.7155772,-0.001228,-0.3434178,-1.340184,-0.0010431,-0.1769405,743
BC,4,111,PICE,LUT,NA,-0.7346453,8.073e-4,-0.2665361,-0.7155772,-0.001228,-0.3434178,-1.340184,-0.0010431,-0.1769405,743
BC,4,200,PINU,SPP,NA,-1.61503,-1.278e-4,-0.1072765,-0.9215524,-9.758e-4,-0.2617273,-0.8826839,-0.0010054,-0.3391516,165
BC,4,203,PINU,BAN,NA,-1.61503,-1.278e-4,-0.1072765,-0.9215524,-9.758e-4,-0.2617273,-0.8826839,-0.0010054,-0.3391516,165
BC,4,204,PINU,CON,NA,-1.61503,-1.278e-4,-0.1072765,-0.9215524,-9.758e-4,-0.2617273,-0.8826839,-0.0010054,-0.3391516,165
BC,4,204,PINU,CON,LAT,-1.61503,-1.278e-4,-0.1072765,-0.9215524,-9.758e-4,-0.2617273,-0.8826839,-0.0010054,-0.3391516,165
BC,4,206,PINU,ALB,NA,-0.8243702,0.0013559,-0.2982203,2.185823,0.0024881,-0.788496,2.422945,0.0026234,-0.9501085,107
BC,4,208,PINU,PON,NA,-2.072806,-9.6e-4,-0.0156953,0.7278768,0.0018701,-0.5897837,-0.3655799,4.557e-4,-0.4323731,273
BC,4,213,PINU,FLE,NA,-0.8243702,0.0013559,-0.2982203,2.185823,0.0024881,-0.788496,2.422945,0.0026234,-0.9501085,107
BC,4,300,ABIE,SPP,NA,-1.520597,4.081e-4,-0.0772194,-7.866896,-0.0176071,1.790194,-22.31481,-0.0453888,5.426727,11
BC,4,301,ABIE,AMA,NA,-1.520597,4.081e-4,-0.0772194,-7.866896,-0.0176071,1.790194,-22.31481,-0.0453888,5.426727,11
BC,4,302,ABIE,BAL,NA,-1.520597,4.081e-4,-0.0772194,-7.866896,-0.0176071,1.790194,-22.31481,-0.0453888,5.426727,11
BC,4,304,ABIE,LAS,NA,-1.520597,4.081e-4,-0.0772194,-7.866896,-0.0176071,1.790194,-22.31481,-0.0453888,5.426727,11
BC,4,308,ABIE,BIF,NA,-1.520597,4.081e-4,-0.0772194,-7.866896,-0.0176071,1.790194,-22.31481,-0.0453888,5.426727,11
BC,4,400,TSUG,SPP,NA,-1.212644,4.417e-4,-0.137378,0.704756,-2.659e-4,-0.3895794,1.281835,-0.0011045,-0.5916393,1952
BC,4,402,TSUG,HET,NA,-1.212644,4.417e-4,-0.137378,0.704756,-2.659e-4,-0.3895794,1.281835,-0.0011045,-0.5916393,1952
BC,4,403,TSUG,MER,NA,-1.212644,4.417e-4,-0.137378,0.704756,-2.659e-4,-0.3895794,1.281835,-0.0011045,-0.5916393,1952
BC,4,404,TSUG,MER,HET,-1.212644,4.417e-4,-0.137378,0.704756,-2.659e-4,-0.3895794,1.281835,-0.0011045,-0.5916393,1952
BC,4,500,PSEU,MEN,NA,-1.44127,1.152e-4,-0.0605321,-0.5390081,1.701e-4,-0.1740484,-0.5489395,-4.82e-5,-0.257643,7492
BC,4,500,PSEU,MEN,MEN,-1.44127,1.152e-4,-0.0605321,-0.5390081,1.701e-4,-0.1740484,-0.5489395,-4.82e-5,-0.257643,7492
BC,4,500,PSEU,MEN,GLA,-1.44127,1.152e-4,-0.0605321,-0.5390081,1.701e-4,-0.1740484,-0.5489395,-4.82e-5,-0.257643,7492
BC,4,500,PSEU,SPP,NA,-1.44127,1.152e-4,-0.0605321,-0.5390081,1.701e-4,-0.1740484,-0.5489395,-4.82e-5,-0.257643,7492
BC,4,600,LARI,SPP,NA,-1.419202,-0.0023484,-0.1100365,-3.676839,-0.0141079,0.625438,-2.780527,-0.0120954,0.2116787,14
BC,4,602,LARI,LAR,NA,-1.419202,-0.0023484,-0.1100365,-3.676839,-0.0141079,0.625438,-2.780527,-0.0120954,0.2116787,14
BC,4,603,LARI,OCC,NA,-1.419202,-0.0023484,-0.1100365,-3.676839,-0.0141079,0.625438,-2.780527,-0.0120954,0.2116787,14
BC,4,604,LARI,LYA,NA,-1.419202,-0.0023484,-0.1100365,-3.676839,-0.0141079,0.625438,-2.780527,-0.0120954,0.2116787,14
BC,4,700,THUJ,SPP,NA,-1.016917,5.282e-4,-0.1872104,0.2404317,3.952e-4,-0.3496854,0.6514865,6.96e-5,-0.5468589,1904
BC,4,702,THUJ,PLI,NA,-1.016917,5.282e-4,-0.1872104,0.2404317,3.952e-4,-0.3496854,0.6514865,6.96e-5,-0.5468589,1904
BC,4,901,TAXU,BRE,NA,-1.016917,5.282e-4,-0.1872104,0.2404317,3.952e-4,-0.3496854,0.6514865,6.96e-5,-0.5468589,1904
BC,4,1100,GENC,SPP,NA,-0.7346453,8.073e-4,-0.2665361,-0.7155772,-0.001228,-0.3434178,-1.340184,-0.0010431,-0.1769405,743
BC,4,1200,POPU,SPP,NA,-1.141209,-4.39e-5,-0.0935004,-1.589984,-4.109e-4,-0.1776825,-1.969865,-3.519e-4,-0.2707558,412
BC,4,1201,POPU,TRE,NA,-1.141209,-4.39e-5,-0.0935004,-1.589984,-4.109e-4,-0.1776825,-1.969865,-3.519e-4,-0.2707558,412
BC,4,1203,POPU,BAL,NA,-1.188166,-7.441e-4,-0.0569753,-0.5889122,3.871e-4,-0.3361739,-0.7775117,0.0023749,-0.6588964,147
BC,4,1203,POPU,BAL,BAL,-1.188166,-7.441e-4,-0.0569753,-0.5889122,3.871e-4,-0.3361739,-0.7775117,0.0023749,-0.6588964,147
BC,4,1203,POPU,BAL,GLA,-1.188166,-7.441e-4,-0.0569753,-0.5889122,3.871e-4,-0.3361739,-0.7775117,0.0023749,-0.6588964,147
BC,4,1204,POPU,TRI,NA,-1.188166,-7.441e-4,-0.0569753,-0.5889122,3.871e-4,-0.3361739,-0.7775117,0.0023749,-0.6588964,147
BC,4,1300,BETU,SPP,NA,-1.638235,-1.662e-4,-0.020234,-1.147868,-0.0016769,-0.0889422,-2.851262,-0.0038828,0.0958282,103
BC,4,1303,BETU,PAP,NA,-1.638235,-1.662e-4,-0.020234,-1.147868,-0.0016769,-0.0889422,-2.851262,-0.0038828,0.0958282,103
BC,4,1303,BETU,PAP,PAP,-1.638235,-1.662e-4,-0.020234,-1.147868,-0.0016769,-0.0889422,-2.851262,-0.0038828,0.0958282,103
BC,4,1305,BETU,NEO,NA,-1.638235,-1.662e-4,-0.020234,-1.147868,-0.0016769,-0.0889422,-2.851262,-0.0038828,0.0958282,103
BC,4,1305,BETU,ALA,NA,-1.638235,-1.662e-4,-0.020234,-1.147868,-0.0016769,-0.0889422,-2.851262,-0.0038828,0.0958282,103
BC,4,1308,BETU,PAP,NEO,-1.638235,-1.662e-4,-0.020234,-1.147868,-0.0016769,-0.0889422,-2.851262,-0.0038828,0.0958282,103
BC,4,1314,BETU,OCC,NA,-1.638235,-1.662e-4,-0.020234,-1.147868,-0.0016769,-0.0889422,-2.851262,-0.0038828,0.0958282,103
BC,4,1400,ACER,SPP,NA,-1.245223,1.115e-4,-0.0909402,-0.1433123,3.92e-5,-0.2817628,-0.6381011,2.152e-4,-0.4880087,36
BC,4,1403,ACER,MAC,NA,-1.245223,1.115e-4,-0.0909402,-0.1433123,3.92e-5,-0.2817628,-0.6381011,2.152e-4,-0.4880087,36
BC,4,1420,ACER,CIR,NA,-1.245223,1.115e-4,-0.0909402,-0.1433123,3.92e-5,-0.2817628,-0.6381011,2.152e-4,-0.4880087,36
BC,4,1500,GENH,SPP,NA,-1.325911,2.484e-4,-0.0974602,0.1935639,-2.836e-4,-0.2630376,1.165095,0.0017343,-0.8031898,223
BC,4,1800,ALNU,SPP,NA,-1.325911,2.484e-4,-0.0974602,0.1935639,-2.836e-4,-0.2630376,1.165095,0.0017343,-0.8031898,223
BC,4,1802,ALNU,RUB,NA,-1.325911,2.484e-4,-0.0974602,0.1935639,-2.836e-4,-0.2630376,1.165095,0.0017343,-0.8031898,223
BC,4,2100,QUER,SPP,NA,-1.245223,1.115e-4,-0.0909402,-0.1433123,3.92e-5,-0.2817628,-0.6381011,2.152e-4,-0.4880087,36
BC,4,2803,PRUN,EMA,NA,-1.325911,2.484e-4,-0.0974602,0.1935639,-2.836e-4,-0.2630376,1.165095,0.0017343,-0.8031898,223
BC,4,3930,MALU,SPP,NA,-1.325911,2.484e-4,-0.0974602,0.1935639,-2.836e-4,-0.2630376,1.165095,0.0017343,-0.8031898,223
BC,4,3930,MALU,FUS,NA,-1.325911,2.484e-4,-0.0974602,0.1935639,-2.836e-4,-0.2630376,1.165095,0.0017343,-0.8031898,223
BC,4,3930,MALU,COR,NA,-1.325911,2.484e-4,-0.0974602,0.1935639,-2.836e-4,-0.2630376,1.165095,0.0017343,-0.8031898,223
BC,9,100,PICE,SPP,NA,-2.610998,6.937e-4,0.11865,0.4304063,0.0018907,-0.4923736,2.022969,0.0040448,-1.040476,10
BC,9,101,PICE,MAR,NA,-0.3882573,-0.0015244,-0.2461167,-0.4243181,-0.0010089,-0.2235968,1.925968,-5.056e-4,-0.7366694,16
BC,9,104,PICE,ENG,NA,-1.636758,-1.043e-4,-0.0675085,2.238456,0.0014101,-0.8453446,2.78926,0.0012796,-1.057199,533
BC,9,104,PICE,ENG,GLA,-1.636758,-1.043e-4,-0.0675085,2.238456,0.0014101,-0.8453446,2.78926,0.0012796,-1.057199,533
BC,9,105,PICE,GLA,NA,-1.636758,-1.043e-4,-0.0675085,2.238456,0.0014101,-0.8453446,2.78926,0.0012796,-1.057199,533
BC,9,106,PICE,SIT,NA,-1.636758,-1.043e-4,-0.0675085,2.238456,0.0014101,-0.8453446,2.78926,0.0012796,-1.057199,533
BC,9,106,PICE,SIT,X,-1.636758,-1.043e-4,-0.0675085,2.238456,0.0014101,-0.8453446,2.78926,0.0012796,-1.057199,533
BC,9,111,PICE,LUT,X,-1.636758,-1.043e-4,-0.0675085,2.238456,0.0014101,-0.8453446,2.78926,0.0012796,-1.057199,533
BC,9,111,PICE,LUT,NA,-1.636758,-1.043e-4,-0.0675085,2.238456,0.0014101,-0.8453446,2.78926,0.0012796,-1.057199,533
BC,9,200,PINU,SPP,NA,-1.493238,1.484e-4,-0.1416927,1.100567,7.515e-4,-0.6671939,0.8622756,-5.424e-4,-0.6842791,409
BC,9,203,PINU,BAN,NA,-1.493238,1.484e-4,-0.1416927,1.100567,7.515e-4,-0.6671939,0.8622756,-5.424e-4,-0.6842791,409
BC,9,204,PINU,CON,NA,-1.493238,1.484e-4,-0.1416927,1.100567,7.515e-4,-0.6671939,0.8622756,-5.424e-4,-0.6842791,409
BC,9,204,PINU,CON,LAT,-1.493238,1.484e-4,-0.1416927,1.100567,7.515e-4,-0.6671939,0.8622756,-5.424e-4,-0.6842791,409
BC,9,206,PINU,ALB,NA,-0.8243702,0.0013559,-0.2982203,2.185823,0.0024881,-0.788496,2.422945,0.0026234,-0.9501085,107
BC,9,208,PINU,PON,NA,-2.072806,-9.6e-4,-0.0156953,0.7278768,0.0018701,-0.5897837,-0.3655799,4.557e-4,-0.4323731,273
BC,9,213,PINU,FLE,NA,-0.8243702,0.0013559,-0.2982203,2.185823,0.0024881,-0.788496,2.422945,0.0026234,-0.9501085,107
BC,9,300,ABIE,SPP,NA,-1.520597,4.081e-4,-0.0772194,-7.866896,-0.0176071,1.790194,-22.31481,-0.0453888,5.426727,11
BC,9,301,ABIE,AMA,NA,-1.520597,4.081e-4,-0.0772194,-7.866896,-0.0176071,1.790194,-22.31481,-0.0453888,5.426727,11
BC,9,302,ABIE,BAL,NA,-1.520597,4.081e-4,-0.0772194,-7.866896,-0.0176071,1.790194,-22.31481,-0.0453888,5.426727,11
BC,9,304,ABIE,LAS,NA,-1.520597,4.081e-4,-0.0772194,-7.866896,-0.0176071,1.790194,-22.31481,-0.0453888,5.426727,11
BC,9,308,ABIE,BIF,NA,-1.520597,4.081e-4,-0.0772194,-7.866896,-0.0176071,1.790194,-22.31481,-0.0453888,5.426727,11
BC,9,400,TSUG,SPP,NA,-1.212644,4.417e-4,-0.137378,0.704756,-2.659e-4,-0.3895794,1.281835,-0.0011045,-0.5916393,1952
BC,9,402,TSUG,HET,NA,-1.212644,4.417e-4,-0.137378,0.704756,-2.659e-4,-0.3895794,1.281835,-0.0011045,-0.5916393,1952
BC,9,403,TSUG,MER,NA,-1.212644,4.417e-4,-0.137378,0.704756,-2.659e-4,-0.3895794,1.281835,-0.0011045,-0.5916393,1952
BC,9,404,TSUG,MER,HET,-1.212644,4.417e-4,-0.137378,0.704756,-2.659e-4,-0.3895794,1.281835,-0.0011045,-0.5916393,1952
BC,9,500,PSEU,MEN,NA,-1.44127,1.152e-4,-0.0605321,-0.5390081,1.701e-4,-0.1740484,-0.5489395,-4.82e-5,-0.257643,7492
BC,9,500,PSEU,MEN,MEN,-1.44127,1.152e-4,-0.0605321,-0.5390081,1.701e-4,-0.1740484,-0.5489395,-4.82e-5,-0.257643,7492
BC,9,500,PSEU,MEN,GLA,-1.44127,1.152e-4,-0.0605321,-0.5390081,1.701e-4,-0.1740484,-0.5489395,-4.82e-5,-0.257643,7492
BC,9,500,PSEU,SPP,NA,-1.44127,1.152e-4,-0.0605321,-0.5390081,1.701e-4,-0.1740484,-0.5489395,-4.82e-5,-0.257643,7492
BC,9,600,LARI,SPP,NA,-1.419202,-0.0023484,-0.1100365,-3.676839,-0.0141079,0.625438,-2.780527,-0.0120954,0.2116787,14
BC,9,602,LARI,LAR,NA,-1.419202,-0.0023484,-0.1100365,-3.676839,-0.0141079,0.625438,-2.780527,-0.0120954,0.2116787,14
BC,9,603,LARI,OCC,NA,-1.419202,-0.0023484,-0.1100365,-3.676839,-0.0141079,0.625438,-2.780527,-0.0120954,0.2116787,14
BC,9,604,LARI,LYA,NA,-1.419202,-0.0023484,-0.1100365,-3.676839,-0.0141079,0.625438,-2.780527,-0.0120954,0.2116787,14
BC,9,700,THUJ,SPP,NA,-1.016917,5.282e-4,-0.1872104,0.2404317,3.952e-4,-0.3496854,0.6514865,6.96e-5,-0.5468589,1904
BC,9,702,THUJ,PLI,NA,-1.016917,5.282e-4,-0.1872104,0.2404317,3.952e-4,-0.3496854,0.6514865,6.96e-5,-0.5468589,1904
BC,9,901,TAXU,BRE,NA,-1.016917,5.282e-4,-0.1872104,0.2404317,3.952e-4,-0.3496854,0.6514865,6.96e-5,-0.5468589,1904
BC,9,1100,GENC,SPP,NA,-1.636758,-1.043e-4,-0.0675085,2.238456,0.0014101,-0.8453446,2.78926,0.0012796,-1.057199,533
BC,9,1200,POPU,SPP,NA,-0.749571,-2.299e-4,-0.1281359,-1.340708,-9.01e-4,-0.1185534,-1.947569,-0.0018248,-0.2463548,536
BC,9,1201,POPU,TRE,NA,-0.749571,-2.299e-4,-0.1281359,-1.340708,-9.01e-4,-0.1185534,-1.947569,-0.0018248,-0.2463548,536
BC,9,1203,POPU,BAL,NA,-1.377462,-0.0013569,0.0069746,-2.143572,-0.0037139,0.18589,-2.307876,-0.0014537,-0.1460245,132
BC,9,1203,POPU,BAL,BAL,-1.377462,-0.0013569,0.0069746,-2.143572,-0.0037139,0.18589,-2.307876,-0.0014537,-0.1460245,132
BC,9,1203,POPU,BAL,GLA,-1.377462,-0.0013569,0.0069746,-2.143572,-0.0037139,0.18589,-2.307876,-0.0014537,-0.1460245,132
BC,9,1204,POPU,TRI,NA,-1.377462,-0.0013569,0.0069746,-2.143572,-0.0037139,0.18589,-2.307876,-0.0014537,-0.1460245,132
BC,9,1300,BETU,SPP,NA,-1.188099,0.0027069,-0.1732968,-0.845741,-7.82e-4,-0.1258136,-4.634222,-0.0112448,0.6294185,17
BC,9,1303,BETU,PAP,NA,-1.188099,0.0027069,-0.1732968,-0.845741,-7.82e-4,-0.1258136,-4.634222,-0.0112448,0.6294185,17
BC,9,1303,BETU,PAP,PAP,-1.188099,0.0027069,-0.1732968,-0.845741,-7.82e-4,-0.1258136,-4.634222,-0.0112448,0.6294185,17
BC,9,1305,BETU,NEO,NA,-1.188099,0.0027069,-0.1732968,-0.845741,-7.82e-4,-0.1258136,-4.634222,-0.0112448,0.6294185,17
BC,9,1305,BETU,ALA,NA,-1.188099,0.0027069,-0.1732968,-0.845741,-7.82e-4,-0.1258136,-4.634222,-0.0112448,0.6294185,17
BC,9,1308,BETU,PAP,NEO,-1.188099,0.0027069,-0.1732968,-0.845741,-7.82e-4,-0.1258136,-4.634222,-0.0112448,0.6294185,17
BC,9,1314,BETU,OCC,NA,-1.188099,0.0027069,-0.1732968,-0.845741,-7.82e-4,-0.1258136,-4.634222,-0.0112448,0.6294185,17
BC,9,1400,ACER,SPP,NA,-1.245223,1.115e-4,-0.0909402,-0.1433123,3.92e-5,-0.2817628,-0.6381011,2.152e-4,-0.4880087,36
BC,9,1403,ACER,MAC,NA,-1.245223,1.115e-4,-0.0909402,-0.1433123,3.92e-5,-0.2817628,-0.6381011,2.152e-4,-0.4880087,36
BC,9,1420,ACER,CIR,NA,-1.245223,1.115e-4,-0.0909402,-0.1433123,3.92e-5,-0.2817628,-0.6381011,2.152e-4,-0.4880087,36
BC,9,1500,GENH,SPP,NA,-1.325911,2.484e-4,-0.0974602,0.1935639,-2.836e-4,-0.2630376,1.165095,0.0017343,-0.8031898,223
BC,9,1800,ALNU,SPP,NA,-1.325911,2.484e-4,-0.0974602,0.1935639,-2.836e-4,-0.2630376,1.165095,0.0017343,-0.8031898,223
BC,9,1802,ALNU,RUB,NA,-1.325911,2.484e-4,-0.0974602,0.1935639,-2.836e-4,-0.2630376,1.165095,0.0017343,-0.8031898,223
BC,9,2100,QUER,SPP,NA,-1.245223,1.115e-4,-0.0909402,-0.1433123,3.92e-5,-0.2817628,-0.6381011,2.152e-4,-0.4880087,36
BC,9,2803,PRUN,EMA,NA,-1.325911,2.484e-4,-0.0974602,0.1935639,-2.836e-4,-0.2630376,1.165095,0.0017343,-0.8031898,223
BC,9,3930,MALU,SPP,NA,-1.325911,2.484e-4,-0.0974602,0.1935639,-2.836e-4,-0.2630376,1.165095,0.0017343,-0.8031898,223
BC,9,3930,MALU,FUS,NA,-1.325911,2.484e-4,-0.0974602,0.1935639,-2.836e-4,-0.2630376,1.165095,0.0017343,-0.8031898,223
BC,9,3930,MALU,COR,NA,-1.325911,2.484e-4,-0.0974602,0.1935639,-2.836e-4,-0.2630376,1.165095,0.0017343,-0.8031898,223
BC,12,100,PICE,SPP,NA,-1.013253,-5.601e-4,-0.1623319,0.3002901,-0.0015148,-0.3749654,-0.1331088,-0.0026468,-0.3394302,1358
BC,12,101,PICE,MAR,NA,-2.219185,-0.0032487,0.146066,-1.993752,-0.0060654,0.103981,-2.801736,-0.006164,0.2344168,16
BC,12,104,PICE,ENG,NA,-1.544692,-7.011e-4,-0.0583427,2.969173,0.0027801,-0.9201252,4.190967,0.0049409,-1.382809,7
BC,12,104,PICE,ENG,GLA,-1.544692,-7.011e-4,-0.0583427,2.969173,0.0027801,-0.9201252,4.190967,0.0049409,-1.382809,7
BC,12,105,PICE,GLA,NA,-1.013253,-5.601e-4,-0.1623319,0.3002901,-0.0015148,-0.3749654,-0.1331088,-0.0026468,-0.3394302,1358
BC,12,106,PICE,SIT,NA,-3.361127,-7.99e-4,0.3065271,-0.2673702,-5.612e-4,-0.1982598,0.6649001,4.419e-4,-0.4669806,309
BC,12,106,PICE,SIT,X,-3.361127,-7.99e-4,0.3065271,-0.2673702,-5.612e-4,-0.1982598,0.6649001,4.419e-4,-0.4669806,309
BC,12,111,PICE,LUT,X,-1.013253,-5.601e-4,-0.1623319,0.3002901,-0.0015148,-0.3749654,-0.1331088,-0.0026468,-0.3394302,1358
BC,12,111,PICE,LUT,NA,-1.013253,-5.601e-4,-0.1623319,0.3002901,-0.0015148,-0.3749654,-0.1331088,-0.0026468,-0.3394302,1358
BC,12,200,PINU,SPP,NA,-1.347656,-1.075e-4,-0.1754014,0.9127334,7.229e-4,-0.6320523,-0.1435036,-1.867e-4,-0.4948886,1059
BC,12,201,PINU,MON,NA,-0.5118219,9.205e-4,-0.3217572,2.019649,0.0022129,-0.7684928,2.662205,0.0026659,-1.021211,104
BC,12,203,PINU,BAN,NA,-1.347656,-1.075e-4,-0.1754014,0.9127334,7.229e-4,-0.6320523,-0.1435036,-1.867e-4,-0.4948886,1059
BC,12,204,PINU,CON,NA,-1.347656,-1.075e-4,-0.1754014,0.9127334,7.229e-4,-0.6320523,-0.1435036,-1.867e-4,-0.4948886,1059
BC,12,204,PINU,CON,LAT,-1.347656,-1.075e-4,-0.1754014,0.9127334,7.229e-4,-0.6320523,-0.1435036,-1.867e-4,-0.4948886,1059
BC,12,206,PINU,ALB,NA,-0.8243702,0.0013559,-0.2982203,2.185823,0.0024881,-0.788496,2.422945,0.0026234,-0.9501085,107
BC,12,208,PINU,PON,NA,-2.072806,-9.6e-4,-0.0156953,0.7278768,0.0018701,-0.5897837,-0.3655799,4.557e-4,-0.4323731,273
BC,12,213,PINU,FLE,NA,-0.8243702,0.0013559,-0.2982203,2.185823,0.0024881,-0.788496,2.422945,0.0026234,-0.9501085,107
BC,12,300,ABIE,SPP,NA,-1.208345,-3.002e-4,-0.106124,1.681954,-3.18e-4,-0.5708526,1.082878,-0.0010166,-0.5235781,289
BC,12,301,ABIE,AMA,NA,-1.208345,-3.002e-4,-0.106124,1.681954,-3.18e-4,-0.5708526,1.082878,-0.0010166,-0.5235781,289
BC,12,302,ABIE,BAL,NA,-1.208345,-3.002e-4,-0.106124,1.681954,-3.18e-4,-0.5708526,1.082878,-0.0010166,-0.5235781,289
BC,12,303,ABIE,GRA,NA,-1.208345,-3.002e-4,-0.106124,1.681954,-3.18e-4,-0.5708526,1.082878,-0.0010166,-0.5235781,289
BC,12,304,ABIE,LAS,NA,-1.208345,-3.002e-4,-0.106124,1.681954,-3.18e-4,-0.5708526,1.082878,-0.0010166,-0.5235781,289
BC,12,308,ABIE,BIF,NA,-1.208345,-3.002e-4,-0.106124,1.681954,-3.18e-4,-0.5708526,1.082878,-0.0010166,-0.5235781,289
BC,12,400,TSUG,SPP,NA,-1.637019,1.87e-5,-0.0412549,1.66118,1.261e-4,-0.5793198,2.262154,-3.55e-5,-0.8006365,5497
BC,12,402,TSUG,HET,NA,-1.637019,1.87e-5,-0.0412549,1.66118,1.261e-4,-0.5793198,2.262154,-3.55e-5,-0.8006365,5497
BC,12,403,TSUG,MER,NA,-1.747979,-3.266e-4,0.0202986,-1.463603,-7.926e-4,0.0011124,-0.4784805,-1.865e-4,-0.2820603,104
BC,12,404,TSUG,MER,HET,-1.747979,-3.266e-4,0.0202986,-1.463603,-7.926e-4,0.0011124,-0.4784805,-1.865e-4,-0.2820603,104
BC,12,500,PSEU,MEN,NA,-1.218711,-2.29e-5,-0.081831,0.1348697,-2.821e-4,-0.2448382,0.3857173,-7.039e-4,-0.3627336,2398
BC,12,500,PSEU,MEN,MEN,-1.218711,-2.29e-5,-0.081831,0.1348697,-2.821e-4,-0.2448382,0.3857173,-7.039e-4,-0.3627336,2398
BC,12,500,PSEU,MEN,GLA,-1.218711,-2.29e-5,-0.081831,0.1348697,-2.821e-4,-0.2448382,0.3857173,-7.039e-4,-0.3627336,2398
BC,12,500,PSEU,SPP,NA,-1.218711,-2.29e-5,-0.081831,0.1348697,-2.821e-4,-0.2448382,0.3857173,-7.039e-4,-0.3627336,2398
BC,12,600,LARI,SPP,NA,-2.161013,3.227e-4,0.0204651,-1.458815,5.336e-4,-0.1485879,-1.734942,5.368e-4,-0.2083722,633
BC,12,602,LARI,LAR,NA,-2.161013,3.227e-4,0.0204651,-1.458815,5.336e-4,-0.1485879,-1.734942,5.368e-4,-0.2083722,633
BC,12,603,LARI,OCC,NA,-2.161013,3.227e-4,0.0204651,-1.458815,5.336e-4,-0.1485879,-1.734942,5.368e-4,-0.2083722,633
BC,12,604,LARI,LYA,NA,-2.161013,3.227e-4,0.0204651,-1.458815,5.336e-4,-0.1485879,-1.734942,5.368e-4,-0.2083722,633
BC,12,700,THUJ,SPP,NA,-0.6394827,8.053e-4,-0.2690238,1.412069,5.094e-4,-0.5440817,1.845358,2.961e-4,-0.7462973,2353
BC,12,702,THUJ,PLI,NA,-0.6394827,8.053e-4,-0.2690238,1.412069,5.094e-4,-0.5440817,1.845358,2.961e-4,-0.7462973,2353
BC,12,901,TAXU,BRE,NA,-0.6394827,8.053e-4,-0.2690238,1.412069,5.094e-4,-0.5440817,1.845358,2.961e-4,-0.7462973,2353
BC,12,1000,CHAM,SPP,NA,-0.9834271,4.674e-4,-0.2356425,2.309915,0.0011647,-0.7995195,3.442847,0.00194,-1.121712,299
BC,12,1001,CHAM,NOO,NA,-0.9834271,4.674e-4,-0.2356425,2.309915,0.0011647,-0.7995195,3.442847,0.00194,-1.121712,299
BC,12,1100,GENC,SPP,NA,-1.013253,-5.601e-4,-0.1623319,0.3002901,-0.0015148,-0.3749654,-0.1331088,-0.0026468,-0.3394302,1358
BC,12,1200,POPU,SPP,NA,-1.295762,-9.603e-4,-0.0735187,-1.561593,-0.0018408,-0.0553179,-1.688781,-1.156e-4,-0.3111688,290
BC,12,1201,POPU,TRE,NA,-1.295762,-9.603e-4,-0.0735187,-1.561593,-0.0018408,-0.0553179,-1.688781,-1.156e-4,-0.3111688,290
BC,12,1203,POPU,BAL,NA,1.894855,0.0054908,-0.8948656,3.674027,0.0106423,-1.373425,2.640552,0.0060853,-1.359566,15
BC,12,1203,POPU,BAL,BAL,1.894855,0.0054908,-0.8948656,3.674027,0.0106423,-1.373425,2.640552,0.0060853,-1.359566,15
BC,12,1203,POPU,BAL,GLA,1.894855,0.0054908,-0.8948656,3.674027,0.0106423,-1.373425,2.640552,0.0060853,-1.359566,15
BC,12,1204,POPU,TRI,NA,1.894855,0.0054908,-0.8948656,3.674027,0.0106423,-1.373425,2.640552,0.0060853,-1.359566,15
BC,12,1300,BETU,SPP,NA,-1.073398,0.0012826,-0.1898009,-1.625766,-0.0017583,0.0208412,-3.277826,-0.0034299,0.1779649,10
BC,12,1303,BETU,PAP,NA,-1.073398,0.0012826,-0.1898009,-1.625766,-0.0017583,0.0208412,-3.277826,-0.0034299,0.1779649,10
BC,12,1303,BETU,PAP,PAP,-1.073398,0.0012826,-0.1898009,-1.625766,-0.0017583,0.0208412,-3.277826,-0.0034299,0.1779649,10
BC,12,1305,BETU,NEO,NA,-1.073398,0.0012826,-0.1898009,-1.625766,-0.0017583,0.0208412,-3.277826,-0.0034299,0.1779649,10
BC,12,1305,BETU,ALA,NA,-1.073398,0.0012826,-0.1898009,-1.625766,-0.0017583,0.0208412,-3.277826,-0.0034299,0.1779649,10
BC,12,1308,BETU,PAP,NEO,-1.073398,0.0012826,-0.1898009,-1.625766,-0.0017583,0.0208412,-3.277826,-0.0034299,0.1779649,10
BC,12,1314,BETU,OCC,NA,-1.073398,0.0012826,-0.1898009,-1.625766,-0.0017583,0.0208412,-3.277826,-0.0034299,0.1779649,10
BC,12,1400,ACER,SPP,NA,-1.245223,1.115e-4,-0.0909402,-0.1433123,3.92e-5,-0.2817628,-0.6381011,2.152e-4,-0.4880087,36
BC,12,1403,ACER,MAC,NA,-1.245223,1.115e-4,-0.0909402,-0.1433123,3.92e-5,-0.2817628,-0.6381011,2.152e-4,-0.4880087,36
BC,12,1420,ACER,CIR,NA,-1.245223,1.115e-4,-0.0909402,-0.1433123,3.92e-5,-0.2817628,-0.6381011,2.152e-4,-0.4880087,36
BC,12,1500,GENH,SPP,NA,-1.325911,2.484e-4,-0.0974602,0.1935639,-2.836e-4,-0.2630376,1.165095,0.0017343,-0.8031898,223
BC,12,1800,ALNU,SPP,NA,-1.325911,2.484e-4,-0.0974602,0.1935639,-2.836e-4,-0.2630376,1.165095,0.0017343,-0.8031898,223
BC,12,1802,ALNU,RUB,NA,-1.325911,2.484e-4,-0.0974602,0.1935639,-2.836e-4,-0.2630376,1.165095,0.0017343,-0.8031898,223
BC,12,2100,QUER,SPP,NA,-1.245223,1.115e-4,-0.0909402,-0.1433123,3.92e-5,-0.2817628,-0.6381011,2.152e-4,-0.4880087,36
BC,12,2803,PRUN,EMA,NA,-1.325911,2.484e-4,-0.0974602,0.1935639,-2.836e-4,-0.2630376,1.165095,0.0017343,-0.8031898,223
BC,12,3500,SALI,SPP,NA,-2.032221,-0.0022207,0.1560215,-0.1270363,-0.002147,-0.2358926,-0.2603108,4.764e-4,-0.4353695,7
BC,12,3930,MALU,SPP,NA,-1.325911,2.484e-4,-0.0974602,0.1935639,-2.836e-4,-0.2630376,1.165095,0.0017343,-0.8031898,223
BC,12,3930,MALU,FUS,NA,-1.325911,2.484e-4,-0.0974602,0.1935639,-2.836e-4,-0.2630376,1.165095,0.0017343,-0.8031898,223
BC,12,3930,MALU,COR,NA,-1.325911,2.484e-4,-0.0974602,0.1935639,-2.836e-4,-0.2630376,1.165095,0.0017343,-0.8031898,223
BC,13,100,PICE,SPP,NA,-3.361127,-7.99e-4,0.3065271,-0.2673702,-5.612e-4,-0.1982598,0.6649001,4.419e-4,-0.4669806,309
BC,13,101,PICE,MAR,NA,-1.8679,-0.0011901,0.0124362,0.2574304,0.0024547,-0.512113,0.2781854,3.206e-4,-0.4885781,20
BC,13,104,PICE,ENG,NA,-2.911534,-0.004945,0.3486074,2.344228,0.0032632,-0.7951001,1.619681,-0.0025122,-0.6088222,7
BC,13,104,PICE,ENG,GLA,-2.911534,-0.004945,0.3486074,2.344228,0.0032632,-0.7951001,1.619681,-0.0025122,-0.6088222,7
BC,13,105,PICE,GLA,NA,-1.146373,1.13e-4,-0.1758742,0.2371294,3.902e-4,-0.3859562,2.132933,6.172e-4,-0.8716828,264
BC,13,106,PICE,SIT,NA,-3.361127,-7.99e-4,0.3065271,-0.2673702,-5.612e-4,-0.1982598,0.6649001,4.419e-4,-0.4669806,309
BC,13,106,PICE,SIT,X,-3.361127,-7.99e-4,0.3065271,-0.2673702,-5.612e-4,-0.1982598,0.6649001,4.419e-4,-0.4669806,309
BC,13,111,PICE,LUT,X,-1.146373,1.13e-4,-0.1758742,0.2371294,3.902e-4,-0.3859562,2.132933,6.172e-4,-0.8716828,264
BC,13,111,PICE,LUT,NA,-1.146373,1.13e-4,-0.1758742,0.2371294,3.902e-4,-0.3859562,2.132933,6.172e-4,-0.8716828,264
BC,13,200,PINU,SPP,NA,-1.188443,4.156e-4,-0.2102558,1.067376,0.0021088,-0.6674049,0.6010835,0.0014154,-0.6465681,241
BC,13,201,PINU,MON,NA,-0.5118219,9.205e-4,-0.3217572,2.019649,0.0022129,-0.7684928,2.662205,0.0026659,-1.021211,104
BC,13,203,PINU,BAN,NA,-1.188443,4.156e-4,-0.2102558,1.067376,0.0021088,-0.6674049,0.6010835,0.0014154,-0.6465681,241
BC,13,204,PINU,CON,NA,-1.188443,4.156e-4,-0.2102558,1.067376,0.0021088,-0.6674049,0.6010835,0.0014154,-0.6465681,241
BC,13,204,PINU,CON,LAT,-1.188443,4.156e-4,-0.2102558,1.067376,0.0021088,-0.6674049,0.6010835,0.0014154,-0.6465681,241
BC,13,205,PINU,CON,CON,-1.188443,4.156e-4,-0.2102558,1.067376,0.0021088,-0.6674049,0.6010835,0.0014154,-0.6465681,241
BC,13,206,PINU,ALB,NA,-0.8243702,0.0013559,-0.2982203,2.185823,0.0024881,-0.788496,2.422945,0.0026234,-0.9501085,107
BC,13,208,PINU,PON,NA,-2.072806,-9.6e-4,-0.0156953,0.7278768,0.0018701,-0.5897837,-0.3655799,4.557e-4,-0.4323731,273
BC,13,213,PINU,FLE,NA,-0.8243702,0.0013559,-0.2982203,2.185823,0.0024881,-0.788496,2.422945,0.0026234,-0.9501085,107
BC,13,300,ABIE,SPP,NA,-1.125428,4.171e-4,-0.1618467,1.303744,1.849e-4,-0.5268572,1.785368,5.78e-5,-0.629231,1215
BC,13,301,ABIE,AMA,NA,-1.125428,4.171e-4,-0.1618467,1.303744,1.849e-4,-0.5268572,1.785368,5.78e-5,-0.629231,1215
BC,13,302,ABIE,BAL,NA,-0.947449,6.813e-4,-0.1902165,0.9519714,0.0017585,-0.4686068,1.453728,0.0014931,-0.675667,48
BC,13,303,ABIE,GRA,NA,-1.885425,1.596e-4,-0.0080186,4.28347,0.0019244,-1.149038,9.930803,0.0047973,-2.371639,11
BC,13,304,ABIE,LAS,NA,-0.947449,6.813e-4,-0.1902165,0.9519714,0.0017585,-0.4686068,1.453728,0.0014931,-0.675667,48
BC,13,308,ABIE,BIF,NA,-0.947449,6.813e-4,-0.1902165,0.9519714,0.0017585,-0.4686068,1.453728,0.0014931,-0.675667,48
BC,13,400,TSUG,SPP,NA,-1.637019,1.87e-5,-0.0412549,1.66118,1.261e-4,-0.5793198,2.262154,-3.55e-5,-0.8006365,5497
BC,13,402,TSUG,HET,NA,-1.637019,1.87e-5,-0.0412549,1.66118,1.261e-4,-0.5793198,2.262154,-3.55e-5,-0.8006365,5497
BC,13,403,TSUG,MER,NA,-1.747979,-3.266e-4,0.0202986,-1.463603,-7.926e-4,0.0011124,-0.4784805,-1.865e-4,-0.2820603,104
BC,13,404,TSUG,MER,HET,-1.747979,-3.266e-4,0.0202986,-1.463603,-7.926e-4,0.0011124,-0.4784805,-1.865e-4,-0.2820603,104
BC,13,500,PSEU,MEN,NA,-1.218711,-2.29e-5,-0.081831,0.1348697,-2.821e-4,-0.2448382,0.3857173,-7.039e-4,-0.3627336,2398
BC,13,500,PSEU,MEN,MEN,-1.218711,-2.29e-5,-0.081831,0.1348697,-2.821e-4,-0.2448382,0.3857173,-7.039e-4,-0.3627336,2398
BC,13,500,PSEU,MEN,GLA,-1.218711,-2.29e-5,-0.081831,0.1348697,-2.821e-4,-0.2448382,0.3857173,-7.039e-4,-0.3627336,2398
BC,13,500,PSEU,SPP,NA,-1.218711,-2.29e-5,-0.081831,0.1348697,-2.821e-4,-0.2448382,0.3857173,-7.039e-4,-0.3627336,2398
BC,13,600,LARI,SPP,NA,-2.161013,3.227e-4,0.0204651,-1.458815,5.336e-4,-0.1485879,-1.734942,5.368e-4,-0.2083722,633
BC,13,602,LARI,LAR,NA,-2.161013,3.227e-4,0.0204651,-1.458815,5.336e-4,-0.1485879,-1.734942,5.368e-4,-0.2083722,633
BC,13,603,LARI,OCC,NA,-2.161013,3.227e-4,0.0204651,-1.458815,5.336e-4,-0.1485879,-1.734942,5.368e-4,-0.2083722,633
BC,13,604,LARI,LYA,NA,-2.161013,3.227e-4,0.0204651,-1.458815,5.336e-4,-0.1485879,-1.734942,5.368e-4,-0.2083722,633
BC,13,700,THUJ,SPP,NA,-0.6394827,8.053e-4,-0.2690238,1.412069,5.094e-4,-0.5440817,1.845358,2.961e-4,-0.7462973,2353
BC,13,702,THUJ,PLI,NA,-0.6394827,8.053e-4,-0.2690238,1.412069,5.094e-4,-0.5440817,1.845358,2.961e-4,-0.7462973,2353
BC,13,901,TAXU,BRE,NA,-0.6394827,8.053e-4,-0.2690238,1.412069,5.094e-4,-0.5440817,1.845358,2.961e-4,-0.7462973,2353
BC,13,1000,CHAM,SPP,NA,-0.9834271,4.674e-4,-0.2356425,2.309915,0.0011647,-0.7995195,3.442847,0.00194,-1.121712,299
BC,13,1001,CHAM,NOO,NA,-0.9834271,4.674e-4,-0.2356425,2.309915,0.0011647,-0.7995195,3.442847,0.00194,-1.121712,299
BC,13,1100,GENC,SPP,NA,-1.637019,1.87e-5,-0.0412549,1.66118,1.261e-4,-0.5793198,2.262154,-3.55e-5,-0.8006365,5497
BC,13,1200,POPU,SPP,NA,0.1266096,4.148e-4,-0.4047511,-1.242248,1.994e-4,-0.1075841,1.501492,0.0019094,-1.013527,137
BC,13,1201,POPU,TRE,NA,-1.635535,-0.0010075,0.023836,-2.242585,-0.0027152,0.1480118,-2.454226,-0.0026918,-0.0418288,80
BC,13,1203,POPU,BAL,NA,0.1266096,4.148e-4,-0.4047511,-1.242248,1.994e-4,-0.1075841,1.501492,0.0019094,-1.013527,137
BC,13,1203,POPU,BAL,BAL,0.1266096,4.148e-4,-0.4047511,-1.242248,1.994e-4,-0.1075841,1.501492,0.0019094,-1.013527,137
BC,13,1203,POPU,BAL,GLA,0.1266096,4.148e-4,-0.4047511,-1.242248,1.994e-4,-0.1075841,1.501492,0.0019094,-1.013527,137
BC,13,1204,POPU,TRI,NA,0.1266096,4.148e-4,-0.4047511,-1.242248,1.994e-4,-0.1075841,1.501492,0.0019094,-1.013527,137
BC,13,1300,BETU,SPP,NA,-1.241087,3.256e-4,-0.1178314,-0.6611931,3.429e-4,-0.2030703,2.034186,0.0063598,-1.152595,49
BC,13,1303,BETU,PAP,NA,-1.241087,3.256e-4,-0.1178314,-0.6611931,3.429e-4,-0.2030703,2.034186,0.0063598,-1.152595,49
BC,13,1303,BETU,PAP,PAP,-1.241087,3.256e-4,-0.1178314,-0.6611931,3.429e-4,-0.2030703,2.034186,0.0063598,-1.152595,49
BC,13,1305,BETU,NEO,NA,-1.241087,3.256e-4,-0.1178314,-0.6611931,3.429e-4,-0.2030703,2.034186,0.0063598,-1.152595,49
BC,13,1305,BETU,ALA,NA,-1.241087,3.256e-4,-0.1178314,-0.6611931,3.429e-4,-0.2030703,2.034186,0.0063598,-1.152595,49
BC,13,1308,BETU,PAP,NEO,-1.241087,3.256e-4,-0.1178314,-0.6611931,3.429e-4,-0.2030703,2.034186,0.0063598,-1.152595,49
BC,13,1314,BETU,OCC,NA,-1.241087,3.256e-4,-0.1178314,-0.6611931,3.429e-4,-0.2030703,2.034186,0.0063598,-1.152595,49
BC,13,1400,ACER,SPP,NA,-1.245223,1.115e-4,-0.0909402,-0.1433123,3.92e-5,-0.2817628,-0.6381011,2.152e-4,-0.4880087,36
BC,13,1403,ACER,MAC,NA,-1.245223,1.115e-4,-0.0909402,-0.1433123,3.92e-5,-0.2817628,-0.6381011,2.152e-4,-0.4880087,36
BC,13,1420,ACER,CIR,NA,-1.245223,1.115e-4,-0.0909402,-0.1433123,3.92e-5,-0.2817628,-0.6381011,2.152e-4,-0.4880087,36
BC,13,1500,GENH,SPP,NA,-1.325911,2.484e-4,-0.0974602,0.1935639,-2.836e-4,-0.2630376,1.165095,0.0017343,-0.8031898,223
BC,13,1800,ALNU,SPP,NA,-1.325911,2.484e-4,-0.0974602,0.1935639,-2.836e-4,-0.2630376,1.165095,0.0017343,-0.8031898,223
BC,13,1802,ALNU,RUB,NA,-1.325911,2.484e-4,-0.0974602,0.1935639,-2.836e-4,-0.2630376,1.165095,0.0017343,-0.8031898,223
BC,13,2100,QUER,SPP,NA,-1.245223,1.115e-4,-0.0909402,-0.1433123,3.92e-5,-0.2817628,-0.6381011,2.152e-4,-0.4880087,36
BC,13,2103,QUER,GAR,NA,-1.241087,3.256e-4,-0.1178314,-0.6611931,3.429e-4,-0.2030703,2.034186,0.0063598,-1.152595,49
BC,13,2803,PRUN,EMA,NA,-1.325911,2.484e-4,-0.0974602,0.1935639,-2.836e-4,-0.2630376,1.165095,0.0017343,-0.8031898,223
BC,13,3300,ARBU,MEN,NA,-1.241087,3.256e-4,-0.1178314,-0.6611931,3.429e-4,-0.2030703,2.034186,0.0063598,-1.152595,49
BC,13,3300,ARBU,SPP,NA,-1.241087,3.256e-4,-0.1178314,-0.6611931,3.429e-4,-0.2030703,2.034186,0.0063598,-1.152595,49
BC,13,3500,SALI,SPP,NA,-2.032221,-0.0022207,0.1560215,-0.1270363,-0.002147,-0.2358926,-0.2603108,4.764e-4,-0.4353695,7
BC,13,3930,MALU,SPP,NA,-1.325911,2.484e-4,-0.0974602,0.1935639,-2.836e-4,-0.2630376,1.165095,0.0017343,-0.8031898,223
BC,13,3930,MALU,FUS,NA,-1.325911,2.484e-4,-0.0974602,0.1935639,-2.836e-4,-0.2630376,1.165095,0.0017343,-0.8031898,223
BC,13,3930,MALU,COR,NA,-1.325911,2.484e-4,-0.0974602,0.1935639,-2.836e-4,-0.2630376,1.165095,0.0017343,-0.8031898,223
BC,14,100,PICE,SPP,NA,-1.757442,7.5e-5,-0.0584177,-0.3536965,4.598e-4,-0.2777034,0.1295546,6.043e-4,-0.486723,293
BC,14,101,PICE,MAR,NA,-1.8679,-0.0011901,0.0124362,0.2574304,0.0024547,-0.512113,0.2781854,3.206e-4,-0.4885781,20
BC,14,104,PICE,ENG,NA,-1.161836,4.05e-5,-0.1706206,0.122529,-6.311e-4,-0.2523991,0.6790304,9.45e-5,-0.5072063,823
BC,14,104,PICE,ENG,GLA,-1.161836,4.05e-5,-0.1706206,0.122529,-6.311e-4,-0.2523991,0.6790304,9.45e-5,-0.5072063,823
BC,14,105,PICE,GLA,NA,-1.00906,4.935e-4,-0.2195034,3.724192,0.0047118,-1.238587,3.339834,0.003175,-1.208405,6480
BC,14,106,PICE,SIT,NA,-3.361127,-7.99e-4,0.3065271,-0.2673702,-5.612e-4,-0.1982598,0.6649001,4.419e-4,-0.4669806,309
BC,14,106,PICE,SIT,X,-3.361127,-7.99e-4,0.3065271,-0.2673702,-5.612e-4,-0.1982598,0.6649001,4.419e-4,-0.4669806,309
BC,14,111,PICE,LUT,X,-1.00906,4.935e-4,-0.2195034,3.724192,0.0047118,-1.238587,3.339834,0.003175,-1.208405,6480
BC,14,111,PICE,LUT,NA,-1.00906,4.935e-4,-0.2195034,3.724192,0.0047118,-1.238587,3.339834,0.003175,-1.208405,6480
BC,14,200,PINU,SPP,NA,-1.404555,1.692e-4,-0.1777955,0.4829938,0.0010944,-0.5552174,0.3408325,9.288e-4,-0.6203242,10701
BC,14,201,PINU,MON,NA,-0.5118219,9.205e-4,-0.3217572,2.019649,0.0022129,-0.7684928,2.662205,0.0026659,-1.021211,104
BC,14,203,PINU,BAN,NA,-1.404555,1.692e-4,-0.1777955,0.4829938,0.0010944,-0.5552174,0.3408325,9.288e-4,-0.6203242,10701
BC,14,204,PINU,CON,NA,-1.404555,1.692e-4,-0.1777955,0.4829938,0.0010944,-0.5552174,0.3408325,9.288e-4,-0.6203242,10701
BC,14,204,PINU,CON,LAT,-1.404555,1.692e-4,-0.1777955,0.4829938,0.0010944,-0.5552174,0.3408325,9.288e-4,-0.6203242,10701
BC,14,206,PINU,ALB,NA,-0.8243702,0.0013559,-0.2982203,2.185823,0.0024881,-0.788496,2.422945,0.0026234,-0.9501085,107
BC,14,208,PINU,PON,NA,-2.072806,-9.6e-4,-0.0156953,0.7278768,0.0018701,-0.5897837,-0.3655799,4.557e-4,-0.4323731,273
BC,14,213,PINU,FLE,NA,-0.8243702,0.0013559,-0.2982203,2.185823,0.0024881,-0.788496,2.422945,0.0026234,-0.9501085,107
BC,14,300,ABIE,SPP,NA,-1.001528,6.186e-4,-0.1903246,2.40352,0.0032284,-0.8308831,1.761826,0.0018633,-0.7672554,6125
BC,14,301,ABIE,AMA,NA,-1.001528,6.186e-4,-0.1903246,2.40352,0.0032284,-0.8308831,1.761826,0.0018633,-0.7672554,6125
BC,14,302,ABIE,BAL,NA,-1.001528,6.186e-4,-0.1903246,2.40352,0.0032284,-0.8308831,1.761826,0.0018633,-0.7672554,6125
BC,14,303,ABIE,GRA,NA,-1.001528,6.186e-4,-0.1903246,2.40352,0.0032284,-0.8308831,1.761826,0.0018633,-0.7672554,6125
BC,14,304,ABIE,LAS,NA,-1.001528,6.186e-4,-0.1903246,2.40352,0.0032284,-0.8308831,1.761826,0.0018633,-0.7672554,6125
BC,14,308,ABIE,BIF,NA,-1.001528,6.186e-4,-0.1903246,2.40352,0.0032284,-0.8308831,1.761826,0.0018633,-0.7672554,6125
BC,14,400,TSUG,SPP,NA,-1.212644,4.417e-4,-0.137378,0.704756,-2.659e-4,-0.3895794,1.281835,-0.0011045,-0.5916393,1952
BC,14,402,TSUG,HET,NA,-1.212644,4.417e-4,-0.137378,0.704756,-2.659e-4,-0.3895794,1.281835,-0.0011045,-0.5916393,1952
BC,14,403,TSUG,MER,NA,-1.933328,-2.669e-4,0.0500062,-2.304049,-9.398e-4,0.1633143,-2.237917,-8.285e-4,0.0173515,31
BC,14,404,TSUG,MER,HET,-1.933328,-2.669e-4,0.0500062,-2.304049,-9.398e-4,0.1633143,-2.237917,-8.285e-4,0.0173515,31
BC,14,500,PSEU,MEN,NA,-1.44127,1.152e-4,-0.0605321,-0.5390081,1.701e-4,-0.1740484,-0.5489395,-4.82e-5,-0.257643,7492
BC,14,500,PSEU,MEN,MEN,-1.44127,1.152e-4,-0.0605321,-0.5390081,1.701e-4,-0.1740484,-0.5489395,-4.82e-5,-0.257643,7492
BC,14,500,PSEU,MEN,GLA,-1.44127,1.152e-4,-0.0605321,-0.5390081,1.701e-4,-0.1740484,-0.5489395,-4.82e-5,-0.257643,7492
BC,14,500,PSEU,SPP,NA,-1.44127,1.152e-4,-0.0605321,-0.5390081,1.701e-4,-0.1740484,-0.5489395,-4.82e-5,-0.257643,7492
BC,14,600,LARI,SPP,NA,-2.161013,3.227e-4,0.0204651,-1.458815,5.336e-4,-0.1485879,-1.734942,5.368e-4,-0.2083722,633
BC,14,602,LARI,LAR,NA,-2.161013,3.227e-4,0.0204651,-1.458815,5.336e-4,-0.1485879,-1.734942,5.368e-4,-0.2083722,633
BC,14,603,LARI,OCC,NA,-2.161013,3.227e-4,0.0204651,-1.458815,5.336e-4,-0.1485879,-1.734942,5.368e-4,-0.2083722,633
BC,14,604,LARI,LYA,NA,-2.161013,3.227e-4,0.0204651,-1.458815,5.336e-4,-0.1485879,-1.734942,5.368e-4,-0.2083722,633
BC,14,700,THUJ,SPP,NA,-1.016917,5.282e-4,-0.1872104,0.2404317,3.952e-4,-0.3496854,0.6514865,6.96e-5,-0.5468589,1904
BC,14,702,THUJ,PLI,NA,-1.016917,5.282e-4,-0.1872104,0.2404317,3.952e-4,-0.3496854,0.6514865,6.96e-5,-0.5468589,1904
BC,14,901,TAXU,BRE,NA,-1.016917,5.282e-4,-0.1872104,0.2404317,3.952e-4,-0.3496854,0.6514865,6.96e-5,-0.5468589,1904
BC,14,1000,CHAM,SPP,NA,-0.9834271,4.674e-4,-0.2356425,2.309915,0.0011647,-0.7995195,3.442847,0.00194,-1.121712,299
BC,14,1001,CHAM,NOO,NA,-0.9834271,4.674e-4,-0.2356425,2.309915,0.0011647,-0.7995195,3.442847,0.00194,-1.121712,299
BC,14,1100,GENC,SPP,NA,-1.00906,4.935e-4,-0.2195034,3.724192,0.0047118,-1.238587,3.339834,0.003175,-1.208405,6480
BC,14,1150,UNKN,SPP,NA,-1.374904,8.101e-4,-0.1518118,-0.0273913,0.0010357,-0.3563075,-0.2213073,6.12e-5,-0.3878608,35836
BC,14,1200,POPU,SPP,NA,-1.135726,3.52e-5,-0.1128682,-0.7983369,1.015e-4,-0.2279167,-1.417116,-3.774e-4,-0.2950961,1044
BC,14,1201,POPU,TRE,NA,-1.135726,3.52e-5,-0.1128682,-0.7983369,1.015e-4,-0.2279167,-1.417116,-3.774e-4,-0.2950961,1044
BC,14,1203,POPU,BAL,NA,-0.1941711,3.946e-4,-0.348334,0.4533885,0.0016546,-0.4663858,-0.099599,-8.68e-5,-0.6003633,143
BC,14,1203,POPU,BAL,BAL,-0.1941711,3.946e-4,-0.348334,0.4533885,0.0016546,-0.4663858,-0.099599,-8.68e-5,-0.6003633,143
BC,14,1203,POPU,BAL,GLA,-0.1941711,3.946e-4,-0.348334,0.4533885,0.0016546,-0.4663858,-0.099599,-8.68e-5,-0.6003633,143
BC,14,1204,POPU,TRI,NA,-0.1941711,3.946e-4,-0.348334,0.4533885,0.0016546,-0.4663858,-0.099599,-8.68e-5,-0.6003633,143
BC,14,1300,BETU,SPP,NA,-1.435142,1.3e-4,-0.0729665,-0.2901634,0.001193,-0.3115885,-0.6310637,8.751e-4,-0.4184697,295
BC,14,1303,BETU,PAP,NA,-1.435142,1.3e-4,-0.0729665,-0.2901634,0.001193,-0.3115885,-0.6310637,8.751e-4,-0.4184697,295
BC,14,1303,BETU,PAP,PAP,-1.435142,1.3e-4,-0.0729665,-0.2901634,0.001193,-0.3115885,-0.6310637,8.751e-4,-0.4184697,295
BC,14,1305,BETU,NEO,NA,-1.435142,1.3e-4,-0.0729665,-0.2901634,0.001193,-0.3115885,-0.6310637,8.751e-4,-0.4184697,295
BC,14,1305,BETU,ALA,NA,-1.435142,1.3e-4,-0.0729665,-0.2901634,0.001193,-0.3115885,-0.6310637,8.751e-4,-0.4184697,295
BC,14,1308,BETU,PAP,NEO,-1.435142,1.3e-4,-0.0729665,-0.2901634,0.001193,-0.3115885,-0.6310637,8.751e-4,-0.4184697,295
BC,14,1314,BETU,OCC,NA,-1.435142,1.3e-4,-0.0729665,-0.2901634,0.001193,-0.3115885,-0.6310637,8.751e-4,-0.4184697,295
BC,14,1400,ACER,SPP,NA,-1.245223,1.115e-4,-0.0909402,-0.1433123,3.92e-5,-0.2817628,-0.6381011,2.152e-4,-0.4880087,36
BC,14,1403,ACER,MAC,NA,-1.245223,1.115e-4,-0.0909402,-0.1433123,3.92e-5,-0.2817628,-0.6381011,2.152e-4,-0.4880087,36
BC,14,1420,ACER,CIR,NA,-1.245223,1.115e-4,-0.0909402,-0.1433123,3.92e-5,-0.2817628,-0.6381011,2.152e-4,-0.4880087,36
BC,14,1500,GENH,SPP,NA,-1.325911,2.484e-4,-0.0974602,0.1935639,-2.836e-4,-0.2630376,1.165095,0.0017343,-0.8031898,223
BC,14,1800,ALNU,SPP,NA,-1.325911,2.484e-4,-0.0974602,0.1935639,-2.836e-4,-0.2630376,1.165095,0.0017343,-0.8031898,223
BC,14,1802,ALNU,RUB,NA,-1.325911,2.484e-4,-0.0974602,0.1935639,-2.836e-4,-0.2630376,1.165095,0.0017343,-0.8031898,223
BC,14,2100,QUER,SPP,NA,-1.245223,1.115e-4,-0.0909402,-0.1433123,3.92e-5,-0.2817628,-0.6381011,2.152e-4,-0.4880087,36
BC,14,2803,PRUN,EMA,NA,-1.325911,2.484e-4,-0.0974602,0.1935639,-2.836e-4,-0.2630376,1.165095,0.0017343,-0.8031898,223
BC,14,3500,SALI,SPP,NA,-2.032221,-0.0022207,0.1560215,-0.1270363,-0.002147,-0.2358926,-0.2603108,4.764e-4,-0.4353695,7
BC,14,3930,MALU,SPP,NA,-1.325911,2.484e-4,-0.0974602,0.1935639,-2.836e-4,-0.2630376,1.165095,0.0017343,-0.8031898,223
BC,14,3930,MALU,FUS,NA,-1.325911,2.484e-4,-0.0974602,0.1935639,-2.836e-4,-0.2630376,1.165095,0.0017343,-0.8031898,223
BC,14,3930,MALU,COR,NA,-1.325911,2.484e-4,-0.0974602,0.1935639,-2.836e-4,-0.2630376,1.165095,0.0017343,-0.8031898,223
MB,3,101,PICE,MAR,NA,-1.744836,1.64e-5,-0.045652,-1.070055,-0.0014322,-0.1659712,-0.6126567,-9.48e-4,-0.2907588,1182
MB,3,105,PICE,GLA,NA,-1.401168,0.0014742,-0.151224,-0.7232708,0.0010141,-0.2478244,-0.131813,-7.028e-4,-0.401185,182
MB,3,203,PINU,BAN,NA,-2.111897,-3.398e-4,-0.040599,-0.4665613,-4.263e-4,-0.3407016,-1.211143,-3.894e-4,-0.2729337,1154
MB,3,602,LARI,LAR,NA,-2.200225,-0.0012317,0.0208564,-1.874419,-0.0061411,0.1357377,-1.723543,-0.0039886,-0.0527991,349
MB,3,1100,GENC,SPP,NA,-1.744836,1.64e-5,-0.045652,-1.070055,-0.0014322,-0.1659712,-0.6126567,-9.48e-4,-0.2907588,1182
MB,3,1200,POPU,SPP,NA,-1.272288,5.062e-4,-0.085909,-1.048149,4.709e-4,-0.1711201,-0.9596301,-4.234e-4,-0.3826086,625
MB,3,1201,POPU,TRE,NA,-1.272288,5.062e-4,-0.085909,-1.048149,4.709e-4,-0.1711201,-0.9596301,-4.234e-4,-0.3826086,625
MB,3,1203,POPU,BAL,NA,-1.272288,5.062e-4,-0.085909,-1.048149,4.709e-4,-0.1711201,-0.9596301,-4.234e-4,-0.3826086,625
MB,3,1203,POPU,BAL,BAL,-1.272288,5.062e-4,-0.085909,-1.048149,4.709e-4,-0.1711201,-0.9596301,-4.234e-4,-0.3826086,625
MB,3,1203,POPU,BAL,GLA,-1.272288,5.062e-4,-0.085909,-1.048149,4.709e-4,-0.1711201,-0.9596301,-4.234e-4,-0.3826086,625
MB,3,1206,POPU,GRA,NA,-1.272288,5.062e-4,-0.085909,-1.048149,4.709e-4,-0.1711201,-0.9596301,-4.234e-4,-0.3826086,625
MB,3,1308,BETU,PAP,NEO,-2.369852,-0.0029595,0.2123244,0.7544854,0.0059647,-0.6083887,-1.439911,4.414e-4,-0.2950217,82
MB,5,101,PICE,MAR,NA,-1.744836,1.64e-5,-0.045652,-1.070055,-0.0014322,-0.1659712,-0.6126567,-9.48e-4,-0.2907588,1182
MB,5,105,PICE,GLA,NA,-1.401168,0.0014742,-0.151224,-0.7232708,0.0010141,-0.2478244,-0.131813,-7.028e-4,-0.401185,182
MB,5,203,PINU,BAN,NA,-2.111897,-3.398e-4,-0.040599,-0.4665613,-4.263e-4,-0.3407016,-1.211143,-3.894e-4,-0.2729337,1154
MB,5,302,ABIE,BAL,NA,-1.671886,-2.512e-4,-0.0080862,-0.8571045,0.0014477,-0.2527275,-0.6683693,-0.0030847,-0.2447528,254
MB,5,602,LARI,LAR,NA,-2.200225,-0.0012317,0.0208564,-1.874419,-0.0061411,0.1357377,-1.723543,-0.0039886,-0.0527991,349
MB,5,1100,GENC,SPP,NA,-1.744836,1.64e-5,-0.045652,-1.070055,-0.0014322,-0.1659712,-0.6126567,-9.48e-4,-0.2907588,1182
MB,5,1200,POPU,SPP,NA,-1.272288,5.062e-4,-0.085909,-1.048149,4.709e-4,-0.1711201,-0.9596301,-4.234e-4,-0.3826086,625
MB,5,1201,POPU,TRE,NA,-1.272288,5.062e-4,-0.085909,-1.048149,4.709e-4,-0.1711201,-0.9596301,-4.234e-4,-0.3826086,625
MB,5,1203,POPU,BAL,NA,-1.272288,5.062e-4,-0.085909,-1.048149,4.709e-4,-0.1711201,-0.9596301,-4.234e-4,-0.3826086,625
MB,5,1203,POPU,BAL,BAL,-1.272288,5.062e-4,-0.085909,-1.048149,4.709e-4,-0.1711201,-0.9596301,-4.234e-4,-0.3826086,625
MB,5,1203,POPU,BAL,GLA,-1.272288,5.062e-4,-0.085909,-1.048149,4.709e-4,-0.1711201,-0.9596301,-4.234e-4,-0.3826086,625
MB,5,1206,POPU,GRA,NA,-1.272288,5.062e-4,-0.085909,-1.048149,4.709e-4,-0.1711201,-0.9596301,-4.234e-4,-0.3826086,625
MB,5,1303,BETU,PAP,NA,-2.369852,-0.0029595,0.2123244,0.7544854,0.0059647,-0.6083887,-1.439911,4.414e-4,-0.2950217,82
MB,5,1303,BETU,PAP,PAP,-2.369852,-0.0029595,0.2123244,0.7544854,0.0059647,-0.6083887,-1.439911,4.414e-4,-0.2950217,82
MB,5,1308,BETU,PAP,NEO,-2.369852,-0.0029595,0.2123244,0.7544854,0.0059647,-0.6083887,-1.439911,4.414e-4,-0.2950217,82
MB,6,101,PICE,MAR,NA,-1.744836,1.64e-5,-0.045652,-1.070055,-0.0014322,-0.1659712,-0.6126567,-9.48e-4,-0.2907588,1182
MB,6,105,PICE,GLA,NA,-1.401168,0.0014742,-0.151224,-0.7232708,0.0010141,-0.2478244,-0.131813,-7.028e-4,-0.401185,182
MB,6,203,PINU,BAN,NA,-2.111897,-3.398e-4,-0.040599,-0.4665613,-4.263e-4,-0.3407016,-1.211143,-3.894e-4,-0.2729337,1154
MB,6,209,PINU,RES,NA,-1.149054,-3.231e-4,-0.2106626,0.8554069,-0.0012352,-0.4985741,1.731214,-4.346e-4,-0.7078015,25
MB,6,211,PINU,SYL,NA,-1.646555,-2.97e-4,-0.1566206,-0.8570446,-0.0041565,-0.1151249,-0.4565518,-0.0016013,-0.4025033,2
MB,6,302,ABIE,BAL,NA,-1.671886,-2.512e-4,-0.0080862,-0.8571045,0.0014477,-0.2527275,-0.6683693,-0.0030847,-0.2447528,254
MB,6,602,LARI,LAR,NA,-2.200225,-0.0012317,0.0208564,-1.874419,-0.0061411,0.1357377,-1.723543,-0.0039886,-0.0527991,349
MB,6,701,THUJ,OCC,NA,-2.007862,-8.848e-4,0.0387565,-0.2083024,0.0022931,-0.3283602,0.5346001,0.0044399,-0.5966973,108
MB,6,801,JUNI,VIR,NA,-2.007862,-8.848e-4,0.0387565,-0.2083024,0.0022931,-0.3283602,0.5346001,0.0044399,-0.5966973,108
MB,6,1100,GENC,SPP,NA,-1.744836,1.64e-5,-0.045652,-1.070055,-0.0014322,-0.1659712,-0.6126567,-9.48e-4,-0.2907588,1182
MB,6,1200,POPU,SPP,NA,-1.272288,5.062e-4,-0.085909,-1.048149,4.709e-4,-0.1711201,-0.9596301,-4.234e-4,-0.3826086,625
MB,6,1201,POPU,TRE,NA,-1.272288,5.062e-4,-0.085909,-1.048149,4.709e-4,-0.1711201,-0.9596301,-4.234e-4,-0.3826086,625
MB,6,1203,POPU,BAL,NA,-1.214657,-9.726e-4,-0.0798146,-1.091051,-7.73e-5,-0.1036095,-2.691083,-0.0060088,0.0739839,81
MB,6,1203,POPU,BAL,BAL,-1.214657,-9.726e-4,-0.0798146,-1.091051,-7.73e-5,-0.1036095,-2.691083,-0.0060088,0.0739839,81
MB,6,1203,POPU,BAL,GLA,-1.214657,-9.726e-4,-0.0798146,-1.091051,-7.73e-5,-0.1036095,-2.691083,-0.0060088,0.0739839,81
MB,6,1205,POPU,DEL,NA,-1.272288,5.062e-4,-0.085909,-1.048149,4.709e-4,-0.1711201,-0.9596301,-4.234e-4,-0.3826086,625
MB,6,1205,POPU,DEL,DEL,-1.272288,5.062e-4,-0.085909,-1.048149,4.709e-4,-0.1711201,-0.9596301,-4.234e-4,-0.3826086,625
MB,6,1206,POPU,GRA,NA,-1.272288,5.062e-4,-0.085909,-1.048149,4.709e-4,-0.1711201,-0.9596301,-4.234e-4,-0.3826086,625
MB,6,1303,BETU,PAP,NA,-1.615514,2.909e-4,-0.0439068,-0.3622121,0.0043274,-0.3741779,-1.367642,-0.0016287,-0.2330962,76
MB,6,1303,BETU,PAP,PAP,-1.615514,2.909e-4,-0.0439068,-0.3622121,0.0043274,-0.3741779,-1.367642,-0.0016287,-0.2330962,76
MB,6,1308,BETU,PAP,NEO,-2.369852,-0.0029595,0.2123244,0.7544854,0.0059647,-0.6083887,-1.439911,4.414e-4,-0.2950217,82
MB,6,1404,ACER,NEG,NA,-1.942214,-0.001215,0.0205737,-1.51729,6.041e-4,0.0471622,-2.024583,-0.0035157,-0.1032072,5790
MB,6,1500,GENH,SPP,NA,-1.749271,-0.0011443,-0.0385082,-2.368783,3.223e-4,0.2192045,-1.433405,-0.0013944,-0.2984636,1479
MB,6,2104,QUER,MAC,NA,-1.370146,-2.651e-4,-0.1202573,-1.634927,9.625e-4,0.0684885,-2.377792,-0.0021431,-0.0628063,333
MB,6,2201,ULMU,AME,NA,-1.960181,-1.57e-4,0.0062394,-1.685097,-0.0026884,0.107411,-2.625798,-6.915e-4,-0.0700522,36
MB,6,3400,FRAX,SPP,NA,-1.065444,-2.033e-4,-0.1522579,-1.325146,-9.012e-4,-0.0912154,-2.91139,-0.004534,0.0475528,176
MB,6,3401,FRAX,AME,NA,-2.211941,-0.0019618,0.1115686,-1.1817,0.0013502,-0.0455385,-2.889681,-0.0033952,0.0399585,13
MB,6,3402,FRAX,NIG,NA,-1.956892,-0.0016622,0.0523819,-1.967069,1.683e-4,0.0669219,-3.11579,-0.0031197,0.1094074,222
MB,6,3403,FRAX,PEN,NA,-1.956892,-0.0016622,0.0523819,-1.967069,1.683e-4,0.0669219,-3.11579,-0.0031197,0.1094074,222
MB,6,3405,FRAX,PEN,SUB,-1.956892,-0.0016622,0.0523819,-1.967069,1.683e-4,0.0669219,-3.11579,-0.0031197,0.1094074,222
MB,6,3405,FRAX,PEN,NA,-1.956892,-0.0016622,0.0523819,-1.967069,1.683e-4,0.0669219,-3.11579,-0.0031197,0.1094074,222
MB,6,3500,SALI,SPP,NA,-1.450118,-9.695e-4,-0.0052529,-1.647646,-0.0023226,0.0275494,-2.167719,-0.0033551,-0.0739145,111
MB,7,3500,SALI,SPP,NA,-2.362535,-0.0177836,0.3824485,-0.4964444,0.0122599,-0.3744031,-4.363103,-0.0275435,0.8106149,28
MB,8,3400,FRAX,SPP,NA,-2.547238,-0.0046494,0.2493766,-1.350298,0.0012512,-0.0559126,-3.724916,-0.0079614,0.3289843,24
MB,8,3401,FRAX,AME,NA,-2.118279,-0.0013705,0.0876078,-1.824772,-1.087e-4,0.0879763,-2.610864,-0.0014643,-0.0471405,27
MB,8,3402,FRAX,NIG,NA,-2.547238,-0.0046494,0.2493766,-1.350298,0.0012512,-0.0559126,-3.724916,-0.0079614,0.3289843,24
MB,8,3403,FRAX,PEN,NA,-2.118279,-0.0013705,0.0876078,-1.824772,-1.087e-4,0.0879763,-2.610864,-0.0014643,-0.0471405,27
MB,8,3405,FRAX,PEN,SUB,-2.118279,-0.0013705,0.0876078,-1.824772,-1.087e-4,0.0879763,-2.610864,-0.0014643,-0.0471405,27
MB,8,3405,FRAX,PEN,NA,-2.118279,-0.0013705,0.0876078,-1.824772,-1.087e-4,0.0879763,-2.610864,-0.0014643,-0.0471405,27
MB,8,3500,SALI,SPP,NA,-1.998667,-0.0029341,0.1549325,-0.0927303,0.005752,-0.508714,-2.09188,-0.0026044,-0.0918228,7
MB,9,101,PICE,MAR,NA,-1.027381,3.756e-4,-0.1843429,-0.1545921,-0.001318,-0.3166236,0.3933964,-0.0018937,-0.4454621,1296
MB,9,105,PICE,GLA,NA,-1.70583,-2.3e-4,-0.022704,-0.2900354,-0.0017558,-0.211135,-0.1433637,-0.001654,-0.371738,189
MB,9,203,PINU,BAN,NA,-0.2229182,0.0011087,-0.4249594,0.5925466,0.0012598,-0.606401,0.8549384,-0.0022074,-0.6705095,879
MB,9,209,PINU,RES,NA,-1.149054,-3.231e-4,-0.2106626,0.8554069,-0.0012352,-0.4985741,1.731214,-4.346e-4,-0.7078015,25
MB,9,302,ABIE,BAL,NA,-2.056974,-0.0017567,0.0955413,0.7066834,0.0050487,-0.5793432,0.2244995,0.0031394,-0.5547791,38
MB,9,602,LARI,LAR,NA,-1.601755,-0.0011189,-0.0659258,0.105331,3.653e-4,-0.3844923,-0.9082068,-0.001965,-0.2750265,221
MB,9,701,THUJ,OCC,NA,-2.007862,-8.848e-4,0.0387565,-0.2083024,0.0022931,-0.3283602,0.5346001,0.0044399,-0.5966973,108
MB,9,801,JUNI,VIR,NA,-2.007862,-8.848e-4,0.0387565,-0.2083024,0.0022931,-0.3283602,0.5346001,0.0044399,-0.5966973,108
MB,9,1100,GENC,SPP,NA,-1.027381,3.756e-4,-0.1843429,-0.1545921,-0.001318,-0.3166236,0.3933964,-0.0018937,-0.4454621,1296
MB,9,1200,POPU,SPP,NA,-0.7895457,2.845e-4,-0.1370236,0.2061599,0.0033534,-0.5312936,1.092881,0.0051529,-1.023799,654
MB,9,1201,POPU,TRE,NA,-0.7895457,2.845e-4,-0.1370236,0.2061599,0.0033534,-0.5312936,1.092881,0.0051529,-1.023799,654
MB,9,1203,POPU,BAL,NA,-0.7895457,2.845e-4,-0.1370236,0.2061599,0.0033534,-0.5312936,1.092881,0.0051529,-1.023799,654
MB,9,1203,POPU,BAL,BAL,-0.7895457,2.845e-4,-0.1370236,0.2061599,0.0033534,-0.5312936,1.092881,0.0051529,-1.023799,654
MB,9,1203,POPU,BAL,GLA,-0.7895457,2.845e-4,-0.1370236,0.2061599,0.0033534,-0.5312936,1.092881,0.0051529,-1.023799,654
MB,9,1205,POPU,DEL,NA,-0.7895457,2.845e-4,-0.1370236,0.2061599,0.0033534,-0.5312936,1.092881,0.0051529,-1.023799,654
MB,9,1205,POPU,DEL,DEL,-0.7895457,2.845e-4,-0.1370236,0.2061599,0.0033534,-0.5312936,1.092881,0.0051529,-1.023799,654
MB,9,1206,POPU,GRA,NA,-0.7895457,2.845e-4,-0.1370236,0.2061599,0.0033534,-0.5312936,1.092881,0.0051529,-1.023799,654
MB,9,1303,BETU,PAP,NA,-2.369852,-0.0029595,0.2123244,0.7544854,0.0059647,-0.6083887,-1.439911,4.414e-4,-0.2950217,82
MB,9,1303,BETU,PAP,PAP,-2.369852,-0.0029595,0.2123244,0.7544854,0.0059647,-0.6083887,-1.439911,4.414e-4,-0.2950217,82
MB,9,1308,BETU,PAP,NEO,-2.369852,-0.0029595,0.2123244,0.7544854,0.0059647,-0.6083887,-1.439911,4.414e-4,-0.2950217,82
MB,9,1404,ACER,NEG,NA,-1.942214,-0.001215,0.0205737,-1.51729,6.041e-4,0.0471622,-2.024583,-0.0035157,-0.1032072,5790
MB,9,1500,GENH,SPP,NA,-1.749271,-0.0011443,-0.0385082,-2.368783,3.223e-4,0.2192045,-1.433405,-0.0013944,-0.2984636,1479
MB,9,2104,QUER,MAC,NA,-1.370146,-2.651e-4,-0.1202573,-1.634927,9.625e-4,0.0684885,-2.377792,-0.0021431,-0.0628063,333
MB,9,2201,ULMU,AME,NA,-1.960181,-1.57e-4,0.0062394,-1.685097,-0.0026884,0.107411,-2.625798,-6.915e-4,-0.0700522,36
MB,9,2801,PRUN,SER,NA,-1.882177,-1.335e-4,-0.0127259,-1.69126,0.0018345,0.0224114,-3.789652,-0.0066001,0.3360949,23
MB,9,3000,TILI,AME,NA,-1.337178,3.389e-4,-0.1073022,-1.431619,1.448e-4,0.0108919,-2.306497,-0.0014329,-0.1286185,97
MB,9,3400,FRAX,SPP,NA,-1.956892,-0.0016622,0.0523819,-1.967069,1.683e-4,0.0669219,-3.11579,-0.0031197,0.1094074,222
MB,9,3401,FRAX,AME,NA,-2.211941,-0.0019618,0.1115686,-1.1817,0.0013502,-0.0455385,-2.889681,-0.0033952,0.0399585,13
MB,9,3402,FRAX,NIG,NA,-1.956892,-0.0016622,0.0523819,-1.967069,1.683e-4,0.0669219,-3.11579,-0.0031197,0.1094074,222
MB,9,3403,FRAX,PEN,NA,-1.956892,-0.0016622,0.0523819,-1.967069,1.683e-4,0.0669219,-3.11579,-0.0031197,0.1094074,222
MB,9,3500,SALI,SPP,NA,-1.749271,-0.0011443,-0.0385082,-2.368783,3.223e-4,0.2192045,-1.433405,-0.0013944,-0.2984636,1479
MB,10,101,PICE,MAR,NA,-1.744836,1.64e-5,-0.045652,-1.070055,-0.0014322,-0.1659712,-0.6126567,-9.48e-4,-0.2907588,1182
MB,10,105,PICE,GLA,NA,-1.004372,-1.072e-4,-0.1803324,0.1883833,-0.0039901,-0.2120089,1.947748,-7.003e-4,-0.7206966,5
MB,10,203,PINU,BAN,NA,-0.2229182,0.0011087,-0.4249594,0.5925466,0.0012598,-0.606401,0.8549384,-0.0022074,-0.6705095,879
MB,10,209,PINU,RES,NA,-1.149054,-3.231e-4,-0.2106626,0.8554069,-0.0012352,-0.4985741,1.731214,-4.346e-4,-0.7078015,25
MB,10,302,ABIE,BAL,NA,-1.671886,-2.512e-4,-0.0080862,-0.8571045,0.0014477,-0.2527275,-0.6683693,-0.0030847,-0.2447528,254
MB,10,602,LARI,LAR,NA,-2.200225,-0.0012317,0.0208564,-1.874419,-0.0061411,0.1357377,-1.723543,-0.0039886,-0.0527991,349
MB,10,701,THUJ,OCC,NA,-2.007862,-8.848e-4,0.0387565,-0.2083024,0.0022931,-0.3283602,0.5346001,0.0044399,-0.5966973,108
MB,10,801,JUNI,VIR,NA,-2.007862,-8.848e-4,0.0387565,-0.2083024,0.0022931,-0.3283602,0.5346001,0.0044399,-0.5966973,108
MB,10,1100,GENC,SPP,NA,-1.744836,1.64e-5,-0.045652,-1.070055,-0.0014322,-0.1659712,-0.6126567,-9.48e-4,-0.2907588,1182
MB,10,1200,POPU,SPP,NA,-0.7895457,2.845e-4,-0.1370236,0.2061599,0.0033534,-0.5312936,1.092881,0.0051529,-1.023799,654
MB,10,1201,POPU,TRE,NA,-0.7895457,2.845e-4,-0.1370236,0.2061599,0.0033534,-0.5312936,1.092881,0.0051529,-1.023799,654
MB,10,1203,POPU,BAL,NA,-0.7895457,2.845e-4,-0.1370236,0.2061599,0.0033534,-0.5312936,1.092881,0.0051529,-1.023799,654
MB,10,1203,POPU,BAL,BAL,-0.7895457,2.845e-4,-0.1370236,0.2061599,0.0033534,-0.5312936,1.092881,0.0051529,-1.023799,654
MB,10,1203,POPU,BAL,GLA,-0.7895457,2.845e-4,-0.1370236,0.2061599,0.0033534,-0.5312936,1.092881,0.0051529,-1.023799,654
MB,10,1205,POPU,DEL,NA,-0.7895457,2.845e-4,-0.1370236,0.2061599,0.0033534,-0.5312936,1.092881,0.0051529,-1.023799,654
MB,10,1205,POPU,DEL,DEL,-0.7895457,2.845e-4,-0.1370236,0.2061599,0.0033534,-0.5312936,1.092881,0.0051529,-1.023799,654
MB,10,1206,POPU,GRA,NA,-0.7895457,2.845e-4,-0.1370236,0.2061599,0.0033534,-0.5312936,1.092881,0.0051529,-1.023799,654
MB,10,1303,BETU,PAP,NA,-2.369852,-0.0029595,0.2123244,0.7544854,0.0059647,-0.6083887,-1.439911,4.414e-4,-0.2950217,82
MB,10,1303,BETU,PAP,PAP,-2.369852,-0.0029595,0.2123244,0.7544854,0.0059647,-0.6083887,-1.439911,4.414e-4,-0.2950217,82
MB,10,1308,BETU,PAP,NEO,-2.369852,-0.0029595,0.2123244,0.7544854,0.0059647,-0.6083887,-1.439911,4.414e-4,-0.2950217,82
MB,10,1404,ACER,NEG,NA,-1.942214,-0.001215,0.0205737,-1.51729,6.041e-4,0.0471622,-2.024583,-0.0035157,-0.1032072,5790
MB,10,1500,GENH,SPP,NA,-1.749271,-0.0011443,-0.0385082,-2.368783,3.223e-4,0.2192045,-1.433405,-0.0013944,-0.2984636,1479
MB,10,2104,QUER,MAC,NA,-1.370146,-2.651e-4,-0.1202573,-1.634927,9.625e-4,0.0684885,-2.377792,-0.0021431,-0.0628063,333
MB,10,2201,ULMU,AME,NA,-1.960181,-1.57e-4,0.0062394,-1.685097,-0.0026884,0.107411,-2.625798,-6.915e-4,-0.0700522,36
MB,10,3000,TILI,AME,NA,-1.337178,3.389e-4,-0.1073022,-1.431619,1.448e-4,0.0108919,-2.306497,-0.0014329,-0.1286185,97
MB,10,3400,FRAX,SPP,NA,-1.956892,-0.0016622,0.0523819,-1.967069,1.683e-4,0.0669219,-3.11579,-0.0031197,0.1094074,222
MB,10,3401,FRAX,AME,NA,-2.211941,-0.0019618,0.1115686,-1.1817,0.0013502,-0.0455385,-2.889681,-0.0033952,0.0399585,13
MB,10,3402,FRAX,NIG,NA,-1.956892,-0.0016622,0.0523819,-1.967069,1.683e-4,0.0669219,-3.11579,-0.0031197,0.1094074,222
MB,10,3403,FRAX,PEN,NA,-1.956892,-0.0016622,0.0523819,-1.967069,1.683e-4,0.0669219,-3.11579,-0.0031197,0.1094074,222
MB,10,3500,SALI,SPP,NA,-1.749271,-0.0011443,-0.0385082,-2.368783,3.223e-4,0.2192045,-1.433405,-0.0013944,-0.2984636,1479
MB,15,101,PICE,MAR,NA,-1.744836,1.64e-5,-0.045652,-1.070055,-0.0014322,-0.1659712,-0.6126567,-9.48e-4,-0.2907588,1182
MB,15,103,PICE,ABI,NA,-1.401168,0.0014742,-0.151224,-0.7232708,0.0010141,-0.2478244,-0.131813,-7.028e-4,-0.401185,182
MB,15,105,PICE,GLA,NA,-1.401168,0.0014742,-0.151224,-0.7232708,0.0010141,-0.2478244,-0.131813,-7.028e-4,-0.401185,182
MB,15,203,PINU,BAN,NA,-2.111897,-3.398e-4,-0.040599,-0.4665613,-4.263e-4,-0.3407016,-1.211143,-3.894e-4,-0.2729337,1154
MB,15,302,ABIE,BAL,NA,-1.671886,-2.512e-4,-0.0080862,-0.8571045,0.0014477,-0.2527275,-0.6683693,-0.0030847,-0.2447528,254
MB,15,602,LARI,LAR,NA,-2.200225,-0.0012317,0.0208564,-1.874419,-0.0061411,0.1357377,-1.723543,-0.0039886,-0.0527991,349
MB,15,1100,GENC,SPP,NA,-1.744836,1.64e-5,-0.045652,-1.070055,-0.0014322,-0.1659712,-0.6126567,-9.48e-4,-0.2907588,1182
MB,15,1200,POPU,SPP,NA,-1.272288,5.062e-4,-0.085909,-1.048149,4.709e-4,-0.1711201,-0.9596301,-4.234e-4,-0.3826086,625
MB,15,1201,POPU,TRE,NA,-1.272288,5.062e-4,-0.085909,-1.048149,4.709e-4,-0.1711201,-0.9596301,-4.234e-4,-0.3826086,625
MB,15,1203,POPU,BAL,NA,-1.272288,5.062e-4,-0.085909,-1.048149,4.709e-4,-0.1711201,-0.9596301,-4.234e-4,-0.3826086,625
MB,15,1203,POPU,BAL,BAL,-1.272288,5.062e-4,-0.085909,-1.048149,4.709e-4,-0.1711201,-0.9596301,-4.234e-4,-0.3826086,625
MB,15,1203,POPU,BAL,GLA,-1.272288,5.062e-4,-0.085909,-1.048149,4.709e-4,-0.1711201,-0.9596301,-4.234e-4,-0.3826086,625
MB,15,1206,POPU,GRA,NA,-1.272288,5.062e-4,-0.085909,-1.048149,4.709e-4,-0.1711201,-0.9596301,-4.234e-4,-0.3826086,625
MB,15,1303,BETU,PAP,NA,-2.369852,-0.0029595,0.2123244,0.7544854,0.0059647,-0.6083887,-1.439911,4.414e-4,-0.2950217,82
MB,15,1303,BETU,PAP,PAP,-2.369852,-0.0029595,0.2123244,0.7544854,0.0059647,-0.6083887,-1.439911,4.414e-4,-0.2950217,82
MB,15,1308,BETU,PAP,NEO,-2.369852,-0.0029595,0.2123244,0.7544854,0.0059647,-0.6083887,-1.439911,4.414e-4,-0.2950217,82
NB,6,3402,FRAX,NIG,NA,-1.956892,-0.0016622,0.0523819,-1.967069,1.683e-4,0.0669219,-3.11579,-0.0031197,0.1094074,222
NB,7,100,PICE,SPP,NA,-0.8240696,-9.35e-5,-0.1489949,-2.45204,0.0013232,0.2645496,-1.948911,-0.0043561,0.1360187,360
NB,7,101,PICE,MAR,NA,-1.060811,0.0018982,-0.2197191,0.5271643,0.0021359,-0.3321816,1.624756,0.0037733,-0.7120771,651
NB,7,102,PICE,RUB,NA,-0.8240696,-9.35e-5,-0.1489949,-2.45204,0.0013232,0.2645496,-1.948911,-0.0043561,0.1360187,360
NB,7,103,PICE,ABI,NA,-1.414538,0.0015492,-0.140112,2.410765,0.0113322,-0.9404867,2.191969,0.0065964,-0.9410399,132
NB,7,105,PICE,GLA,NA,-1.414538,0.0015492,-0.140112,2.410765,0.0113322,-0.9404867,2.191969,0.0065964,-0.9410399,132
NB,7,107,PICE,MAR,RUB,-0.8240696,-9.35e-5,-0.1489949,-2.45204,0.0013232,0.2645496,-1.948911,-0.0043561,0.1360187,360
NB,7,108,PICE,RUB,GLA,-1.414538,0.0015492,-0.140112,2.410765,0.0113322,-0.9404867,2.191969,0.0065964,-0.9410399,132
NB,7,200,PINU,SPP,NA,-1.462987,5.264e-4,-0.1782554,-0.5966815,0.0017196,-0.186553,-0.4486615,0.0018694,-0.395636,226
NB,7,202,PINU,STR,NA,-0.7640986,0.0010614,-0.2104977,1.15772,0.0153698,-0.6935846,2.943323,0.0190634,-1.357747,14
NB,7,203,PINU,BAN,NA,-1.462987,5.264e-4,-0.1782554,-0.5966815,0.0017196,-0.186553,-0.4486615,0.0018694,-0.395636,226
NB,7,209,PINU,RES,NA,-1.94619,-7.42e-5,0.0082177,-0.6838985,0.0088457,-0.1757159,0.1851038,0.0065107,-0.5096555,11
NB,7,302,ABIE,BAL,NA,-0.8862865,5.354e-4,-0.1535256,-1.104239,8.132e-4,-0.004833,0.4503655,0.0017643,-0.4993429,643
NB,7,401,TSUG,CAN,NA,-1.914027,-5.662e-4,0.0194286,-0.956465,0.0010015,-0.1148301,-2.584989,-0.0023443,0.1077608,106
NB,7,601,LARI,DEC,NA,0.8427805,0.0094375,-0.8453988,-4.119326,-0.0066586,0.8224257,-0.4763863,0.0084569,-0.5780273,11
NB,7,602,LARI,LAR,NA,0.8427805,0.0094375,-0.8453988,-4.119326,-0.0066586,0.8224257,-0.4763863,0.0084569,-0.5780273,11
NB,7,605,LARI,KAE,NA,0.8427805,0.0094375,-0.8453988,-4.119326,-0.0066586,0.8224257,-0.4763863,0.0084569,-0.5780273,11
NB,7,701,THUJ,OCC,NA,-1.88729,-0.002143,0.0874457,-0.2321675,0.0011272,-0.2099988,-0.620513,0.0020048,-0.2778926,46
NB,7,801,JUNI,VIR,NA,-1.88729,-0.002143,0.0874457,-0.2321675,0.0011272,-0.2099988,-0.620513,0.0020048,-0.2778926,46
NB,7,1100,GENC,SPP,NA,-1.414538,0.0015492,-0.140112,2.410765,0.0113322,-0.9404867,2.191969,0.0065964,-0.9410399,132
NB,7,1150,UNKN,SPP,NA,-1.414538,0.0015492,-0.140112,2.410765,0.0113322,-0.9404867,2.191969,0.0065964,-0.9410399,132
NB,7,1200,POPU,SPP,NA,-0.4677108,5.731e-4,-0.2363899,-3.550312,-0.0011335,0.5150057,-0.6630056,1.748e-4,-0.4041035,207
NB,7,1201,POPU,TRE,NA,-0.4677108,5.731e-4,-0.2363899,-3.550312,-0.0011335,0.5150057,-0.6630056,1.748e-4,-0.4041035,207
NB,7,1203,POPU,BAL,NA,1.475832,0.0054133,-0.7597896,-2.072917,0.002585,0.1478425,0.0806179,-0.0033747,-0.4150642,6
NB,7,1203,POPU,BAL,BAL,1.475832,0.0054133,-0.7597896,-2.072917,0.002585,0.1478425,0.0806179,-0.0033747,-0.4150642,6
NB,7,1203,POPU,BAL,GLA,1.475832,0.0054133,-0.7597896,-2.072917,0.002585,0.1478425,0.0806179,-0.0033747,-0.4150642,6
NB,7,1206,POPU,GRA,NA,0.2314782,0.0034607,-0.4307062,-1.891078,-0.0016991,0.1916452,-1.215493,2.442e-4,-0.2886688,13
NB,7,1300,BETU,SPP,NA,-0.7365602,3.083e-4,-0.2000176,-2.917985,-5.398e-4,0.4100278,-1.07346,2.026e-4,-0.2638859,115
NB,7,1301,BETU,ALL,NA,-1.460562,0.0011504,-0.0674947,0.8711237,0.0035041,-0.3774709,0.4772279,0.0021555,-0.6386839,53
NB,7,1303,BETU,PAP,NA,-0.7365602,3.083e-4,-0.2000176,-2.917985,-5.398e-4,0.4100278,-1.07346,2.026e-4,-0.2638859,115
NB,7,1303,BETU,PAP,PAP,-0.7365602,3.083e-4,-0.2000176,-2.917985,-5.398e-4,0.4100278,-1.07346,2.026e-4,-0.2638859,115
NB,7,1304,BETU,POP,NA,-1.259257,4.039e-4,-0.0821152,-3.804348,-0.0093638,0.7468157,-2.869676,-0.0015552,0.2148104,6
NB,7,1400,ACER,SPP,NA,-1.054316,3.609e-4,-0.1369941,-1.765852,6.98e-5,0.1681667,-0.5563722,0.001111,-0.4309116,154
NB,7,1401,ACER,SAH,NA,-1.489794,0.0018065,-0.0179776,-1.652753,-0.0048081,0.3899685,-1.415509,-0.0038667,-0.1119655,150
NB,7,1405,ACER,RUB,NA,-1.054316,3.609e-4,-0.1369941,-1.765852,6.98e-5,0.1681667,-0.5563722,0.001111,-0.4309116,154
NB,7,1406,ACER,SAC,NA,-1.698245,6.173e-4,-0.0957936,-1.066123,-0.0014838,0.0169609,-2.315215,-0.0031748,-0.062923,2280
NB,7,1410,ACER,PEN,NA,-1.860796,-0.0054469,0.0477605,-0.7874993,0.0063661,-0.2275177,-4.053348,-0.015636,0.5776978,12
NB,7,1411,ACER,SPI,NA,-1.860796,-0.0054469,0.0477605,-0.7874993,0.0063661,-0.2275177,-4.053348,-0.015636,0.5776978,12
NB,7,1500,GENH,SPP,NA,-1.379947,0.0017943,-0.1581053,-0.3168232,0.0020867,-0.1174069,-2.554982,-0.0046908,0.1183297,49
NB,7,1550,GENH,SPP,NA,-1.379947,0.0017943,-0.1581053,-0.3168232,0.0020867,-0.1174069,-2.554982,-0.0046908,0.1183297,49
NB,7,1800,ALNU,SPP,NA,-0.0485002,0.0465088,-1.138681,-2.565204,-0.0138446,0.3408205,5.726128,0.2168385,-4.304212,5
NB,7,1803,ALNU,VIR,CRI,-0.0485002,0.0465088,-1.138681,-2.565204,-0.0138446,0.3408205,5.726128,0.2168385,-4.304212,5
NB,7,1805,ALNU,INC,RUG,-0.0485002,0.0465088,-1.138681,-2.565204,-0.0138446,0.3408205,5.726128,0.2168385,-4.304212,5
NB,7,1805,ALNU,INC,NA,-0.0485002,0.0465088,-1.138681,-2.565204,-0.0138446,0.3408205,5.726128,0.2168385,-4.304212,5
NB,7,1806,ALNU,RUG,NA,-0.0485002,0.0465088,-1.138681,-2.565204,-0.0138446,0.3408205,5.726128,0.2168385,-4.304212,5
NB,7,1900,OSTR,VIR,NA,-1.86657,-0.0012262,0.0211151,-1.126916,0.0034786,-0.1099952,-2.812416,-0.0024846,0.0861479,17
NB,7,1900,OSTR,SPP,NA,-1.86657,-0.0012262,0.0211151,-1.126916,0.0034786,-0.1099952,-2.812416,-0.0024846,0.0861479,17
NB,7,1950,CARP,CAR,NA,-1.86657,-0.0012262,0.0211151,-1.126916,0.0034786,-0.1099952,-2.812416,-0.0024846,0.0861479,17
NB,7,1950,CARP,SPP,NA,-1.86657,-0.0012262,0.0211151,-1.126916,0.0034786,-0.1099952,-2.812416,-0.0024846,0.0861479,17
NB,7,2000,FAGU,GRA,NA,-1.477867,0.0017467,-0.1372812,0.0140437,0.0023214,-0.1900678,-2.746912,-0.0045706,0.1529497,48
NB,7,2108,QUER,RUB,NA,-1.370146,-2.651e-4,-0.1202573,-1.634927,9.625e-4,0.0684885,-2.377792,-0.0021431,-0.0628063,333
NB,7,2201,ULMU,AME,NA,-1.960181,-1.57e-4,0.0062394,-1.685097,-0.0026884,0.107411,-2.625798,-6.915e-4,-0.0700522,36
NB,7,2801,PRUN,SER,NA,-0.9136366,-4.05e-4,-0.2057167,-1.215343,-6.6e-5,0.0513626,-1.744988,-0.001102,-0.1654228,88
NB,7,2802,PRUN,PEN,NA,-3.271034,-0.0029831,0.2710418,-2.105534,-0.0040267,0.2195515,-1.585413,0.0026618,-0.2390733,103
NB,7,3401,FRAX,AME,NA,-1.988719,6.2e-5,-0.0059678,-0.7092842,-0.0015358,-0.0547687,-2.352285,-0.0039737,0.0380209,17
NB,7,3402,FRAX,NIG,NA,-1.346504,2.56e-4,-0.1217589,-1.172177,5.395e-4,-0.0846967,-3.778368,-0.0080616,0.3446834,55
NB,7,3500,SALI,SPP,NA,-2.362535,-0.0177836,0.3824485,-0.4964444,0.0122599,-0.3744031,-4.363103,-0.0275435,0.8106149,28
NB,7,3930,MALU,SPP,NA,-6.375337,-0.0319474,1.470128,-3.630836,-0.016558,0.8267165,-1.025533,0.0086055,-0.4959393,12
NB,7,3930,MALU,FUS,NA,-6.375337,-0.0319474,1.470128,-3.630836,-0.016558,0.8267165,-1.025533,0.0086055,-0.4959393,12
NB,7,3930,MALU,COR,NA,-6.375337,-0.0319474,1.470128,-3.630836,-0.016558,0.8267165,-1.025533,0.0086055,-0.4959393,12
NB,7,3960,SORB,SPP,NA,-6.375337,-0.0319474,1.470128,-3.630836,-0.016558,0.8267165,-1.025533,0.0086055,-0.4959393,12
NB,7,3961,SORB,AME,NA,-6.375337,-0.0319474,1.470128,-3.630836,-0.016558,0.8267165,-1.025533,0.0086055,-0.4959393,12
NB,8,3402,FRAX,NIG,NA,-2.547238,-0.0046494,0.2493766,-1.350298,0.0012512,-0.0559126,-3.724916,-0.0079614,0.3289843,24
NL,1,100,PICE,SPP,NA,-1.155841,7.067e-4,-0.1619334,2.523291,0.0041948,-0.88121,3.708848,0.0037732,-1.04705,14
NL,1,101,PICE,MAR,NA,-0.9878907,2.446e-4,-0.1719748,0.7656823,0.0011331,-0.4463061,1.826846,-5.46e-4,-0.6336595,98
NL,1,105,PICE,GLA,NA,-1.155841,7.067e-4,-0.1619334,2.523291,0.0041948,-0.88121,3.708848,0.0037732,-1.04705,14
NL,1,302,ABIE,BAL,NA,-0.942205,0.0015879,-0.202301,0.4981855,0.0040297,-0.4479107,2.778911,9.919e-4,-0.8787223,45
NL,1,602,LARI,LAR,NA,-1.973109,-1.365e-4,-0.0374368,-1.269574,0.001621,-0.1486281,-1.700501,-0.0022482,-0.087371,288
NL,1,605,LARI,KAE,NA,-1.973109,-1.365e-4,-0.0374368,-1.269574,0.001621,-0.1486281,-1.700501,-0.0022482,-0.087371,288
NL,1,1100,GENC,SPP,NA,-1.155841,7.067e-4,-0.1619334,2.523291,0.0041948,-0.88121,3.708848,0.0037732,-1.04705,14
NL,1,1150,UNKN,SPP,NA,-1.155841,7.067e-4,-0.1619334,2.523291,0.0041948,-0.88121,3.708848,0.0037732,-1.04705,14
NL,1,1303,BETU,PAP,NA,-1.645543,-4.09e-5,-0.0118741,1.311352,0.0068459,-0.6946672,-1.420715,-0.0014245,-0.0114133,20
NL,1,1303,BETU,PAP,PAP,-1.645543,-4.09e-5,-0.0118741,1.311352,0.0068459,-0.6946672,-1.420715,-0.0014245,-0.0114133,20
NL,5,100,PICE,SPP,NA,-1.155841,7.067e-4,-0.1619334,2.523291,0.0041948,-0.88121,3.708848,0.0037732,-1.04705,14
NL,5,101,PICE,MAR,NA,-0.9878907,2.446e-4,-0.1719748,0.7656823,0.0011331,-0.4463061,1.826846,-5.46e-4,-0.6336595,98
NL,5,105,PICE,GLA,NA,-1.155841,7.067e-4,-0.1619334,2.523291,0.0041948,-0.88121,3.708848,0.0037732,-1.04705,14
NL,5,202,PINU,STR,NA,-1.801744,-3.685e-4,-0.0080958,-1.083892,0.0013546,-0.1295523,-0.6911709,7.238e-4,-0.3778888,1177
NL,5,203,PINU,BAN,NA,-1.88183,0.001027,-0.099342,-1.240573,0.0019301,-0.2045888,-1.684873,-0.0014913,-0.1173088,3708
NL,5,302,ABIE,BAL,NA,-0.942205,0.0015879,-0.202301,0.4981855,0.0040297,-0.4479107,2.778911,9.919e-4,-0.8787223,45
NL,5,602,LARI,LAR,NA,-1.973109,-1.365e-4,-0.0374368,-1.269574,0.001621,-0.1486281,-1.700501,-0.0022482,-0.087371,288
NL,5,605,LARI,KAE,NA,-1.973109,-1.365e-4,-0.0374368,-1.269574,0.001621,-0.1486281,-1.700501,-0.0022482,-0.087371,288
NL,5,1100,GENC,SPP,NA,-1.155841,7.067e-4,-0.1619334,2.523291,0.0041948,-0.88121,3.708848,0.0037732,-1.04705,14
NL,5,1150,UNKN,SPP,NA,-1.155841,7.067e-4,-0.1619334,2.523291,0.0041948,-0.88121,3.708848,0.0037732,-1.04705,14
NL,5,1200,POPU,SPP,NA,-1.37932,4.172e-4,-0.0680491,-1.483582,8.34e-5,-0.0542484,-1.904333,-0.0024228,-0.1233242,5489
NL,5,1201,POPU,TRE,NA,-1.37932,4.172e-4,-0.0680491,-1.483582,8.34e-5,-0.0542484,-1.904333,-0.0024228,-0.1233242,5489
NL,5,1203,POPU,BAL,NA,-1.310749,-1.971e-4,-0.0813754,-1.282354,5.31e-4,-0.0811786,-2.987716,-0.003323,0.0931182,159
NL,5,1203,POPU,BAL,BAL,-1.310749,-1.971e-4,-0.0813754,-1.282354,5.31e-4,-0.0811786,-2.987716,-0.003323,0.0931182,159
NL,5,1203,POPU,BAL,GLA,-1.310749,-1.971e-4,-0.0813754,-1.282354,5.31e-4,-0.0811786,-2.987716,-0.003323,0.0931182,159
NL,5,1301,BETU,ALL,NA,-1.920661,-3.859e-4,0.0107877,-0.8167759,0.0014608,-0.0825184,-2.29294,-0.0020529,-0.040132,3493
NL,5,1303,BETU,PAP,NA,-1.645543,-4.09e-5,-0.0118741,1.311352,0.0068459,-0.6946672,-1.420715,-0.0014245,-0.0114133,20
NL,5,1303,BETU,PAP,PAP,-1.645543,-4.09e-5,-0.0118741,1.311352,0.0068459,-0.6946672,-1.420715,-0.0014245,-0.0114133,20
NL,5,1400,ACER,SPP,NA,-2.067681,-0.0013622,0.0602617,-1.343886,8.95e-4,-0.0177576,-2.279679,-0.0026013,-0.0231588,1905
NL,5,1405,ACER,RUB,NA,-2.067681,-0.0013622,0.0602617,-1.343886,8.95e-4,-0.0177576,-2.279679,-0.0026013,-0.0231588,1905
NL,5,1500,GENH,SPP,NA,-1.749271,-0.0011443,-0.0385082,-2.368783,3.223e-4,0.2192045,-1.433405,-0.0013944,-0.2984636,1479
NL,5,1800,ALNU,SPP,NA,-0.0485002,0.0465088,-1.138681,-2.565204,-0.0138446,0.3408205,5.726128,0.2168385,-4.304212,5
NL,6,100,PICE,SPP,NA,-1.155841,7.067e-4,-0.1619334,2.523291,0.0041948,-0.88121,3.708848,0.0037732,-1.04705,14
NL,6,101,PICE,MAR,NA,-1.483188,-2.76e-5,-0.0701797,0.0517925,-6.016e-4,-0.2547508,1.311189,-7.845e-4,-0.4651345,408
NL,6,105,PICE,GLA,NA,-1.155841,7.067e-4,-0.1619334,2.523291,0.0041948,-0.88121,3.708848,0.0037732,-1.04705,14
NL,6,202,PINU,STR,NA,-1.801744,-3.685e-4,-0.0080958,-1.083892,0.0013546,-0.1295523,-0.6911709,7.238e-4,-0.3778888,1177
NL,6,203,PINU,BAN,NA,-1.88183,0.001027,-0.099342,-1.240573,0.0019301,-0.2045888,-1.684873,-0.0014913,-0.1173088,3708
NL,6,209,PINU,RES,NA,-2.350189,-0.0013519,0.0800935,-1.0028030000000001,3.557e-4,-0.1536349,-0.019501,0.0027642,-0.524469,171
NL,6,302,ABIE,BAL,NA,-1.685542,-1.705e-4,3.324e-4,1.037361,0.0019263,-0.5334373,2.616122,0.0020738,-0.8102694,486
NL,6,602,LARI,LAR,NA,-1.973109,-1.365e-4,-0.0374368,-1.269574,0.001621,-0.1486281,-1.700501,-0.0022482,-0.087371,288
NL,6,605,LARI,KAE,NA,-1.973109,-1.365e-4,-0.0374368,-1.269574,0.001621,-0.1486281,-1.700501,-0.0022482,-0.087371,288
NL,6,1100,GENC,SPP,NA,-1.155841,7.067e-4,-0.1619334,2.523291,0.0041948,-0.88121,3.708848,0.0037732,-1.04705,14
NL,6,1150,UNKN,SPP,NA,-1.155841,7.067e-4,-0.1619334,2.523291,0.0041948,-0.88121,3.708848,0.0037732,-1.04705,14
NL,6,1200,POPU,SPP,NA,-1.37932,4.172e-4,-0.0680491,-1.483582,8.34e-5,-0.0542484,-1.904333,-0.0024228,-0.1233242,5489
NL,6,1201,POPU,TRE,NA,-1.37932,4.172e-4,-0.0680491,-1.483582,8.34e-5,-0.0542484,-1.904333,-0.0024228,-0.1233242,5489
NL,6,1203,POPU,BAL,NA,-1.310749,-1.971e-4,-0.0813754,-1.282354,5.31e-4,-0.0811786,-2.987716,-0.003323,0.0931182,159
NL,6,1203,POPU,BAL,BAL,-1.310749,-1.971e-4,-0.0813754,-1.282354,5.31e-4,-0.0811786,-2.987716,-0.003323,0.0931182,159
NL,6,1203,POPU,BAL,GLA,-1.310749,-1.971e-4,-0.0813754,-1.282354,5.31e-4,-0.0811786,-2.987716,-0.003323,0.0931182,159
NL,6,1301,BETU,ALL,NA,-1.920661,-3.859e-4,0.0107877,-0.8167759,0.0014608,-0.0825184,-2.29294,-0.0020529,-0.040132,3493
NL,6,1303,BETU,PAP,NA,-1.645543,-4.09e-5,-0.0118741,1.311352,0.0068459,-0.6946672,-1.420715,-0.0014245,-0.0114133,20
NL,6,1303,BETU,PAP,PAP,-1.645543,-4.09e-5,-0.0118741,1.311352,0.0068459,-0.6946672,-1.420715,-0.0014245,-0.0114133,20
NL,6,1400,ACER,SPP,NA,-2.067681,-0.0013622,0.0602617,-1.343886,8.95e-4,-0.0177576,-2.279679,-0.0026013,-0.0231588,1905
NL,6,1405,ACER,RUB,NA,-2.067681,-0.0013622,0.0602617,-1.343886,8.95e-4,-0.0177576,-2.279679,-0.0026013,-0.0231588,1905
NL,6,1500,GENH,SPP,NA,-1.749271,-0.0011443,-0.0385082,-2.368783,3.223e-4,0.2192045,-1.433405,-0.0013944,-0.2984636,1479
NL,6,1800,ALNU,SPP,NA,-0.0485002,0.0465088,-1.138681,-2.565204,-0.0138446,0.3408205,5.726128,0.2168385,-4.304212,5
NL,6,1803,ALNU,VIR,CRI,-0.0485002,0.0465088,-1.138681,-2.565204,-0.0138446,0.3408205,5.726128,0.2168385,-4.304212,5
NL,6,1804,ALNU,INC,TEN,-0.0485002,0.0465088,-1.138681,-2.565204,-0.0138446,0.3408205,5.726128,0.2168385,-4.304212,5
NL,6,1804,ALNU,INC,NA,-0.0485002,0.0465088,-1.138681,-2.565204,-0.0138446,0.3408205,5.726128,0.2168385,-4.304212,5
NL,6,1805,ALNU,INC,RUG,-0.0485002,0.0465088,-1.138681,-2.565204,-0.0138446,0.3408205,5.726128,0.2168385,-4.304212,5
NL,6,1805,ALNU,INC,NA,-0.0485002,0.0465088,-1.138681,-2.565204,-0.0138446,0.3408205,5.726128,0.2168385,-4.304212,5
NL,6,3500,SALI,SPP,NA,-1.450118,-9.695e-4,-0.0052529,-1.647646,-0.0023226,0.0275494,-2.167719,-0.0033551,-0.0739145,111
NL,7,1410,ACER,PEN,NA,-1.860796,-0.0054469,0.0477605,-0.7874993,0.0063661,-0.2275177,-4.053348,-0.015636,0.5776978,12
NL,7,1411,ACER,SPI,NA,-1.860796,-0.0054469,0.0477605,-0.7874993,0.0063661,-0.2275177,-4.053348,-0.015636,0.5776978,12
NL,7,1800,ALNU,SPP,NA,-0.0485002,0.0465088,-1.138681,-2.565204,-0.0138446,0.3408205,5.726128,0.2168385,-4.304212,5
NL,7,1805,ALNU,INC,RUG,-0.0485002,0.0465088,-1.138681,-2.565204,-0.0138446,0.3408205,5.726128,0.2168385,-4.304212,5
NL,7,1805,ALNU,INC,NA,-0.0485002,0.0465088,-1.138681,-2.565204,-0.0138446,0.3408205,5.726128,0.2168385,-4.304212,5
NL,7,1900,OSTR,VIR,NA,-1.86657,-0.0012262,0.0211151,-1.126916,0.0034786,-0.1099952,-2.812416,-0.0024846,0.0861479,17
NL,7,1900,OSTR,SPP,NA,-1.86657,-0.0012262,0.0211151,-1.126916,0.0034786,-0.1099952,-2.812416,-0.0024846,0.0861479,17
NL,7,1950,CARP,CAR,NA,-1.86657,-0.0012262,0.0211151,-1.126916,0.0034786,-0.1099952,-2.812416,-0.0024846,0.0861479,17
NL,7,1950,CARP,SPP,NA,-1.86657,-0.0012262,0.0211151,-1.126916,0.0034786,-0.1099952,-2.812416,-0.0024846,0.0861479,17
NS,7,100,PICE,SPP,NA,-1.878346,1.98e-5,-0.0241937,1.066465,0.0023511,-0.538392,-0.0230124,1.01e-5,-0.3969917,229
NS,7,101,PICE,MAR,NA,-1.822556,-0.0010719,1.363e-4,0.2218558,-7.53e-5,-0.2823683,-0.3496169,-0.0017644,-0.2587376,304
NS,7,102,PICE,RUB,NA,-0.6488306,2.827e-4,-0.2530283,-0.8509619,0.0017373,-0.1682365,-0.7104244,1.315e-4,-0.2977086,572
NS,7,103,PICE,ABI,NA,-1.420396,0.0038043,-0.2535663,-0.8691944,0.0063638,-0.3691834,-1.8041,0.005729,-0.2070539,6
NS,7,105,PICE,GLA,NA,-1.878346,1.98e-5,-0.0241937,1.066465,0.0023511,-0.538392,-0.0230124,1.01e-5,-0.3969917,229
NS,7,106,PICE,SIT,NA,-1.878346,1.98e-5,-0.0241937,1.066465,0.0023511,-0.538392,-0.0230124,1.01e-5,-0.3969917,229
NS,7,106,PICE,SIT,X,-1.878346,1.98e-5,-0.0241937,1.066465,0.0023511,-0.538392,-0.0230124,1.01e-5,-0.3969917,229
NS,7,107,PICE,MAR,RUB,-0.6488306,2.827e-4,-0.2530283,-0.8509619,0.0017373,-0.1682365,-0.7104244,1.315e-4,-0.2977086,572
NS,7,202,PINU,STR,NA,-1.305559,-2.124e-4,-0.0933549,0.8597719,0.0026033,-0.4704883,0.3463171,0.0018432,-0.5446571,175
NS,7,203,PINU,BAN,NA,-1.689559,0.0012173,-0.1698799,-0.0235407,5.833e-4,-0.3006888,-1.36907,-0.002153,-0.1613505,7
NS,7,209,PINU,RES,NA,-1.390853,1.525e-4,-0.1462696,1.98314,0.0047516,-0.7633365,0.7909678,0.0028741,-0.6448554,16
NS,7,211,PINU,SYL,NA,-1.390853,1.525e-4,-0.1462696,1.98314,0.0047516,-0.7633365,0.7909678,0.0028741,-0.6448554,16
NS,7,302,ABIE,BAL,NA,-0.8757808,6.549e-4,-0.1836533,0.6405092,0.0030875,-0.4310724,0.0888418,4.96e-5,-0.4256101,821
NS,7,401,TSUG,CAN,NA,-0.9675719,3.349e-4,-0.1787302,-0.5416204,6.507e-4,-0.1645048,-0.8510159,2.865e-4,-0.2665894,52
NS,7,601,LARI,DEC,NA,-2.062346,-0.0016407,0.0406044,-0.7371284,-0.0044915,9.423e-4,-1.673636,-0.0045182,-0.053715,54
NS,7,602,LARI,LAR,NA,-2.062346,-0.0016407,0.0406044,-0.7371284,-0.0044915,9.423e-4,-1.673636,-0.0045182,-0.053715,54
NS,7,701,THUJ,OCC,NA,1.770854,0.0080617,-0.9247543,4.086828,0.0127811,-1.425102,0.1276531,0.0059827,-0.4833059,21
NS,7,801,JUNI,VIR,NA,1.770854,0.0080617,-0.9247543,4.086828,0.0127811,-1.425102,0.1276531,0.0059827,-0.4833059,21
NS,7,1100,GENC,SPP,NA,-1.298354,-3.151e-4,-0.0998041,0.6082638,0.0022185,-0.4451371,0.0480087,4.505e-4,-0.421455,1649
NS,7,1150,UNKN,SPP,NA,-1.298354,-3.151e-4,-0.0998041,0.6082638,0.0022185,-0.4451371,0.0480087,4.505e-4,-0.421455,1649
NS,7,1200,POPU,SPP,NA,-1.446841,-0.0016259,-8.817e-4,-1.366583,2.767e-4,0.0048547,-2.741556,-0.0017144,0.0267488,57
NS,7,1201,POPU,TRE,NA,-1.446841,-0.0016259,-8.817e-4,-1.366583,2.767e-4,0.0048547,-2.741556,-0.0017144,0.0267488,57
NS,7,1203,POPU,BAL,NA,-1.446841,-0.0016259,-8.817e-4,-1.366583,2.767e-4,0.0048547,-2.741556,-0.0017144,0.0267488,57
NS,7,1203,POPU,BAL,BAL,-1.446841,-0.0016259,-8.817e-4,-1.366583,2.767e-4,0.0048547,-2.741556,-0.0017144,0.0267488,57
NS,7,1203,POPU,BAL,GLA,-1.446841,-0.0016259,-8.817e-4,-1.366583,2.767e-4,0.0048547,-2.741556,-0.0017144,0.0267488,57
NS,7,1206,POPU,GRA,NA,-0.6979907,-3.346e-4,-0.1385897,-0.7548366,0.0010305,-0.1639645,-1.337487,-4.02e-5,-0.2902839,28
NS,7,1300,BETU,SPP,NA,-1.369125,1.521e-4,-0.0979538,0.2435059,0.0023564,-0.315714,-1.820243,2.553e-4,-0.1528156,99
NS,7,1301,BETU,ALL,NA,-1.261346,5.983e-4,-0.1171611,0.3070957,0.0010201,-0.2216665,-1.373956,-4.209e-4,-0.2393557,121
NS,7,1303,BETU,PAP,NA,-1.369125,1.521e-4,-0.0979538,0.2435059,0.0023564,-0.315714,-1.820243,2.553e-4,-0.1528156,99
NS,7,1303,BETU,PAP,PAP,-1.369125,1.521e-4,-0.0979538,0.2435059,0.0023564,-0.315714,-1.820243,2.553e-4,-0.1528156,99
NS,7,1304,BETU,POP,NA,-1.824825,-0.0059461,0.0995376,-1.231414,-8.108e-4,-0.0234321,-2.630382,-0.0101545,0.1068675,8
NS,7,1400,ACER,SPP,NA,-1.012723,2.507e-4,-0.1758581,-0.6218091,5.113e-4,-0.1210039,-2.142772,-0.001357,-0.0646439,500
NS,7,1401,ACER,SAH,NA,-0.6737432,0.0015445,-0.3042246,1.181691,0.0016996,-0.4834889,-0.2971247,0.0011933,-0.5514449,122
NS,7,1405,ACER,RUB,NA,-1.012723,2.507e-4,-0.1758581,-0.6218091,5.113e-4,-0.1210039,-2.142772,-0.001357,-0.0646439,500
NS,7,1406,ACER,SAC,NA,-1.698245,6.173e-4,-0.0957936,-1.066123,-0.0014838,0.0169609,-2.315215,-0.0031748,-0.062923,2280
NS,7,1410,ACER,PEN,NA,-1.860796,-0.0054469,0.0477605,-0.7874993,0.0063661,-0.2275177,-4.053348,-0.015636,0.5776978,12
NS,7,1411,ACER,SPI,NA,-1.860796,-0.0054469,0.0477605,-0.7874993,0.0063661,-0.2275177,-4.053348,-0.015636,0.5776978,12
NS,7,1500,GENH,SPP,NA,-0.9136366,-4.05e-4,-0.2057167,-1.215343,-6.6e-5,0.0513626,-1.744988,-0.001102,-0.1654228,88
NS,7,1550,GENH,SPP,NA,-0.9136366,-4.05e-4,-0.2057167,-1.215343,-6.6e-5,0.0513626,-1.744988,-0.001102,-0.1654228,88
NS,7,1800,ALNU,SPP,NA,-0.0485002,0.0465088,-1.138681,-2.565204,-0.0138446,0.3408205,5.726128,0.2168385,-4.304212,5
NS,7,1803,ALNU,VIR,CRI,-0.0485002,0.0465088,-1.138681,-2.565204,-0.0138446,0.3408205,5.726128,0.2168385,-4.304212,5
NS,7,1805,ALNU,INC,RUG,-0.0485002,0.0465088,-1.138681,-2.565204,-0.0138446,0.3408205,5.726128,0.2168385,-4.304212,5
NS,7,1805,ALNU,INC,NA,-0.0485002,0.0465088,-1.138681,-2.565204,-0.0138446,0.3408205,5.726128,0.2168385,-4.304212,5
NS,7,1900,OSTR,VIR,NA,-1.86657,-0.0012262,0.0211151,-1.126916,0.0034786,-0.1099952,-2.812416,-0.0024846,0.0861479,17
NS,7,1900,OSTR,SPP,NA,-1.86657,-0.0012262,0.0211151,-1.126916,0.0034786,-0.1099952,-2.812416,-0.0024846,0.0861479,17
NS,7,1950,CARP,CAR,NA,-1.86657,-0.0012262,0.0211151,-1.126916,0.0034786,-0.1099952,-2.812416,-0.0024846,0.0861479,17
NS,7,1950,CARP,SPP,NA,-1.86657,-0.0012262,0.0211151,-1.126916,0.0034786,-0.1099952,-2.812416,-0.0024846,0.0861479,17
NS,7,2000,FAGU,GRA,NA,-2.121544,-6.098e-4,0.0065947,-0.6135299,1.218e-4,-0.0595046,-2.336418,-0.0012595,-0.0529051,41
NS,7,2100,QUER,SPP,NA,-0.6101463,0.0010592,-0.2327788,-1.369442,-8.155e-4,0.0793151,-1.519967,-8.53e-4,-0.209495,27
NS,7,2108,QUER,RUB,NA,-0.6101463,0.0010592,-0.2327788,-1.369442,-8.155e-4,0.0793151,-1.519967,-8.53e-4,-0.209495,27
NS,7,2201,ULMU,AME,NA,-4.029065,-0.0050984,0.6120456,-0.8918992,-0.0010327,-0.0025851,-5.536076,-0.0063403,0.8449811,5
NS,7,2801,PRUN,SER,NA,-0.9136366,-4.05e-4,-0.2057167,-1.215343,-6.6e-5,0.0513626,-1.744988,-0.001102,-0.1654228,88
NS,7,2802,PRUN,PEN,NA,-3.271034,-0.0029831,0.2710418,-2.105534,-0.0040267,0.2195515,-1.585413,0.0026618,-0.2390733,103
NS,7,2804,PRUN,VIR,NA,-0.9136366,-4.05e-4,-0.2057167,-1.215343,-6.6e-5,0.0513626,-1.744988,-0.001102,-0.1654228,88
NS,7,2804,PRUN,VIR,VIR,-0.9136366,-4.05e-4,-0.2057167,-1.215343,-6.6e-5,0.0513626,-1.744988,-0.001102,-0.1654228,88
NS,7,3400,FRAX,SPP,NA,-1.988719,6.2e-5,-0.0059678,-0.7092842,-0.0015358,-0.0547687,-2.352285,-0.0039737,0.0380209,17
NS,7,3401,FRAX,AME,NA,-1.988719,6.2e-5,-0.0059678,-0.7092842,-0.0015358,-0.0547687,-2.352285,-0.0039737,0.0380209,17
NS,7,3402,FRAX,NIG,NA,-1.988719,6.2e-5,-0.0059678,-0.7092842,-0.0015358,-0.0547687,-2.352285,-0.0039737,0.0380209,17
NS,7,3930,MALU,SPP,NA,-6.375337,-0.0319474,1.470128,-3.630836,-0.016558,0.8267165,-1.025533,0.0086055,-0.4959393,12
NS,7,3930,MALU,FUS,NA,-6.375337,-0.0319474,1.470128,-3.630836,-0.016558,0.8267165,-1.025533,0.0086055,-0.4959393,12
NS,7,3930,MALU,COR,NA,-6.375337,-0.0319474,1.470128,-3.630836,-0.016558,0.8267165,-1.025533,0.0086055,-0.4959393,12
NS,7,3960,SORB,SPP,NA,-6.375337,-0.0319474,1.470128,-3.630836,-0.016558,0.8267165,-1.025533,0.0086055,-0.4959393,12
NT,2,100,PICE,SPP,NA,-1.416816,-0.001571,-0.0417351,-1.040304,-0.0043247,-0.0041104,-1.383638,-0.0048273,0.0059145,119
NT,2,101,PICE,MAR,NA,-0.7138494,0.0019421,-0.2815025,0.48296,0.0026757,-0.5943286,0.6301919,0.0045207,-0.6991895,20
NT,2,105,PICE,GLA,NA,-1.416816,-0.001571,-0.0417351,-1.040304,-0.0043247,-0.0041104,-1.383638,-0.0048273,0.0059145,119
NT,2,203,PINU,BAN,NA,-2.637024,-0.0041939,0.1881847,-1.359695,-0.0044346,-0.0570025,-3.478255,-0.0084092,0.402264,82
NT,2,204,PINU,CON,NA,-2.637024,-0.0041939,0.1881847,-1.359695,-0.0044346,-0.0570025,-3.478255,-0.0084092,0.402264,82
NT,2,204,PINU,CON,LAT,-2.637024,-0.0041939,0.1881847,-1.359695,-0.0044346,-0.0570025,-3.478255,-0.0084092,0.402264,82
NT,3,100,PICE,SPP,NA,-1.416816,-0.001571,-0.0417351,-1.040304,-0.0043247,-0.0041104,-1.383638,-0.0048273,0.0059145,119
NT,3,101,PICE,MAR,NA,-0.7138494,0.0019421,-0.2815025,0.48296,0.0026757,-0.5943286,0.6301919,0.0045207,-0.6991895,20
NT,3,105,PICE,GLA,NA,-1.416816,-0.001571,-0.0417351,-1.040304,-0.0043247,-0.0041104,-1.383638,-0.0048273,0.0059145,119
NT,3,203,PINU,BAN,NA,-2.637024,-0.0041939,0.1881847,-1.359695,-0.0044346,-0.0570025,-3.478255,-0.0084092,0.402264,82
NT,3,204,PINU,CON,NA,-2.637024,-0.0041939,0.1881847,-1.359695,-0.0044346,-0.0570025,-3.478255,-0.0084092,0.402264,82
NT,3,204,PINU,CON,LAT,-2.637024,-0.0041939,0.1881847,-1.359695,-0.0044346,-0.0570025,-3.478255,-0.0084092,0.402264,82
NT,3,300,ABIE,SPP,NA,-1.000371,0.0019237,-0.2422341,1.020285,0.0030838,-0.6019995,0.3282367,0.0026063,-0.554543,38
NT,3,304,ABIE,LAS,NA,-1.405719,-0.0013823,-0.0501064,-0.9660167,-0.0032,-0.0569789,-1.266784,-0.0038565,-0.0492027,139
NT,3,602,LARI,LAR,NA,-2.637024,-0.0041939,0.1881847,-1.359695,-0.0044346,-0.0570025,-3.478255,-0.0084092,0.402264,82
NT,3,1201,POPU,TRE,NA,-0.5172011,0.0021904,-0.2859109,2.004177,0.0122856,-1.062437,3.900256,0.0138782,-1.781866,19
NT,3,1203,POPU,BAL,NA,-0.5172011,0.0021904,-0.2859109,2.004177,0.0122856,-1.062437,3.900256,0.0138782,-1.781866,19
NT,3,1203,POPU,BAL,BAL,-0.5172011,0.0021904,-0.2859109,2.004177,0.0122856,-1.062437,3.900256,0.0138782,-1.781866,19
NT,3,1203,POPU,BAL,GLA,-0.5172011,0.0021904,-0.2859109,2.004177,0.0122856,-1.062437,3.900256,0.0138782,-1.781866,19
NT,3,1300,BETU,SPP,NA,0.6017257,0.0027172,-0.5733871,-7.208304,-0.0217154,1.67497,-3.020837,0.0064431,-0.0730317,4
NT,3,1303,BETU,PAP,NA,-0.5172011,0.0021904,-0.2859109,2.004177,0.0122856,-1.062437,3.900256,0.0138782,-1.781866,19
NT,3,1303,BETU,PAP,PAP,-0.5172011,0.0021904,-0.2859109,2.004177,0.0122856,-1.062437,3.900256,0.0138782,-1.781866,19
NT,3,1308,BETU,PAP,NEO,-0.5172011,0.0021904,-0.2859109,2.004177,0.0122856,-1.062437,3.900256,0.0138782,-1.781866,19
NT,4,100,PICE,SPP,NA,-1.160204,0.0020397,-0.1978951,-0.6150069,3.306e-4,-0.3944812,-1.908651,-0.0034183,-0.0177869,28
NT,4,101,PICE,MAR,NA,-1.219834,0.0050389,-0.2082273,-1.214487,0.0039,-0.3605817,-0.7493201,0.0075396,-0.426284,31
NT,4,105,PICE,GLA,NA,-1.160204,0.0020397,-0.1978951,-0.6150069,3.306e-4,-0.3944812,-1.908651,-0.0034183,-0.0177869,28
NT,4,203,PINU,BAN,NA,10.31687,0.0242875,-3.206051,-15.23638,-0.0308422,3.47312,3.299958,0.0096525,-1.489882,9
NT,4,204,PINU,CON,NA,10.31687,0.0242875,-3.206051,-15.23638,-0.0308422,3.47312,3.299958,0.0096525,-1.489882,9
NT,4,204,PINU,CON,LAT,10.31687,0.0242875,-3.206051,-15.23638,-0.0308422,3.47312,3.299958,0.0096525,-1.489882,9
NT,4,216,PINU,MUR,NA,10.31687,0.0242875,-3.206051,-15.23638,-0.0308422,3.47312,3.299958,0.0096525,-1.489882,9
NT,4,300,ABIE,SPP,NA,-1.000371,0.0019237,-0.2422341,1.020285,0.0030838,-0.6019995,0.3282367,0.0026063,-0.554543,38
NT,4,302,ABIE,BAL,NA,-1.000371,0.0019237,-0.2422341,1.020285,0.0030838,-0.6019995,0.3282367,0.0026063,-0.554543,38
NT,4,304,ABIE,LAS,NA,-1.000371,0.0019237,-0.2422341,1.020285,0.0030838,-0.6019995,0.3282367,0.0026063,-0.554543,38
NT,4,500,PSEU,MEN,NA,-4.96034,-0.003358,0.7540441,-4.572906,-0.0038663,0.7804509,-2.366531,-0.0022725,0.2327415,9
NT,4,500,PSEU,MEN,MEN,-4.96034,-0.003358,0.7540441,-4.572906,-0.0038663,0.7804509,-2.366531,-0.0022725,0.2327415,9
NT,4,500,PSEU,MEN,GLA,-4.96034,-0.003358,0.7540441,-4.572906,-0.0038663,0.7804509,-2.366531,-0.0022725,0.2327415,9
NT,4,500,PSEU,SPP,NA,-4.96034,-0.003358,0.7540441,-4.572906,-0.0038663,0.7804509,-2.366531,-0.0022725,0.2327415,9
NT,4,601,LARI,DEC,NA,-1.099096,0.0025439,-0.229751,-0.7028945,-0.0045692,-0.0869036,-1.932418,-0.0092075,0.0701183,26
NT,4,602,LARI,LAR,NA,-1.099096,0.0025439,-0.229751,-0.7028945,-0.0045692,-0.0869036,-1.932418,-0.0092075,0.0701183,26
NT,4,1200,POPU,SPP,NA,-0.7360142,8.489e-4,-0.2080342,-6.068531,-0.0073233,0.9091436,-7.975438,-0.0105587,1.27694,21
NT,4,1201,POPU,TRE,NA,-3.337016,-0.0196151,0.6988042,-4.962676,-0.0322309,1.12472,-4.737435,-0.0088911,0.5642664,5
NT,4,1203,POPU,BAL,NA,-0.5694063,0.0012656,-0.235651,0.0376201,0.0020969,-0.3387005,-5.988289,-0.0050448,0.6897327,4
NT,4,1203,POPU,BAL,BAL,-0.5694063,0.0012656,-0.235651,0.0376201,0.0020969,-0.3387005,-5.988289,-0.0050448,0.6897327,4
NT,4,1203,POPU,BAL,GLA,-0.5694063,0.0012656,-0.235651,0.0376201,0.0020969,-0.3387005,-5.988289,-0.0050448,0.6897327,4
NT,4,1300,BETU,SPP,NA,0.6017257,0.0027172,-0.5733871,-7.208304,-0.0217154,1.67497,-3.020837,0.0064431,-0.0730317,4
NT,4,1301,BETU,ALL,NA,0.6017257,0.0027172,-0.5733871,-7.208304,-0.0217154,1.67497,-3.020837,0.0064431,-0.0730317,4
NT,4,1303,BETU,PAP,NA,0.6017257,0.0027172,-0.5733871,-7.208304,-0.0217154,1.67497,-3.020837,0.0064431,-0.0730317,4
NT,4,1303,BETU,PAP,PAP,0.6017257,0.0027172,-0.5733871,-7.208304,-0.0217154,1.67497,-3.020837,0.0064431,-0.0730317,4
NT,4,1305,BETU,NEO,NA,0.6017257,0.0027172,-0.5733871,-7.208304,-0.0217154,1.67497,-3.020837,0.0064431,-0.0730317,4
NT,4,1305,BETU,ALA,NA,0.6017257,0.0027172,-0.5733871,-7.208304,-0.0217154,1.67497,-3.020837,0.0064431,-0.0730317,4
NT,5,100,PICE,SPP,NA,-1.619452,9.733e-4,-0.0988202,-0.6090675,-9.805e-4,-0.2039749,-1.195725,-0.0021176,-0.1712661,403
NT,5,101,PICE,MAR,NA,-1.962642,-0.0025805,0.0964473,-1.162072,-0.0025745,-0.0407574,-2.373166,-0.0077735,0.3590638,81
NT,5,105,PICE,GLA,NA,-1.619452,9.733e-4,-0.0988202,-0.6090675,-9.805e-4,-0.2039749,-1.195725,-0.0021176,-0.1712661,403
NT,5,203,PINU,BAN,NA,-1.210482,-5.965e-4,-0.2261727,-1.392068,-5.859e-4,-0.2044972,-0.8886665,-0.0030297,-0.3700746,30
NT,5,204,PINU,CON,NA,-1.596728,-2.99e-5,-0.1297067,-0.123297,9.653e-4,-0.4400286,-1.624699,-0.0025082,-0.1218482,729
NT,5,204,PINU,CON,LAT,-1.596728,-2.99e-5,-0.1297067,-0.123297,9.653e-4,-0.4400286,-1.624699,-0.0025082,-0.1218482,729
NT,5,216,PINU,MUR,NA,-1.593991,3.79e-5,-0.1330865,-0.7553959,3.32e-4,-0.297162,-1.910119,-0.0026327,-0.0640618,759
NT,5,300,ABIE,SPP,NA,-1.000371,0.0019237,-0.2422341,1.020285,0.0030838,-0.6019995,0.3282367,0.0026063,-0.554543,38
NT,5,302,ABIE,BAL,NA,-1.000371,0.0019237,-0.2422341,1.020285,0.0030838,-0.6019995,0.3282367,0.0026063,-0.554543,38
NT,5,304,ABIE,LAS,NA,-1.000371,0.0019237,-0.2422341,1.020285,0.0030838,-0.6019995,0.3282367,0.0026063,-0.554543,38
NT,5,500,PSEU,MEN,NA,-4.96034,-0.003358,0.7540441,-4.572906,-0.0038663,0.7804509,-2.366531,-0.0022725,0.2327415,9
NT,5,500,PSEU,MEN,MEN,-4.96034,-0.003358,0.7540441,-4.572906,-0.0038663,0.7804509,-2.366531,-0.0022725,0.2327415,9
NT,5,500,PSEU,MEN,GLA,-4.96034,-0.003358,0.7540441,-4.572906,-0.0038663,0.7804509,-2.366531,-0.0022725,0.2327415,9
NT,5,500,PSEU,SPP,NA,-4.96034,-0.003358,0.7540441,-4.572906,-0.0038663,0.7804509,-2.366531,-0.0022725,0.2327415,9
NT,5,601,LARI,DEC,NA,-1.099096,0.0025439,-0.229751,-0.7028945,-0.0045692,-0.0869036,-1.932418,-0.0092075,0.0701183,26
NT,5,602,LARI,LAR,NA,-1.099096,0.0025439,-0.229751,-0.7028945,-0.0045692,-0.0869036,-1.932418,-0.0092075,0.0701183,26
NT,5,1200,POPU,SPP,NA,-1.062501,-8.673e-4,-0.0548917,-2.832979,-0.0010086,0.1977748,-1.410144,0.0026366,-0.4847424,247
NT,5,1201,POPU,TRE,NA,-1.062501,-8.673e-4,-0.0548917,-2.832979,-0.0010086,0.1977748,-1.410144,0.0026366,-0.4847424,247
NT,5,1203,POPU,BAL,NA,-2.83981,-0.0052953,0.4117675,-2.483366,-0.0025045,0.2426761,0.2876938,0.0080777,-0.9679265,36
NT,5,1203,POPU,BAL,BAL,-2.83981,-0.0052953,0.4117675,-2.483366,-0.0025045,0.2426761,0.2876938,0.0080777,-0.9679265,36
NT,5,1203,POPU,BAL,GLA,-2.83981,-0.0052953,0.4117675,-2.483366,-0.0025045,0.2426761,0.2876938,0.0080777,-0.9679265,36
NT,5,1300,BETU,SPP,NA,0.6017257,0.0027172,-0.5733871,-7.208304,-0.0217154,1.67497,-3.020837,0.0064431,-0.0730317,4
NT,5,1301,BETU,ALL,NA,0.6017257,0.0027172,-0.5733871,-7.208304,-0.0217154,1.67497,-3.020837,0.0064431,-0.0730317,4
NT,5,1303,BETU,PAP,NA,0.6017257,0.0027172,-0.5733871,-7.208304,-0.0217154,1.67497,-3.020837,0.0064431,-0.0730317,4
NT,5,1303,BETU,PAP,PAP,0.6017257,0.0027172,-0.5733871,-7.208304,-0.0217154,1.67497,-3.020837,0.0064431,-0.0730317,4
NT,5,1305,BETU,NEO,NA,0.6017257,0.0027172,-0.5733871,-7.208304,-0.0217154,1.67497,-3.020837,0.0064431,-0.0730317,4
NT,5,1305,BETU,ALA,NA,0.6017257,0.0027172,-0.5733871,-7.208304,-0.0217154,1.67497,-3.020837,0.0064431,-0.0730317,4
NT,9,100,PICE,SPP,NA,-1.619452,9.733e-4,-0.0988202,-0.6090675,-9.805e-4,-0.2039749,-1.195725,-0.0021176,-0.1712661,403
NT,9,101,PICE,MAR,NA,-1.962642,-0.0025805,0.0964473,-1.162072,-0.0025745,-0.0407574,-2.373166,-0.0077735,0.3590638,81
NT,9,104,PICE,ENG,NA,-6.478428,-0.0079798,1.141726,-1.473774,-0.0010405,0.0519275,-0.3977257,0.0014648,-0.3224147,5
NT,9,104,PICE,ENG,GLA,-6.478428,-0.0079798,1.141726,-1.473774,-0.0010405,0.0519275,-0.3977257,0.0014648,-0.3224147,5
NT,9,105,PICE,GLA,NA,-1.619452,9.733e-4,-0.0988202,-0.6090675,-9.805e-4,-0.2039749,-1.195725,-0.0021176,-0.1712661,403
NT,9,109,PICE,SPP,NA,-1.619452,9.733e-4,-0.0988202,-0.6090675,-9.805e-4,-0.2039749,-1.195725,-0.0021176,-0.1712661,403
NT,9,203,PINU,BAN,NA,-1.210482,-5.965e-4,-0.2261727,-1.392068,-5.859e-4,-0.2044972,-0.8886665,-0.0030297,-0.3700746,30
NT,9,204,PINU,CON,NA,-1.596728,-2.99e-5,-0.1297067,-0.123297,9.653e-4,-0.4400286,-1.624699,-0.0025082,-0.1218482,729
NT,9,204,PINU,CON,LAT,-1.596728,-2.99e-5,-0.1297067,-0.123297,9.653e-4,-0.4400286,-1.624699,-0.0025082,-0.1218482,729
NT,9,216,PINU,MUR,NA,-1.593991,3.79e-5,-0.1330865,-0.7553959,3.32e-4,-0.297162,-1.910119,-0.0026327,-0.0640618,759
NT,9,300,ABIE,SPP,NA,-1.000371,0.0019237,-0.2422341,1.020285,0.0030838,-0.6019995,0.3282367,0.0026063,-0.554543,38
NT,9,302,ABIE,BAL,NA,-1.000371,0.0019237,-0.2422341,1.020285,0.0030838,-0.6019995,0.3282367,0.0026063,-0.554543,38
NT,9,304,ABIE,LAS,NA,-1.000371,0.0019237,-0.2422341,1.020285,0.0030838,-0.6019995,0.3282367,0.0026063,-0.554543,38
NT,9,305,ABIE,MX2,NA,-1.000371,0.0019237,-0.2422341,1.020285,0.0030838,-0.6019995,0.3282367,0.0026063,-0.554543,38
NT,9,306,ABIE,MIX,NA,-1.000371,0.0019237,-0.2422341,1.020285,0.0030838,-0.6019995,0.3282367,0.0026063,-0.554543,38
NT,9,500,PSEU,MEN,NA,-4.96034,-0.003358,0.7540441,-4.572906,-0.0038663,0.7804509,-2.366531,-0.0022725,0.2327415,9
NT,9,500,PSEU,MEN,MEN,-4.96034,-0.003358,0.7540441,-4.572906,-0.0038663,0.7804509,-2.366531,-0.0022725,0.2327415,9
NT,9,500,PSEU,MEN,GLA,-4.96034,-0.003358,0.7540441,-4.572906,-0.0038663,0.7804509,-2.366531,-0.0022725,0.2327415,9
NT,9,500,PSEU,SPP,NA,-4.96034,-0.003358,0.7540441,-4.572906,-0.0038663,0.7804509,-2.366531,-0.0022725,0.2327415,9
NT,9,600,LARI,SPP,NA,-1.099096,0.0025439,-0.229751,-0.7028945,-0.0045692,-0.0869036,-1.932418,-0.0092075,0.0701183,26
NT,9,601,LARI,DEC,NA,-1.099096,0.0025439,-0.229751,-0.7028945,-0.0045692,-0.0869036,-1.932418,-0.0092075,0.0701183,26
NT,9,602,LARI,LAR,NA,-1.099096,0.0025439,-0.229751,-0.7028945,-0.0045692,-0.0869036,-1.932418,-0.0092075,0.0701183,26
NT,9,604,LARI,LYA,NA,-1.099096,0.0025439,-0.229751,-0.7028945,-0.0045692,-0.0869036,-1.932418,-0.0092075,0.0701183,26
NT,9,1150,UNKN,SPP,NA,-1.59885,-1.745e-4,-0.1087694,-0.5711935,-2.642e-4,-0.2818973,-1.946162,-0.0033301,0.0057605,1113
NT,9,1200,POPU,SPP,NA,-1.062501,-8.673e-4,-0.0548917,-2.832979,-0.0010086,0.1977748,-1.410144,0.0026366,-0.4847424,247
NT,9,1201,POPU,TRE,NA,-1.062501,-8.673e-4,-0.0548917,-2.832979,-0.0010086,0.1977748,-1.410144,0.0026366,-0.4847424,247
NT,9,1203,POPU,BAL,NA,-2.83981,-0.0052953,0.4117675,-2.483366,-0.0025045,0.2426761,0.2876938,0.0080777,-0.9679265,36
NT,9,1203,POPU,BAL,BAL,-2.83981,-0.0052953,0.4117675,-2.483366,-0.0025045,0.2426761,0.2876938,0.0080777,-0.9679265,36
NT,9,1203,POPU,BAL,GLA,-2.83981,-0.0052953,0.4117675,-2.483366,-0.0025045,0.2426761,0.2876938,0.0080777,-0.9679265,36
NT,9,1301,BETU,ALL,NA,0.6017257,0.0027172,-0.5733871,-7.208304,-0.0217154,1.67497,-3.020837,0.0064431,-0.0730317,4
NT,9,1303,BETU,PAP,NA,0.6017257,0.0027172,-0.5733871,-7.208304,-0.0217154,1.67497,-3.020837,0.0064431,-0.0730317,4
NT,9,1303,BETU,PAP,PAP,0.6017257,0.0027172,-0.5733871,-7.208304,-0.0217154,1.67497,-3.020837,0.0064431,-0.0730317,4
NT,9,1305,BETU,NEO,NA,0.6017257,0.0027172,-0.5733871,-7.208304,-0.0217154,1.67497,-3.020837,0.0064431,-0.0730317,4
NT,9,1305,BETU,ALA,NA,0.6017257,0.0027172,-0.5733871,-7.208304,-0.0217154,1.67497,-3.020837,0.0064431,-0.0730317,4
NT,9,1404,ACER,NEG,NA,0.6017257,0.0027172,-0.5733871,-7.208304,-0.0217154,1.67497,-3.020837,0.0064431,-0.0730317,4
NT,9,1500,GENH,SPP,NA,0.6017257,0.0027172,-0.5733871,-7.208304,-0.0217154,1.67497,-3.020837,0.0064431,-0.0730317,4
NT,9,1550,GENH,SPP,NA,0.6017257,0.0027172,-0.5733871,-7.208304,-0.0217154,1.67497,-3.020837,0.0064431,-0.0730317,4
NT,11,100,PICE,SPP,NA,-1.416816,-0.001571,-0.0417351,-1.040304,-0.0043247,-0.0041104,-1.383638,-0.0048273,0.0059145,119
NT,11,101,PICE,MAR,NA,-0.7138494,0.0019421,-0.2815025,0.48296,0.0026757,-0.5943286,0.6301919,0.0045207,-0.6991895,20
NT,11,105,PICE,GLA,NA,-1.416816,-0.001571,-0.0417351,-1.040304,-0.0043247,-0.0041104,-1.383638,-0.0048273,0.0059145,119
NT,11,203,PINU,BAN,NA,-2.637024,-0.0041939,0.1881847,-1.359695,-0.0044346,-0.0570025,-3.478255,-0.0084092,0.402264,82
NT,11,204,PINU,CON,NA,-2.637024,-0.0041939,0.1881847,-1.359695,-0.0044346,-0.0570025,-3.478255,-0.0084092,0.402264,82
NT,11,204,PINU,CON,LAT,-2.637024,-0.0041939,0.1881847,-1.359695,-0.0044346,-0.0570025,-3.478255,-0.0084092,0.402264,82
NT,11,300,ABIE,SPP,NA,-1.405719,-0.0013823,-0.0501064,-0.9660167,-0.0032,-0.0569789,-1.266784,-0.0038565,-0.0492027,139
NT,11,304,ABIE,LAS,NA,-1.405719,-0.0013823,-0.0501064,-0.9660167,-0.0032,-0.0569789,-1.266784,-0.0038565,-0.0492027,139
NT,11,602,LARI,LAR,NA,-2.637024,-0.0041939,0.1881847,-1.359695,-0.0044346,-0.0570025,-3.478255,-0.0084092,0.402264,82
NT,11,1201,POPU,TRE,NA,-0.5172011,0.0021904,-0.2859109,2.004177,0.0122856,-1.062437,3.900256,0.0138782,-1.781866,19
NT,11,1203,POPU,BAL,NA,-0.5172011,0.0021904,-0.2859109,2.004177,0.0122856,-1.062437,3.900256,0.0138782,-1.781866,19
NT,11,1203,POPU,BAL,BAL,-0.5172011,0.0021904,-0.2859109,2.004177,0.0122856,-1.062437,3.900256,0.0138782,-1.781866,19
NT,11,1203,POPU,BAL,GLA,-0.5172011,0.0021904,-0.2859109,2.004177,0.0122856,-1.062437,3.900256,0.0138782,-1.781866,19
NT,11,1300,BETU,SPP,NA,0.6017257,0.0027172,-0.5733871,-7.208304,-0.0217154,1.67497,-3.020837,0.0064431,-0.0730317,4
NT,11,1303,BETU,PAP,NA,-0.5172011,0.0021904,-0.2859109,2.004177,0.0122856,-1.062437,3.900256,0.0138782,-1.781866,19
NT,11,1303,BETU,PAP,PAP,-0.5172011,0.0021904,-0.2859109,2.004177,0.0122856,-1.062437,3.900256,0.0138782,-1.781866,19
NT,11,1308,BETU,PAP,NEO,-0.5172011,0.0021904,-0.2859109,2.004177,0.0122856,-1.062437,3.900256,0.0138782,-1.781866,19
NT,12,100,PICE,SPP,NA,-1.416816,-0.001571,-0.0417351,-1.040304,-0.0043247,-0.0041104,-1.383638,-0.0048273,0.0059145,119
NT,12,101,PICE,MAR,NA,-0.7138494,0.0019421,-0.2815025,0.48296,0.0026757,-0.5943286,0.6301919,0.0045207,-0.6991895,20
NT,12,105,PICE,GLA,NA,-1.416816,-0.001571,-0.0417351,-1.040304,-0.0043247,-0.0041104,-1.383638,-0.0048273,0.0059145,119
NT,12,203,PINU,BAN,NA,-2.637024,-0.0041939,0.1881847,-1.359695,-0.0044346,-0.0570025,-3.478255,-0.0084092,0.402264,82
NT,12,204,PINU,CON,NA,-2.637024,-0.0041939,0.1881847,-1.359695,-0.0044346,-0.0570025,-3.478255,-0.0084092,0.402264,82
NT,12,204,PINU,CON,LAT,-2.637024,-0.0041939,0.1881847,-1.359695,-0.0044346,-0.0570025,-3.478255,-0.0084092,0.402264,82
NT,12,300,ABIE,SPP,NA,-1.405719,-0.0013823,-0.0501064,-0.9660167,-0.0032,-0.0569789,-1.266784,-0.0038565,-0.0492027,139
NT,12,304,ABIE,LAS,NA,-1.405719,-0.0013823,-0.0501064,-0.9660167,-0.0032,-0.0569789,-1.266784,-0.0038565,-0.0492027,139
NT,12,602,LARI,LAR,NA,-2.637024,-0.0041939,0.1881847,-1.359695,-0.0044346,-0.0570025,-3.478255,-0.0084092,0.402264,82
NT,12,1200,POPU,SPP,NA,-0.5172011,0.0021904,-0.2859109,2.004177,0.0122856,-1.062437,3.900256,0.0138782,-1.781866,19
NT,12,1201,POPU,TRE,NA,-0.5172011,0.0021904,-0.2859109,2.004177,0.0122856,-1.062437,3.900256,0.0138782,-1.781866,19
NT,12,1203,POPU,BAL,NA,-0.5172011,0.0021904,-0.2859109,2.004177,0.0122856,-1.062437,3.900256,0.0138782,-1.781866,19
NT,12,1203,POPU,BAL,BAL,-0.5172011,0.0021904,-0.2859109,2.004177,0.0122856,-1.062437,3.900256,0.0138782,-1.781866,19
NT,12,1203,POPU,BAL,GLA,-0.5172011,0.0021904,-0.2859109,2.004177,0.0122856,-1.062437,3.900256,0.0138782,-1.781866,19
NT,12,1303,BETU,PAP,NA,-0.5172011,0.0021904,-0.2859109,2.004177,0.0122856,-1.062437,3.900256,0.0138782,-1.781866,19
NT,12,1303,BETU,PAP,PAP,-0.5172011,0.0021904,-0.2859109,2.004177,0.0122856,-1.062437,3.900256,0.0138782,-1.781866,19
NT,12,1308,BETU,PAP,NEO,-0.5172011,0.0021904,-0.2859109,2.004177,0.0122856,-1.062437,3.900256,0.0138782,-1.781866,19
NU,1,101,PICE,MAR,NA,-1.711879,-6.835e-4,-0.0121105,-1.083241,-0.0011717,-0.0636495,-0.9596619,-0.0027376,-0.0698216,60
NU,1,105,PICE,GLA,NA,-1.981923,-2.608e-4,0.0175826,-1.46987,4.888e-4,-0.0380158,-0.3094005,0.0041457,-0.4598487,1702
NU,1,107,PICE,MAR,RUB,-1.711879,-6.835e-4,-0.0121105,-1.083241,-0.0011717,-0.0636495,-0.9596619,-0.0027376,-0.0698216,60
NU,1,302,ABIE,BAL,NA,-1.66978,2.289e-4,-0.0284007,-1.214761,0.0021811,-0.1311227,-0.9499859,-7.031e-4,-0.194097,9695
NU,1,602,LARI,LAR,NA,-1.973109,-1.365e-4,-0.0374368,-1.269574,0.001621,-0.1486281,-1.700501,-0.0022482,-0.087371,288
NU,1,1201,POPU,TRE,NA,-1.37932,4.172e-4,-0.0680491,-1.483582,8.34e-5,-0.0542484,-1.904333,-0.0024228,-0.1233242,5489
NU,1,1203,POPU,BAL,NA,-1.310749,-1.971e-4,-0.0813754,-1.282354,5.31e-4,-0.0811786,-2.987716,-0.003323,0.0931182,159
NU,1,1203,POPU,BAL,BAL,-1.310749,-1.971e-4,-0.0813754,-1.282354,5.31e-4,-0.0811786,-2.987716,-0.003323,0.0931182,159
NU,1,1203,POPU,BAL,GLA,-1.310749,-1.971e-4,-0.0813754,-1.282354,5.31e-4,-0.0811786,-2.987716,-0.003323,0.0931182,159
NU,1,1303,BETU,PAP,NA,-1.767513,2.124e-4,-0.0139472,-1.279744,0.0012197,-0.0794052,-2.186957,-0.0026354,-0.0111099,10323
NU,1,1303,BETU,PAP,PAP,-1.767513,2.124e-4,-0.0139472,-1.279744,0.0012197,-0.0794052,-2.186957,-0.0026354,-0.0111099,10323
NU,2,101,PICE,MAR,NA,-1.711879,-6.835e-4,-0.0121105,-1.083241,-0.0011717,-0.0636495,-0.9596619,-0.0027376,-0.0698216,60
NU,2,105,PICE,GLA,NA,-1.981923,-2.608e-4,0.0175826,-1.46987,4.888e-4,-0.0380158,-0.3094005,0.0041457,-0.4598487,1702
NU,2,107,PICE,MAR,RUB,-1.711879,-6.835e-4,-0.0121105,-1.083241,-0.0011717,-0.0636495,-0.9596619,-0.0027376,-0.0698216,60
NU,2,302,ABIE,BAL,NA,-1.66978,2.289e-4,-0.0284007,-1.214761,0.0021811,-0.1311227,-0.9499859,-7.031e-4,-0.194097,9695
NU,2,602,LARI,LAR,NA,-1.973109,-1.365e-4,-0.0374368,-1.269574,0.001621,-0.1486281,-1.700501,-0.0022482,-0.087371,288
NU,2,1201,POPU,TRE,NA,-1.37932,4.172e-4,-0.0680491,-1.483582,8.34e-5,-0.0542484,-1.904333,-0.0024228,-0.1233242,5489
NU,2,1203,POPU,BAL,NA,-1.310749,-1.971e-4,-0.0813754,-1.282354,5.31e-4,-0.0811786,-2.987716,-0.003323,0.0931182,159
NU,2,1203,POPU,BAL,BAL,-1.310749,-1.971e-4,-0.0813754,-1.282354,5.31e-4,-0.0811786,-2.987716,-0.003323,0.0931182,159
NU,2,1203,POPU,BAL,GLA,-1.310749,-1.971e-4,-0.0813754,-1.282354,5.31e-4,-0.0811786,-2.987716,-0.003323,0.0931182,159
NU,2,1303,BETU,PAP,NA,-1.767513,2.124e-4,-0.0139472,-1.279744,0.0012197,-0.0794052,-2.186957,-0.0026354,-0.0111099,10323
NU,2,1303,BETU,PAP,PAP,-1.767513,2.124e-4,-0.0139472,-1.279744,0.0012197,-0.0794052,-2.186957,-0.0026354,-0.0111099,10323
NU,3,101,PICE,MAR,NA,-1.711879,-6.835e-4,-0.0121105,-1.083241,-0.0011717,-0.0636495,-0.9596619,-0.0027376,-0.0698216,60
NU,3,105,PICE,GLA,NA,-1.981923,-2.608e-4,0.0175826,-1.46987,4.888e-4,-0.0380158,-0.3094005,0.0041457,-0.4598487,1702
NU,3,107,PICE,MAR,RUB,-1.711879,-6.835e-4,-0.0121105,-1.083241,-0.0011717,-0.0636495,-0.9596619,-0.0027376,-0.0698216,60
NU,3,302,ABIE,BAL,NA,-1.66978,2.289e-4,-0.0284007,-1.214761,0.0021811,-0.1311227,-0.9499859,-7.031e-4,-0.194097,9695
NU,3,602,LARI,LAR,NA,-1.973109,-1.365e-4,-0.0374368,-1.269574,0.001621,-0.1486281,-1.700501,-0.0022482,-0.087371,288
NU,3,1201,POPU,TRE,NA,-1.37932,4.172e-4,-0.0680491,-1.483582,8.34e-5,-0.0542484,-1.904333,-0.0024228,-0.1233242,5489
NU,3,1203,POPU,BAL,NA,-1.310749,-1.971e-4,-0.0813754,-1.282354,5.31e-4,-0.0811786,-2.987716,-0.003323,0.0931182,159
NU,3,1203,POPU,BAL,BAL,-1.310749,-1.971e-4,-0.0813754,-1.282354,5.31e-4,-0.0811786,-2.987716,-0.003323,0.0931182,159
NU,3,1203,POPU,BAL,GLA,-1.310749,-1.971e-4,-0.0813754,-1.282354,5.31e-4,-0.0811786,-2.987716,-0.003323,0.0931182,159
NU,3,1303,BETU,PAP,NA,-1.767513,2.124e-4,-0.0139472,-1.279744,0.0012197,-0.0794052,-2.186957,-0.0026354,-0.0111099,10323
NU,3,1303,BETU,PAP,PAP,-1.767513,2.124e-4,-0.0139472,-1.279744,0.0012197,-0.0794052,-2.186957,-0.0026354,-0.0111099,10323
NU,5,101,PICE,MAR,NA,-1.711879,-6.835e-4,-0.0121105,-1.083241,-0.0011717,-0.0636495,-0.9596619,-0.0027376,-0.0698216,60
NU,5,105,PICE,GLA,NA,-1.981923,-2.608e-4,0.0175826,-1.46987,4.888e-4,-0.0380158,-0.3094005,0.0041457,-0.4598487,1702
NU,5,107,PICE,MAR,RUB,-1.711879,-6.835e-4,-0.0121105,-1.083241,-0.0011717,-0.0636495,-0.9596619,-0.0027376,-0.0698216,60
NU,5,202,PINU,STR,NA,-1.801744,-3.685e-4,-0.0080958,-1.083892,0.0013546,-0.1295523,-0.6911709,7.238e-4,-0.3778888,1177
NU,5,203,PINU,BAN,NA,-1.88183,0.001027,-0.099342,-1.240573,0.0019301,-0.2045888,-1.684873,-0.0014913,-0.1173088,3708
NU,5,209,PINU,RES,NA,-2.350189,-0.0013519,0.0800935,-1.0028030000000001,3.557e-4,-0.1536349,-0.019501,0.0027642,-0.524469,171
NU,5,302,ABIE,BAL,NA,-1.66978,2.289e-4,-0.0284007,-1.214761,0.0021811,-0.1311227,-0.9499859,-7.031e-4,-0.194097,9695
NU,5,401,TSUG,CAN,NA,-1.293835,6.588e-4,-0.125031,-1.672586,-3.542e-4,0.0778901,-1.072416,1.906e-4,-0.288969,424
NU,5,602,LARI,LAR,NA,-1.973109,-1.365e-4,-0.0374368,-1.269574,0.001621,-0.1486281,-1.700501,-0.0022482,-0.087371,288
NU,5,701,THUJ,OCC,NA,-1.965677,-4.979e-4,0.0241964,-1.150524,0.0015672,-0.0912559,-1.469959,-9.608e-4,-0.1008653,1861
NU,5,801,JUNI,VIR,NA,-1.965677,-4.979e-4,0.0241964,-1.150524,0.0015672,-0.0912559,-1.469959,-9.608e-4,-0.1008653,1861
NU,5,1201,POPU,TRE,NA,-1.37932,4.172e-4,-0.0680491,-1.483582,8.34e-5,-0.0542484,-1.904333,-0.0024228,-0.1233242,5489
NU,5,1203,POPU,BAL,NA,-1.310749,-1.971e-4,-0.0813754,-1.282354,5.31e-4,-0.0811786,-2.987716,-0.003323,0.0931182,159
NU,5,1203,POPU,BAL,BAL,-1.310749,-1.971e-4,-0.0813754,-1.282354,5.31e-4,-0.0811786,-2.987716,-0.003323,0.0931182,159
NU,5,1203,POPU,BAL,GLA,-1.310749,-1.971e-4,-0.0813754,-1.282354,5.31e-4,-0.0811786,-2.987716,-0.003323,0.0931182,159
NU,5,1211,POPU,BAL,GRA,-1.426591,1.715e-4,-0.0521575,-1.392265,5.71e-4,-0.0832082,-1.995065,-0.0028745,-0.0968925,6203
NU,5,1301,BETU,ALL,NA,-1.920661,-3.859e-4,0.0107877,-0.8167759,0.0014608,-0.0825184,-2.29294,-0.0020529,-0.040132,3493
NU,5,1303,BETU,PAP,NA,-1.767513,2.124e-4,-0.0139472,-1.279744,0.0012197,-0.0794052,-2.186957,-0.0026354,-0.0111099,10323
NU,5,1303,BETU,PAP,PAP,-1.767513,2.124e-4,-0.0139472,-1.279744,0.0012197,-0.0794052,-2.186957,-0.0026354,-0.0111099,10323
NU,5,1401,ACER,SAH,NA,-2.038109,-0.0010816,0.0321414,-1.126397,6.3e-4,-0.0247585,-2.149351,-0.0021595,-0.1404091,3885
NU,5,1405,ACER,RUB,NA,-2.067681,-0.0013622,0.0602617,-1.343886,8.95e-4,-0.0177576,-2.279679,-0.0026013,-0.0231588,1905
NU,5,1550,GENH,SPP,NA,-1.749271,-0.0011443,-0.0385082,-2.368783,3.223e-4,0.2192045,-1.433405,-0.0013944,-0.2984636,1479
NU,15,101,PICE,MAR,NA,-1.650423,1.477e-4,-0.0460573,-1.179546,5.43e-7,-0.110542,-0.9001056,-0.0013564,-0.1538834,77
NU,15,105,PICE,GLA,NA,-1.981923,-2.608e-4,0.0175826,-1.46987,4.888e-4,-0.0380158,-0.3094005,0.0041457,-0.4598487,1702
NU,15,107,PICE,MAR,RUB,-1.650423,1.477e-4,-0.0460573,-1.179546,5.43e-7,-0.110542,-0.9001056,-0.0013564,-0.1538834,77
NU,15,202,PINU,STR,NA,-1.801744,-3.685e-4,-0.0080958,-1.083892,0.0013546,-0.1295523,-0.6911709,7.238e-4,-0.3778888,1177
NU,15,203,PINU,BAN,NA,-1.223716,0.0040854,-0.2897577,-0.2984682,0.007049,-0.5120673,-0.2324654,0.0100349,-0.6331275,11
NU,15,209,PINU,RES,NA,-2.350189,-0.0013519,0.0800935,-1.0028030000000001,3.557e-4,-0.1536349,-0.019501,0.0027642,-0.524469,171
NU,15,302,ABIE,BAL,NA,-1.66978,2.289e-4,-0.0284007,-1.214761,0.0021811,-0.1311227,-0.9499859,-7.031e-4,-0.194097,9695
NU,15,401,TSUG,CAN,NA,-1.293835,6.588e-4,-0.125031,-1.672586,-3.542e-4,0.0778901,-1.072416,1.906e-4,-0.288969,424
NU,15,602,LARI,LAR,NA,-1.973109,-1.365e-4,-0.0374368,-1.269574,0.001621,-0.1486281,-1.700501,-0.0022482,-0.087371,288
NU,15,701,THUJ,OCC,NA,-1.965677,-4.979e-4,0.0241964,-1.150524,0.0015672,-0.0912559,-1.469959,-9.608e-4,-0.1008653,1861
NU,15,801,JUNI,VIR,NA,-1.965677,-4.979e-4,0.0241964,-1.150524,0.0015672,-0.0912559,-1.469959,-9.608e-4,-0.1008653,1861
NU,15,1201,POPU,TRE,NA,-1.37932,4.172e-4,-0.0680491,-1.483582,8.34e-5,-0.0542484,-1.904333,-0.0024228,-0.1233242,5489
NU,15,1203,POPU,BAL,NA,-1.310749,-1.971e-4,-0.0813754,-1.282354,5.31e-4,-0.0811786,-2.987716,-0.003323,0.0931182,159
NU,15,1203,POPU,BAL,BAL,-1.310749,-1.971e-4,-0.0813754,-1.282354,5.31e-4,-0.0811786,-2.987716,-0.003323,0.0931182,159
NU,15,1203,POPU,BAL,GLA,-1.310749,-1.971e-4,-0.0813754,-1.282354,5.31e-4,-0.0811786,-2.987716,-0.003323,0.0931182,159
NU,15,1211,POPU,BAL,GRA,-1.426591,1.715e-4,-0.0521575,-1.392265,5.71e-4,-0.0832082,-1.995065,-0.0028745,-0.0968925,6203
NU,15,1301,BETU,ALL,NA,-1.920661,-3.859e-4,0.0107877,-0.8167759,0.0014608,-0.0825184,-2.29294,-0.0020529,-0.040132,3493
NU,15,1303,BETU,PAP,NA,-1.767513,2.124e-4,-0.0139472,-1.279744,0.0012197,-0.0794052,-2.186957,-0.0026354,-0.0111099,10323
NU,15,1303,BETU,PAP,PAP,-1.767513,2.124e-4,-0.0139472,-1.279744,0.0012197,-0.0794052,-2.186957,-0.0026354,-0.0111099,10323
NU,15,1401,ACER,SAH,NA,-2.038109,-0.0010816,0.0321414,-1.126397,6.3e-4,-0.0247585,-2.149351,-0.0021595,-0.1404091,3885
NU,15,1405,ACER,RUB,NA,-2.067681,-0.0013622,0.0602617,-1.343886,8.95e-4,-0.0177576,-2.279679,-0.0026013,-0.0231588,1905
NU,15,1550,GENH,SPP,NA,-1.749271,-0.0011443,-0.0385082,-2.368783,3.223e-4,0.2192045,-1.433405,-0.0013944,-0.2984636,1479
ON,5,1301,BETU,ALL,NA,-1.922884,-3.901e-4,0.0113418,-0.8066087,0.0014756,-0.0850136,-2.309902,-0.0020819,-0.0358566,3486
ON,5,1405,ACER,RUB,NA,-2.0803,-0.0013956,0.063681,-1.345797,8.918e-4,-0.0172336,-2.255599,-0.0025146,-0.0304102,1886
ON,6,100,PICE,SPP,NA,-1.110227,2.519e-4,-0.187564,-1.104469,-0.0020389,-0.0821821,4.606806,0.0107359,-1.654792,28
ON,6,101,PICE,MAR,NA,-1.48161,3.73e-4,-0.1067311,-0.9036822,-5.822e-4,-0.2020596,-0.391032,-0.0034666,-0.246248,511
ON,6,103,PICE,ABI,NA,-1.772257,-8.78e-4,-0.0168563,-1.131202,0.0046429,-0.2230772,-2.036247,-0.0024604,0.025179,552
ON,6,105,PICE,GLA,NA,-1.110227,2.519e-4,-0.187564,-1.104469,-0.0020389,-0.0821821,4.606806,0.0107359,-1.654792,28
ON,6,202,PINU,STR,NA,-1.285172,8.12e-6,-0.1223606,0.8684512,0.0020716,-0.5562361,0.3661529,0.0011343,-0.5877922,34
ON,6,203,PINU,BAN,NA,-1.082161,0.0017695,-0.2988498,-0.4338225,0.0014471,-0.3940199,0.1673603,2.572e-4,-0.5616231,652
ON,6,204,PINU,CON,NA,-1.082161,0.0017695,-0.2988498,-0.4338225,0.0014471,-0.3940199,0.1673603,2.572e-4,-0.5616231,652
ON,6,204,PINU,CON,LAT,-1.082161,0.0017695,-0.2988498,-0.4338225,0.0014471,-0.3940199,0.1673603,2.572e-4,-0.5616231,652
ON,6,209,PINU,RES,NA,-1.543064,-0.001523,-0.0925295,-0.9833114,-5.057e-4,-0.1706543,1.070808,6.458e-4,-0.6698491,38
ON,6,210,PINU,RIG,NA,-1.543064,-0.001523,-0.0925295,-0.9833114,-5.057e-4,-0.1706543,1.070808,6.458e-4,-0.6698491,38
ON,6,211,PINU,SYL,NA,-1.543064,-0.001523,-0.0925295,-0.9833114,-5.057e-4,-0.1706543,1.070808,6.458e-4,-0.6698491,38
ON,6,300,ABIE,SPP,NA,-1.335365,0.0017672,-0.1305126,-0.1893516,0.0013763,-0.3771057,2.015072,0.0031643,-0.931312,38
ON,6,302,ABIE,BAL,NA,-1.335365,0.0017672,-0.1305126,-0.1893516,0.0013763,-0.3771057,2.015072,0.0031643,-0.931312,38
ON,6,401,TSUG,CAN,NA,-1.287059,6.756e-4,-0.1269543,-1.686269,-3.697e-4,0.081081,-1.064695,2.204e-4,-0.2915419,424
ON,6,602,LARI,LAR,NA,-1.967755,-1.227e-4,-0.0388915,-1.261931,0.0016539,-0.1510594,-1.697055,-0.0022369,-0.0883718,288
ON,6,700,THUJ,SPP,NA,-1.856454,-2.385e-4,-0.0112265,-0.6504133,-7.983e-4,-0.1437996,-0.4319122,-0.0010432,-0.2741605,33
ON,6,701,THUJ,OCC,NA,-1.856454,-2.385e-4,-0.0112265,-0.6504133,-7.983e-4,-0.1437996,-0.4319122,-0.0010432,-0.2741605,33
ON,6,801,JUNI,VIR,NA,-1.856454,-2.385e-4,-0.0112265,-0.6504133,-7.983e-4,-0.1437996,-0.4319122,-0.0010432,-0.2741605,33
ON,6,1200,POPU,SPP,NA,-1.48382,3.65e-5,-0.0318542,-0.8445593,4.116e-4,-0.2211369,0.1442626,-0.002229,-0.55532,358
ON,6,1201,POPU,TRE,NA,-1.48382,3.65e-5,-0.0318542,-0.8445593,4.116e-4,-0.2211369,0.1442626,-0.002229,-0.55532,358
ON,6,1203,POPU,BAL,NA,-0.8783261,0.0017333,-0.2464389,0.9677321,0.0024863,-0.6009572,-0.9747596,-7.446e-4,-0.4824558,18
ON,6,1203,POPU,BAL,BAL,-0.8783261,0.0017333,-0.2464389,0.9677321,0.0024863,-0.6009572,-0.9747596,-7.446e-4,-0.4824558,18
ON,6,1203,POPU,BAL,GLA,-0.8783261,0.0017333,-0.2464389,0.9677321,0.0024863,-0.6009572,-0.9747596,-7.446e-4,-0.4824558,18
ON,6,1205,POPU,DEL,NA,-1.330792,-2.341e-4,-0.0760678,-1.283528,5.286e-4,-0.0808596,-3.00384,-0.0033484,0.0970853,158
ON,6,1205,POPU,DEL,DEL,-1.330792,-2.341e-4,-0.0760678,-1.283528,5.286e-4,-0.0808596,-3.00384,-0.0033484,0.0970853,158
ON,6,1206,POPU,GRA,NA,-1.012594,4.1e-4,-0.1401722,-1.857854,7.34e-5,0.0340727,-1.787091,-0.0021741,-0.1798241,553
ON,6,1301,BETU,ALL,NA,-1.922884,-3.901e-4,0.0113418,-0.8066087,0.0014756,-0.0850136,-2.309902,-0.0020819,-0.0358566,3486
ON,6,1303,BETU,PAP,NA,-1.894822,-6.996e-4,0.038252800000000003,-0.6639847,0.0025935,-0.2705144,-0.3892202,-8.331e-4,-0.4236929,97
ON,6,1303,BETU,PAP,PAP,-1.894822,-6.996e-4,0.038252800000000003,-0.6639847,0.0025935,-0.2705144,-0.3892202,-8.331e-4,-0.4236929,97
ON,6,1304,BETU,POP,NA,-1.894822,-6.996e-4,0.038252800000000003,-0.6639847,0.0025935,-0.2705144,-0.3892202,-8.331e-4,-0.4236929,97
ON,6,1400,ACER,SPP,NA,-2.054324,-0.0010987,0.0359113,-1.127557,6.254e-4,-0.024379,-2.158123,-0.0021589,-0.1387092,3870
ON,6,1401,ACER,SAH,NA,-2.054324,-0.0010987,0.0359113,-1.127557,6.254e-4,-0.024379,-2.158123,-0.0021589,-0.1387092,3870
ON,6,1404,ACER,NEG,NA,-1.942214,-0.001215,0.0205737,-1.51729,6.041e-4,0.0471622,-2.024583,-0.0035157,-0.1032072,5790
ON,6,1405,ACER,RUB,NA,-2.0803,-0.0013956,0.063681,-1.345797,8.918e-4,-0.0172336,-2.255599,-0.0025146,-0.0304102,1886
ON,6,1406,ACER,SAC,NA,-2.054324,-0.0010987,0.0359113,-1.127557,6.254e-4,-0.024379,-2.158123,-0.0021589,-0.1387092,3870
ON,6,1601,CARY,COR,NA,-1.735149,-3.443e-4,-0.0391536,3.139007,0.0152226,-1.293722,-0.6953126,0.0067434,-0.6370321,10
ON,6,1701,JUGL,CIN,NA,-0.7474443,7.612e-4,-0.2823767,1.23949,0.0064688,-0.6066107,0.5917105,0.0023895,-0.7655214,9
ON,6,1702,JUGL,NIG,NA,-0.7474443,7.612e-4,-0.2823767,1.23949,0.0064688,-0.6066107,0.5917105,0.0023895,-0.7655214,9
ON,6,1900,OSTR,VIR,NA,-1.868652,-0.0012311,0.0216785,-1.115806,0.0035025,-0.1129534,-2.837149,-0.0025421,0.0928467,17
ON,6,1900,OSTR,SPP,NA,-1.868652,-0.0012311,0.0216785,-1.115806,0.0035025,-0.1129534,-2.837149,-0.0025421,0.0928467,17
ON,6,1950,CARP,CAR,NA,-1.868652,-0.0012311,0.0216785,-1.115806,0.0035025,-0.1129534,-2.837149,-0.0025421,0.0928467,17
ON,6,1950,CARP,SPP,NA,-1.868652,-0.0012311,0.0216785,-1.115806,0.0035025,-0.1129534,-2.837149,-0.0025421,0.0928467,17
ON,6,2000,FAGU,GRA,NA,-2.4192,-0.0011893,0.0573346,-1.301241,1.834e-4,0.0233745,-2.597069,-0.0014813,-0.09908,494
ON,6,2100,QUER,SPP,NA,-1.398043,-3.071e-4,-0.1133578,-1.592643,0.0010251,0.0580726,-2.38214,-0.0021611,-0.0613054,333
ON,6,2101,QUER,ALB,NA,-1.398043,-3.071e-4,-0.1133578,-1.592643,0.0010251,0.0580726,-2.38214,-0.0021611,-0.0613054,333
ON,6,2102,QUER,BIC,NA,-1.398043,-3.071e-4,-0.1133578,-1.592643,0.0010251,0.0580726,-2.38214,-0.0021611,-0.0613054,333
ON,6,2104,QUER,MAC,NA,-1.398043,-3.071e-4,-0.1133578,-1.592643,0.0010251,0.0580726,-2.38214,-0.0021611,-0.0613054,333
ON,6,2108,QUER,RUB,NA,-1.398043,-3.071e-4,-0.1133578,-1.592643,0.0010251,0.0580726,-2.38214,-0.0021611,-0.0613054,333
ON,6,2200,ULMU,SPP,NA,-1.938687,4.37e-6,-0.0019239,-1.640449,-0.0025539,0.095674,-2.733463,-6.802e-4,-0.0427288,33
ON,6,2201,ULMU,AME,NA,-1.938687,4.37e-6,-0.0019239,-1.640449,-0.0025539,0.095674,-2.733463,-6.802e-4,-0.0427288,33
ON,6,2600,SASS,ALB,NA,-0.8783261,0.0017333,-0.2464389,0.9677321,0.0024863,-0.6009572,-0.9747596,-7.446e-4,-0.4824558,18
ON,6,2700,PLAT,OCC,NA,-1.359746,2.701e-4,-0.1007296,-1.441919,1.607e-4,0.0127655,-2.313428,-0.0013843,-0.1285323,96
ON,6,2801,PRUN,SER,NA,-1.862435,-4.8e-5,-0.0200426,-1.61716,0.0019507,0.0040156,-3.959286,-0.0069001,0.3807096,24
ON,6,2802,PRUN,PEN,NA,-3.080814,-0.0020942,0.1970004,-1.849251,0.0018918,0.0457323,-1.379295,0.0022139,-0.2587098,134
ON,6,2804,PRUN,VIR,NA,-3.080814,-0.0020942,0.1970004,-1.849251,0.0018918,0.0457323,-1.379295,0.0022139,-0.2587098,134
ON,6,2804,PRUN,VIR,VIR,-3.080814,-0.0020942,0.1970004,-1.849251,0.0018918,0.0457323,-1.379295,0.0022139,-0.2587098,134
ON,6,2900,GLED,TRI,NA,-1.359746,2.701e-4,-0.1007296,-1.441919,1.607e-4,0.0127655,-2.313428,-0.0013843,-0.1285323,96
ON,6,2901,ROBI,PSE,NA,-1.359746,2.701e-4,-0.1007296,-1.441919,1.607e-4,0.0127655,-2.313428,-0.0013843,-0.1285323,96
ON,6,3000,TILI,AME,NA,-1.359746,2.701e-4,-0.1007296,-1.441919,1.607e-4,0.0127655,-2.313428,-0.0013843,-0.1285323,96
ON,6,3400,FRAX,SPP,NA,-2.003909,-0.0018068,0.0659127,-1.988735,1.261e-4,0.0731085,-3.126196,-0.0031336,0.1121456,221
ON,6,3401,FRAX,AME,NA,-2.233593,-0.0019373,0.1146635,-0.9700764,0.0014662,-0.0898043,-3.562705,-0.0040872,0.1936881,13
ON,6,3402,FRAX,NIG,NA,-2.003909,-0.0018068,0.0659127,-1.988735,1.261e-4,0.0731085,-3.126196,-0.0031336,0.1121456,221
ON,6,3403,FRAX,PEN,NA,-2.003909,-0.0018068,0.0659127,-1.988735,1.261e-4,0.0731085,-3.126196,-0.0031336,0.1121456,221
ON,6,3405,FRAX,PEN,SUB,-2.003909,-0.0018068,0.0659127,-1.988735,1.261e-4,0.0731085,-3.126196,-0.0031336,0.1121456,221
ON,6,3405,FRAX,PEN,NA,-2.003909,-0.0018068,0.0659127,-1.988735,1.261e-4,0.0731085,-3.126196,-0.0031336,0.1121456,221
ON,6,3500,SALI,SPP,NA,-1.472463,-0.0010676,0.0015989,-1.648234,-0.0023322,0.0278359,-2.061138,-0.0027626,-0.1083453,104
ON,6,3501,SALI,NIG,NA,-1.472463,-0.0010676,0.0015989,-1.648234,-0.0023322,0.0278359,-2.061138,-0.0027626,-0.1083453,104
ON,6,3960,SORB,SPP,NA,-0.9522246,0.0079959,-0.4922374,-0.9191031,0.0056063,-0.2770456,-3.264365,-0.0066337,0.3897755,11
ON,6,3980,CAST,DEN,NA,-2.4192,-0.0011893,0.0573346,-1.301241,1.834e-4,0.0233745,-2.597069,-0.0014813,-0.09908,494
ON,6,3990,ASIM,TRI,NA,-3.080814,-0.0020942,0.1970004,-1.849251,0.0018918,0.0457323,-1.379295,0.0022139,-0.2587098,134
ON,7,1301,BETU,ALL,NA,-1.642033,3.279e-4,-0.0673634,-0.4505982,9.103e-4,-0.1487061,-2.607653,-0.0029289,0.0358987,1170
ON,7,1405,ACER,RUB,NA,-1.631078,-7.416e-4,-0.054554,-1.558102,-2.615e-4,0.0608288,-2.637262,-0.0023397,-0.0062959,1588
ON,7,1900,OSTR,VIR,NA,-1.868652,-0.0012311,0.0216785,-1.115806,0.0035025,-0.1129534,-2.837149,-0.0025421,0.0928467,17
ON,7,1900,OSTR,SPP,NA,-1.868652,-0.0012311,0.0216785,-1.115806,0.0035025,-0.1129534,-2.837149,-0.0025421,0.0928467,17
ON,7,1950,CARP,CAR,NA,-1.868652,-0.0012311,0.0216785,-1.115806,0.0035025,-0.1129534,-2.837149,-0.0025421,0.0928467,17
ON,7,1950,CARP,SPP,NA,-1.868652,-0.0012311,0.0216785,-1.115806,0.0035025,-0.1129534,-2.837149,-0.0025421,0.0928467,17
ON,7,3930,MALU,SPP,NA,-6.546077,-0.0326574,1.522484,-3.724338,-0.0168824,0.8540673,-0.7653887,0.009475,-0.5714926,10
ON,7,3930,MALU,FUS,NA,-6.546077,-0.0326574,1.522484,-3.724338,-0.0168824,0.8540673,-0.7653887,0.009475,-0.5714926,10
ON,7,3930,MALU,COR,NA,-6.546077,-0.0326574,1.522484,-3.724338,-0.0168824,0.8540673,-0.7653887,0.009475,-0.5714926,10
ON,8,100,PICE,SPP,NA,-1.110227,2.519e-4,-0.187564,-1.104469,-0.0020389,-0.0821821,4.606806,0.0107359,-1.654792,28
ON,8,101,PICE,MAR,NA,-1.48161,3.73e-4,-0.1067311,-0.9036822,-5.822e-4,-0.2020596,-0.391032,-0.0034666,-0.246248,511
ON,8,103,PICE,ABI,NA,-1.735438,0.0017487,-0.1626496,-2.029421,0.0022846,0.0049133,-2.421028,0.0020382,0.0322986,19
ON,8,105,PICE,GLA,NA,-1.110227,2.519e-4,-0.187564,-1.104469,-0.0020389,-0.0821821,4.606806,0.0107359,-1.654792,28
ON,8,202,PINU,STR,NA,-1.285172,8.12e-6,-0.1223606,0.8684512,0.0020716,-0.5562361,0.3661529,0.0011343,-0.5877922,34
ON,8,203,PINU,BAN,NA,-1.082161,0.0017695,-0.2988498,-0.4338225,0.0014471,-0.3940199,0.1673603,2.572e-4,-0.5616231,652
ON,8,204,PINU,CON,NA,-1.082161,0.0017695,-0.2988498,-0.4338225,0.0014471,-0.3940199,0.1673603,2.572e-4,-0.5616231,652
ON,8,204,PINU,CON,LAT,-1.082161,0.0017695,-0.2988498,-0.4338225,0.0014471,-0.3940199,0.1673603,2.572e-4,-0.5616231,652
ON,8,209,PINU,RES,NA,-1.543064,-0.001523,-0.0925295,-0.9833114,-5.057e-4,-0.1706543,1.070808,6.458e-4,-0.6698491,38
ON,8,210,PINU,RIG,NA,-1.543064,-0.001523,-0.0925295,-0.9833114,-5.057e-4,-0.1706543,1.070808,6.458e-4,-0.6698491,38
ON,8,211,PINU,SYL,NA,-1.543064,-0.001523,-0.0925295,-0.9833114,-5.057e-4,-0.1706543,1.070808,6.458e-4,-0.6698491,38
ON,8,300,ABIE,SPP,NA,-1.335365,0.0017672,-0.1305126,-0.1893516,0.0013763,-0.3771057,2.015072,0.0031643,-0.931312,38
ON,8,302,ABIE,BAL,NA,-1.335365,0.0017672,-0.1305126,-0.1893516,0.0013763,-0.3771057,2.015072,0.0031643,-0.931312,38
ON,8,401,TSUG,CAN,NA,-1.533599,2.788e-4,-0.0703303,-1.404903,-1.667e-4,0.0101894,-1.760042,-0.0010253,-0.0914383,199
ON,8,602,LARI,LAR,NA,-2.232256,-0.0025224,0.0738307,-2.867751,-0.0044982,0.3052969,-1.868346,3.897e-4,-0.1223111,71
ON,8,700,THUJ,SPP,NA,-1.856454,-2.385e-4,-0.0112265,-0.6504133,-7.983e-4,-0.1437996,-0.4319122,-0.0010432,-0.2741605,33
ON,8,701,THUJ,OCC,NA,-1.856454,-2.385e-4,-0.0112265,-0.6504133,-7.983e-4,-0.1437996,-0.4319122,-0.0010432,-0.2741605,33
ON,8,801,JUNI,VIR,NA,-1.856454,-2.385e-4,-0.0112265,-0.6504133,-7.983e-4,-0.1437996,-0.4319122,-0.0010432,-0.2741605,33
ON,8,1200,POPU,SPP,NA,-1.48382,3.65e-5,-0.0318542,-0.8445593,4.116e-4,-0.2211369,0.1442626,-0.002229,-0.55532,358
ON,8,1201,POPU,TRE,NA,-1.48382,3.65e-5,-0.0318542,-0.8445593,4.116e-4,-0.2211369,0.1442626,-0.002229,-0.55532,358
ON,8,1203,POPU,BAL,NA,-0.8783261,0.0017333,-0.2464389,0.9677321,0.0024863,-0.6009572,-0.9747596,-7.446e-4,-0.4824558,18
ON,8,1203,POPU,BAL,BAL,-0.8783261,0.0017333,-0.2464389,0.9677321,0.0024863,-0.6009572,-0.9747596,-7.446e-4,-0.4824558,18
ON,8,1203,POPU,BAL,GLA,-0.8783261,0.0017333,-0.2464389,0.9677321,0.0024863,-0.6009572,-0.9747596,-7.446e-4,-0.4824558,18
ON,8,1205,POPU,DEL,NA,-2.570766,-0.0032433,0.2027704,-1.447287,0.0044634,-0.1237083,-1.748068,0.0055936,-0.4488848,9
ON,8,1205,POPU,DEL,DEL,-2.570766,-0.0032433,0.2027704,-1.447287,0.0044634,-0.1237083,-1.748068,0.0055936,-0.4488848,9
ON,8,1206,POPU,GRA,NA,-1.277592,-7.155e-4,-0.0531835,-1.846773,9.784e-4,0.0122176,-3.769405,-0.0052567,0.2977794,76
ON,8,1301,BETU,ALL,NA,-1.911918,-6.683e-4,0.0127247,-0.1015661,0.0032714,-0.3096828,-3.920549,-0.0067825,0.4216207,71
ON,8,1303,BETU,PAP,NA,-1.894822,-6.996e-4,0.038252800000000003,-0.6639847,0.0025935,-0.2705144,-0.3892202,-8.331e-4,-0.4236929,97
ON,8,1303,BETU,PAP,PAP,-1.894822,-6.996e-4,0.038252800000000003,-0.6639847,0.0025935,-0.2705144,-0.3892202,-8.331e-4,-0.4236929,97
ON,8,1304,BETU,POP,NA,-1.894822,-6.996e-4,0.038252800000000003,-0.6639847,0.0025935,-0.2705144,-0.3892202,-8.331e-4,-0.4236929,97
ON,8,1400,ACER,SPP,NA,-1.680032,-9.165e-4,-0.043246,-1.05556,8.016e-4,-0.0656771,-1.288521,-7.134e-4,-0.3842632,439
ON,8,1401,ACER,SAH,NA,-1.680032,-9.165e-4,-0.043246,-1.05556,8.016e-4,-0.0656771,-1.288521,-7.134e-4,-0.3842632,439
ON,8,1404,ACER,NEG,NA,-1.942214,-0.001215,0.0205737,-1.51729,6.041e-4,0.0471622,-2.024583,-0.0035157,-0.1032072,5790
ON,8,1405,ACER,RUB,NA,-1.897874,-0.0013339,0.0195361,-1.45745,6.293e-4,0.0057883,-3.347871,-0.0047663,0.2278895,1076
ON,8,1406,ACER,SAC,NA,-0.7539696,0.0014585,-0.3247972,-4.146713,-0.0021258,0.7226681,-1.393384,-7.166e-4,-0.288028,72
ON,8,1411,ACER,SPI,NA,-1.967653,-0.0059706,0.0822152,-0.8139675,0.0062521,-0.2192993,-4.203604,-0.0163702,0.6259911,12
ON,8,1601,CARY,COR,NA,-1.735149,-3.443e-4,-0.0391536,3.139007,0.0152226,-1.293722,-0.6953126,0.0067434,-0.6370321,10
ON,8,1701,JUGL,CIN,NA,-0.7474443,7.612e-4,-0.2823767,1.23949,0.0064688,-0.6066107,0.5917105,0.0023895,-0.7655214,9
ON,8,1702,JUGL,NIG,NA,-0.7474443,7.612e-4,-0.2823767,1.23949,0.0064688,-0.6066107,0.5917105,0.0023895,-0.7655214,9
ON,8,1900,OSTR,VIR,NA,-1.669698,-8.102e-4,-0.026788,-1.54329,1.553e-4,0.0275292,-2.214692,-0.001971,-0.086934,16
ON,8,1900,OSTR,SPP,NA,-1.669698,-8.102e-4,-0.026788,-1.54329,1.553e-4,0.0275292,-2.214692,-0.001971,-0.086934,16
ON,8,1950,CARP,CAR,NA,-1.669698,-8.102e-4,-0.026788,-1.54329,1.553e-4,0.0275292,-2.214692,-0.001971,-0.086934,16
ON,8,1950,CARP,SPP,NA,-1.669698,-8.102e-4,-0.026788,-1.54329,1.553e-4,0.0275292,-2.214692,-0.001971,-0.086934,16
ON,8,2000,FAGU,GRA,NA,-0.5847991,0.0025319,-0.4298462,-0.848051,0.001387,-0.1114347,-1.757544,-3.913e-4,-0.2953418,59
ON,8,2100,QUER,SPP,NA,-2.204339,-0.0036024,0.114337,1.449888,0.0149941,-0.8304678,-6.478549,-0.0234626,1.248663,11
ON,8,2101,QUER,ALB,NA,-2.204339,-0.0036024,0.114337,1.449888,0.0149941,-0.8304678,-6.478549,-0.0234626,1.248663,11
ON,8,2102,QUER,BIC,NA,-4.0296,-0.005166,0.5904379,3.276891,0.0098557,-1.181803,-0.8115657,-0.0028983,-0.3637202,22
ON,8,2104,QUER,MAC,NA,-4.0296,-0.005166,0.5904379,3.276891,0.0098557,-1.181803,-0.8115657,-0.0028983,-0.3637202,22
ON,8,2108,QUER,RUB,NA,-4.0296,-0.005166,0.5904379,3.276891,0.0098557,-1.181803,-0.8115657,-0.0028983,-0.3637202,22
ON,8,2200,ULMU,SPP,NA,-1.938687,4.37e-6,-0.0019239,-1.640449,-0.0025539,0.095674,-2.733463,-6.802e-4,-0.0427288,33
ON,8,2201,ULMU,AME,NA,-1.938687,4.37e-6,-0.0019239,-1.640449,-0.0025539,0.095674,-2.733463,-6.802e-4,-0.0427288,33
ON,8,2600,SASS,ALB,NA,-0.8783261,0.0017333,-0.2464389,0.9677321,0.0024863,-0.6009572,-0.9747596,-7.446e-4,-0.4824558,18
ON,8,2700,PLAT,OCC,NA,-0.9214779,7.094e-4,-0.2101766,-2.824508,-0.0016505,0.3547191,-3.442591,-0.0030461,0.1475383,22
ON,8,2801,PRUN,SER,NA,-2.052328,-0.0011688,0.0543044,0.2023606,0.0048106,-0.4686303,-3.327485,-0.0046666,0.1417275,11
ON,8,2802,PRUN,PEN,NA,-3.866535,-0.0047479,0.5012993,-2.04995,0.0033134,0.0960491,-0.0242255,0.0214157,-0.9000108,6
ON,8,2804,PRUN,VIR,NA,-3.866535,-0.0047479,0.5012993,-2.04995,0.0033134,0.0960491,-0.0242255,0.0214157,-0.9000108,6
ON,8,2804,PRUN,VIR,VIR,-3.866535,-0.0047479,0.5012993,-2.04995,0.0033134,0.0960491,-0.0242255,0.0214157,-0.9000108,6
ON,8,2900,GLED,TRI,NA,-0.9214779,7.094e-4,-0.2101766,-2.824508,-0.0016505,0.3547191,-3.442591,-0.0030461,0.1475383,22
ON,8,2901,ROBI,PSE,NA,-0.9214779,7.094e-4,-0.2101766,-2.824508,-0.0016505,0.3547191,-3.442591,-0.0030461,0.1475383,22
ON,8,3000,TILI,AME,NA,-0.9214779,7.094e-4,-0.2101766,-2.824508,-0.0016505,0.3547191,-3.442591,-0.0030461,0.1475383,22
ON,8,3400,FRAX,SPP,NA,-2.505994,-0.0045276,0.2378107,-1.347283,0.0012601,-0.0567582,-3.638188,-0.0076986,0.304523,25
ON,8,3401,FRAX,AME,NA,-2.116476,-0.0013641,0.0870494,-1.821925,-9.86e-5,0.0870942,-2.62954,-0.0015309,-0.0413459,27
ON,8,3402,FRAX,NIG,NA,-2.505994,-0.0045276,0.2378107,-1.347283,0.0012601,-0.0567582,-3.638188,-0.0076986,0.304523,25
ON,8,3403,FRAX,PEN,NA,-2.116476,-0.0013641,0.0870494,-1.821925,-9.86e-5,0.0870942,-2.62954,-0.0015309,-0.0413459,27
ON,8,3405,FRAX,PEN,SUB,-2.116476,-0.0013641,0.0870494,-1.821925,-9.86e-5,0.0870942,-2.62954,-0.0015309,-0.0413459,27
ON,8,3405,FRAX,PEN,NA,-2.116476,-0.0013641,0.0870494,-1.821925,-9.86e-5,0.0870942,-2.62954,-0.0015309,-0.0413459,27
ON,8,3500,SALI,SPP,NA,-1.021982,6.475e-4,-0.1674672,-0.7260391,0.0015238,-0.2244517,6.197407,0.0149292,-2.319542,4
ON,8,3501,SALI,NIG,NA,-1.021982,6.475e-4,-0.1674672,-0.7260391,0.0015238,-0.2244517,6.197407,0.0149292,-2.319542,4
ON,8,3902,CORY,AME,NA,-2.656881,-0.0042869,0.3537131,0.0311479,0.0049647,-0.2074321,-1.748817,-0.0012402,0.2674083,7
ON,8,3930,MALU,SPP,NA,-6.546077,-0.0326574,1.522484,-3.724338,-0.0168824,0.8540673,-0.7653887,0.009475,-0.5714926,10
ON,8,3930,MALU,FUS,NA,-6.546077,-0.0326574,1.522484,-3.724338,-0.0168824,0.8540673,-0.7653887,0.009475,-0.5714926,10
ON,8,3930,MALU,COR,NA,-6.546077,-0.0326574,1.522484,-3.724338,-0.0168824,0.8540673,-0.7653887,0.009475,-0.5714926,10
ON,8,3960,SORB,SPP,NA,-6.546077,-0.0326574,1.522484,-3.724338,-0.0168824,0.8540673,-0.7653887,0.009475,-0.5714926,10
ON,8,3980,CAST,DEN,NA,-0.5847991,0.0025319,-0.4298462,-0.848051,0.001387,-0.1114347,-1.757544,-3.913e-4,-0.2953418,59
ON,8,3990,ASIM,TRI,NA,-3.866535,-0.0047479,0.5012993,-2.04995,0.0033134,0.0960491,-0.0242255,0.0214157,-0.9000108,6
ON,15,100,PICE,SPP,NA,-1.110227,2.519e-4,-0.187564,-1.104469,-0.0020389,-0.0821821,4.606806,0.0107359,-1.654792,28
ON,15,101,PICE,MAR,NA,-1.48161,3.73e-4,-0.1067311,-0.9036822,-5.822e-4,-0.2020596,-0.391032,-0.0034666,-0.246248,511
ON,15,105,PICE,GLA,NA,-1.110227,2.519e-4,-0.187564,-1.104469,-0.0020389,-0.0821821,4.606806,0.0107359,-1.654792,28
ON,15,202,PINU,STR,NA,-1.285172,8.12e-6,-0.1223606,0.8684512,0.0020716,-0.5562361,0.3661529,0.0011343,-0.5877922,34
ON,15,203,PINU,BAN,NA,-1.082161,0.0017695,-0.2988498,-0.4338225,0.0014471,-0.3940199,0.1673603,2.572e-4,-0.5616231,652
ON,15,204,PINU,CON,NA,-1.082161,0.0017695,-0.2988498,-0.4338225,0.0014471,-0.3940199,0.1673603,2.572e-4,-0.5616231,652
ON,15,204,PINU,CON,LAT,-1.082161,0.0017695,-0.2988498,-0.4338225,0.0014471,-0.3940199,0.1673603,2.572e-4,-0.5616231,652
ON,15,209,PINU,RES,NA,-1.543064,-0.001523,-0.0925295,-0.9833114,-5.057e-4,-0.1706543,1.070808,6.458e-4,-0.6698491,38
ON,15,210,PINU,RIG,NA,-1.543064,-0.001523,-0.0925295,-0.9833114,-5.057e-4,-0.1706543,1.070808,6.458e-4,-0.6698491,38
ON,15,211,PINU,SYL,NA,-1.543064,-0.001523,-0.0925295,-0.9833114,-5.057e-4,-0.1706543,1.070808,6.458e-4,-0.6698491,38
ON,15,300,ABIE,SPP,NA,-1.335365,0.0017672,-0.1305126,-0.1893516,0.0013763,-0.3771057,2.015072,0.0031643,-0.931312,38
ON,15,302,ABIE,BAL,NA,-1.335365,0.0017672,-0.1305126,-0.1893516,0.0013763,-0.3771057,2.015072,0.0031643,-0.931312,38
ON,15,602,LARI,LAR,NA,-1.967755,-1.227e-4,-0.0388915,-1.261931,0.0016539,-0.1510594,-1.697055,-0.0022369,-0.0883718,288
ON,15,700,THUJ,SPP,NA,-1.856454,-2.385e-4,-0.0112265,-0.6504133,-7.983e-4,-0.1437996,-0.4319122,-0.0010432,-0.2741605,33
ON,15,701,THUJ,OCC,NA,-1.856454,-2.385e-4,-0.0112265,-0.6504133,-7.983e-4,-0.1437996,-0.4319122,-0.0010432,-0.2741605,33
ON,15,801,JUNI,VIR,NA,-1.856454,-2.385e-4,-0.0112265,-0.6504133,-7.983e-4,-0.1437996,-0.4319122,-0.0010432,-0.2741605,33
ON,15,1200,POPU,SPP,NA,-1.48382,3.65e-5,-0.0318542,-0.8445593,4.116e-4,-0.2211369,0.1442626,-0.002229,-0.55532,358
ON,15,1201,POPU,TRE,NA,-1.48382,3.65e-5,-0.0318542,-0.8445593,4.116e-4,-0.2211369,0.1442626,-0.002229,-0.55532,358
ON,15,1203,POPU,BAL,NA,-0.8783261,0.0017333,-0.2464389,0.9677321,0.0024863,-0.6009572,-0.9747596,-7.446e-4,-0.4824558,18
ON,15,1203,POPU,BAL,BAL,-0.8783261,0.0017333,-0.2464389,0.9677321,0.0024863,-0.6009572,-0.9747596,-7.446e-4,-0.4824558,18
ON,15,1203,POPU,BAL,GLA,-0.8783261,0.0017333,-0.2464389,0.9677321,0.0024863,-0.6009572,-0.9747596,-7.446e-4,-0.4824558,18
ON,15,1301,BETU,ALL,NA,-1.922884,-3.901e-4,0.0113418,-0.8066087,0.0014756,-0.0850136,-2.309902,-0.0020819,-0.0358566,3486
ON,15,1303,BETU,PAP,NA,-1.894822,-6.996e-4,0.038252800000000003,-0.6639847,0.0025935,-0.2705144,-0.3892202,-8.331e-4,-0.4236929,97
ON,15,1303,BETU,PAP,PAP,-1.894822,-6.996e-4,0.038252800000000003,-0.6639847,0.0025935,-0.2705144,-0.3892202,-8.331e-4,-0.4236929,97
ON,15,1304,BETU,POP,NA,-1.894822,-6.996e-4,0.038252800000000003,-0.6639847,0.0025935,-0.2705144,-0.3892202,-8.331e-4,-0.4236929,97
ON,15,1400,ACER,SPP,NA,-2.054324,-0.0010987,0.0359113,-1.127557,6.254e-4,-0.024379,-2.158123,-0.0021589,-0.1387092,3870
ON,15,1405,ACER,RUB,NA,-2.0803,-0.0013956,0.063681,-1.345797,8.918e-4,-0.0172336,-2.255599,-0.0025146,-0.0304102,1886
ON,15,2600,SASS,ALB,NA,-0.8783261,0.0017333,-0.2464389,0.9677321,0.0024863,-0.6009572,-0.9747596,-7.446e-4,-0.4824558,18
ON,15,3402,FRAX,NIG,NA,-2.003909,-0.0018068,0.0659127,-1.988735,1.261e-4,0.0731085,-3.126196,-0.0031336,0.1121456,221
PE,7,100,PICE,SPP,NA,-1.13678,0.0018323,-0.2216121,0.4495063,0.0033815,-0.4485085,-0.7945611,2.405e-4,-0.2101407,279
PE,7,101,PICE,MAR,NA,-1.815314,-4.225e-4,-0.007008,-0.4785004,-0.0011926,-0.0885507,-1.517487,-0.0086042,0.256182,117
PE,7,102,PICE,RUB,NA,-0.7378441,-7.576e-4,-0.1686845,0.0856887,0.0072299,-0.5452009,-1.670176,-0.0041772,0.0500234,44
PE,7,105,PICE,GLA,NA,-1.13678,0.0018323,-0.2216121,0.4495063,0.0033815,-0.4485085,-0.7945611,2.405e-4,-0.2101407,279
PE,7,202,PINU,STR,NA,-1.36897,-0.0018531,-0.0323388,-0.5486832,0.0041483,-0.2846504,-0.4389448,-0.0029548,-0.2433852,21
PE,7,203,PINU,BAN,NA,-1.459166,0.0011381,-0.2076294,-1.585116,0.0016265,-0.0137812,-2.555403,0.0027272,0.0083751,19
PE,7,209,PINU,RES,NA,-0.4816271,-3.614e-4,-0.3322312,0.6498641,-0.0031352,-0.4671665,0.2865126,-0.003157,-0.4765825,11
PE,7,211,PINU,SYL,NA,-0.4816271,-3.614e-4,-0.3322312,0.6498641,-0.0031352,-0.4671665,0.2865126,-0.003157,-0.4765825,11
PE,7,302,ABIE,BAL,NA,-0.7095501,0.0011674,-0.2167721,-1.667664,2.492e-4,0.0725853,-0.0167662,0.0017507,-0.4223694,298
PE,7,401,TSUG,CAN,NA,-2.180763,-5.479e-4,0.0840012,0.7887602,0.003907,-0.5347654,-0.0590906,0.0022722,-0.5120544,6
PE,7,602,LARI,LAR,NA,0.1091997,0.0046965,-0.5771422,1.242572,0.0067074,-0.7444695,3.870482,0.0146186,-1.689717,50
PE,7,605,LARI,KAE,NA,0.1091997,0.0046965,-0.5771422,1.242572,0.0067074,-0.7444695,3.870482,0.0146186,-1.689717,50
PE,7,701,THUJ,OCC,NA,1.770854,0.0080617,-0.9247543,4.086828,0.0127811,-1.425102,0.1276531,0.0059827,-0.4833059,21
PE,7,801,JUNI,VIR,NA,1.770854,0.0080617,-0.9247543,4.086828,0.0127811,-1.425102,0.1276531,0.0059827,-0.4833059,21
PE,7,1100,GENC,SPP,NA,-1.13678,0.0018323,-0.2216121,0.4495063,0.0033815,-0.4485085,-0.7945611,2.405e-4,-0.2101407,279
PE,7,1150,UNKN,SPP,NA,-1.13678,0.0018323,-0.2216121,0.4495063,0.0033815,-0.4485085,-0.7945611,2.405e-4,-0.2101407,279
PE,7,1200,POPU,SPP,NA,-1.940709,1.82e-4,0.0680856,-1.370527,-2.413e-4,0.0021717,-2.066914,-5.654e-4,-0.0934072,4
PE,7,1201,POPU,TRE,NA,-0.5226245,0.0014422,-0.2495923,-1.839059,-8.569e-4,0.1277054,-4.874275,-0.0034597,0.5790042,40
PE,7,1203,POPU,BAL,NA,-0.5226245,0.0014422,-0.2495923,-1.839059,-8.569e-4,0.1277054,-4.874275,-0.0034597,0.5790042,40
PE,7,1203,POPU,BAL,BAL,-0.5226245,0.0014422,-0.2495923,-1.839059,-8.569e-4,0.1277054,-4.874275,-0.0034597,0.5790042,40
PE,7,1203,POPU,BAL,GLA,-0.5226245,0.0014422,-0.2495923,-1.839059,-8.569e-4,0.1277054,-4.874275,-0.0034597,0.5790042,40
PE,7,1206,POPU,GRA,NA,-1.741569,-2.002e-4,0.0635193,1.707002,0.0053423,-0.7764567,11.93832,0.017052,-3.405327,10
PE,7,1301,BETU,ALL,NA,3.47687,0.0091737,-1.324518,10.32276,0.0195555,-2.785129,13.92907,0.0320601,-4.143476,17
PE,7,1303,BETU,PAP,NA,-1.086312,5.122e-4,-0.1551621,-0.9429711,0.0011037,-0.0756709,2.83463,0.0080169,-1.28567,43
PE,7,1303,BETU,PAP,PAP,-1.086312,5.122e-4,-0.1551621,-0.9429711,0.0011037,-0.0756709,2.83463,0.0080169,-1.28567,43
PE,7,1304,BETU,POP,NA,-19.09538,-0.0645201,5.222776,-4.309621,-0.0073914,0.8013233,3.840415,-0.0020525,-1.125346,4
PE,7,1400,ACER,SPP,NA,-0.9195564,-5.128e-4,-0.1555914,-0.8242025,0.0012364,-0.1056956,-0.5946898,0.0016391,-0.4332894,234
PE,7,1401,ACER,SAH,NA,-3.116683,-0.0018211,0.2922145,-1.145731,-7.1e-4,0.0781642,-16.04525,-0.0189567,3.288524,49
PE,7,1405,ACER,RUB,NA,-0.9195564,-5.128e-4,-0.1555914,-0.8242025,0.0012364,-0.1056956,-0.5946898,0.0016391,-0.4332894,234
PE,7,1410,ACER,PEN,NA,-1.860796,-0.0054469,0.0477605,-0.7874993,0.0063661,-0.2275177,-4.053348,-0.015636,0.5776978,12
PE,7,1411,ACER,SPI,NA,4.234628,0.0176068,-1.686188,2.40855,0.0114511,-0.9938732,1.848952,0.0075002,-0.9856914,12
PE,7,1550,GENH,SPP,NA,-1.19488,-5.782e-4,-0.1253641,-1.249954,1.576e-4,0.0744436,-2.25052,-6.693e-4,0.1298754,64
PE,7,1800,ALNU,SPP,NA,-0.0485002,0.0465088,-1.138681,-2.565204,-0.0138446,0.3408205,5.726128,0.2168385,-4.304212,5
PE,7,1803,ALNU,VIR,CRI,-0.0485002,0.0465088,-1.138681,-2.565204,-0.0138446,0.3408205,5.726128,0.2168385,-4.304212,5
PE,7,1805,ALNU,INC,RUG,-0.0485002,0.0465088,-1.138681,-2.565204,-0.0138446,0.3408205,5.726128,0.2168385,-4.304212,5
PE,7,1805,ALNU,INC,NA,-0.0485002,0.0465088,-1.138681,-2.565204,-0.0138446,0.3408205,5.726128,0.2168385,-4.304212,5
PE,7,1900,OSTR,VIR,NA,-1.86657,-0.0012262,0.0211151,-1.126916,0.0034786,-0.1099952,-2.812416,-0.0024846,0.0861479,17
PE,7,1900,OSTR,SPP,NA,-1.86657,-0.0012262,0.0211151,-1.126916,0.0034786,-0.1099952,-2.812416,-0.0024846,0.0861479,17
PE,7,1950,CARP,CAR,NA,-1.86657,-0.0012262,0.0211151,-1.126916,0.0034786,-0.1099952,-2.812416,-0.0024846,0.0861479,17
PE,7,1950,CARP,SPP,NA,-1.86657,-0.0012262,0.0211151,-1.126916,0.0034786,-0.1099952,-2.812416,-0.0024846,0.0861479,17
PE,7,2000,FAGU,GRA,NA,-3.826439,-0.0027065,0.4064496,-0.1006508,0.0031252,-0.2716998,5.570062,0.0118634,-1.994494,17
PE,7,2108,QUER,RUB,NA,-0.6101463,0.0010592,-0.2327788,-1.369442,-8.155e-4,0.0793151,-1.519967,-8.53e-4,-0.209495,27
PE,7,2200,ULMU,SPP,NA,-4.029065,-0.0050984,0.6120456,-0.8918992,-0.0010327,-0.0025851,-5.536076,-0.0063403,0.8449811,5
PE,7,2201,ULMU,AME,NA,-4.029065,-0.0050984,0.6120456,-0.8918992,-0.0010327,-0.0025851,-5.536076,-0.0063403,0.8449811,5
PE,7,2802,PRUN,PEN,NA,-3.172642,-0.0091979,0.4815208,-0.2820507,-0.0016262,-0.2059446,3.684531,0.0198696,-1.664074,9
PE,7,3401,FRAX,AME,NA,6.042746,0.0172103,-2.125107,2.50607,0.0063166,-0.8965502,39.72382,0.0928592,-11.119,9
PE,7,3900,CORY,COR,NA,-2.656881,-0.0042869,0.3537131,0.0311479,0.0049647,-0.2074321,-1.748817,-0.0012402,0.2674083,7
PE,7,3920,ILEX,VER,NA,-2.656881,-0.0042869,0.3537131,0.0311479,0.0049647,-0.2074321,-1.748817,-0.0012402,0.2674083,7
PE,7,3930,MALU,SPP,NA,-6.375337,-0.0319474,1.470128,-3.630836,-0.016558,0.8267165,-1.025533,0.0086055,-0.4959393,12
PE,7,3930,MALU,FUS,NA,-6.375337,-0.0319474,1.470128,-3.630836,-0.016558,0.8267165,-1.025533,0.0086055,-0.4959393,12
PE,7,3930,MALU,COR,NA,-6.375337,-0.0319474,1.470128,-3.630836,-0.016558,0.8267165,-1.025533,0.0086055,-0.4959393,12
PE,7,3940,NEMO,MUC,NA,-1.842533,7.48e-4,-0.0199743,5.285464,0.0119719,-1.538432,8.069855,0.0180879,-2.364273,7
PE,7,3960,SORB,SPP,NA,-6.375337,-0.0319474,1.470128,-3.630836,-0.016558,0.8267165,-1.025533,0.0086055,-0.4959393,12
QC,1,100,PICE,SPP,NA,-1.711879,-6.835e-4,-0.0121105,-1.083241,-0.0011717,-0.0636495,-0.9596619,-0.0027376,-0.0698216,60
QC,1,101,PICE,MAR,NA,-1.711879,-6.835e-4,-0.0121105,-1.083241,-0.0011717,-0.0636495,-0.9596619,-0.0027376,-0.0698216,60
QC,1,105,PICE,GLA,NA,-1.981923,-2.608e-4,0.0175826,-1.46987,4.888e-4,-0.0380158,-0.3094005,0.0041457,-0.4598487,1702
QC,1,107,PICE,MAR,RUB,-1.711879,-6.835e-4,-0.0121105,-1.083241,-0.0011717,-0.0636495,-0.9596619,-0.0027376,-0.0698216,60
QC,1,302,ABIE,BAL,NA,-1.66978,2.289e-4,-0.0284007,-1.214761,0.0021811,-0.1311227,-0.9499859,-7.031e-4,-0.194097,9695
QC,1,304,ABIE,LAS,NA,-1.66978,2.289e-4,-0.0284007,-1.214761,0.0021811,-0.1311227,-0.9499859,-7.031e-4,-0.194097,9695
QC,1,602,LARI,LAR,NA,-1.973109,-1.365e-4,-0.0374368,-1.269574,0.001621,-0.1486281,-1.700501,-0.0022482,-0.087371,288
QC,1,605,LARI,KAE,NA,-1.973109,-1.365e-4,-0.0374368,-1.269574,0.001621,-0.1486281,-1.700501,-0.0022482,-0.087371,288
QC,1,1100,GENC,SPP,NA,-1.981923,-2.608e-4,0.0175826,-1.46987,4.888e-4,-0.0380158,-0.3094005,0.0041457,-0.4598487,1702
QC,1,1150,UNKN,SPP,NA,-1.981923,-2.608e-4,0.0175826,-1.46987,4.888e-4,-0.0380158,-0.3094005,0.0041457,-0.4598487,1702
QC,1,1200,POPU,SPP,NA,-1.37932,4.172e-4,-0.0680491,-1.483582,8.34e-5,-0.0542484,-1.904333,-0.0024228,-0.1233242,5489
QC,1,1201,POPU,TRE,NA,-1.37932,4.172e-4,-0.0680491,-1.483582,8.34e-5,-0.0542484,-1.904333,-0.0024228,-0.1233242,5489
QC,1,1203,POPU,BAL,NA,-1.310749,-1.971e-4,-0.0813754,-1.282354,5.31e-4,-0.0811786,-2.987716,-0.003323,0.0931182,159
QC,1,1203,POPU,BAL,BAL,-1.310749,-1.971e-4,-0.0813754,-1.282354,5.31e-4,-0.0811786,-2.987716,-0.003323,0.0931182,159
QC,1,1203,POPU,BAL,GLA,-1.310749,-1.971e-4,-0.0813754,-1.282354,5.31e-4,-0.0811786,-2.987716,-0.003323,0.0931182,159
QC,1,1303,BETU,PAP,NA,-1.767513,2.124e-4,-0.0139472,-1.279744,0.0012197,-0.0794052,-2.186957,-0.0026354,-0.0111099,10323
QC,1,1303,BETU,PAP,PAP,-1.767513,2.124e-4,-0.0139472,-1.279744,0.0012197,-0.0794052,-2.186957,-0.0026354,-0.0111099,10323
QC,2,100,PICE,SPP,NA,-1.711879,-6.835e-4,-0.0121105,-1.083241,-0.0011717,-0.0636495,-0.9596619,-0.0027376,-0.0698216,60
QC,2,101,PICE,MAR,NA,-1.711879,-6.835e-4,-0.0121105,-1.083241,-0.0011717,-0.0636495,-0.9596619,-0.0027376,-0.0698216,60
QC,2,105,PICE,GLA,NA,-1.981923,-2.608e-4,0.0175826,-1.46987,4.888e-4,-0.0380158,-0.3094005,0.0041457,-0.4598487,1702
QC,2,107,PICE,MAR,RUB,-1.711879,-6.835e-4,-0.0121105,-1.083241,-0.0011717,-0.0636495,-0.9596619,-0.0027376,-0.0698216,60
QC,2,302,ABIE,BAL,NA,-1.66978,2.289e-4,-0.0284007,-1.214761,0.0021811,-0.1311227,-0.9499859,-7.031e-4,-0.194097,9695
QC,2,304,ABIE,LAS,NA,-1.66978,2.289e-4,-0.0284007,-1.214761,0.0021811,-0.1311227,-0.9499859,-7.031e-4,-0.194097,9695
QC,2,602,LARI,LAR,NA,-1.973109,-1.365e-4,-0.0374368,-1.269574,0.001621,-0.1486281,-1.700501,-0.0022482,-0.087371,288
QC,2,605,LARI,KAE,NA,-1.973109,-1.365e-4,-0.0374368,-1.269574,0.001621,-0.1486281,-1.700501,-0.0022482,-0.087371,288
QC,2,1100,GENC,SPP,NA,-1.981923,-2.608e-4,0.0175826,-1.46987,4.888e-4,-0.0380158,-0.3094005,0.0041457,-0.4598487,1702
QC,2,1150,UNKN,SPP,NA,-1.981923,-2.608e-4,0.0175826,-1.46987,4.888e-4,-0.0380158,-0.3094005,0.0041457,-0.4598487,1702
QC,2,1200,POPU,SPP,NA,-1.37932,4.172e-4,-0.0680491,-1.483582,8.34e-5,-0.0542484,-1.904333,-0.0024228,-0.1233242,5489
QC,2,1201,POPU,TRE,NA,-1.37932,4.172e-4,-0.0680491,-1.483582,8.34e-5,-0.0542484,-1.904333,-0.0024228,-0.1233242,5489
QC,2,1203,POPU,BAL,NA,-1.310749,-1.971e-4,-0.0813754,-1.282354,5.31e-4,-0.0811786,-2.987716,-0.003323,0.0931182,159
QC,2,1203,POPU,BAL,BAL,-1.310749,-1.971e-4,-0.0813754,-1.282354,5.31e-4,-0.0811786,-2.987716,-0.003323,0.0931182,159
QC,2,1203,POPU,BAL,GLA,-1.310749,-1.971e-4,-0.0813754,-1.282354,5.31e-4,-0.0811786,-2.987716,-0.003323,0.0931182,159
QC,2,1303,BETU,PAP,NA,-1.767513,2.124e-4,-0.0139472,-1.279744,0.0012197,-0.0794052,-2.186957,-0.0026354,-0.0111099,10323
QC,2,1303,BETU,PAP,PAP,-1.767513,2.124e-4,-0.0139472,-1.279744,0.0012197,-0.0794052,-2.186957,-0.0026354,-0.0111099,10323
QC,3,100,PICE,SPP,NA,-1.711879,-6.835e-4,-0.0121105,-1.083241,-0.0011717,-0.0636495,-0.9596619,-0.0027376,-0.0698216,60
QC,3,101,PICE,MAR,NA,-1.711879,-6.835e-4,-0.0121105,-1.083241,-0.0011717,-0.0636495,-0.9596619,-0.0027376,-0.0698216,60
QC,3,105,PICE,GLA,NA,-1.981923,-2.608e-4,0.0175826,-1.46987,4.888e-4,-0.0380158,-0.3094005,0.0041457,-0.4598487,1702
QC,3,107,PICE,MAR,RUB,-1.711879,-6.835e-4,-0.0121105,-1.083241,-0.0011717,-0.0636495,-0.9596619,-0.0027376,-0.0698216,60
QC,3,302,ABIE,BAL,NA,-1.66978,2.289e-4,-0.0284007,-1.214761,0.0021811,-0.1311227,-0.9499859,-7.031e-4,-0.194097,9695
QC,3,304,ABIE,LAS,NA,-1.66978,2.289e-4,-0.0284007,-1.214761,0.0021811,-0.1311227,-0.9499859,-7.031e-4,-0.194097,9695
QC,3,602,LARI,LAR,NA,-1.973109,-1.365e-4,-0.0374368,-1.269574,0.001621,-0.1486281,-1.700501,-0.0022482,-0.087371,288
QC,3,605,LARI,KAE,NA,-1.973109,-1.365e-4,-0.0374368,-1.269574,0.001621,-0.1486281,-1.700501,-0.0022482,-0.087371,288
QC,3,1100,GENC,SPP,NA,-1.981923,-2.608e-4,0.0175826,-1.46987,4.888e-4,-0.0380158,-0.3094005,0.0041457,-0.4598487,1702
QC,3,1150,UNKN,SPP,NA,-1.981923,-2.608e-4,0.0175826,-1.46987,4.888e-4,-0.0380158,-0.3094005,0.0041457,-0.4598487,1702
QC,3,1200,POPU,SPP,NA,-1.37932,4.172e-4,-0.0680491,-1.483582,8.34e-5,-0.0542484,-1.904333,-0.0024228,-0.1233242,5489
QC,3,1201,POPU,TRE,NA,-1.37932,4.172e-4,-0.0680491,-1.483582,8.34e-5,-0.0542484,-1.904333,-0.0024228,-0.1233242,5489
QC,3,1203,POPU,BAL,NA,-1.310749,-1.971e-4,-0.0813754,-1.282354,5.31e-4,-0.0811786,-2.987716,-0.003323,0.0931182,159
QC,3,1203,POPU,BAL,BAL,-1.310749,-1.971e-4,-0.0813754,-1.282354,5.31e-4,-0.0811786,-2.987716,-0.003323,0.0931182,159
QC,3,1203,POPU,BAL,GLA,-1.310749,-1.971e-4,-0.0813754,-1.282354,5.31e-4,-0.0811786,-2.987716,-0.003323,0.0931182,159
QC,3,1303,BETU,PAP,NA,-1.767513,2.124e-4,-0.0139472,-1.279744,0.0012197,-0.0794052,-2.186957,-0.0026354,-0.0111099,10323
QC,3,1303,BETU,PAP,PAP,-1.767513,2.124e-4,-0.0139472,-1.279744,0.0012197,-0.0794052,-2.186957,-0.0026354,-0.0111099,10323
QC,3,1805,ALNU,INC,RUG,-0.0485002,0.0465088,-1.138681,-2.565204,-0.0138446,0.3408205,5.726128,0.2168385,-4.304212,5
QC,3,1805,ALNU,INC,NA,-0.0485002,0.0465088,-1.138681,-2.565204,-0.0138446,0.3408205,5.726128,0.2168385,-4.304212,5
QC,5,100,PICE,SPP,NA,-1.711879,-6.835e-4,-0.0121105,-1.083241,-0.0011717,-0.0636495,-0.9596619,-0.0027376,-0.0698216,60
QC,5,101,PICE,MAR,NA,-1.711879,-6.835e-4,-0.0121105,-1.083241,-0.0011717,-0.0636495,-0.9596619,-0.0027376,-0.0698216,60
QC,5,105,PICE,GLA,NA,-1.981923,-2.608e-4,0.0175826,-1.46987,4.888e-4,-0.0380158,-0.3094005,0.0041457,-0.4598487,1702
QC,5,107,PICE,MAR,RUB,-1.711879,-6.835e-4,-0.0121105,-1.083241,-0.0011717,-0.0636495,-0.9596619,-0.0027376,-0.0698216,60
QC,5,200,PINU,SPP,NA,-1.88183,0.001027,-0.099342,-1.240573,0.0019301,-0.2045888,-1.684873,-0.0014913,-0.1173088,3708
QC,5,202,PINU,STR,NA,-1.801744,-3.685e-4,-0.0080958,-1.083892,0.0013546,-0.1295523,-0.6911709,7.238e-4,-0.3778888,1177
QC,5,203,PINU,BAN,NA,-1.88183,0.001027,-0.099342,-1.240573,0.0019301,-0.2045888,-1.684873,-0.0014913,-0.1173088,3708
QC,5,209,PINU,RES,NA,-2.350189,-0.0013519,0.0800935,-1.0028030000000001,3.557e-4,-0.1536349,-0.019501,0.0027642,-0.524469,171
QC,5,302,ABIE,BAL,NA,-1.66978,2.289e-4,-0.0284007,-1.214761,0.0021811,-0.1311227,-0.9499859,-7.031e-4,-0.194097,9695
QC,5,304,ABIE,LAS,NA,-1.66978,2.289e-4,-0.0284007,-1.214761,0.0021811,-0.1311227,-0.9499859,-7.031e-4,-0.194097,9695
QC,5,401,TSUG,CAN,NA,-1.293835,6.588e-4,-0.125031,-1.672586,-3.542e-4,0.0778901,-1.072416,1.906e-4,-0.288969,424
QC,5,602,LARI,LAR,NA,-1.973109,-1.365e-4,-0.0374368,-1.269574,0.001621,-0.1486281,-1.700501,-0.0022482,-0.087371,288
QC,5,605,LARI,KAE,NA,-1.973109,-1.365e-4,-0.0374368,-1.269574,0.001621,-0.1486281,-1.700501,-0.0022482,-0.087371,288
QC,5,701,THUJ,OCC,NA,-1.965677,-4.979e-4,0.0241964,-1.150524,0.0015672,-0.0912559,-1.469959,-9.608e-4,-0.1008653,1861
QC,5,801,JUNI,VIR,NA,-1.965677,-4.979e-4,0.0241964,-1.150524,0.0015672,-0.0912559,-1.469959,-9.608e-4,-0.1008653,1861
QC,5,1100,GENC,SPP,NA,-1.981923,-2.608e-4,0.0175826,-1.46987,4.888e-4,-0.0380158,-0.3094005,0.0041457,-0.4598487,1702
QC,5,1150,UNKN,SPP,NA,-1.981923,-2.608e-4,0.0175826,-1.46987,4.888e-4,-0.0380158,-0.3094005,0.0041457,-0.4598487,1702
QC,5,1200,POPU,SPP,NA,-1.37932,4.172e-4,-0.0680491,-1.483582,8.34e-5,-0.0542484,-1.904333,-0.0024228,-0.1233242,5489
QC,5,1201,POPU,TRE,NA,-1.37932,4.172e-4,-0.0680491,-1.483582,8.34e-5,-0.0542484,-1.904333,-0.0024228,-0.1233242,5489
QC,5,1203,POPU,BAL,NA,-1.310749,-1.971e-4,-0.0813754,-1.282354,5.31e-4,-0.0811786,-2.987716,-0.003323,0.0931182,159
QC,5,1203,POPU,BAL,BAL,-1.310749,-1.971e-4,-0.0813754,-1.282354,5.31e-4,-0.0811786,-2.987716,-0.003323,0.0931182,159
QC,5,1203,POPU,BAL,GLA,-1.310749,-1.971e-4,-0.0813754,-1.282354,5.31e-4,-0.0811786,-2.987716,-0.003323,0.0931182,159
QC,5,1211,POPU,BAL,GRA,-1.426591,1.715e-4,-0.0521575,-1.392265,5.71e-4,-0.0832082,-1.995065,-0.0028745,-0.0968925,6203
QC,5,1301,BETU,ALL,NA,-1.920661,-3.859e-4,0.0107877,-0.8167759,0.0014608,-0.0825184,-2.29294,-0.0020529,-0.040132,3493
QC,5,1303,BETU,PAP,NA,-1.767513,2.124e-4,-0.0139472,-1.279744,0.0012197,-0.0794052,-2.186957,-0.0026354,-0.0111099,10323
QC,5,1303,BETU,PAP,PAP,-1.767513,2.124e-4,-0.0139472,-1.279744,0.0012197,-0.0794052,-2.186957,-0.0026354,-0.0111099,10323
QC,5,1400,ACER,SPP,NA,-2.038109,-0.0010816,0.0321414,-1.126397,6.3e-4,-0.0247585,-2.149351,-0.0021595,-0.1404091,3885
QC,5,1401,ACER,SAH,NA,-2.038109,-0.0010816,0.0321414,-1.126397,6.3e-4,-0.0247585,-2.149351,-0.0021595,-0.1404091,3885
QC,5,1405,ACER,RUB,NA,-2.067681,-0.0013622,0.0602617,-1.343886,8.95e-4,-0.0177576,-2.279679,-0.0026013,-0.0231588,1905
QC,5,1550,GENH,SPP,NA,-1.749271,-0.0011443,-0.0385082,-2.368783,3.223e-4,0.2192045,-1.433405,-0.0013944,-0.2984636,1479
QC,6,100,PICE,SPP,NA,-1.784315,4.81e-5,-0.0325024,-1.313394,5.393e-4,-0.1181977,-0.8172582,-5.87e-5,-0.2399309,19065
QC,6,101,PICE,MAR,NA,-1.784315,4.81e-5,-0.0325024,-1.313394,5.393e-4,-0.1181977,-0.8172582,-5.87e-5,-0.2399309,19065
QC,6,102,PICE,RUB,NA,-1.771441,-8.745e-4,-0.017089,-1.141848,0.0046305,-0.2206443,-2.040964,-0.0024735,0.0265277,552
QC,6,103,PICE,ABI,NA,-1.771441,-8.745e-4,-0.017089,-1.141848,0.0046305,-0.2206443,-2.040964,-0.0024735,0.0265277,552
QC,6,105,PICE,GLA,NA,-1.981923,-2.608e-4,0.0175826,-1.46987,4.888e-4,-0.0380158,-0.3094005,0.0041457,-0.4598487,1702
QC,6,107,PICE,MAR,RUB,-1.771441,-8.745e-4,-0.017089,-1.141848,0.0046305,-0.2206443,-2.040964,-0.0024735,0.0265277,552
QC,6,200,PINU,SPP,NA,-1.88183,0.001027,-0.099342,-1.240573,0.0019301,-0.2045888,-1.684873,-0.0014913,-0.1173088,3708
QC,6,202,PINU,STR,NA,-1.801744,-3.685e-4,-0.0080958,-1.083892,0.0013546,-0.1295523,-0.6911709,7.238e-4,-0.3778888,1177
QC,6,203,PINU,BAN,NA,-1.88183,0.001027,-0.099342,-1.240573,0.0019301,-0.2045888,-1.684873,-0.0014913,-0.1173088,3708
QC,6,209,PINU,RES,NA,-2.350189,-0.0013519,0.0800935,-1.0028030000000001,3.557e-4,-0.1536349,-0.019501,0.0027642,-0.524469,171
QC,6,211,PINU,SYL,NA,-2.350189,-0.0013519,0.0800935,-1.0028030000000001,3.557e-4,-0.1536349,-0.019501,0.0027642,-0.524469,171
QC,6,302,ABIE,BAL,NA,-1.66978,2.289e-4,-0.0284007,-1.214761,0.0021811,-0.1311227,-0.9499859,-7.031e-4,-0.194097,9695
QC,6,304,ABIE,LAS,NA,-1.66978,2.289e-4,-0.0284007,-1.214761,0.0021811,-0.1311227,-0.9499859,-7.031e-4,-0.194097,9695
QC,6,401,TSUG,CAN,NA,-1.293835,6.588e-4,-0.125031,-1.672586,-3.542e-4,0.0778901,-1.072416,1.906e-4,-0.288969,424
QC,6,602,LARI,LAR,NA,-1.973109,-1.365e-4,-0.0374368,-1.269574,0.001621,-0.1486281,-1.700501,-0.0022482,-0.087371,288
QC,6,605,LARI,KAE,NA,-1.973109,-1.365e-4,-0.0374368,-1.269574,0.001621,-0.1486281,-1.700501,-0.0022482,-0.087371,288
QC,6,701,THUJ,OCC,NA,-1.965677,-4.979e-4,0.0241964,-1.150524,0.0015672,-0.0912559,-1.469959,-9.608e-4,-0.1008653,1861
QC,6,801,JUNI,VIR,NA,-1.965677,-4.979e-4,0.0241964,-1.150524,0.0015672,-0.0912559,-1.469959,-9.608e-4,-0.1008653,1861
QC,6,1100,GENC,SPP,NA,-1.981923,-2.608e-4,0.0175826,-1.46987,4.888e-4,-0.0380158,-0.3094005,0.0041457,-0.4598487,1702
QC,6,1150,UNKN,SPP,NA,-1.981923,-2.608e-4,0.0175826,-1.46987,4.888e-4,-0.0380158,-0.3094005,0.0041457,-0.4598487,1702
QC,6,1200,POPU,SPP,NA,-1.37932,4.172e-4,-0.0680491,-1.483582,8.34e-5,-0.0542484,-1.904333,-0.0024228,-0.1233242,5489
QC,6,1201,POPU,TRE,NA,-1.37932,4.172e-4,-0.0680491,-1.483582,8.34e-5,-0.0542484,-1.904333,-0.0024228,-0.1233242,5489
QC,6,1203,POPU,BAL,NA,-1.310749,-1.971e-4,-0.0813754,-1.282354,5.31e-4,-0.0811786,-2.987716,-0.003323,0.0931182,159
QC,6,1203,POPU,BAL,BAL,-1.310749,-1.971e-4,-0.0813754,-1.282354,5.31e-4,-0.0811786,-2.987716,-0.003323,0.0931182,159
QC,6,1203,POPU,BAL,GLA,-1.310749,-1.971e-4,-0.0813754,-1.282354,5.31e-4,-0.0811786,-2.987716,-0.003323,0.0931182,159
QC,6,1205,POPU,DEL,NA,-1.310749,-1.971e-4,-0.0813754,-1.282354,5.31e-4,-0.0811786,-2.987716,-0.003323,0.0931182,159
QC,6,1205,POPU,DEL,DEL,-1.310749,-1.971e-4,-0.0813754,-1.282354,5.31e-4,-0.0811786,-2.987716,-0.003323,0.0931182,159
QC,6,1206,POPU,GRA,NA,-1.004897,4.238e-4,-0.1420768,-1.829468,1.164e-4,0.0269393,-1.842589,-0.0022714,-0.1656698,554
QC,6,1211,POPU,BAL,GRA,-1.426591,1.715e-4,-0.0521575,-1.392265,5.71e-4,-0.0832082,-1.995065,-0.0028745,-0.0968925,6203
QC,6,1301,BETU,ALL,NA,-1.920661,-3.859e-4,0.0107877,-0.8167759,0.0014608,-0.0825184,-2.29294,-0.0020529,-0.040132,3493
QC,6,1303,BETU,PAP,NA,-1.767513,2.124e-4,-0.0139472,-1.279744,0.0012197,-0.0794052,-2.186957,-0.0026354,-0.0111099,10323
QC,6,1303,BETU,PAP,PAP,-1.767513,2.124e-4,-0.0139472,-1.279744,0.0012197,-0.0794052,-2.186957,-0.0026354,-0.0111099,10323
QC,6,1304,BETU,POP,NA,-1.669849,9.908e-4,-0.0546576,-2.062188,-0.0031922,0.108067,-1.631864,0.0041942,-0.3606652,9
QC,6,1400,ACER,SPP,NA,-2.038109,-0.0010816,0.0321414,-1.126397,6.3e-4,-0.0247585,-2.149351,-0.0021595,-0.1404091,3885
QC,6,1401,ACER,SAH,NA,-2.038109,-0.0010816,0.0321414,-1.126397,6.3e-4,-0.0247585,-2.149351,-0.0021595,-0.1404091,3885
QC,6,1405,ACER,RUB,NA,-2.067681,-0.0013622,0.0602617,-1.343886,8.95e-4,-0.0177576,-2.279679,-0.0026013,-0.0231588,1905
QC,6,1406,ACER,SAC,NA,-2.038109,-0.0010816,0.0321414,-1.126397,6.3e-4,-0.0247585,-2.149351,-0.0021595,-0.1404091,3885
QC,6,1410,ACER,PEN,NA,-1.860796,-0.0054469,0.0477605,-0.7874993,0.0063661,-0.2275177,-4.053348,-0.015636,0.5776978,12
QC,6,1411,ACER,SPI,NA,-1.860796,-0.0054469,0.0477605,-0.7874993,0.0063661,-0.2275177,-4.053348,-0.015636,0.5776978,12
QC,6,1550,GENH,SPP,NA,-1.749271,-0.0011443,-0.0385082,-2.368783,3.223e-4,0.2192045,-1.433405,-0.0013944,-0.2984636,1479
QC,6,1601,CARY,COR,NA,-1.735149,-3.443e-4,-0.0391536,3.139007,0.0152226,-1.293722,-0.6953126,0.0067434,-0.6370321,10
QC,6,1701,JUGL,CIN,NA,-0.5853869,9.563e-4,-0.3204638,1.168175,0.0063842,-0.589905,0.6336308,0.0024402,-0.7753833,8
QC,6,1702,JUGL,NIG,NA,-0.5853869,9.563e-4,-0.3204638,1.168175,0.0063842,-0.589905,0.6336308,0.0024402,-0.7753833,8
QC,6,1800,ALNU,SPP,NA,-0.0485002,0.0465088,-1.138681,-2.565204,-0.0138446,0.3408205,5.726128,0.2168385,-4.304212,5
QC,6,1803,ALNU,VIR,CRI,-0.0485002,0.0465088,-1.138681,-2.565204,-0.0138446,0.3408205,5.726128,0.2168385,-4.304212,5
QC,6,1805,ALNU,INC,RUG,-0.0485002,0.0465088,-1.138681,-2.565204,-0.0138446,0.3408205,5.726128,0.2168385,-4.304212,5
QC,6,1805,ALNU,INC,NA,-0.0485002,0.0465088,-1.138681,-2.565204,-0.0138446,0.3408205,5.726128,0.2168385,-4.304212,5
QC,6,1806,ALNU,RUG,NA,-0.0485002,0.0465088,-1.138681,-2.565204,-0.0138446,0.3408205,5.726128,0.2168385,-4.304212,5
QC,6,1900,OSTR,VIR,NA,-1.86657,-0.0012262,0.0211151,-1.126916,0.0034786,-0.1099952,-2.812416,-0.0024846,0.0861479,17
QC,6,1900,OSTR,SPP,NA,-1.86657,-0.0012262,0.0211151,-1.126916,0.0034786,-0.1099952,-2.812416,-0.0024846,0.0861479,17
QC,6,1950,CARP,CAR,NA,-1.86657,-0.0012262,0.0211151,-1.126916,0.0034786,-0.1099952,-2.812416,-0.0024846,0.0861479,17
QC,6,1950,CARP,SPP,NA,-1.86657,-0.0012262,0.0211151,-1.126916,0.0034786,-0.1099952,-2.812416,-0.0024846,0.0861479,17
QC,6,2000,FAGU,GRA,NA,-2.442763,-0.0012125,0.0627387,-1.293042,1.902e-4,0.021471,-2.619165,-0.0014675,-0.0949875,500
QC,6,2101,QUER,ALB,NA,-1.370146,-2.651e-4,-0.1202573,-1.634927,9.625e-4,0.0684885,-2.377792,-0.0021431,-0.0628063,333
QC,6,2102,QUER,BIC,NA,-1.370146,-2.651e-4,-0.1202573,-1.634927,9.625e-4,0.0684885,-2.377792,-0.0021431,-0.0628063,333
QC,6,2104,QUER,MAC,NA,-1.370146,-2.651e-4,-0.1202573,-1.634927,9.625e-4,0.0684885,-2.377792,-0.0021431,-0.0628063,333
QC,6,2108,QUER,RUB,NA,-1.370146,-2.651e-4,-0.1202573,-1.634927,9.625e-4,0.0684885,-2.377792,-0.0021431,-0.0628063,333
QC,6,2200,ULMU,SPP,NA,-1.960181,-1.57e-4,0.0062394,-1.685097,-0.0026884,0.107411,-2.625798,-6.915e-4,-0.0700522,36
QC,6,2201,ULMU,AME,NA,-1.960181,-1.57e-4,0.0062394,-1.685097,-0.0026884,0.107411,-2.625798,-6.915e-4,-0.0700522,36
QC,6,2202,ULMU,RUB,NA,-1.960181,-1.57e-4,0.0062394,-1.685097,-0.0026884,0.107411,-2.625798,-6.915e-4,-0.0700522,36
QC,6,2203,ULMU,THO,NA,-1.960181,-1.57e-4,0.0062394,-1.685097,-0.0026884,0.107411,-2.625798,-6.915e-4,-0.0700522,36
QC,6,2801,PRUN,SER,NA,-1.882177,-1.335e-4,-0.0127259,-1.69126,0.0018345,0.0224114,-3.789652,-0.0066001,0.3360949,23
QC,6,2802,PRUN,PEN,NA,-3.201517,-0.0024177,0.2303579,-1.789186,0.0022095,0.0261343,-1.607569,0.0012087,-0.188247,145
QC,6,2804,PRUN,VIR,NA,-3.201517,-0.0024177,0.2303579,-1.789186,0.0022095,0.0261343,-1.607569,0.0012087,-0.188247,145
QC,6,2804,PRUN,VIR,VIR,-3.201517,-0.0024177,0.2303579,-1.789186,0.0022095,0.0261343,-1.607569,0.0012087,-0.188247,145
QC,6,3000,TILI,AME,NA,-1.337178,3.389e-4,-0.1073022,-1.431619,1.448e-4,0.0108919,-2.306497,-0.0014329,-0.1286185,97
QC,6,3400,FRAX,SPP,NA,-1.956892,-0.0016622,0.0523819,-1.967069,1.683e-4,0.0669219,-3.11579,-0.0031197,0.1094074,222
QC,6,3401,FRAX,AME,NA,-2.211941,-0.0019618,0.1115686,-1.1817,0.0013502,-0.0455385,-2.889681,-0.0033952,0.0399585,13
QC,6,3402,FRAX,NIG,NA,-1.956892,-0.0016622,0.0523819,-1.967069,1.683e-4,0.0669219,-3.11579,-0.0031197,0.1094074,222
QC,6,3403,FRAX,PEN,NA,-1.956892,-0.0016622,0.0523819,-1.967069,1.683e-4,0.0669219,-3.11579,-0.0031197,0.1094074,222
QC,6,3500,SALI,SPP,NA,-1.450118,-9.695e-4,-0.0052529,-1.647646,-0.0023226,0.0275494,-2.167719,-0.0033551,-0.0739145,111
QC,6,3506,SALI,BEB,NA,-1.450118,-9.695e-4,-0.0052529,-1.647646,-0.0023226,0.0275494,-2.167719,-0.0033551,-0.0739145,111
QC,6,3910,CRAT,SPP,NA,-2.346305,0.0042635,-0.1054368,-1.148857,0.0049311,-0.2116938,-3.377299,-0.0069762,0.4221483,12
QC,6,3930,MALU,SPP,NA,-2.346305,0.0042635,-0.1054368,-1.148857,0.0049311,-0.2116938,-3.377299,-0.0069762,0.4221483,12
QC,6,3930,MALU,FUS,NA,-2.346305,0.0042635,-0.1054368,-1.148857,0.0049311,-0.2116938,-3.377299,-0.0069762,0.4221483,12
QC,6,3930,MALU,COR,NA,-2.346305,0.0042635,-0.1054368,-1.148857,0.0049311,-0.2116938,-3.377299,-0.0069762,0.4221483,12
QC,6,3960,SORB,SPP,NA,-2.346305,0.0042635,-0.1054368,-1.148857,0.0049311,-0.2116938,-3.377299,-0.0069762,0.4221483,12
QC,6,3961,SORB,AME,NA,-2.346305,0.0042635,-0.1054368,-1.148857,0.0049311,-0.2116938,-3.377299,-0.0069762,0.4221483,12
QC,6,3962,SORB,DEC,NA,-2.346305,0.0042635,-0.1054368,-1.148857,0.0049311,-0.2116938,-3.377299,-0.0069762,0.4221483,12
QC,7,100,PICE,SPP,NA,-1.741593,7.843e-4,-0.0607188,-0.8653837,-2.88e-5,-0.0927849,-1.151443,-0.0012214,-0.0986929,1375
QC,7,101,PICE,MAR,NA,-1.741593,7.843e-4,-0.0607188,-0.8653837,-2.88e-5,-0.0927849,-1.151443,-0.0012214,-0.0986929,1375
QC,7,102,PICE,RUB,NA,-1.534866,-2.426e-4,-0.0813191,-1.159544,0.0044941,-0.229482,-2.123626,-0.001746,-0.0016795,646
QC,7,103,PICE,ABI,NA,-1.784211,0.0016922,-0.1512391,-2.202302,0.0020835,0.045384,-2.594012,0.0018365,0.0728128,21
QC,7,105,PICE,GLA,NA,-2.000191,-2.932e-4,0.0203679,-0.7543594,0.0013125,-0.166475,-1.332627,-8.111e-4,-0.1346272,1098
QC,7,107,PICE,MAR,RUB,-1.534866,-2.426e-4,-0.0813191,-1.159544,0.0044941,-0.229482,-2.123626,-0.001746,-0.0016795,646
QC,7,200,PINU,SPP,NA,-1.459166,0.0011381,-0.2076294,-1.585116,0.0016265,-0.0137812,-2.555403,0.0027272,0.0083751,19
QC,7,202,PINU,STR,NA,-2.063253,-0.0011614,0.0621707,-1.228266,0.0015634,-0.0937598,-1.45698,7.39e-4,-0.2432237,39
QC,7,203,PINU,BAN,NA,-1.459166,0.0011381,-0.2076294,-1.585116,0.0016265,-0.0137812,-2.555403,0.0027272,0.0083751,19
QC,7,209,PINU,RES,NA,-3.158404,-0.0047698,0.3309739,-1.483538,-0.0016066,-0.0486493,-2.201273,-0.004375,0.0403797,28
QC,7,211,PINU,SYL,NA,-3.158404,-0.0047698,0.3309739,-1.483538,-0.0016066,-0.0486493,-2.201273,-0.004375,0.0403797,28
QC,7,302,ABIE,BAL,NA,-1.590262,-5.753e-4,-0.02551,-1.266131,0.0011086,-0.0672851,-2.121309,-0.0028931,0.047798,6055
QC,7,304,ABIE,LAS,NA,-1.590262,-5.753e-4,-0.02551,-1.266131,0.0011086,-0.0672851,-2.121309,-0.0028931,0.047798,6055
QC,7,401,TSUG,CAN,NA,-1.914027,-5.662e-4,0.0194286,-0.956465,0.0010015,-0.1148301,-2.584989,-0.0023443,0.1077608,106
QC,7,602,LARI,LAR,NA,-2.006513,-7.9e-4,-0.003942,-0.4840039,0.0042018,-0.37982900000000003,-3.402583,-0.005589,0.2813042,106
QC,7,605,LARI,KAE,NA,-2.006513,-7.9e-4,-0.003942,-0.4840039,0.0042018,-0.37982900000000003,-3.402583,-0.005589,0.2813042,106
QC,7,701,THUJ,OCC,NA,-1.675524,-3.434e-4,-0.0290422,-1.243917,1.898e-4,-0.0747619,-1.929662,-0.0020281,0.0097343,1753
QC,7,801,JUNI,VIR,NA,-1.675524,-3.434e-4,-0.0290422,-1.243917,1.898e-4,-0.0747619,-1.929662,-0.0020281,0.0097343,1753
QC,7,1100,GENC,SPP,NA,-2.000191,-2.932e-4,0.0203679,-0.7543594,0.0013125,-0.166475,-1.332627,-8.111e-4,-0.1346272,1098
QC,7,1150,UNKN,SPP,NA,-2.000191,-2.932e-4,0.0203679,-0.7543594,0.0013125,-0.166475,-1.332627,-8.111e-4,-0.1346272,1098
QC,7,1200,POPU,SPP,NA,-1.369236,6.81e-5,-0.0584319,-1.512945,0.0013763,-0.0039308,-3.024799,-0.0026454,0.1036764,1888
QC,7,1201,POPU,TRE,NA,-1.369236,6.81e-5,-0.0584319,-1.512945,0.0013763,-0.0039308,-3.024799,-0.0026454,0.1036764,1888
QC,7,1203,POPU,BAL,NA,-1.234687,8.94e-5,-0.090637,-1.955361,-8.097e-4,0.1158693,-2.748279,-0.0025914,0.0521718,253
QC,7,1203,POPU,BAL,BAL,-1.234687,8.94e-5,-0.090637,-1.955361,-8.097e-4,0.1158693,-2.748279,-0.0025914,0.0521718,253
QC,7,1203,POPU,BAL,GLA,-1.234687,8.94e-5,-0.090637,-1.955361,-8.097e-4,0.1158693,-2.748279,-0.0025914,0.0521718,253
QC,7,1205,POPU,DEL,NA,-1.234687,8.94e-5,-0.090637,-1.955361,-8.097e-4,0.1158693,-2.748279,-0.0025914,0.0521718,253
QC,7,1205,POPU,DEL,DEL,-1.234687,8.94e-5,-0.090637,-1.955361,-8.097e-4,0.1158693,-2.748279,-0.0025914,0.0521718,253
QC,7,1206,POPU,GRA,NA,-0.710504,7.877e-4,-0.2091931,-2.446837,-0.0013115,0.2109476,-0.996892,0.001716,-0.4651541,46
QC,7,1211,POPU,BAL,GRA,-1.353077,4.31e-5,-0.0615971,-1.7394,3.753e-4,0.063383,-2.96546,-0.0026127,0.0905096,2187
QC,7,1301,BETU,ALL,NA,-1.644135,3.236e-4,-0.066865,-0.4371229,9.331e-4,-0.1521468,-2.554904,-0.0028336,0.0224985,1178
QC,7,1303,BETU,PAP,NA,-1.843516,-5.945e-4,0.0133119,-0.9586756,0.0018965,-0.1117017,-2.717893,-0.0026843,0.0761496,1767
QC,7,1303,BETU,PAP,PAP,-1.843516,-5.945e-4,0.0133119,-0.9586756,0.0018965,-0.1117017,-2.717893,-0.0026843,0.0761496,1767
QC,7,1304,BETU,POP,NA,-1.710692,3.855e-4,-0.0353507,-1.677728,-1.79e-4,0.0438981,-3.280055,-0.0030723,0.1413592,36
QC,7,1400,ACER,SPP,NA,-1.698245,6.173e-4,-0.0957936,-1.066123,-0.0014838,0.0169609,-2.315215,-0.0031748,-0.062923,2280
QC,7,1401,ACER,SAH,NA,-1.698245,6.173e-4,-0.0957936,-1.066123,-0.0014838,0.0169609,-2.315215,-0.0031748,-0.062923,2280
QC,7,1405,ACER,RUB,NA,-1.643033,-7.694e-4,-0.0512776,-1.524767,-1.986e-4,0.0522535,-2.671765,-0.0024128,0.0030161,1617
QC,7,1406,ACER,SAC,NA,-1.698245,6.173e-4,-0.0957936,-1.066123,-0.0014838,0.0169609,-2.315215,-0.0031748,-0.062923,2280
QC,7,1410,ACER,PEN,NA,-1.860796,-0.0054469,0.0477605,-0.7874993,0.0063661,-0.2275177,-4.053348,-0.015636,0.5776978,12
QC,7,1411,ACER,SPI,NA,-1.860796,-0.0054469,0.0477605,-0.7874993,0.0063661,-0.2275177,-4.053348,-0.015636,0.5776978,12
QC,7,1550,GENH,SPP,NA,-1.699176,-1.398e-4,-0.1076058,-2.087407,-0.0011738,0.2060821,-1.878071,-0.0039746,-0.1421715,441
QC,7,1701,JUGL,CIN,NA,-0.5853869,9.563e-4,-0.3204638,1.168175,0.0063842,-0.589905,0.6336308,0.0024402,-0.7753833,8
QC,7,1702,JUGL,NIG,NA,-0.5853869,9.563e-4,-0.3204638,1.168175,0.0063842,-0.589905,0.6336308,0.0024402,-0.7753833,8
QC,7,1800,ALNU,SPP,NA,-0.0485002,0.0465088,-1.138681,-2.565204,-0.0138446,0.3408205,5.726128,0.2168385,-4.304212,5
QC,7,1803,ALNU,VIR,CRI,-0.0485002,0.0465088,-1.138681,-2.565204,-0.0138446,0.3408205,5.726128,0.2168385,-4.304212,5
QC,7,1805,ALNU,INC,RUG,-0.0485002,0.0465088,-1.138681,-2.565204,-0.0138446,0.3408205,5.726128,0.2168385,-4.304212,5
QC,7,1805,ALNU,INC,NA,-0.0485002,0.0465088,-1.138681,-2.565204,-0.0138446,0.3408205,5.726128,0.2168385,-4.304212,5
QC,7,1900,OSTR,VIR,NA,-1.86657,-0.0012262,0.0211151,-1.126916,0.0034786,-0.1099952,-2.812416,-0.0024846,0.0861479,17
QC,7,1900,OSTR,SPP,NA,-1.86657,-0.0012262,0.0211151,-1.126916,0.0034786,-0.1099952,-2.812416,-0.0024846,0.0861479,17
QC,7,1950,CARP,CAR,NA,-1.86657,-0.0012262,0.0211151,-1.126916,0.0034786,-0.1099952,-2.812416,-0.0024846,0.0861479,17
QC,7,1950,CARP,SPP,NA,-1.86657,-0.0012262,0.0211151,-1.126916,0.0034786,-0.1099952,-2.812416,-0.0024846,0.0861479,17
QC,7,2000,FAGU,GRA,NA,-2.598429,-5.493e-4,0.062348,-1.152782,-5.712e-4,0.0157807,-3.01785,-0.0030565,0.0308324,172
QC,7,2108,QUER,RUB,NA,-1.370146,-2.651e-4,-0.1202573,-1.634927,9.625e-4,0.0684885,-2.377792,-0.0021431,-0.0628063,333
QC,7,2200,ULMU,SPP,NA,-1.960181,-1.57e-4,0.0062394,-1.685097,-0.0026884,0.107411,-2.625798,-6.915e-4,-0.0700522,36
QC,7,2201,ULMU,AME,NA,-1.960181,-1.57e-4,0.0062394,-1.685097,-0.0026884,0.107411,-2.625798,-6.915e-4,-0.0700522,36
QC,7,2202,ULMU,RUB,NA,-1.960181,-1.57e-4,0.0062394,-1.685097,-0.0026884,0.107411,-2.625798,-6.915e-4,-0.0700522,36
QC,7,2203,ULMU,THO,NA,-1.960181,-1.57e-4,0.0062394,-1.685097,-0.0026884,0.107411,-2.625798,-6.915e-4,-0.0700522,36
QC,7,2801,PRUN,SER,NA,-1.466433,3.892e-4,-0.1262783,-1.756026,4.76e-4,0.0831858,-3.151925,-0.0019882,0.0836375,24
QC,7,2802,PRUN,PEN,NA,-3.271034,-0.0029831,0.2710418,-2.105534,-0.0040267,0.2195515,-1.585413,0.0026618,-0.2390733,103
QC,7,2804,PRUN,VIR,NA,-3.271034,-0.0029831,0.2710418,-2.105534,-0.0040267,0.2195515,-1.585413,0.0026618,-0.2390733,103
QC,7,2804,PRUN,VIR,VIR,-3.271034,-0.0029831,0.2710418,-2.105534,-0.0040267,0.2195515,-1.585413,0.0026618,-0.2390733,103
QC,7,3000,TILI,AME,NA,-1.337178,3.389e-4,-0.1073022,-1.431619,1.448e-4,0.0108919,-2.306497,-0.0014329,-0.1286185,97
QC,7,3400,FRAX,SPP,NA,-1.346504,2.56e-4,-0.1217589,-1.172177,5.395e-4,-0.0846967,-3.778368,-0.0080616,0.3446834,55
QC,7,3401,FRAX,AME,NA,-1.602064,2.336e-4,-0.111955,-0.722459,-6.174e-4,-0.0873476,-1.639351,-0.0031184,-0.187979,48
QC,7,3402,FRAX,NIG,NA,-1.346504,2.56e-4,-0.1217589,-1.172177,5.395e-4,-0.0846967,-3.778368,-0.0080616,0.3446834,55
QC,7,3403,FRAX,PEN,NA,-1.346504,2.56e-4,-0.1217589,-1.172177,5.395e-4,-0.0846967,-3.778368,-0.0080616,0.3446834,55
QC,7,3500,SALI,SPP,NA,-2.362535,-0.0177836,0.3824485,-0.4964444,0.0122599,-0.3744031,-4.363103,-0.0275435,0.8106149,28
QC,7,3506,SALI,BEB,NA,-2.362535,-0.0177836,0.3824485,-0.4964444,0.0122599,-0.3744031,-4.363103,-0.0275435,0.8106149,28
QC,7,3910,CRAT,SPP,NA,-6.375337,-0.0319474,1.470128,-3.630836,-0.016558,0.8267165,-1.025533,0.0086055,-0.4959393,12
QC,7,3930,MALU,SPP,NA,-6.375337,-0.0319474,1.470128,-3.630836,-0.016558,0.8267165,-1.025533,0.0086055,-0.4959393,12
QC,7,3930,MALU,FUS,NA,-6.375337,-0.0319474,1.470128,-3.630836,-0.016558,0.8267165,-1.025533,0.0086055,-0.4959393,12
QC,7,3930,MALU,COR,NA,-6.375337,-0.0319474,1.470128,-3.630836,-0.016558,0.8267165,-1.025533,0.0086055,-0.4959393,12
QC,7,3960,SORB,SPP,NA,-6.375337,-0.0319474,1.470128,-3.630836,-0.016558,0.8267165,-1.025533,0.0086055,-0.4959393,12
QC,7,3961,SORB,AME,NA,-6.375337,-0.0319474,1.470128,-3.630836,-0.016558,0.8267165,-1.025533,0.0086055,-0.4959393,12
QC,7,3962,SORB,DEC,NA,-6.375337,-0.0319474,1.470128,-3.630836,-0.016558,0.8267165,-1.025533,0.0086055,-0.4959393,12
QC,8,100,PICE,SPP,NA,-1.427324,0.0020241,-0.1455508,-1.428248,0.0021191,-0.0893846,-0.9367143,2.937e-4,-0.2339912,75
QC,8,101,PICE,MAR,NA,-1.427324,0.0020241,-0.1455508,-1.428248,0.0021191,-0.0893846,-0.9367143,2.937e-4,-0.2339912,75
QC,8,102,PICE,RUB,NA,-1.79808,-2.861e-4,-0.02289,-2.390088,7.146e-4,0.1222115,-2.166712,-0.0018837,0.0334158,88
QC,8,103,PICE,ABI,NA,-1.784211,0.0016922,-0.1512391,-2.202302,0.0020835,0.045384,-2.594012,0.0018365,0.0728128,21
QC,8,105,PICE,GLA,NA,-1.876927,-6.813e-4,0.0089913,-0.8971442,8.051e-4,-0.1413445,0.3657663,0.0033863,-0.5866697,48
QC,8,107,PICE,MAR,RUB,-1.79808,-2.861e-4,-0.02289,-2.390088,7.146e-4,0.1222115,-2.166712,-0.0018837,0.0334158,88
QC,8,200,PINU,SPP,NA,-1.587454,1.692e-4,-0.1382973,-0.7694032,0.001422,-0.3153013,0.0148938,0.0066968,-0.6873853,11
QC,8,202,PINU,STR,NA,-1.62825,-1.879e-4,-0.0446116,-1.211725,0.0014782,-0.102073,-1.236165,-1.418e-4,-0.2339858,140
QC,8,203,PINU,BAN,NA,-1.587454,1.692e-4,-0.1382973,-0.7694032,0.001422,-0.3153013,0.0148938,0.0066968,-0.6873853,11
QC,8,209,PINU,RES,NA,-1.695882,-0.0031689,0.0156235,-2.071218,-0.0048031,0.2168757,-1.247885,7.164e-4,-0.1585407,6
QC,8,211,PINU,SYL,NA,-1.695882,-0.0031689,0.0156235,-2.071218,-0.0048031,0.2168757,-1.247885,7.164e-4,-0.1585407,6
QC,8,302,ABIE,BAL,NA,-1.703342,-4.412e-4,-0.0168447,-1.176887,0.0024308,-0.1355273,-1.361586,-0.0017049,-0.1217478,507
QC,8,304,ABIE,LAS,NA,-1.703342,-4.412e-4,-0.0168447,-1.176887,0.0024308,-0.1355273,-1.361586,-0.0017049,-0.1217478,507
QC,8,401,TSUG,CAN,NA,-1.543135,2.571e-4,-0.0677807,-1.397593,-1.696e-4,0.0086418,-1.691999,-8.702e-4,-0.1098256,200
QC,8,602,LARI,LAR,NA,-2.22952,-0.002505,0.0729108,-2.830616,-0.0044145,0.2956083,-1.900612,3.232e-4,-0.1137479,71
QC,8,605,LARI,KAE,NA,-2.22952,-0.002505,0.0729108,-2.830616,-0.0044145,0.2956083,-1.900612,3.232e-4,-0.1137479,71
QC,8,701,THUJ,OCC,NA,-1.602717,0.0012034,-0.1064186,-1.649304,-7.741e-4,0.0564841,-1.471887,-7.733e-4,-0.1261227,214
QC,8,801,JUNI,VIR,NA,-1.602717,0.0012034,-0.1064186,-1.649304,-7.741e-4,0.0564841,-1.471887,-7.733e-4,-0.1261227,214
QC,8,1100,GENC,SPP,NA,-1.876927,-6.813e-4,0.0089913,-0.8971442,8.051e-4,-0.1413445,0.3657663,0.0033863,-0.5866697,48
QC,8,1150,UNKN,SPP,NA,-1.876927,-6.813e-4,0.0089913,-0.8971442,8.051e-4,-0.1413445,0.3657663,0.0033863,-0.5866697,48
QC,8,1200,POPU,SPP,NA,-1.597694,-5.326e-4,9.612e-4,-1.805772,4.408e-4,0.0184042,-2.224691,0.0020332,-0.1938128,266
QC,8,1201,POPU,TRE,NA,-1.597694,-5.326e-4,9.612e-4,-1.805772,4.408e-4,0.0184042,-2.224691,0.0020332,-0.1938128,266
QC,8,1203,POPU,BAL,NA,-1.667919,-6.169e-4,-0.0600318,-1.766077,-0.0014753,0.070405,-1.680525,0.002286,-0.3133877,29
QC,8,1203,POPU,BAL,BAL,-1.667919,-6.169e-4,-0.0600318,-1.766077,-0.0014753,0.070405,-1.680525,0.002286,-0.3133877,29
QC,8,1203,POPU,BAL,GLA,-1.667919,-6.169e-4,-0.0600318,-1.766077,-0.0014753,0.070405,-1.680525,0.002286,-0.3133877,29
QC,8,1205,POPU,DEL,NA,-2.605742,-0.0032066,0.2090898,-1.207586,0.0044582,-0.1731103,-2.137347,0.0053021,-0.3607191,10
QC,8,1205,POPU,DEL,DEL,-2.605742,-0.0032066,0.2090898,-1.207586,0.0044582,-0.1731103,-2.137347,0.0053021,-0.3607191,10
QC,8,1206,POPU,GRA,NA,-1.2963,-7.496e-4,-0.04837,-1.796329,0.0010622,-5.26e-4,-3.753708,-0.0052108,0.2930233,77
QC,8,1211,POPU,BAL,GRA,-1.824307,-0.0012087,0.0620384,-1.694609,7.28e-4,-0.0105626,-2.768831,-0.0010017,-0.0132033,381
QC,8,1301,BETU,ALL,NA,-1.920741,-6.879e-4,0.0150482,-0.0722956,0.0033205,-0.3169151,-3.694652,-0.0064444,0.3665223,72
QC,8,1303,BETU,PAP,NA,-1.911009,-8.805e-4,0.0390817,-0.9175984,0.0024591,-0.1699348,-3.328444,-0.0030557,0.2240009,45
QC,8,1303,BETU,PAP,PAP,-1.911009,-8.805e-4,0.0390817,-0.9175984,0.0024591,-0.1699348,-3.328444,-0.0030557,0.2240009,45
QC,8,1304,BETU,POP,NA,-1.654552,1.279e-4,-0.051413,-2.043457,6.789e-4,0.0681048,-3.394852,0.0019168,0.058673,97
QC,8,1400,ACER,SPP,NA,-1.698002,-9.369e-4,-0.0390499,-1.04317,8.164e-4,-0.0685598,-1.309407,-7.399e-4,-0.3792198,441
QC,8,1401,ACER,SAH,NA,-1.698002,-9.369e-4,-0.0390499,-1.04317,8.164e-4,-0.0685598,-1.309407,-7.399e-4,-0.3792198,441
QC,8,1404,ACER,NEG,NA,-1.698002,-9.369e-4,-0.0390499,-1.04317,8.164e-4,-0.0685598,-1.309407,-7.399e-4,-0.3792198,441
QC,8,1405,ACER,RUB,NA,-1.879979,-0.001307,0.0150312,-1.419487,6.989e-4,-0.00384,-3.339527,-0.0047765,0.226365,1101
QC,8,1406,ACER,SAC,NA,-1.140105,9.681e-4,-0.2321766,-3.978683,-0.002095,0.6874534,-1.548757,-9.319e-4,-0.2496479,74
QC,8,1410,ACER,PEN,NA,-1.860796,-0.0054469,0.0477605,-0.7874993,0.0063661,-0.2275177,-4.053348,-0.015636,0.5776978,12
QC,8,1411,ACER,SPI,NA,-1.860796,-0.0054469,0.0477605,-0.7874993,0.0063661,-0.2275177,-4.053348,-0.015636,0.5776978,12
QC,8,1550,GENH,SPP,NA,-1.882157,-0.0018307,0.0276583,-1.092713,0.0030419,-0.1206286,-2.491902,-0.0022671,-0.0622743,290
QC,8,1601,CARY,COR,NA,-1.735149,-3.443e-4,-0.0391536,3.139007,0.0152226,-1.293722,-0.6953126,0.0067434,-0.6370321,10
QC,8,1701,JUGL,CIN,NA,-0.5853869,9.563e-4,-0.3204638,1.168175,0.0063842,-0.589905,0.6336308,0.0024402,-0.7753833,8
QC,8,1702,JUGL,NIG,NA,-0.5853869,9.563e-4,-0.3204638,1.168175,0.0063842,-0.589905,0.6336308,0.0024402,-0.7753833,8
QC,8,1800,ALNU,SPP,NA,-0.0485002,0.0465088,-1.138681,-2.565204,-0.0138446,0.3408205,5.726128,0.2168385,-4.304212,5
QC,8,1803,ALNU,VIR,CRI,-0.0485002,0.0465088,-1.138681,-2.565204,-0.0138446,0.3408205,5.726128,0.2168385,-4.304212,5
QC,8,1805,ALNU,INC,RUG,-0.0485002,0.0465088,-1.138681,-2.565204,-0.0138446,0.3408205,5.726128,0.2168385,-4.304212,5
QC,8,1805,ALNU,INC,NA,-0.0485002,0.0465088,-1.138681,-2.565204,-0.0138446,0.3408205,5.726128,0.2168385,-4.304212,5
QC,8,1900,OSTR,VIR,NA,-1.77414,-0.0010159,5.844e-4,-1.515561,2.121e-4,0.0200683,-1.969,-0.001493,-0.1505949,17
QC,8,1900,OSTR,SPP,NA,-1.77414,-0.0010159,5.844e-4,-1.515561,2.121e-4,0.0200683,-1.969,-0.001493,-0.1505949,17
QC,8,1950,CARP,CAR,NA,-1.77414,-0.0010159,5.844e-4,-1.515561,2.121e-4,0.0200683,-1.969,-0.001493,-0.1505949,17
QC,8,1950,CARP,SPP,NA,-1.77414,-0.0010159,5.844e-4,-1.515561,2.121e-4,0.0200683,-1.969,-0.001493,-0.1505949,17
QC,8,2000,FAGU,GRA,NA,-0.4649071,0.0027447,-0.4604102,-0.9226808,0.0013005,-0.0937188,-2.243244,-0.0010666,-0.1785346,58
QC,8,2101,QUER,ALB,NA,-2.204339,-0.0036024,0.114337,1.449888,0.0149941,-0.8304678,-6.478549,-0.0234626,1.248663,11
QC,8,2102,QUER,BIC,NA,-4.593274,-0.0063226,0.7366988,3.825202,0.0111688,-1.328695,-1.356578,-0.0040775,-0.2208498,22
QC,8,2104,QUER,MAC,NA,-4.593274,-0.0063226,0.7366988,3.825202,0.0111688,-1.328695,-1.356578,-0.0040775,-0.2208498,22
QC,8,2108,QUER,RUB,NA,-4.593274,-0.0063226,0.7366988,3.825202,0.0111688,-1.328695,-1.356578,-0.0040775,-0.2208498,22
QC,8,2200,ULMU,SPP,NA,-1.960181,-1.57e-4,0.0062394,-1.685097,-0.0026884,0.107411,-2.625798,-6.915e-4,-0.0700522,36
QC,8,2201,ULMU,AME,NA,-1.960181,-1.57e-4,0.0062394,-1.685097,-0.0026884,0.107411,-2.625798,-6.915e-4,-0.0700522,36
QC,8,2202,ULMU,RUB,NA,-1.960181,-1.57e-4,0.0062394,-1.685097,-0.0026884,0.107411,-2.625798,-6.915e-4,-0.0700522,36
QC,8,2203,ULMU,THO,NA,-1.960181,-1.57e-4,0.0062394,-1.685097,-0.0026884,0.107411,-2.625798,-6.915e-4,-0.0700522,36
QC,8,2801,PRUN,SER,NA,-2.046278,-0.0010986,0.0506042,-0.6802987,0.0029998,-0.2352536,-2.964707,-0.0038029,0.0422907,12
QC,8,2802,PRUN,PEN,NA,-4.151871,-0.0063036,0.5924568,-1.924144,0.0039058,0.056965,-0.20931,0.0216757,-0.8557808,7
QC,8,2804,PRUN,VIR,NA,-4.151871,-0.0063036,0.5924568,-1.924144,0.0039058,0.056965,-0.20931,0.0216757,-0.8557808,7
QC,8,2804,PRUN,VIR,VIR,-4.151871,-0.0063036,0.5924568,-1.924144,0.0039058,0.056965,-0.20931,0.0216757,-0.8557808,7
QC,8,3000,TILI,AME,NA,-1.103811,4.403e-4,-0.1652178,-2.524546,-0.0012041,0.2805787,-3.33409,-0.0028844,0.1208771,23
QC,8,3400,FRAX,SPP,NA,-2.547238,-0.0046494,0.2493766,-1.350298,0.0012512,-0.0559126,-3.724916,-0.0079614,0.3289843,24
QC,8,3401,FRAX,AME,NA,-2.118279,-0.0013705,0.0876078,-1.824772,-1.087e-4,0.0879763,-2.610864,-0.0014643,-0.0471405,27
QC,8,3402,FRAX,NIG,NA,-2.547238,-0.0046494,0.2493766,-1.350298,0.0012512,-0.0559126,-3.724916,-0.0079614,0.3289843,24
QC,8,3403,FRAX,PEN,NA,-2.118279,-0.0013705,0.0876078,-1.824772,-1.087e-4,0.0879763,-2.610864,-0.0014643,-0.0471405,27
QC,8,3405,FRAX,PEN,SUB,-3.157464,-0.0062746,0.4477409,0.3151318,0.0073062,-0.5648326,-4.740203,-0.0079406,0.5395925,28
QC,8,3405,FRAX,PEN,NA,-3.157464,-0.0062746,0.4477409,0.3151318,0.0073062,-0.5648326,-4.740203,-0.0079406,0.5395925,28
QC,8,3500,SALI,SPP,NA,-1.998667,-0.0029341,0.1549325,-0.0927303,0.005752,-0.508714,-2.09188,-0.0026044,-0.0918228,7
QC,8,3506,SALI,BEB,NA,-1.998667,-0.0029341,0.1549325,-0.0927303,0.005752,-0.508714,-2.09188,-0.0026044,-0.0918228,7
QC,8,3910,CRAT,SPP,NA,-6.375337,-0.0319474,1.470128,-3.630836,-0.016558,0.8267165,-1.025533,0.0086055,-0.4959393,12
QC,8,3930,MALU,SPP,NA,-6.375337,-0.0319474,1.470128,-3.630836,-0.016558,0.8267165,-1.025533,0.0086055,-0.4959393,12
QC,8,3930,MALU,FUS,NA,-6.375337,-0.0319474,1.470128,-3.630836,-0.016558,0.8267165,-1.025533,0.0086055,-0.4959393,12
QC,8,3930,MALU,COR,NA,-6.375337,-0.0319474,1.470128,-3.630836,-0.016558,0.8267165,-1.025533,0.0086055,-0.4959393,12
QC,8,3960,SORB,SPP,NA,-6.375337,-0.0319474,1.470128,-3.630836,-0.016558,0.8267165,-1.025533,0.0086055,-0.4959393,12
QC,8,3961,SORB,AME,NA,-6.375337,-0.0319474,1.470128,-3.630836,-0.016558,0.8267165,-1.025533,0.0086055,-0.4959393,12
QC,8,3962,SORB,DEC,NA,-6.375337,-0.0319474,1.470128,-3.630836,-0.016558,0.8267165,-1.025533,0.0086055,-0.4959393,12
QC,15,100,PICE,SPP,NA,-1.650423,1.477e-4,-0.0460573,-1.179546,5.43e-7,-0.110542,-0.9001056,-0.0013564,-0.1538834,77
QC,15,101,PICE,MAR,NA,-1.650423,1.477e-4,-0.0460573,-1.179546,5.43e-7,-0.110542,-0.9001056,-0.0013564,-0.1538834,77
QC,15,105,PICE,GLA,NA,-1.981923,-2.608e-4,0.0175826,-1.46987,4.888e-4,-0.0380158,-0.3094005,0.0041457,-0.4598487,1702
QC,15,107,PICE,MAR,RUB,-1.650423,1.477e-4,-0.0460573,-1.179546,5.43e-7,-0.110542,-0.9001056,-0.0013564,-0.1538834,77
QC,15,200,PINU,SPP,NA,-1.223716,0.0040854,-0.2897577,-0.2984682,0.007049,-0.5120673,-0.2324654,0.0100349,-0.6331275,11
QC,15,202,PINU,STR,NA,-1.801744,-3.685e-4,-0.0080958,-1.083892,0.0013546,-0.1295523,-0.6911709,7.238e-4,-0.3778888,1177
QC,15,203,PINU,BAN,NA,-1.223716,0.0040854,-0.2897577,-0.2984682,0.007049,-0.5120673,-0.2324654,0.0100349,-0.6331275,11
QC,15,209,PINU,RES,NA,-2.350189,-0.0013519,0.0800935,-1.0028030000000001,3.557e-4,-0.1536349,-0.019501,0.0027642,-0.524469,171
QC,15,302,ABIE,BAL,NA,-1.66978,2.289e-4,-0.0284007,-1.214761,0.0021811,-0.1311227,-0.9499859,-7.031e-4,-0.194097,9695
QC,15,304,ABIE,LAS,NA,-1.66978,2.289e-4,-0.0284007,-1.214761,0.0021811,-0.1311227,-0.9499859,-7.031e-4,-0.194097,9695
QC,15,401,TSUG,CAN,NA,-1.293835,6.588e-4,-0.125031,-1.672586,-3.542e-4,0.0778901,-1.072416,1.906e-4,-0.288969,424
QC,15,602,LARI,LAR,NA,-1.973109,-1.365e-4,-0.0374368,-1.269574,0.001621,-0.1486281,-1.700501,-0.0022482,-0.087371,288
QC,15,605,LARI,KAE,NA,-1.973109,-1.365e-4,-0.0374368,-1.269574,0.001621,-0.1486281,-1.700501,-0.0022482,-0.087371,288
QC,15,701,THUJ,OCC,NA,-1.965677,-4.979e-4,0.0241964,-1.150524,0.0015672,-0.0912559,-1.469959,-9.608e-4,-0.1008653,1861
QC,15,801,JUNI,VIR,NA,-1.965677,-4.979e-4,0.0241964,-1.150524,0.0015672,-0.0912559,-1.469959,-9.608e-4,-0.1008653,1861
QC,15,1100,GENC,SPP,NA,-1.981923,-2.608e-4,0.0175826,-1.46987,4.888e-4,-0.0380158,-0.3094005,0.0041457,-0.4598487,1702
QC,15,1150,UNKN,SPP,NA,-1.981923,-2.608e-4,0.0175826,-1.46987,4.888e-4,-0.0380158,-0.3094005,0.0041457,-0.4598487,1702
QC,15,1200,POPU,SPP,NA,-1.37932,4.172e-4,-0.0680491,-1.483582,8.34e-5,-0.0542484,-1.904333,-0.0024228,-0.1233242,5489
QC,15,1201,POPU,TRE,NA,-1.37932,4.172e-4,-0.0680491,-1.483582,8.34e-5,-0.0542484,-1.904333,-0.0024228,-0.1233242,5489
QC,15,1203,POPU,BAL,NA,-1.310749,-1.971e-4,-0.0813754,-1.282354,5.31e-4,-0.0811786,-2.987716,-0.003323,0.0931182,159
QC,15,1203,POPU,BAL,BAL,-1.310749,-1.971e-4,-0.0813754,-1.282354,5.31e-4,-0.0811786,-2.987716,-0.003323,0.0931182,159
QC,15,1203,POPU,BAL,GLA,-1.310749,-1.971e-4,-0.0813754,-1.282354,5.31e-4,-0.0811786,-2.987716,-0.003323,0.0931182,159
QC,15,1211,POPU,BAL,GRA,-1.426591,1.715e-4,-0.0521575,-1.392265,5.71e-4,-0.0832082,-1.995065,-0.0028745,-0.0968925,6203
QC,15,1301,BETU,ALL,NA,-1.920661,-3.859e-4,0.0107877,-0.8167759,0.0014608,-0.0825184,-2.29294,-0.0020529,-0.040132,3493
QC,15,1303,BETU,PAP,NA,-1.767513,2.124e-4,-0.0139472,-1.279744,0.0012197,-0.0794052,-2.186957,-0.0026354,-0.0111099,10323
QC,15,1303,BETU,PAP,PAP,-1.767513,2.124e-4,-0.0139472,-1.279744,0.0012197,-0.0794052,-2.186957,-0.0026354,-0.0111099,10323
QC,15,1400,ACER,SPP,NA,-2.038109,-0.0010816,0.0321414,-1.126397,6.3e-4,-0.0247585,-2.149351,-0.0021595,-0.1404091,3885
QC,15,1401,ACER,SAH,NA,-2.038109,-0.0010816,0.0321414,-1.126397,6.3e-4,-0.0247585,-2.149351,-0.0021595,-0.1404091,3885
QC,15,1405,ACER,RUB,NA,-2.067681,-0.0013622,0.0602617,-1.343886,8.95e-4,-0.0177576,-2.279679,-0.0026013,-0.0231588,1905
QC,15,1550,GENH,SPP,NA,-1.749271,-0.0011443,-0.0385082,-2.368783,3.223e-4,0.2192045,-1.433405,-0.0013944,-0.2984636,1479
QC,15,1805,ALNU,INC,RUG,-0.0485002,0.0465088,-1.138681,-2.565204,-0.0138446,0.3408205,5.726128,0.2168385,-4.304212,5
QC,15,1805,ALNU,INC,NA,-0.0485002,0.0465088,-1.138681,-2.565204,-0.0138446,0.3408205,5.726128,0.2168385,-4.304212,5
QC,15,3500,SALI,SPP,NA,-1.450118,-9.695e-4,-0.0052529,-1.647646,-0.0023226,0.0275494,-2.167719,-0.0033551,-0.0739145,111
SK,5,100,PICE,SPP,NA,-0.9711298,8.153e-4,-0.2212898,0.2443862,-4.535e-4,-0.4710535,0.2810456,-8.701e-4,-0.4957425,24
SK,5,101,PICE,MAR,NA,-0.9711298,8.153e-4,-0.2212898,0.2443862,-4.535e-4,-0.4710535,0.2810456,-8.701e-4,-0.4957425,24
SK,5,103,PICE,ABI,NA,-1.857512,-7.74e-6,-7.237e-4,-0.3103975,7.124e-4,-0.3185905,-0.598964,0.0010256,-0.3784976,890
SK,5,105,PICE,GLA,NA,-1.857512,-7.74e-6,-7.237e-4,-0.3103975,7.124e-4,-0.3185905,-0.598964,0.0010256,-0.3784976,890
SK,5,203,PINU,BAN,NA,-1.076977,0.0022383,-0.3179343,-1.019462,9.509e-4,-0.2836356,0.3716512,0.0027023,-0.688611,49
SK,5,204,PINU,CON,NA,-1.076977,0.0022383,-0.3179343,-1.019462,9.509e-4,-0.2836356,0.3716512,0.0027023,-0.688611,49
SK,5,204,PINU,CON,LAT,-1.076977,0.0022383,-0.3179343,-1.019462,9.509e-4,-0.2836356,0.3716512,0.0027023,-0.688611,49
SK,5,206,PINU,ALB,NA,-1.076977,0.0022383,-0.3179343,-1.019462,9.509e-4,-0.2836356,0.3716512,0.0027023,-0.688611,49
SK,5,211,PINU,SYL,NA,-1.076977,0.0022383,-0.3179343,-1.019462,9.509e-4,-0.2836356,0.3716512,0.0027023,-0.688611,49
SK,5,302,ABIE,BAL,NA,-1.757357,-5.702e-4,0.0166093,-2.109694,-0.0010969,0.1147856,-1.602946,-1.054e-4,-0.126475,12
SK,5,304,ABIE,LAS,NA,-1.757357,-5.702e-4,0.0166093,-2.109694,-0.0010969,0.1147856,-1.602946,-1.054e-4,-0.126475,12
SK,5,602,LARI,LAR,NA,-2.200225,-0.0012317,0.0208564,-1.874419,-0.0061411,0.1357377,-1.723543,-0.0039886,-0.0527991,349
SK,5,1200,POPU,SPP,NA,-0.7753273,-5.31e-5,-0.1730811,-1.002728,-1.823e-4,-0.1630307,0.5593793,0.0043289,-0.7801715,34
SK,5,1201,POPU,TRE,NA,-0.7753273,-5.31e-5,-0.1730811,-1.002728,-1.823e-4,-0.1630307,0.5593793,0.0043289,-0.7801715,34
SK,5,1203,POPU,BAL,NA,-0.7753273,-5.31e-5,-0.1730811,-1.002728,-1.823e-4,-0.1630307,0.5593793,0.0043289,-0.7801715,34
SK,5,1203,POPU,BAL,BAL,-0.7753273,-5.31e-5,-0.1730811,-1.002728,-1.823e-4,-0.1630307,0.5593793,0.0043289,-0.7801715,34
SK,5,1203,POPU,BAL,GLA,-0.7753273,-5.31e-5,-0.1730811,-1.002728,-1.823e-4,-0.1630307,0.5593793,0.0043289,-0.7801715,34
SK,5,1205,POPU,DEL,NA,-0.7753273,-5.31e-5,-0.1730811,-1.002728,-1.823e-4,-0.1630307,0.5593793,0.0043289,-0.7801715,34
SK,5,1205,POPU,DEL,DEL,-0.7753273,-5.31e-5,-0.1730811,-1.002728,-1.823e-4,-0.1630307,0.5593793,0.0043289,-0.7801715,34
SK,5,1206,POPU,GRA,NA,-0.7753273,-5.31e-5,-0.1730811,-1.002728,-1.823e-4,-0.1630307,0.5593793,0.0043289,-0.7801715,34
SK,5,1303,BETU,PAP,NA,-2.28969,-0.0046982,0.1900777,-1.394801,0.0031505,-0.16111230000000001,-5.046345,-0.0241088,0.9846134,5
SK,5,1303,BETU,PAP,PAP,-2.28969,-0.0046982,0.1900777,-1.394801,0.0031505,-0.16111230000000001,-5.046345,-0.0241088,0.9846134,5
SK,6,100,PICE,SPP,NA,-0.9711298,8.153e-4,-0.2212898,0.2443862,-4.535e-4,-0.4710535,0.2810456,-8.701e-4,-0.4957425,24
SK,6,101,PICE,MAR,NA,-0.9711298,8.153e-4,-0.2212898,0.2443862,-4.535e-4,-0.4710535,0.2810456,-8.701e-4,-0.4957425,24
SK,6,103,PICE,ABI,NA,-9.812092,-0.0161088,2.047637,0.275006,5.38e-5,-0.4826263,-19.64787,-0.0339125,4.479295,7
SK,6,105,PICE,GLA,NA,-9.812092,-0.0161088,2.047637,0.275006,5.38e-5,-0.4826263,-19.64787,-0.0339125,4.479295,7
SK,6,203,PINU,BAN,NA,-1.076977,0.0022383,-0.3179343,-1.019462,9.509e-4,-0.2836356,0.3716512,0.0027023,-0.688611,49
SK,6,204,PINU,CON,NA,-1.076977,0.0022383,-0.3179343,-1.019462,9.509e-4,-0.2836356,0.3716512,0.0027023,-0.688611,49
SK,6,204,PINU,CON,LAT,-1.076977,0.0022383,-0.3179343,-1.019462,9.509e-4,-0.2836356,0.3716512,0.0027023,-0.688611,49
SK,6,206,PINU,ALB,NA,-1.076977,0.0022383,-0.3179343,-1.019462,9.509e-4,-0.2836356,0.3716512,0.0027023,-0.688611,49
SK,6,211,PINU,SYL,NA,-1.076977,0.0022383,-0.3179343,-1.019462,9.509e-4,-0.2836356,0.3716512,0.0027023,-0.688611,49
SK,6,302,ABIE,BAL,NA,-1.757357,-5.702e-4,0.0166093,-2.109694,-0.0010969,0.1147856,-1.602946,-1.054e-4,-0.126475,12
SK,6,304,ABIE,LAS,NA,-1.757357,-5.702e-4,0.0166093,-2.109694,-0.0010969,0.1147856,-1.602946,-1.054e-4,-0.126475,12
SK,6,602,LARI,LAR,NA,-2.200225,-0.0012317,0.0208564,-1.874419,-0.0061411,0.1357377,-1.723543,-0.0039886,-0.0527991,349
SK,6,700,THUJ,SPP,NA,-2.007862,-8.848e-4,0.0387565,-0.2083024,0.0022931,-0.3283602,0.5346001,0.0044399,-0.5966973,108
SK,6,701,THUJ,OCC,NA,-2.007862,-8.848e-4,0.0387565,-0.2083024,0.0022931,-0.3283602,0.5346001,0.0044399,-0.5966973,108
SK,6,801,JUNI,VIR,NA,-2.007862,-8.848e-4,0.0387565,-0.2083024,0.0022931,-0.3283602,0.5346001,0.0044399,-0.5966973,108
SK,6,1200,POPU,SPP,NA,-0.7753273,-5.31e-5,-0.1730811,-1.002728,-1.823e-4,-0.1630307,0.5593793,0.0043289,-0.7801715,34
SK,6,1201,POPU,TRE,NA,-0.7753273,-5.31e-5,-0.1730811,-1.002728,-1.823e-4,-0.1630307,0.5593793,0.0043289,-0.7801715,34
SK,6,1203,POPU,BAL,NA,-0.7753273,-5.31e-5,-0.1730811,-1.002728,-1.823e-4,-0.1630307,0.5593793,0.0043289,-0.7801715,34
SK,6,1203,POPU,BAL,BAL,-0.7753273,-5.31e-5,-0.1730811,-1.002728,-1.823e-4,-0.1630307,0.5593793,0.0043289,-0.7801715,34
SK,6,1203,POPU,BAL,GLA,-0.7753273,-5.31e-5,-0.1730811,-1.002728,-1.823e-4,-0.1630307,0.5593793,0.0043289,-0.7801715,34
SK,6,1205,POPU,DEL,NA,-0.7753273,-5.31e-5,-0.1730811,-1.002728,-1.823e-4,-0.1630307,0.5593793,0.0043289,-0.7801715,34
SK,6,1205,POPU,DEL,DEL,-0.7753273,-5.31e-5,-0.1730811,-1.002728,-1.823e-4,-0.1630307,0.5593793,0.0043289,-0.7801715,34
SK,6,1206,POPU,GRA,NA,-0.7753273,-5.31e-5,-0.1730811,-1.002728,-1.823e-4,-0.1630307,0.5593793,0.0043289,-0.7801715,34
SK,6,1303,BETU,PAP,NA,-2.28969,-0.0046982,0.1900777,-1.394801,0.0031505,-0.16111230000000001,-5.046345,-0.0241088,0.9846134,5
SK,6,1303,BETU,PAP,PAP,-2.28969,-0.0046982,0.1900777,-1.394801,0.0031505,-0.16111230000000001,-5.046345,-0.0241088,0.9846134,5
SK,6,1404,ACER,NEG,NA,-1.958409,-9.416e-4,0.0465325,-1.008039,0.0039954,-0.1647555,-2.25876,-0.0033462,0.0098284,13825
SK,6,1500,GENH,SPP,NA,-1.749271,-0.0011443,-0.0385082,-2.368783,3.223e-4,0.2192045,-1.433405,-0.0013944,-0.2984636,1479
SK,6,3400,FRAX,SPP,NA,-1.065444,-2.033e-4,-0.1522579,-1.325146,-9.012e-4,-0.0912154,-2.91139,-0.004534,0.0475528,176
SK,9,100,PICE,SPP,NA,-1.245813,2.021e-4,-0.1218904,-0.1320152,6.691e-4,-0.3534196,0.7111577,0.0011149,-0.5346869,394
SK,9,101,PICE,MAR,NA,-1.245813,2.021e-4,-0.1218904,-0.1320152,6.691e-4,-0.3534196,0.7111577,0.0011149,-0.5346869,394
SK,9,103,PICE,ABI,NA,-1.857512,-7.74e-6,-7.237e-4,-0.3103975,7.124e-4,-0.3185905,-0.598964,0.0010256,-0.3784976,890
SK,9,105,PICE,GLA,NA,-1.857512,-7.74e-6,-7.237e-4,-0.3103975,7.124e-4,-0.3185905,-0.598964,0.0010256,-0.3784976,890
SK,9,107,PICE,MAR,RUB,-1.245813,2.021e-4,-0.1218904,-0.1320152,6.691e-4,-0.3534196,0.7111577,0.0011149,-0.5346869,394
SK,9,203,PINU,BAN,NA,-0.2126122,0.0010139,-0.4630246,0.5789344,0.0024502,-0.6788912,1.741832,0.0033017,-1.028033,328
SK,9,204,PINU,CON,NA,-0.2126122,0.0010139,-0.4630246,0.5789344,0.0024502,-0.6788912,1.741832,0.0033017,-1.028033,328
SK,9,204,PINU,CON,LAT,-0.2126122,0.0010139,-0.4630246,0.5789344,0.0024502,-0.6788912,1.741832,0.0033017,-1.028033,328
SK,9,206,PINU,ALB,NA,-0.2126122,0.0010139,-0.4630246,0.5789344,0.0024502,-0.6788912,1.741832,0.0033017,-1.028033,328
SK,9,211,PINU,SYL,NA,-0.2126122,0.0010139,-0.4630246,0.5789344,0.0024502,-0.6788912,1.741832,0.0033017,-1.028033,328
SK,9,302,ABIE,BAL,NA,-1.757357,-5.702e-4,0.0166093,-2.109694,-0.0010969,0.1147856,-1.602946,-1.054e-4,-0.126475,12
SK,9,304,ABIE,LAS,NA,-1.757357,-5.702e-4,0.0166093,-2.109694,-0.0010969,0.1147856,-1.602946,-1.054e-4,-0.126475,12
SK,9,602,LARI,LAR,NA,-2.200225,-0.0012317,0.0208564,-1.874419,-0.0061411,0.1357377,-1.723543,-0.0039886,-0.0527991,349
SK,9,700,THUJ,SPP,NA,-2.007862,-8.848e-4,0.0387565,-0.2083024,0.0022931,-0.3283602,0.5346001,0.0044399,-0.5966973,108
SK,9,701,THUJ,OCC,NA,-2.007862,-8.848e-4,0.0387565,-0.2083024,0.0022931,-0.3283602,0.5346001,0.0044399,-0.5966973,108
SK,9,801,JUNI,VIR,NA,-2.007862,-8.848e-4,0.0387565,-0.2083024,0.0022931,-0.3283602,0.5346001,0.0044399,-0.5966973,108
SK,9,1200,POPU,SPP,NA,-0.6347942,4.287e-4,-0.1647737,-0.0944783,0.0016578,-0.4635901,-1.538398,0.0012838,-0.4137382,1249
SK,9,1201,POPU,TRE,NA,-0.6347942,4.287e-4,-0.1647737,-0.0944783,0.0016578,-0.4635901,-1.538398,0.0012838,-0.4137382,1249
SK,9,1203,POPU,BAL,NA,-1.381183,-0.0026892,0.0529619,-1.01985,0.0032043,-0.2429796,1.939938,0.0098041,-1.272939,22
SK,9,1203,POPU,BAL,BAL,-1.381183,-0.0026892,0.0529619,-1.01985,0.0032043,-0.2429796,1.939938,0.0098041,-1.272939,22
SK,9,1203,POPU,BAL,GLA,-1.381183,-0.0026892,0.0529619,-1.01985,0.0032043,-0.2429796,1.939938,0.0098041,-1.272939,22
SK,9,1205,POPU,DEL,NA,-0.6347942,4.287e-4,-0.1647737,-0.0944783,0.0016578,-0.4635901,-1.538398,0.0012838,-0.4137382,1249
SK,9,1205,POPU,DEL,DEL,-0.6347942,4.287e-4,-0.1647737,-0.0944783,0.0016578,-0.4635901,-1.538398,0.0012838,-0.4137382,1249
SK,9,1206,POPU,GRA,NA,-0.6347942,4.287e-4,-0.1647737,-0.0944783,0.0016578,-0.4635901,-1.538398,0.0012838,-0.4137382,1249
SK,9,1303,BETU,PAP,NA,-1.158342,3.753e-4,-0.115335,-1.01198,6.69e-5,-0.117033,0.73689,0.0020235,-0.7646356,15
SK,9,1303,BETU,PAP,PAP,-1.158342,3.753e-4,-0.115335,-1.01198,6.69e-5,-0.117033,0.73689,0.0020235,-0.7646356,15
SK,9,1404,ACER,NEG,NA,-1.958409,-9.416e-4,0.0465325,-1.008039,0.0039954,-0.1647555,-2.25876,-0.0033462,0.0098284,13825
SK,9,1500,GENH,SPP,NA,-1.749271,-0.0011443,-0.0385082,-2.368783,3.223e-4,0.2192045,-1.433405,-0.0013944,-0.2984636,1479
SK,9,2201,ULMU,AME,NA,-1.960181,-1.57e-4,0.0062394,-1.685097,-0.0026884,0.107411,-2.625798,-6.915e-4,-0.0700522,36
SK,9,3405,FRAX,PEN,SUB,-1.956892,-0.0016622,0.0523819,-1.967069,1.683e-4,0.0669219,-3.11579,-0.0031197,0.1094074,222
SK,9,3405,FRAX,PEN,NA,-1.956892,-0.0016622,0.0523819,-1.967069,1.683e-4,0.0669219,-3.11579,-0.0031197,0.1094074,222
SK,10,100,PICE,SPP,NA,-1.245813,2.021e-4,-0.1218904,-0.1320152,6.691e-4,-0.3534196,0.7111577,0.0011149,-0.5346869,394
SK,10,101,PICE,MAR,NA,-1.245813,2.021e-4,-0.1218904,-0.1320152,6.691e-4,-0.3534196,0.7111577,0.0011149,-0.5346869,394
SK,10,103,PICE,ABI,NA,-1.857512,-7.74e-6,-7.237e-4,-0.3103975,7.124e-4,-0.3185905,-0.598964,0.0010256,-0.3784976,890
SK,10,105,PICE,GLA,NA,-1.857512,-7.74e-6,-7.237e-4,-0.3103975,7.124e-4,-0.3185905,-0.598964,0.0010256,-0.3784976,890
SK,10,203,PINU,BAN,NA,-0.2126122,0.0010139,-0.4630246,0.5789344,0.0024502,-0.6788912,1.741832,0.0033017,-1.028033,328
SK,10,204,PINU,CON,NA,-0.2126122,0.0010139,-0.4630246,0.5789344,0.0024502,-0.6788912,1.741832,0.0033017,-1.028033,328
SK,10,204,PINU,CON,LAT,-0.2126122,0.0010139,-0.4630246,0.5789344,0.0024502,-0.6788912,1.741832,0.0033017,-1.028033,328
SK,10,206,PINU,ALB,NA,-0.2126122,0.0010139,-0.4630246,0.5789344,0.0024502,-0.6788912,1.741832,0.0033017,-1.028033,328
SK,10,211,PINU,SYL,NA,-0.2126122,0.0010139,-0.4630246,0.5789344,0.0024502,-0.6788912,1.741832,0.0033017,-1.028033,328
SK,10,302,ABIE,BAL,NA,-1.757357,-5.702e-4,0.0166093,-2.109694,-0.0010969,0.1147856,-1.602946,-1.054e-4,-0.126475,12
SK,10,304,ABIE,LAS,NA,-1.757357,-5.702e-4,0.0166093,-2.109694,-0.0010969,0.1147856,-1.602946,-1.054e-4,-0.126475,12
SK,10,602,LARI,LAR,NA,-2.200225,-0.0012317,0.0208564,-1.874419,-0.0061411,0.1357377,-1.723543,-0.0039886,-0.0527991,349
SK,10,1200,POPU,SPP,NA,-0.6347942,4.287e-4,-0.1647737,-0.0944783,0.0016578,-0.4635901,-1.538398,0.0012838,-0.4137382,1249
SK,10,1201,POPU,TRE,NA,-0.6347942,4.287e-4,-0.1647737,-0.0944783,0.0016578,-0.4635901,-1.538398,0.0012838,-0.4137382,1249
SK,10,1203,POPU,BAL,NA,-1.381183,-0.0026892,0.0529619,-1.01985,0.0032043,-0.2429796,1.939938,0.0098041,-1.272939,22
SK,10,1203,POPU,BAL,BAL,-1.381183,-0.0026892,0.0529619,-1.01985,0.0032043,-0.2429796,1.939938,0.0098041,-1.272939,22
SK,10,1203,POPU,BAL,GLA,-1.381183,-0.0026892,0.0529619,-1.01985,0.0032043,-0.2429796,1.939938,0.0098041,-1.272939,22
SK,10,1205,POPU,DEL,NA,-0.6347942,4.287e-4,-0.1647737,-0.0944783,0.0016578,-0.4635901,-1.538398,0.0012838,-0.4137382,1249
SK,10,1205,POPU,DEL,DEL,-0.6347942,4.287e-4,-0.1647737,-0.0944783,0.0016578,-0.4635901,-1.538398,0.0012838,-0.4137382,1249
SK,10,1206,POPU,GRA,NA,-0.6347942,4.287e-4,-0.1647737,-0.0944783,0.0016578,-0.4635901,-1.538398,0.0012838,-0.4137382,1249
SK,10,1303,BETU,PAP,NA,-1.158342,3.753e-4,-0.115335,-1.01198,6.69e-5,-0.117033,0.73689,0.0020235,-0.7646356,15
SK,10,1303,BETU,PAP,PAP,-1.158342,3.753e-4,-0.115335,-1.01198,6.69e-5,-0.117033,0.73689,0.0020235,-0.7646356,15
SK,10,1404,ACER,NEG,NA,-1.958409,-9.416e-4,0.0465325,-1.008039,0.0039954,-0.1647555,-2.25876,-0.0033462,0.0098284,13825
SK,10,2201,ULMU,AME,NA,-1.960181,-1.57e-4,0.0062394,-1.685097,-0.0026884,0.107411,-2.625798,-6.915e-4,-0.0700522,36
SK,10,3405,FRAX,PEN,SUB,-1.956892,-0.0016622,0.0523819,-1.967069,1.683e-4,0.0669219,-3.11579,-0.0031197,0.1094074,222
SK,10,3405,FRAX,PEN,NA,-1.956892,-0.0016622,0.0523819,-1.967069,1.683e-4,0.0669219,-3.11579,-0.0031197,0.1094074,222
SK,10,3500,SALI,SPP,NA,-1.450118,-9.695e-4,-0.0052529,-1.647646,-0.0023226,0.0275494,-2.167719,-0.0033551,-0.0739145,111
SK,10,3506,SALI,BEB,NA,-1.450118,-9.695e-4,-0.0052529,-1.647646,-0.0023226,0.0275494,-2.167719,-0.0033551,-0.0739145,111
YT,2,100,PICE,SPP,NA,-1.416816,-0.001571,-0.0417351,-1.040304,-0.0043247,-0.0041104,-1.383638,-0.0048273,0.0059145,119
YT,2,101,PICE,MAR,NA,-0.7138494,0.0019421,-0.2815025,0.48296,0.0026757,-0.5943286,0.6301919,0.0045207,-0.6991895,20
YT,2,105,PICE,GLA,NA,-1.416816,-0.001571,-0.0417351,-1.040304,-0.0043247,-0.0041104,-1.383638,-0.0048273,0.0059145,119
YT,2,203,PINU,BAN,NA,-2.637024,-0.0041939,0.1881847,-1.359695,-0.0044346,-0.0570025,-3.478255,-0.0084092,0.402264,82
YT,2,204,PINU,CON,NA,-2.637024,-0.0041939,0.1881847,-1.359695,-0.0044346,-0.0570025,-3.478255,-0.0084092,0.402264,82
YT,2,204,PINU,CON,LAT,-2.637024,-0.0041939,0.1881847,-1.359695,-0.0044346,-0.0570025,-3.478255,-0.0084092,0.402264,82
YT,3,100,PICE,SPP,NA,-1.416816,-0.001571,-0.0417351,-1.040304,-0.0043247,-0.0041104,-1.383638,-0.0048273,0.0059145,119
YT,3,101,PICE,MAR,NA,-0.7138494,0.0019421,-0.2815025,0.48296,0.0026757,-0.5943286,0.6301919,0.0045207,-0.6991895,20
YT,3,105,PICE,GLA,NA,-1.416816,-0.001571,-0.0417351,-1.040304,-0.0043247,-0.0041104,-1.383638,-0.0048273,0.0059145,119
YT,3,203,PINU,BAN,NA,-2.637024,-0.0041939,0.1881847,-1.359695,-0.0044346,-0.0570025,-3.478255,-0.0084092,0.402264,82
YT,3,204,PINU,CON,NA,-2.637024,-0.0041939,0.1881847,-1.359695,-0.0044346,-0.0570025,-3.478255,-0.0084092,0.402264,82
YT,3,204,PINU,CON,LAT,-2.637024,-0.0041939,0.1881847,-1.359695,-0.0044346,-0.0570025,-3.478255,-0.0084092,0.402264,82
YT,3,300,ABIE,SPP,NA,-1.405719,-0.0013823,-0.0501064,-0.9660167,-0.0032,-0.0569789,-1.266784,-0.0038565,-0.0492027,139
YT,3,302,ABIE,BAL,NA,-1.405719,-0.0013823,-0.0501064,-0.9660167,-0.0032,-0.0569789,-1.266784,-0.0038565,-0.0492027,139
YT,3,304,ABIE,LAS,NA,-1.405719,-0.0013823,-0.0501064,-0.9660167,-0.0032,-0.0569789,-1.266784,-0.0038565,-0.0492027,139
YT,3,602,LARI,LAR,NA,-2.637024,-0.0041939,0.1881847,-1.359695,-0.0044346,-0.0570025,-3.478255,-0.0084092,0.402264,82
YT,3,604,LARI,LYA,NA,-2.637024,-0.0041939,0.1881847,-1.359695,-0.0044346,-0.0570025,-3.478255,-0.0084092,0.402264,82
YT,3,1200,POPU,SPP,NA,-0.5172011,0.0021904,-0.2859109,2.004177,0.0122856,-1.062437,3.900256,0.0138782,-1.781866,19
YT,3,1201,POPU,TRE,NA,-0.5172011,0.0021904,-0.2859109,2.004177,0.0122856,-1.062437,3.900256,0.0138782,-1.781866,19
YT,3,1203,POPU,BAL,NA,-0.5172011,0.0021904,-0.2859109,2.004177,0.0122856,-1.062437,3.900256,0.0138782,-1.781866,19
YT,3,1203,POPU,BAL,BAL,-0.5172011,0.0021904,-0.2859109,2.004177,0.0122856,-1.062437,3.900256,0.0138782,-1.781866,19
YT,3,1203,POPU,BAL,GLA,-0.5172011,0.0021904,-0.2859109,2.004177,0.0122856,-1.062437,3.900256,0.0138782,-1.781866,19
YT,3,1300,BETU,SPP,NA,-0.5172011,0.0021904,-0.2859109,2.004177,0.0122856,-1.062437,3.900256,0.0138782,-1.781866,19
YT,3,1303,BETU,PAP,NA,-0.5172011,0.0021904,-0.2859109,2.004177,0.0122856,-1.062437,3.900256,0.0138782,-1.781866,19
YT,3,1303,BETU,PAP,PAP,-0.5172011,0.0021904,-0.2859109,2.004177,0.0122856,-1.062437,3.900256,0.0138782,-1.781866,19
YT,3,1308,BETU,PAP,NEO,-0.5172011,0.0021904,-0.2859109,2.004177,0.0122856,-1.062437,3.900256,0.0138782,-1.781866,19
YT,4,100,PICE,SPP,NA,-1.416816,-0.001571,-0.0417351,-1.040304,-0.0043247,-0.0041104,-1.383638,-0.0048273,0.0059145,119
YT,4,101,PICE,MAR,NA,-0.7138494,0.0019421,-0.2815025,0.48296,0.0026757,-0.5943286,0.6301919,0.0045207,-0.6991895,20
YT,4,105,PICE,GLA,NA,-1.416816,-0.001571,-0.0417351,-1.040304,-0.0043247,-0.0041104,-1.383638,-0.0048273,0.0059145,119
YT,4,203,PINU,BAN,NA,-2.637024,-0.0041939,0.1881847,-1.359695,-0.0044346,-0.0570025,-3.478255,-0.0084092,0.402264,82
YT,4,204,PINU,CON,NA,-2.637024,-0.0041939,0.1881847,-1.359695,-0.0044346,-0.0570025,-3.478255,-0.0084092,0.402264,82
YT,4,204,PINU,CON,LAT,-2.637024,-0.0041939,0.1881847,-1.359695,-0.0044346,-0.0570025,-3.478255,-0.0084092,0.402264,82
YT,4,300,ABIE,SPP,NA,-1.405719,-0.0013823,-0.0501064,-0.9660167,-0.0032,-0.0569789,-1.266784,-0.0038565,-0.0492027,139
YT,4,302,ABIE,BAL,NA,-1.405719,-0.0013823,-0.0501064,-0.9660167,-0.0032,-0.0569789,-1.266784,-0.0038565,-0.0492027,139
YT,4,304,ABIE,LAS,NA,-1.405719,-0.0013823,-0.0501064,-0.9660167,-0.0032,-0.0569789,-1.266784,-0.0038565,-0.0492027,139
YT,4,602,LARI,LAR,NA,-2.637024,-0.0041939,0.1881847,-1.359695,-0.0044346,-0.0570025,-3.478255,-0.0084092,0.402264,82
YT,4,604,LARI,LYA,NA,-2.637024,-0.0041939,0.1881847,-1.359695,-0.0044346,-0.0570025,-3.478255,-0.0084092,0.402264,82
YT,4,1200,POPU,SPP,NA,-0.5172011,0.0021904,-0.2859109,2.004177,0.0122856,-1.062437,3.900256,0.0138782,-1.781866,19
YT,4,1201,POPU,TRE,NA,-0.5172011,0.0021904,-0.2859109,2.004177,0.0122856,-1.062437,3.900256,0.0138782,-1.781866,19
YT,4,1203,POPU,BAL,NA,-0.5172011,0.0021904,-0.2859109,2.004177,0.0122856,-1.062437,3.900256,0.0138782,-1.781866,19
YT,4,1203,POPU,BAL,BAL,-0.5172011,0.0021904,-0.2859109,2.004177,0.0122856,-1.062437,3.900256,0.0138782,-1.781866,19
YT,4,1203,POPU,BAL,GLA,-0.5172011,0.0021904,-0.2859109,2.004177,0.0122856,-1.062437,3.900256,0.0138782,-1.781866,19
YT,4,1300,BETU,SPP,NA,-0.5172011,0.0021904,-0.2859109,2.004177,0.0122856,-1.062437,3.900256,0.0138782,-1.781866,19
YT,4,1303,BETU,PAP,NA,-0.5172011,0.0021904,-0.2859109,2.004177,0.0122856,-1.062437,3.900256,0.0138782,-1.781866,19
YT,4,1303,BETU,PAP,PAP,-0.5172011,0.0021904,-0.2859109,2.004177,0.0122856,-1.062437,3.900256,0.0138782,-1.781866,19
YT,4,1308,BETU,PAP,NEO,-0.5172011,0.0021904,-0.2859109,2.004177,0.0122856,-1.062437,3.900256,0.0138782,-1.781866,19
YT,11,100,PICE,SPP,NA,-1.416816,-0.001571,-0.0417351,-1.040304,-0.0043247,-0.0041104,-1.383638,-0.0048273,0.0059145,119
YT,11,101,PICE,MAR,NA,-0.7138494,0.0019421,-0.2815025,0.48296,0.0026757,-0.5943286,0.6301919,0.0045207,-0.6991895,20
YT,11,105,PICE,GLA,NA,-1.416816,-0.001571,-0.0417351,-1.040304,-0.0043247,-0.0041104,-1.383638,-0.0048273,0.0059145,119
YT,11,203,PINU,BAN,NA,-2.637024,-0.0041939,0.1881847,-1.359695,-0.0044346,-0.0570025,-3.478255,-0.0084092,0.402264,82
YT,11,204,PINU,CON,NA,-2.637024,-0.0041939,0.1881847,-1.359695,-0.0044346,-0.0570025,-3.478255,-0.0084092,0.402264,82
YT,11,204,PINU,CON,LAT,-2.637024,-0.0041939,0.1881847,-1.359695,-0.0044346,-0.0570025,-3.478255,-0.0084092,0.402264,82
YT,11,300,ABIE,SPP,NA,-1.405719,-0.0013823,-0.0501064,-0.9660167,-0.0032,-0.0569789,-1.266784,-0.0038565,-0.0492027,139
YT,11,302,ABIE,BAL,NA,-1.405719,-0.0013823,-0.0501064,-0.9660167,-0.0032,-0.0569789,-1.266784,-0.0038565,-0.0492027,139
YT,11,304,ABIE,LAS,NA,-1.405719,-0.0013823,-0.0501064,-0.9660167,-0.0032,-0.0569789,-1.266784,-0.0038565,-0.0492027,139
YT,11,602,LARI,LAR,NA,-2.637024,-0.0041939,0.1881847,-1.359695,-0.0044346,-0.0570025,-3.478255,-0.0084092,0.402264,82
YT,11,604,LARI,LYA,NA,-2.637024,-0.0041939,0.1881847,-1.359695,-0.0044346,-0.0570025,-3.478255,-0.0084092,0.402264,82
YT,11,1200,POPU,SPP,NA,-0.5172011,0.0021904,-0.2859109,2.004177,0.0122856,-1.062437,3.900256,0.0138782,-1.781866,19
YT,11,1201,POPU,TRE,NA,-0.5172011,0.0021904,-0.2859109,2.004177,0.0122856,-1.062437,3.900256,0.0138782,-1.781866,19
YT,11,1203,POPU,BAL,NA,-0.5172011,0.0021904,-0.2859109,2.004177,0.0122856,-1.062437,3.900256,0.0138782,-1.781866,19
YT,11,1203,POPU,BAL,BAL,-0.5172011,0.0021904,-0.2859109,2.004177,0.0122856,-1.062437,3.900256,0.0138782,-1.781866,19
YT,11,1203,POPU,BAL,GLA,-0.5172011,0.0021904,-0.2859109,2.004177,0.0122856,-1.062437,3.900256,0.0138782,-1.781866,19
YT,11,1300,BETU,SPP,NA,-0.5172011,0.0021904,-0.2859109,2.004177,0.0122856,-1.062437,3.900256,0.0138782,-1.781866,19
YT,11,1303,BETU,PAP,NA,-0.5172011,0.0021904,-0.2859109,2.004177,0.0122856,-1.062437,3.900256,0.0138782,-1.781866,19
YT,11,1303,BETU,PAP,PAP,-0.5172011,0.0021904,-0.2859109,2.004177,0.0122856,-1.062437,3.900256,0.0138782,-1.781866,19
YT,11,1308,BETU,PAP,NEO,-0.5172011,0.0021904,-0.2859109,2.004177,0.0122856,-1.062437,3.900256,0.0138782,-1.781866,19
YT,12,100,PICE,SPP,NA,-1.416816,-0.001571,-0.0417351,-1.040304,-0.0043247,-0.0041104,-1.383638,-0.0048273,0.0059145,119
YT,12,101,PICE,MAR,NA,-0.7138494,0.0019421,-0.2815025,0.48296,0.0026757,-0.5943286,0.6301919,0.0045207,-0.6991895,20
YT,12,105,PICE,GLA,NA,-1.416816,-0.001571,-0.0417351,-1.040304,-0.0043247,-0.0041104,-1.383638,-0.0048273,0.0059145,119
YT,12,203,PINU,BAN,NA,-2.637024,-0.0041939,0.1881847,-1.359695,-0.0044346,-0.0570025,-3.478255,-0.0084092,0.402264,82
YT,12,204,PINU,CON,NA,-2.637024,-0.0041939,0.1881847,-1.359695,-0.0044346,-0.0570025,-3.478255,-0.0084092,0.402264,82
YT,12,204,PINU,CON,LAT,-2.637024,-0.0041939,0.1881847,-1.359695,-0.0044346,-0.0570025,-3.478255,-0.0084092,0.402264,82
YT,12,300,ABIE,SPP,NA,-1.405719,-0.0013823,-0.0501064,-0.9660167,-0.0032,-0.0569789,-1.266784,-0.0038565,-0.0492027,139
YT,12,302,ABIE,BAL,NA,-1.405719,-0.0013823,-0.0501064,-0.9660167,-0.0032,-0.0569789,-1.266784,-0.0038565,-0.0492027,139
YT,12,304,ABIE,LAS,NA,-1.405719,-0.0013823,-0.0501064,-0.9660167,-0.0032,-0.0569789,-1.266784,-0.0038565,-0.0492027,139
YT,12,602,LARI,LAR,NA,-2.637024,-0.0041939,0.1881847,-1.359695,-0.0044346,-0.0570025,-3.478255,-0.0084092,0.402264,82
YT,12,604,LARI,LYA,NA,-2.637024,-0.0041939,0.1881847,-1.359695,-0.0044346,-0.0570025,-3.478255,-0.0084092,0.402264,82
YT,12,1200,POPU,SPP,NA,-0.5172011,0.0021904,-0.2859109,2.004177,0.0122856,-1.062437,3.900256,0.0138782,-1.781866,19
YT,12,1201,POPU,TRE,NA,-0.5172011,0.0021904,-0.2859109,2.004177,0.0122856,-1.062437,3.900256,0.0138782,-1.781866,19
YT,12,1203,POPU,BAL,NA,-0.5172011,0.0021904,-0.2859109,2.004177,0.0122856,-1.062437,3.900256,0.0138782,-1.781866,19
YT,12,1203,POPU,BAL,BAL,-0.5172011,0.0021904,-0.2859109,2.004177,0.0122856,-1.062437,3.900256,0.0138782,-1.781866,19
YT,12,1203,POPU,BAL,GLA,-0.5172011,0.0021904,-0.2859109,2.004177,0.0122856,-1.062437,3.900256,0.0138782,-1.781866,19
YT,12,1300,BETU,SPP,NA,-0.5172011,0.0021904,-0.2859109,2.004177,0.0122856,-1.062437,3.900256,0.0138782,-1.781866,19
YT,12,1303,BETU,PAP,NA,-0.5172011,0.0021904,-0.2859109,2.004177,0.0122856,-1.062437,3.900256,0.0138782,-1.781866,19
YT,12,1303,BETU,PAP,PAP,-0.5172011,0.0021904,-0.2859109,2.004177,0.0122856,-1.062437,3.900256,0.0138782,-1.781866,19
YT,12,1308,BETU,PAP,NEO,-0.5172011,0.0021904,-0.2859109,2.004177,0.0122856,-1.062437,3.900256,0.0138782,-1.781866,19
YT,13,101,PICE,MAR,NA,-0.7138494,0.0019421,-0.2815025,0.48296,0.0026757,-0.5943286,0.6301919,0.0045207,-0.6991895,20
YT,13,105,PICE,GLA,NA,-1.416816,-0.001571,-0.0417351,-1.040304,-0.0043247,-0.0041104,-1.383638,-0.0048273,0.0059145,119
YT,13,204,PINU,CON,NA,-2.637024,-0.0041939,0.1881847,-1.359695,-0.0044346,-0.0570025,-3.478255,-0.0084092,0.402264,82
YT,13,204,PINU,CON,LAT,-2.637024,-0.0041939,0.1881847,-1.359695,-0.0044346,-0.0570025,-3.478255,-0.0084092,0.402264,82
YT,13,304,ABIE,LAS,NA,-1.405719,-0.0013823,-0.0501064,-0.9660167,-0.0032,-0.0569789,-1.266784,-0.0038565,-0.0492027,139
YT,13,602,LARI,LAR,NA,-2.637024,-0.0041939,0.1881847,-1.359695,-0.0044346,-0.0570025,-3.478255,-0.0084092,0.402264,82
YT,13,1201,POPU,TRE,NA,-0.5172011,0.0021904,-0.2859109,2.004177,0.0122856,-1.062437,3.900256,0.0138782,-1.781866,19
YT,13,1203,POPU,BAL,NA,-0.5172011,0.0021904,-0.2859109,2.004177,0.0122856,-1.062437,3.900256,0.0138782,-1.781866,19
YT,13,1203,POPU,BAL,BAL,-0.5172011,0.0021904,-0.2859109,2.004177,0.0122856,-1.062437,3.900256,0.0138782,-1.781866,19
YT,13,1203,POPU,BAL,GLA,-0.5172011,0.0021904,-0.2859109,2.004177,0.0122856,-1.062437,3.900256,0.0138782,-1.781866,19
YT,13,1308,BETU,PAP,NEO,-0.5172011,0.0021904,-0.2859109,2.004177,0.0122856,-1.062437,3.900256,0.0138782,-1.781866,19
