juris_id,ecozone,canfi_genus,a,b,c,k,volmin,genus
AB,4,1,0.9765115425,-0.009437878,1.844732375,-0.00100001,8.5,PICE
AB,4,2,0.9479643884,-0.015825881,5.3335134777,-0.00100001,31.5,PINU
AB,4,3,0.8951729703,-0.023560732,3.5600499911,-0.00100001,12.5,ABIE
AB,4,5,0.9407849633,-0.016523674,9.1465686111,-0.00100001,52,PSEU
AB,4,6,0.5689117495,-0.014843331,1.1697704321,-0.00100001,2.5,LARI
AB,4,9,1.01999999,-0.026945819,39.392967058,-0.116480772,110,POPU
AB,4,10,1.0120986729,-0.013257845,2.9573579372,-0.00100001,15.5,BETU
AB,4,11,1.01999999,-0.026945819,39.392967058,-0.116480772,110,ACER
AB,4,12,1.01999999,-0.026945819,39.392967058,-0.116480772,110,GENH
AB,4,121,1.01999999,-0.026945819,39.392967058,-0.116480772,110,CARY
AB,4,122,1.01999999,-0.026945819,39.392967058,-0.116480772,110,JUGL
AB,4,123,1.01999999,-0.026945819,39.392967058,-0.116480772,110,ALNU
AB,4,124,1.01999999,-0.026945819,39.392967058,-0.116480772,110,OSTR
AB,4,125,1.01999999,-0.026945819,39.392967058,-0.116480772,110,CARP
AB,4,126,1.01999999,-0.026945819,39.392967058,-0.116480772,110,FAGU
AB,4,127,1.01999999,-0.026945819,39.392967058,-0.116480772,110,QUER
AB,4,128,1.01999999,-0.026945819,39.392967058,-0.116480772,110,ULMU
AB,4,129,1.01999999,-0.026945819,39.392967058,-0.116480772,110,MORU
AB,4,130,1.01999999,-0.026945819,39.392967058,-0.116480772,110,LIRI
AB,4,131,1.01999999,-0.026945819,39.392967058,-0.116480772,110,MAGN
AB,4,132,1.01999999,-0.026945819,39.392967058,-0.116480772,110,SASS
AB,4,133,1.01999999,-0.026945819,39.392967058,-0.116480772,110,PLAT
AB,4,134,1.01999999,-0.026945819,39.392967058,-0.116480772,110,PRUN
AB,4,135,1.01999999,-0.026945819,39.392967058,-0.116480772,110,GLED
AB,4,136,1.01999999,-0.026945819,39.392967058,-0.116480772,110,ROBI
AB,4,137,1.01999999,-0.026945819,39.392967058,-0.116480772,110,TILI
AB,4,138,1.01999999,-0.026945819,39.392967058,-0.116480772,110,NYSS
AB,4,139,1.01999999,-0.026945819,39.392967058,-0.116480772,110,CORN
AB,4,140,1.01999999,-0.026945819,39.392967058,-0.116480772,110,ARBU
AB,4,141,1.01999999,-0.026945819,39.392967058,-0.116480772,110,FRAX
AB,4,142,1.01999999,-0.026945819,39.392967058,-0.116480772,110,SALI
AB,4,143,1.01999999,-0.026945819,39.392967058,-0.116480772,110,GYMN
AB,4,144,1.01999999,-0.026945819,39.392967058,-0.116480772,110,CELT
AB,4,145,1.01999999,-0.026945819,39.392967058,-0.116480772,110,AMEL
AB,4,146,1.01999999,-0.026945819,39.392967058,-0.116480772,110,CORY
AB,4,147,1.01999999,-0.026945819,39.392967058,-0.116480772,110,CRAT
AB,4,148,1.01999999,-0.026945819,39.392967058,-0.116480772,110,ILEX
AB,4,149,1.01999999,-0.026945819,39.392967058,-0.116480772,110,MALU
AB,4,150,1.01999999,-0.026945819,39.392967058,-0.116480772,110,NEMO
AB,4,151,1.01999999,-0.026945819,39.392967058,-0.116480772,110,RHUS
AB,4,152,1.01999999,-0.026945819,39.392967058,-0.116480772,110,SORB
AB,4,153,1.01999999,-0.026945819,39.392967058,-0.116480772,110,VIBU
AB,4,154,1.01999999,-0.026945819,39.392967058,-0.116480772,110,CAST
AB,4,155,1.01999999,-0.026945819,39.392967058,-0.116480772,110,ASIM
AB,5,1,0.9827554114,-0.010117939,3.3599020428,-0.00100001,25.5,PICE
AB,5,2,1.018902315,-0.006734797,1.7027184139,-0.00100001,9.5,PINU
AB,5,3,0.8951729703,-0.023560732,3.5600499911,-0.00100001,12.5,ABIE
AB,5,6,0.5689117495,-0.014843331,1.1697704321,-0.00100001,2.5,LARI
AB,5,9,1.01999999,-0.007670985,1.5722484875,-0.00100001,6.5,POPU
AB,5,10,1.0120986729,-0.013257845,2.9573579372,-0.00100001,15.5,BETU
AB,5,11,1.01999999,-0.007670985,1.5722484875,-0.00100001,6.5,ACER
AB,5,12,1.01999999,-0.007670985,1.5722484875,-0.00100001,6.5,GENH
AB,5,121,1.01999999,-0.007670985,1.5722484875,-0.00100001,6.5,CARY
AB,5,122,1.01999999,-0.007670985,1.5722484875,-0.00100001,6.5,JUGL
AB,5,123,1.01999999,-0.007670985,1.5722484875,-0.00100001,6.5,ALNU
AB,5,124,1.01999999,-0.007670985,1.5722484875,-0.00100001,6.5,OSTR
AB,5,125,1.01999999,-0.007670985,1.5722484875,-0.00100001,6.5,CARP
AB,5,126,1.01999999,-0.007670985,1.5722484875,-0.00100001,6.5,FAGU
AB,5,127,1.01999999,-0.007670985,1.5722484875,-0.00100001,6.5,QUER
AB,5,128,1.01999999,-0.007670985,1.5722484875,-0.00100001,6.5,ULMU
AB,5,129,1.01999999,-0.007670985,1.5722484875,-0.00100001,6.5,MORU
AB,5,130,1.01999999,-0.007670985,1.5722484875,-0.00100001,6.5,LIRI
AB,5,131,1.01999999,-0.007670985,1.5722484875,-0.00100001,6.5,MAGN
AB,5,132,1.01999999,-0.007670985,1.5722484875,-0.00100001,6.5,SASS
AB,5,133,1.01999999,-0.007670985,1.5722484875,-0.00100001,6.5,PLAT
AB,5,134,1.01999999,-0.007670985,1.5722484875,-0.00100001,6.5,PRUN
AB,5,135,1.01999999,-0.007670985,1.5722484875,-0.00100001,6.5,GLED
AB,5,136,1.01999999,-0.007670985,1.5722484875,-0.00100001,6.5,ROBI
AB,5,137,1.01999999,-0.007670985,1.5722484875,-0.00100001,6.5,TILI
AB,5,138,1.01999999,-0.007670985,1.5722484875,-0.00100001,6.5,NYSS
AB,5,139,1.01999999,-0.007670985,1.5722484875,-0.00100001,6.5,CORN
AB,5,140,1.01999999,-0.007670985,1.5722484875,-0.00100001,6.5,ARBU
AB,5,141,1.01999999,-0.007670985,1.5722484875,-0.00100001,6.5,FRAX
AB,5,142,1.01999999,-0.007670985,1.5722484875,-0.00100001,6.5,SALI
AB,5,143,1.01999999,-0.007670985,1.5722484875,-0.00100001,6.5,GYMN
AB,5,144,1.01999999,-0.007670985,1.5722484875,-0.00100001,6.5,CELT
AB,5,145,1.01999999,-0.007670985,1.5722484875,-0.00100001,6.5,AMEL
AB,5,146,1.01999999,-0.007670985,1.5722484875,-0.00100001,6.5,CORY
AB,5,147,1.01999999,-0.007670985,1.5722484875,-0.00100001,6.5,CRAT
AB,5,148,1.01999999,-0.007670985,1.5722484875,-0.00100001,6.5,ILEX
AB,5,149,1.01999999,-0.007670985,1.5722484875,-0.00100001,6.5,MALU
AB,5,150,1.01999999,-0.007670985,1.5722484875,-0.00100001,6.5,NEMO
AB,5,151,1.01999999,-0.007670985,1.5722484875,-0.00100001,6.5,RHUS
AB,5,152,1.01999999,-0.007670985,1.5722484875,-0.00100001,6.5,SORB
AB,5,153,1.01999999,-0.007670985,1.5722484875,-0.00100001,6.5,VIBU
AB,5,154,1.01999999,-0.007670985,1.5722484875,-0.00100001,6.5,CAST
AB,5,155,1.01999999,-0.007670985,1.5722484875,-0.00100001,6.5,ASIM
AB,6,1,0.9827554114,-0.010117939,3.3599020428,-0.00100001,25.5,PICE
AB,6,2,1.018902315,-0.006734797,1.7027184139,-0.00100001,9.5,PINU
AB,6,3,0.8951729703,-0.023560732,3.5600499911,-0.00100001,12.5,ABIE
AB,6,5,0.9407849633,-0.016523674,9.1465686111,-0.00100001,52,PSEU
AB,6,6,0.5689117495,-0.014843331,1.1697704321,-0.00100001,2.5,LARI
AB,6,9,1.01999999,-0.007670985,1.5722484875,-0.00100001,6.5,POPU
AB,6,10,1.0120986729,-0.013257845,2.9573579372,-0.00100001,15.5,BETU
AB,6,11,1.01999999,-0.007670985,1.5722484875,-0.00100001,6.5,ACER
AB,6,12,1.01999999,-0.007670985,1.5722484875,-0.00100001,6.5,GENH
AB,6,121,1.01999999,-0.007670985,1.5722484875,-0.00100001,6.5,CARY
AB,6,122,1.01999999,-0.007670985,1.5722484875,-0.00100001,6.5,JUGL
AB,6,123,1.01999999,-0.007670985,1.5722484875,-0.00100001,6.5,ALNU
AB,6,124,1.01999999,-0.007670985,1.5722484875,-0.00100001,6.5,OSTR
AB,6,125,1.01999999,-0.007670985,1.5722484875,-0.00100001,6.5,CARP
AB,6,126,1.01999999,-0.007670985,1.5722484875,-0.00100001,6.5,FAGU
AB,6,127,1.01999999,-0.007670985,1.5722484875,-0.00100001,6.5,QUER
AB,6,128,1.01999999,-0.007670985,1.5722484875,-0.00100001,6.5,ULMU
AB,6,129,1.01999999,-0.007670985,1.5722484875,-0.00100001,6.5,MORU
AB,6,130,1.01999999,-0.007670985,1.5722484875,-0.00100001,6.5,LIRI
AB,6,131,1.01999999,-0.007670985,1.5722484875,-0.00100001,6.5,MAGN
AB,6,132,1.01999999,-0.007670985,1.5722484875,-0.00100001,6.5,SASS
AB,6,133,1.01999999,-0.007670985,1.5722484875,-0.00100001,6.5,PLAT
AB,6,134,1.01999999,-0.007670985,1.5722484875,-0.00100001,6.5,PRUN
AB,6,135,1.01999999,-0.007670985,1.5722484875,-0.00100001,6.5,GLED
AB,6,136,1.01999999,-0.007670985,1.5722484875,-0.00100001,6.5,ROBI
AB,6,137,1.01999999,-0.007670985,1.5722484875,-0.00100001,6.5,TILI
AB,6,138,1.01999999,-0.007670985,1.5722484875,-0.00100001,6.5,NYSS
AB,6,139,1.01999999,-0.007670985,1.5722484875,-0.00100001,6.5,CORN
AB,6,140,1.01999999,-0.007670985,1.5722484875,-0.00100001,6.5,ARBU
AB,6,141,1.01999999,-0.007670985,1.5722484875,-0.00100001,6.5,FRAX
AB,6,142,1.01999999,-0.007670985,1.5722484875,-0.00100001,6.5,SALI
AB,6,143,1.01999999,-0.007670985,1.5722484875,-0.00100001,6.5,GYMN
AB,6,144,1.01999999,-0.007670985,1.5722484875,-0.00100001,6.5,CELT
AB,6,145,1.01999999,-0.007670985,1.5722484875,-0.00100001,6.5,AMEL
AB,6,146,1.01999999,-0.007670985,1.5722484875,-0.00100001,6.5,CORY
AB,6,147,1.01999999,-0.007670985,1.5722484875,-0.00100001,6.5,CRAT
AB,6,148,1.01999999,-0.007670985,1.5722484875,-0.00100001,6.5,ILEX
AB,6,149,1.01999999,-0.007670985,1.5722484875,-0.00100001,6.5,MALU
AB,6,150,1.01999999,-0.007670985,1.5722484875,-0.00100001,6.5,NEMO
AB,6,151,1.01999999,-0.007670985,1.5722484875,-0.00100001,6.5,RHUS
AB,6,152,1.01999999,-0.007670985,1.5722484875,-0.00100001,6.5,SORB
AB,6,153,1.01999999,-0.007670985,1.5722484875,-0.00100001,6.5,VIBU
AB,6,154,1.01999999,-0.007670985,1.5722484875,-0.00100001,6.5,CAST
AB,6,155,1.01999999,-0.007670985,1.5722484875,-0.00100001,6.5,ASIM
AB,9,1,0.9827554114,-0.010117939,3.3599020428,-0.00100001,25.5,PICE
AB,9,2,1.018902315,-0.006734797,1.7027184139,-0.00100001,9.5,PINU
AB,9,3,0.8951729703,-0.023560732,3.5600499911,-0.00100001,12.5,ABIE
AB,9,5,0.9407849633,-0.016523674,9.1465686111,-0.00100001,52,PSEU
AB,9,6,0.5689117495,-0.014843331,1.1697704321,-0.00100001,2.5,LARI
AB,9,9,1.01999999,-0.007670985,1.5722484875,-0.00100001,6.5,POPU
AB,9,10,1.0120986729,-0.013257845,2.9573579372,-0.00100001,15.5,BETU
AB,9,11,1.01999999,-0.007670985,1.5722484875,-0.00100001,6.5,ACER
AB,9,12,1.01999999,-0.007670985,1.5722484875,-0.00100001,6.5,GENH
AB,9,121,1.01999999,-0.007670985,1.5722484875,-0.00100001,6.5,CARY
AB,9,122,1.01999999,-0.007670985,1.5722484875,-0.00100001,6.5,JUGL
AB,9,123,1.01999999,-0.007670985,1.5722484875,-0.00100001,6.5,ALNU
AB,9,124,1.01999999,-0.007670985,1.5722484875,-0.00100001,6.5,OSTR
AB,9,125,1.01999999,-0.007670985,1.5722484875,-0.00100001,6.5,CARP
AB,9,126,1.01999999,-0.007670985,1.5722484875,-0.00100001,6.5,FAGU
AB,9,127,1.01999999,-0.007670985,1.5722484875,-0.00100001,6.5,QUER
AB,9,128,1.01999999,-0.007670985,1.5722484875,-0.00100001,6.5,ULMU
AB,9,129,1.01999999,-0.007670985,1.5722484875,-0.00100001,6.5,MORU
AB,9,130,1.01999999,-0.007670985,1.5722484875,-0.00100001,6.5,LIRI
AB,9,131,1.01999999,-0.007670985,1.5722484875,-0.00100001,6.5,MAGN
AB,9,132,1.01999999,-0.007670985,1.5722484875,-0.00100001,6.5,SASS
AB,9,133,1.01999999,-0.007670985,1.5722484875,-0.00100001,6.5,PLAT
AB,9,134,1.01999999,-0.007670985,1.5722484875,-0.00100001,6.5,PRUN
AB,9,135,1.01999999,-0.007670985,1.5722484875,-0.00100001,6.5,GLED
AB,9,136,1.01999999,-0.007670985,1.5722484875,-0.00100001,6.5,ROBI
AB,9,137,1.01999999,-0.007670985,1.5722484875,-0.00100001,6.5,TILI
AB,9,138,1.01999999,-0.007670985,1.5722484875,-0.00100001,6.5,NYSS
AB,9,139,1.01999999,-0.007670985,1.5722484875,-0.00100001,6.5,CORN
AB,9,140,1.01999999,-0.007670985,1.5722484875,-0.00100001,6.5,ARBU
AB,9,141,1.01999999,-0.007670985,1.5722484875,-0.00100001,6.5,FRAX
AB,9,142,1.01999999,-0.007670985,1.5722484875,-0.00100001,6.5,SALI
AB,9,143,1.01999999,-0.007670985,1.5722484875,-0.00100001,6.5,GYMN
AB,9,144,1.01999999,-0.007670985,1.5722484875,-0.00100001,6.5,CELT
AB,9,145,1.01999999,-0.007670985,1.5722484875,-0.00100001,6.5,AMEL
AB,9,146,1.01999999,-0.007670985,1.5722484875,-0.00100001,6.5,CORY
AB,9,147,1.01999999,-0.007670985,1.5722484875,-0.00100001,6.5,CRAT
AB,9,148,1.01999999,-0.007670985,1.5722484875,-0.00100001,6.5,ILEX
AB,9,149,1.01999999,-0.007670985,1.5722484875,-0.00100001,6.5,MALU
AB,9,150,1.01999999,-0.007670985,1.5722484875,-0.00100001,6.5,NEMO
AB,9,151,1.01999999,-0.007670985,1.5722484875,-0.00100001,6.5,RHUS
AB,9,152,1.01999999,-0.007670985,1.5722484875,-0.00100001,6.5,SORB
AB,9,153,1.01999999,-0.007670985,1.5722484875,-0.00100001,6.5,VIBU
AB,9,154,1.01999999,-0.007670985,1.5722484875,-0.00100001,6.5,CAST
AB,9,155,1.01999999,-0.007670985,1.5722484875,-0.00100001,6.5,ASIM
AB,10,1,0.9827554114,-0.010117939,3.3599020428,-0.00100001,25.5,PICE
AB,10,2,1.018902315,-0.006734797,1.7027184139,-0.00100001,9.5,PINU
AB,10,3,0.8951729703,-0.023560732,3.5600499911,-0.00100001,12.5,ABIE
AB,10,5,0.9407849633,-0.016523674,9.1465686111,-0.00100001,52,PSEU
AB,10,6,0.5689117495,-0.014843331,1.1697704321,-0.00100001,2.5,LARI
AB,10,9,1.01999999,-0.007670985,1.5722484875,-0.00100001,6.5,POPU
AB,10,10,1.0120986729,-0.013257845,2.9573579372,-0.00100001,15.5,BETU
AB,10,11,1.01999999,-0.007670985,1.5722484875,-0.00100001,6.5,ACER
AB,10,12,1.01999999,-0.007670985,1.5722484875,-0.00100001,6.5,GENH
AB,10,121,1.01999999,-0.007670985,1.5722484875,-0.00100001,6.5,CARY
AB,10,122,1.01999999,-0.007670985,1.5722484875,-0.00100001,6.5,JUGL
AB,10,123,1.01999999,-0.007670985,1.5722484875,-0.00100001,6.5,ALNU
AB,10,124,1.01999999,-0.007670985,1.5722484875,-0.00100001,6.5,OSTR
AB,10,125,1.01999999,-0.007670985,1.5722484875,-0.00100001,6.5,CARP
AB,10,126,1.01999999,-0.007670985,1.5722484875,-0.00100001,6.5,FAGU
AB,10,127,1.01999999,-0.007670985,1.5722484875,-0.00100001,6.5,QUER
AB,10,128,1.01999999,-0.007670985,1.5722484875,-0.00100001,6.5,ULMU
AB,10,129,1.01999999,-0.007670985,1.5722484875,-0.00100001,6.5,MORU
AB,10,130,1.01999999,-0.007670985,1.5722484875,-0.00100001,6.5,LIRI
AB,10,131,1.01999999,-0.007670985,1.5722484875,-0.00100001,6.5,MAGN
AB,10,132,1.01999999,-0.007670985,1.5722484875,-0.00100001,6.5,SASS
AB,10,133,1.01999999,-0.007670985,1.5722484875,-0.00100001,6.5,PLAT
AB,10,134,1.01999999,-0.007670985,1.5722484875,-0.00100001,6.5,PRUN
AB,10,135,1.01999999,-0.007670985,1.5722484875,-0.00100001,6.5,GLED
AB,10,136,1.01999999,-0.007670985,1.5722484875,-0.00100001,6.5,ROBI
AB,10,137,1.01999999,-0.007670985,1.5722484875,-0.00100001,6.5,TILI
AB,10,138,1.01999999,-0.007670985,1.5722484875,-0.00100001,6.5,NYSS
AB,10,139,1.01999999,-0.007670985,1.5722484875,-0.00100001,6.5,CORN
AB,10,140,1.01999999,-0.007670985,1.5722484875,-0.00100001,6.5,ARBU
AB,10,141,1.01999999,-0.007670985,1.5722484875,-0.00100001,6.5,FRAX
AB,10,142,1.01999999,-0.007670985,1.5722484875,-0.00100001,6.5,SALI
AB,10,143,1.01999999,-0.007670985,1.5722484875,-0.00100001,6.5,GYMN
AB,10,144,1.01999999,-0.007670985,1.5722484875,-0.00100001,6.5,CELT
AB,10,145,1.01999999,-0.007670985,1.5722484875,-0.00100001,6.5,AMEL
AB,10,146,1.01999999,-0.007670985,1.5722484875,-0.00100001,6.5,CORY
AB,10,147,1.01999999,-0.007670985,1.5722484875,-0.00100001,6.5,CRAT
AB,10,148,1.01999999,-0.007670985,1.5722484875,-0.00100001,6.5,ILEX
AB,10,149,1.01999999,-0.007670985,1.5722484875,-0.00100001,6.5,MALU
AB,10,150,1.01999999,-0.007670985,1.5722484875,-0.00100001,6.5,NEMO
AB,10,151,1.01999999,-0.007670985,1.5722484875,-0.00100001,6.5,RHUS
AB,10,152,1.01999999,-0.007670985,1.5722484875,-0.00100001,6.5,SORB
AB,10,153,1.01999999,-0.007670985,1.5722484875,-0.00100001,6.5,VIBU
AB,10,154,1.01999999,-0.007670985,1.5722484875,-0.00100001,6.5,CAST
AB,10,155,1.01999999,-0.007670985,1.5722484875,-0.00100001,6.5,ASIM
AB,14,1,0.9666404,-0.008486945,1.3643848303,-0.00100001,4,PICE
AB,14,2,0.9327179554,-0.008927758,2.9250491955,-0.00100001,23.5,PINU
AB,14,3,0.8951729703,-0.023560732,3.5600499911,-0.00100001,12.5,ABIE
AB,14,5,0.9407849633,-0.016523674,9.1465686111,-0.00100001,52,PSEU
AB,14,6,0.5689117495,-0.014843331,1.1697704321,-0.00100001,2.5,LARI
AB,14,9,0.9963023106,-0.011702479,2.8642837736,-0.00100001,17,POPU
AB,14,10,1.0120986729,-0.013257845,2.9573579372,-0.00100001,15.5,BETU
AB,14,11,0.9963023106,-0.011702479,2.8642837736,-0.00100001,17,ACER
AB,14,12,0.9963023106,-0.011702479,2.8642837736,-0.00100001,17,GENH
AB,14,121,0.9963023106,-0.011702479,2.8642837736,-0.00100001,17,CARY
AB,14,122,0.9963023106,-0.011702479,2.8642837736,-0.00100001,17,JUGL
AB,14,123,0.9963023106,-0.011702479,2.8642837736,-0.00100001,17,ALNU
AB,14,124,0.9963023106,-0.011702479,2.8642837736,-0.00100001,17,OSTR
AB,14,125,0.9963023106,-0.011702479,2.8642837736,-0.00100001,17,CARP
AB,14,126,0.9963023106,-0.011702479,2.8642837736,-0.00100001,17,FAGU
AB,14,127,0.9963023106,-0.011702479,2.8642837736,-0.00100001,17,QUER
AB,14,128,0.9963023106,-0.011702479,2.8642837736,-0.00100001,17,ULMU
AB,14,129,0.9963023106,-0.011702479,2.8642837736,-0.00100001,17,MORU
AB,14,130,0.9963023106,-0.011702479,2.8642837736,-0.00100001,17,LIRI
AB,14,131,0.9963023106,-0.011702479,2.8642837736,-0.00100001,17,MAGN
AB,14,132,0.9963023106,-0.011702479,2.8642837736,-0.00100001,17,SASS
AB,14,133,0.9963023106,-0.011702479,2.8642837736,-0.00100001,17,PLAT
AB,14,134,0.9963023106,-0.011702479,2.8642837736,-0.00100001,17,PRUN
AB,14,135,0.9963023106,-0.011702479,2.8642837736,-0.00100001,17,GLED
AB,14,136,0.9963023106,-0.011702479,2.8642837736,-0.00100001,17,ROBI
AB,14,137,0.9963023106,-0.011702479,2.8642837736,-0.00100001,17,TILI
AB,14,138,0.9963023106,-0.011702479,2.8642837736,-0.00100001,17,NYSS
AB,14,139,0.9963023106,-0.011702479,2.8642837736,-0.00100001,17,CORN
AB,14,140,0.9963023106,-0.011702479,2.8642837736,-0.00100001,17,ARBU
AB,14,141,0.9963023106,-0.011702479,2.8642837736,-0.00100001,17,FRAX
AB,14,142,0.9963023106,-0.011702479,2.8642837736,-0.00100001,17,SALI
AB,14,143,0.9963023106,-0.011702479,2.8642837736,-0.00100001,17,GYMN
AB,14,144,0.9963023106,-0.011702479,2.8642837736,-0.00100001,17,CELT
AB,14,145,0.9963023106,-0.011702479,2.8642837736,-0.00100001,17,AMEL
AB,14,146,0.9963023106,-0.011702479,2.8642837736,-0.00100001,17,CORY
AB,14,147,0.9963023106,-0.011702479,2.8642837736,-0.00100001,17,CRAT
AB,14,148,0.9963023106,-0.011702479,2.8642837736,-0.00100001,17,ILEX
AB,14,149,0.9963023106,-0.011702479,2.8642837736,-0.00100001,17,MALU
AB,14,150,0.9963023106,-0.011702479,2.8642837736,-0.00100001,17,NEMO
AB,14,151,0.9963023106,-0.011702479,2.8642837736,-0.00100001,17,RHUS
AB,14,152,0.9963023106,-0.011702479,2.8642837736,-0.00100001,17,SORB
AB,14,153,0.9963023106,-0.011702479,2.8642837736,-0.00100001,17,VIBU
AB,14,154,0.9963023106,-0.011702479,2.8642837736,-0.00100001,17,CAST
AB,14,155,0.9963023106,-0.011702479,2.8642837736,-0.00100001,17,ASIM
BC,4,1,0.9371720045,-0.004954443,1.1802917467,-1e-8,5,PICE
BC,4,2,0.6671121468,-0.041646642,15.003839924,-1e-8,24,PINU
BC,4,3,0.8609091024,-0.013047036,2.4533093087,-0.00251028,14.5,ABIE
BC,4,6,1.063016848,-0.002934779,0.4477085755,-0.138705464,4.5,LARI
BC,4,8,0.9371720045,-0.004954443,1.1802917467,-1e-8,5,GENC
BC,4,9,1.1402408843,-0.003109007,0.5152547586,-0.123636327,5.5,POPU
BC,4,10,1.4519658271,-0.002149664,0.8574951586,-0.06123889,14.5,BETU
BC,4,12,0.5594934213,-0.063854754,99.99999999,-1e-8,41.5,GENH
BC,4,121,0.5594934213,-0.063854754,99.99999999,-1e-8,41.5,CARY
BC,4,122,0.5594934213,-0.063854754,99.99999999,-1e-8,41.5,JUGL
BC,4,123,0.5594934213,-0.063854754,99.99999999,-1e-8,41.5,ALNU
BC,4,124,0.5594934213,-0.063854754,99.99999999,-1e-8,41.5,OSTR
BC,4,125,0.5594934213,-0.063854754,99.99999999,-1e-8,41.5,CARP
BC,4,126,0.5594934213,-0.063854754,99.99999999,-1e-8,41.5,FAGU
BC,4,127,0.5594934213,-0.063854754,99.99999999,-1e-8,41.5,QUER
BC,4,128,0.5594934213,-0.063854754,99.99999999,-1e-8,41.5,ULMU
BC,4,129,0.5594934213,-0.063854754,99.99999999,-1e-8,41.5,MORU
BC,4,130,0.5594934213,-0.063854754,99.99999999,-1e-8,41.5,LIRI
BC,4,131,0.5594934213,-0.063854754,99.99999999,-1e-8,41.5,MAGN
BC,4,132,0.5594934213,-0.063854754,99.99999999,-1e-8,41.5,SASS
BC,4,133,0.5594934213,-0.063854754,99.99999999,-1e-8,41.5,PLAT
BC,4,134,0.5594934213,-0.063854754,99.99999999,-1e-8,41.5,PRUN
BC,4,135,0.5594934213,-0.063854754,99.99999999,-1e-8,41.5,GLED
BC,4,136,0.5594934213,-0.063854754,99.99999999,-1e-8,41.5,ROBI
BC,4,137,0.5594934213,-0.063854754,99.99999999,-1e-8,41.5,TILI
BC,4,138,0.5594934213,-0.063854754,99.99999999,-1e-8,41.5,NYSS
BC,4,139,0.5594934213,-0.063854754,99.99999999,-1e-8,41.5,CORN
BC,4,140,0.5594934213,-0.063854754,99.99999999,-1e-8,41.5,ARBU
BC,4,141,0.5594934213,-0.063854754,99.99999999,-1e-8,41.5,FRAX
BC,4,142,0.5594934213,-0.063854754,99.99999999,-1e-8,41.5,SALI
BC,4,143,0.5594934213,-0.063854754,99.99999999,-1e-8,41.5,GYMN
BC,4,144,0.5594934213,-0.063854754,99.99999999,-1e-8,41.5,CELT
BC,4,145,0.5594934213,-0.063854754,99.99999999,-1e-8,41.5,AMEL
BC,4,146,0.5594934213,-0.063854754,99.99999999,-1e-8,41.5,CORY
BC,4,147,0.5594934213,-0.063854754,99.99999999,-1e-8,41.5,CRAT
BC,4,148,0.5594934213,-0.063854754,99.99999999,-1e-8,41.5,ILEX
BC,4,149,0.5594934213,-0.063854754,99.99999999,-1e-8,41.5,MALU
BC,4,150,0.5594934213,-0.063854754,99.99999999,-1e-8,41.5,NEMO
BC,4,151,0.5594934213,-0.063854754,99.99999999,-1e-8,41.5,RHUS
BC,4,152,0.5594934213,-0.063854754,99.99999999,-1e-8,41.5,SORB
BC,4,153,0.5594934213,-0.063854754,99.99999999,-1e-8,41.5,VIBU
BC,4,154,0.5594934213,-0.063854754,99.99999999,-1e-8,41.5,CAST
BC,4,155,0.5594934213,-0.063854754,99.99999999,-1e-8,41.5,ASIM
BC,9,1,0.9371720045,-0.004954443,1.1802917467,-1e-8,5,PICE
BC,9,2,0.6671121468,-0.041646642,15.003839924,-1e-8,24,PINU
BC,9,3,0.8609091024,-0.013047036,2.4533093087,-0.00251028,14.5,ABIE
BC,9,5,0.8021659316,-0.022359773,1.9856772281,-1e-8,4.5,PSEU
BC,9,6,1.063016848,-0.002934779,0.4477085755,-0.138705464,4.5,LARI
BC,9,8,0.9371720045,-0.004954443,1.1802917467,-1e-8,5,GENC
BC,9,9,1.1402408843,-0.003109007,0.5152547586,-0.123636327,5.5,POPU
BC,9,10,1.4519658271,-0.002149664,0.8574951586,-0.06123889,14.5,BETU
BC,9,12,0.5594934213,-0.063854754,99.99999999,-1e-8,41.5,GENH
BC,9,121,0.5594934213,-0.063854754,99.99999999,-1e-8,41.5,CARY
BC,9,122,0.5594934213,-0.063854754,99.99999999,-1e-8,41.5,JUGL
BC,9,123,0.5594934213,-0.063854754,99.99999999,-1e-8,41.5,ALNU
BC,9,124,0.5594934213,-0.063854754,99.99999999,-1e-8,41.5,OSTR
BC,9,125,0.5594934213,-0.063854754,99.99999999,-1e-8,41.5,CARP
BC,9,126,0.5594934213,-0.063854754,99.99999999,-1e-8,41.5,FAGU
BC,9,127,0.5594934213,-0.063854754,99.99999999,-1e-8,41.5,QUER
BC,9,128,0.5594934213,-0.063854754,99.99999999,-1e-8,41.5,ULMU
BC,9,129,0.5594934213,-0.063854754,99.99999999,-1e-8,41.5,MORU
BC,9,130,0.5594934213,-0.063854754,99.99999999,-1e-8,41.5,LIRI
BC,9,131,0.5594934213,-0.063854754,99.99999999,-1e-8,41.5,MAGN
BC,9,132,0.5594934213,-0.063854754,99.99999999,-1e-8,41.5,SASS
BC,9,133,0.5594934213,-0.063854754,99.99999999,-1e-8,41.5,PLAT
BC,9,134,0.5594934213,-0.063854754,99.99999999,-1e-8,41.5,PRUN
BC,9,135,0.5594934213,-0.063854754,99.99999999,-1e-8,41.5,GLED
BC,9,136,0.5594934213,-0.063854754,99.99999999,-1e-8,41.5,ROBI
BC,9,137,0.5594934213,-0.063854754,99.99999999,-1e-8,41.5,TILI
BC,9,138,0.5594934213,-0.063854754,99.99999999,-1e-8,41.5,NYSS
BC,9,139,0.5594934213,-0.063854754,99.99999999,-1e-8,41.5,CORN
BC,9,140,0.5594934213,-0.063854754,99.99999999,-1e-8,41.5,ARBU
BC,9,141,0.5594934213,-0.063854754,99.99999999,-1e-8,41.5,FRAX
BC,9,142,0.5594934213,-0.063854754,99.99999999,-1e-8,41.5,SALI
BC,9,143,0.5594934213,-0.063854754,99.99999999,-1e-8,41.5,GYMN
BC,9,144,0.5594934213,-0.063854754,99.99999999,-1e-8,41.5,CELT
BC,9,145,0.5594934213,-0.063854754,99.99999999,-1e-8,41.5,AMEL
BC,9,146,0.5594934213,-0.063854754,99.99999999,-1e-8,41.5,CORY
BC,9,147,0.5594934213,-0.063854754,99.99999999,-1e-8,41.5,CRAT
BC,9,148,0.5594934213,-0.063854754,99.99999999,-1e-8,41.5,ILEX
BC,9,149,0.5594934213,-0.063854754,99.99999999,-1e-8,41.5,MALU
BC,9,150,0.5594934213,-0.063854754,99.99999999,-1e-8,41.5,NEMO
BC,9,151,0.5594934213,-0.063854754,99.99999999,-1e-8,41.5,RHUS
BC,9,152,0.5594934213,-0.063854754,99.99999999,-1e-8,41.5,SORB
BC,9,153,0.5594934213,-0.063854754,99.99999999,-1e-8,41.5,VIBU
BC,9,154,0.5594934213,-0.063854754,99.99999999,-1e-8,41.5,CAST
BC,9,155,0.5594934213,-0.063854754,99.99999999,-1e-8,41.5,ASIM
BC,12,1,0.9371720045,-0.004954443,1.1802917467,-1e-8,5,PICE
BC,12,2,0.6671121468,-0.041646642,15.003839924,-1e-8,24,PINU
BC,12,3,0.8609091024,-0.013047036,2.4533093087,-0.00251028,14.5,ABIE
BC,12,4,1.8372188851,-0.002691906,0.20000001,-0.90672125,12,TSUG
BC,12,5,0.8021659316,-0.022359773,1.9856772281,-1e-8,4.5,PSEU
BC,12,6,1.063016848,-0.002934779,0.4477085755,-0.138705464,4.5,LARI
BC,12,8,0.9371720045,-0.004954443,1.1802917467,-1e-8,5,GENC
BC,12,9,1.1402408843,-0.003109007,0.5152547586,-0.123636327,5.5,POPU
BC,12,10,1.4519658271,-0.002149664,0.8574951586,-0.06123889,14.5,BETU
BC,12,12,0.5594934213,-0.063854754,99.99999999,-1e-8,41.5,GENH
BC,12,121,0.5594934213,-0.063854754,99.99999999,-1e-8,41.5,CARY
BC,12,122,0.5594934213,-0.063854754,99.99999999,-1e-8,41.5,JUGL
BC,12,123,0.5594934213,-0.063854754,99.99999999,-1e-8,41.5,ALNU
BC,12,124,0.5594934213,-0.063854754,99.99999999,-1e-8,41.5,OSTR
BC,12,125,0.5594934213,-0.063854754,99.99999999,-1e-8,41.5,CARP
BC,12,126,0.5594934213,-0.063854754,99.99999999,-1e-8,41.5,FAGU
BC,12,127,0.5594934213,-0.063854754,99.99999999,-1e-8,41.5,QUER
BC,12,128,0.5594934213,-0.063854754,99.99999999,-1e-8,41.5,ULMU
BC,12,129,0.5594934213,-0.063854754,99.99999999,-1e-8,41.5,MORU
BC,12,130,0.5594934213,-0.063854754,99.99999999,-1e-8,41.5,LIRI
BC,12,131,0.5594934213,-0.063854754,99.99999999,-1e-8,41.5,MAGN
BC,12,132,0.5594934213,-0.063854754,99.99999999,-1e-8,41.5,SASS
BC,12,133,0.5594934213,-0.063854754,99.99999999,-1e-8,41.5,PLAT
BC,12,134,0.5594934213,-0.063854754,99.99999999,-1e-8,41.5,PRUN
BC,12,135,0.5594934213,-0.063854754,99.99999999,-1e-8,41.5,GLED
BC,12,136,0.5594934213,-0.063854754,99.99999999,-1e-8,41.5,ROBI
BC,12,137,0.5594934213,-0.063854754,99.99999999,-1e-8,41.5,TILI
BC,12,138,0.5594934213,-0.063854754,99.99999999,-1e-8,41.5,NYSS
BC,12,139,0.5594934213,-0.063854754,99.99999999,-1e-8,41.5,CORN
BC,12,140,0.5594934213,-0.063854754,99.99999999,-1e-8,41.5,ARBU
BC,12,141,0.5594934213,-0.063854754,99.99999999,-1e-8,41.5,FRAX
BC,12,142,0.5594934213,-0.063854754,99.99999999,-1e-8,41.5,SALI
BC,12,143,0.5594934213,-0.063854754,99.99999999,-1e-8,41.5,GYMN
BC,12,144,0.5594934213,-0.063854754,99.99999999,-1e-8,41.5,CELT
BC,12,145,0.5594934213,-0.063854754,99.99999999,-1e-8,41.5,AMEL
BC,12,146,0.5594934213,-0.063854754,99.99999999,-1e-8,41.5,CORY
BC,12,147,0.5594934213,-0.063854754,99.99999999,-1e-8,41.5,CRAT
BC,12,148,0.5594934213,-0.063854754,99.99999999,-1e-8,41.5,ILEX
BC,12,149,0.5594934213,-0.063854754,99.99999999,-1e-8,41.5,MALU
BC,12,150,0.5594934213,-0.063854754,99.99999999,-1e-8,41.5,NEMO
BC,12,151,0.5594934213,-0.063854754,99.99999999,-1e-8,41.5,RHUS
BC,12,152,0.5594934213,-0.063854754,99.99999999,-1e-8,41.5,SORB
BC,12,153,0.5594934213,-0.063854754,99.99999999,-1e-8,41.5,VIBU
BC,12,154,0.5594934213,-0.063854754,99.99999999,-1e-8,41.5,CAST
BC,12,155,0.5594934213,-0.063854754,99.99999999,-1e-8,41.5,ASIM
BC,13,1,0.9873607691,-0.00532116,0.8171214309,-0.051038072,7,PICE
BC,13,2,1.1130909281,-0.002321571,0.3571853162,-0.20820165,4.5,PINU
BC,13,3,0.964668063,-0.003491118,1.0540930765,-1e-8,5,ABIE
BC,13,4,1.1296235721,-0.002167162,0.4436279566,-0.142813085,5.5,TSUG
BC,13,5,1.1121089405,-0.002806583,0.4042826819,-0.141806546,3,PSEU
BC,13,6,1.063016848,-0.002934779,0.4477085755,-0.138705464,4.5,LARI
BC,13,7,0.9444599967,-0.007173585,1.4593848229,-0.03401113,19,THUJ
BC,13,8,1.1296235721,-0.002167162,0.4436279566,-0.142813085,5.5,GENC
BC,13,9,1.0065214845,-0.005984522,0.9430258044,-0.035892416,6.5,POPU
BC,13,10,0.7338078287,-0.032032223,99.99999999,-0.002293554,95,BETU
BC,13,11,2.3174914186,-0.007079728,0.20000001,-1.361505034,11,ACER
BC,13,12,0.9443410463,-0.011858291,2.028874,-0.016705668,16.5,GENH
BC,13,71,0.9444599967,-0.007173585,1.4593848229,-0.03401113,19,JUNI
BC,13,72,0.9444599967,-0.007173585,1.4593848229,-0.03401113,19,TAXU
BC,13,73,0.9444599967,-0.007173585,1.4593848229,-0.03401113,19,CHAM
BC,13,121,0.9443410463,-0.011858291,2.028874,-0.016705668,16.5,CARY
BC,13,122,0.9443410463,-0.011858291,2.028874,-0.016705668,16.5,JUGL
BC,13,123,0.9443410463,-0.011858291,2.028874,-0.016705668,16.5,ALNU
BC,13,124,0.9443410463,-0.011858291,2.028874,-0.016705668,16.5,OSTR
BC,13,125,0.9443410463,-0.011858291,2.028874,-0.016705668,16.5,CARP
BC,13,126,0.9443410463,-0.011858291,2.028874,-0.016705668,16.5,FAGU
BC,13,127,0.9443410463,-0.011858291,2.028874,-0.016705668,16.5,QUER
BC,13,128,0.9443410463,-0.011858291,2.028874,-0.016705668,16.5,ULMU
BC,13,129,0.9443410463,-0.011858291,2.028874,-0.016705668,16.5,MORU
BC,13,130,0.9443410463,-0.011858291,2.028874,-0.016705668,16.5,LIRI
BC,13,131,0.9443410463,-0.011858291,2.028874,-0.016705668,16.5,MAGN
BC,13,132,0.9443410463,-0.011858291,2.028874,-0.016705668,16.5,SASS
BC,13,133,0.9443410463,-0.011858291,2.028874,-0.016705668,16.5,PLAT
BC,13,134,0.9443410463,-0.011858291,2.028874,-0.016705668,16.5,PRUN
BC,13,135,0.9443410463,-0.011858291,2.028874,-0.016705668,16.5,GLED
BC,13,136,0.9443410463,-0.011858291,2.028874,-0.016705668,16.5,ROBI
BC,13,137,0.9443410463,-0.011858291,2.028874,-0.016705668,16.5,TILI
BC,13,138,0.9443410463,-0.011858291,2.028874,-0.016705668,16.5,NYSS
BC,13,139,0.9443410463,-0.011858291,2.028874,-0.016705668,16.5,CORN
BC,13,140,0.9443410463,-0.011858291,2.028874,-0.016705668,16.5,ARBU
BC,13,141,0.9443410463,-0.011858291,2.028874,-0.016705668,16.5,FRAX
BC,13,142,0.9443410463,-0.011858291,2.028874,-0.016705668,16.5,SALI
BC,13,143,0.9443410463,-0.011858291,2.028874,-0.016705668,16.5,GYMN
BC,13,144,0.9443410463,-0.011858291,2.028874,-0.016705668,16.5,CELT
BC,13,145,0.9443410463,-0.011858291,2.028874,-0.016705668,16.5,AMEL
BC,13,146,0.9443410463,-0.011858291,2.028874,-0.016705668,16.5,CORY
BC,13,147,0.9443410463,-0.011858291,2.028874,-0.016705668,16.5,CRAT
BC,13,148,0.9443410463,-0.011858291,2.028874,-0.016705668,16.5,ILEX
BC,13,149,0.9443410463,-0.011858291,2.028874,-0.016705668,16.5,MALU
BC,13,150,0.9443410463,-0.011858291,2.028874,-0.016705668,16.5,NEMO
BC,13,151,0.9443410463,-0.011858291,2.028874,-0.016705668,16.5,RHUS
BC,13,152,0.9443410463,-0.011858291,2.028874,-0.016705668,16.5,SORB
BC,13,153,0.9443410463,-0.011858291,2.028874,-0.016705668,16.5,VIBU
BC,13,154,0.9443410463,-0.011858291,2.028874,-0.016705668,16.5,CAST
BC,13,155,0.9443410463,-0.011858291,2.028874,-0.016705668,16.5,ASIM
BC,14,1,0.8514479598,-0.0139,1.5635401198,-0.002057418,5,PICE
BC,14,2,0.8669474016,-0.008014612,0.9657388962,-0.015821398,3.5,PINU
BC,14,3,0.8169886801,-0.014090403,1.6405152022,-1e-8,5,ABIE
BC,14,4,1.8372188851,-0.002691906,0.20000001,-0.90672125,12,TSUG
BC,14,5,0.8021659316,-0.022359773,1.9856772281,-1e-8,4.5,PSEU
BC,14,6,1.063016848,-0.002934779,0.4477085755,-0.138705464,4.5,LARI
BC,14,7,1.6920139272,-0.003967687,0.20000001,-0.777506745,6,THUJ
BC,14,8,0.8514479598,-0.0139,1.5635401198,-0.002057418,5,GENC
BC,14,9,0.9753692453,-0.006995811,0.7910571471,-0.054521162,5,POPU
BC,14,10,0.7798275626,-0.02332967,4.3588765624,-5.3005e-4,17.5,BETU
BC,14,11,2.3174914186,-0.007079728,0.20000001,-1.361505034,11,ACER
BC,14,12,0.5594934213,-0.063854754,99.99999999,-1e-8,41.5,GENH
BC,14,71,1.6920139272,-0.003967687,0.20000001,-0.777506745,6,JUNI
BC,14,72,1.6920139272,-0.003967687,0.20000001,-0.777506745,6,TAXU
BC,14,73,1.6920139272,-0.003967687,0.20000001,-0.777506745,6,CHAM
BC,14,121,0.5594934213,-0.063854754,99.99999999,-1e-8,41.5,CARY
BC,14,122,0.5594934213,-0.063854754,99.99999999,-1e-8,41.5,JUGL
BC,14,123,0.5594934213,-0.063854754,99.99999999,-1e-8,41.5,ALNU
BC,14,124,0.5594934213,-0.063854754,99.99999999,-1e-8,41.5,OSTR
BC,14,125,0.5594934213,-0.063854754,99.99999999,-1e-8,41.5,CARP
BC,14,126,0.5594934213,-0.063854754,99.99999999,-1e-8,41.5,FAGU
BC,14,127,0.5594934213,-0.063854754,99.99999999,-1e-8,41.5,QUER
BC,14,128,0.5594934213,-0.063854754,99.99999999,-1e-8,41.5,ULMU
BC,14,129,0.5594934213,-0.063854754,99.99999999,-1e-8,41.5,MORU
BC,14,130,0.5594934213,-0.063854754,99.99999999,-1e-8,41.5,LIRI
BC,14,131,0.5594934213,-0.063854754,99.99999999,-1e-8,41.5,MAGN
BC,14,132,0.5594934213,-0.063854754,99.99999999,-1e-8,41.5,SASS
BC,14,133,0.5594934213,-0.063854754,99.99999999,-1e-8,41.5,PLAT
BC,14,134,0.5594934213,-0.063854754,99.99999999,-1e-8,41.5,PRUN
BC,14,135,0.5594934213,-0.063854754,99.99999999,-1e-8,41.5,GLED
BC,14,136,0.5594934213,-0.063854754,99.99999999,-1e-8,41.5,ROBI
BC,14,137,0.5594934213,-0.063854754,99.99999999,-1e-8,41.5,TILI
BC,14,138,0.5594934213,-0.063854754,99.99999999,-1e-8,41.5,NYSS
BC,14,139,0.5594934213,-0.063854754,99.99999999,-1e-8,41.5,CORN
BC,14,140,0.5594934213,-0.063854754,99.99999999,-1e-8,41.5,ARBU
BC,14,141,0.5594934213,-0.063854754,99.99999999,-1e-8,41.5,FRAX
BC,14,142,0.5594934213,-0.063854754,99.99999999,-1e-8,41.5,SALI
BC,14,143,0.5594934213,-0.063854754,99.99999999,-1e-8,41.5,GYMN
BC,14,144,0.5594934213,-0.063854754,99.99999999,-1e-8,41.5,CELT
BC,14,145,0.5594934213,-0.063854754,99.99999999,-1e-8,41.5,AMEL
BC,14,146,0.5594934213,-0.063854754,99.99999999,-1e-8,41.5,CORY
BC,14,147,0.5594934213,-0.063854754,99.99999999,-1e-8,41.5,CRAT
BC,14,148,0.5594934213,-0.063854754,99.99999999,-1e-8,41.5,ILEX
BC,14,149,0.5594934213,-0.063854754,99.99999999,-1e-8,41.5,MALU
BC,14,150,0.5594934213,-0.063854754,99.99999999,-1e-8,41.5,NEMO
BC,14,151,0.5594934213,-0.063854754,99.99999999,-1e-8,41.5,RHUS
BC,14,152,0.5594934213,-0.063854754,99.99999999,-1e-8,41.5,SORB
BC,14,153,0.5594934213,-0.063854754,99.99999999,-1e-8,41.5,VIBU
BC,14,154,0.5594934213,-0.063854754,99.99999999,-1e-8,41.5,CAST
BC,14,155,0.5594934213,-0.063854754,99.99999999,-1e-8,41.5,ASIM
MB,5,1,0.8684221036,-0.021035838,3.5988626446,-0.010042587,20,PICE
MB,5,2,0.9383320028,-0.027168467,8.6766479965,-1.0001e-4,26.5,PINU
MB,5,3,0.8676967281,-0.02563542,4.9782991449,-0.022615324,28,ABIE
MB,5,6,0.730776434,-0.029042977,9.6398095675,-1.0001e-4,29,LARI
MB,5,9,1.09999999,-0.008898638,1.9514321513,-1.0001e-4,8,POPU
MB,5,11,0.8009816481,-0.032271699,5.7752365505,-1e-8,13,ACER
MB,5,12,0.8572270625,-0.017103576,1.717827612,-0.022857475,9.5,GENH
MB,5,121,0.8572270625,-0.017103576,1.717827612,-0.022857475,9.5,CARY
MB,5,122,0.8572270625,-0.017103576,1.717827612,-0.022857475,9.5,JUGL
MB,5,123,0.8572270625,-0.017103576,1.717827612,-0.022857475,9.5,ALNU
MB,5,124,0.8572270625,-0.017103576,1.717827612,-0.022857475,9.5,OSTR
MB,5,125,0.8572270625,-0.017103576,1.717827612,-0.022857475,9.5,CARP
MB,5,126,0.8572270625,-0.017103576,1.717827612,-0.022857475,9.5,FAGU
MB,5,127,0.8572270625,-0.017103576,1.717827612,-0.022857475,9.5,QUER
MB,5,128,0.8572270625,-0.017103576,1.717827612,-0.022857475,9.5,ULMU
MB,5,129,0.8572270625,-0.017103576,1.717827612,-0.022857475,9.5,MORU
MB,5,130,0.8572270625,-0.017103576,1.717827612,-0.022857475,9.5,LIRI
MB,5,131,0.8572270625,-0.017103576,1.717827612,-0.022857475,9.5,MAGN
MB,5,132,0.8572270625,-0.017103576,1.717827612,-0.022857475,9.5,SASS
MB,5,133,0.8572270625,-0.017103576,1.717827612,-0.022857475,9.5,PLAT
MB,5,134,0.8572270625,-0.017103576,1.717827612,-0.022857475,9.5,PRUN
MB,5,135,0.8572270625,-0.017103576,1.717827612,-0.022857475,9.5,GLED
MB,5,136,0.8572270625,-0.017103576,1.717827612,-0.022857475,9.5,ROBI
MB,5,137,0.8572270625,-0.017103576,1.717827612,-0.022857475,9.5,TILI
MB,5,138,0.8572270625,-0.017103576,1.717827612,-0.022857475,9.5,NYSS
MB,5,139,0.8572270625,-0.017103576,1.717827612,-0.022857475,9.5,CORN
MB,5,140,0.8572270625,-0.017103576,1.717827612,-0.022857475,9.5,ARBU
MB,5,141,0.8572270625,-0.017103576,1.717827612,-0.022857475,9.5,FRAX
MB,5,142,0.8572270625,-0.017103576,1.717827612,-0.022857475,9.5,SALI
MB,5,143,0.8572270625,-0.017103576,1.717827612,-0.022857475,9.5,GYMN
MB,5,144,0.8572270625,-0.017103576,1.717827612,-0.022857475,9.5,CELT
MB,5,145,0.8572270625,-0.017103576,1.717827612,-0.022857475,9.5,AMEL
MB,5,146,0.8572270625,-0.017103576,1.717827612,-0.022857475,9.5,CORY
MB,5,147,0.8572270625,-0.017103576,1.717827612,-0.022857475,9.5,CRAT
MB,5,148,0.8572270625,-0.017103576,1.717827612,-0.022857475,9.5,ILEX
MB,5,149,0.8572270625,-0.017103576,1.717827612,-0.022857475,9.5,MALU
MB,5,150,0.8572270625,-0.017103576,1.717827612,-0.022857475,9.5,NEMO
MB,5,151,0.8572270625,-0.017103576,1.717827612,-0.022857475,9.5,RHUS
MB,5,152,0.8572270625,-0.017103576,1.717827612,-0.022857475,9.5,SORB
MB,5,153,0.8572270625,-0.017103576,1.717827612,-0.022857475,9.5,VIBU
MB,5,154,0.8572270625,-0.017103576,1.717827612,-0.022857475,9.5,CAST
MB,5,155,0.8572270625,-0.017103576,1.717827612,-0.022857475,9.5,ASIM
MB,6,1,0.8684221036,-0.021035838,3.5988626446,-0.010042587,20,PICE
MB,6,2,0.9383320028,-0.027168467,8.6766479965,-1.0001e-4,26.5,PINU
MB,6,3,0.8676967281,-0.02563542,4.9782991449,-0.022615324,28,ABIE
MB,6,6,0.730776434,-0.029042977,9.6398095675,-1.0001e-4,29,LARI
MB,6,7,1.09999999,-0.054092748,74.99999999,-0.403319163,80,THUJ
MB,6,9,1.09999999,-0.008898638,1.9514321513,-1.0001e-4,8,POPU
MB,6,10,0.7095459501,-0.102013704,74.99999999,-1.0001e-4,26,BETU
MB,6,11,0.8009816481,-0.032271699,5.7752365505,-1e-8,13,ACER
MB,6,12,0.8572270625,-0.017103576,1.717827612,-0.022857475,9.5,GENH
MB,6,71,1.09999999,-0.054092748,74.99999999,-0.403319163,80,JUNI
MB,6,72,1.09999999,-0.054092748,74.99999999,-0.403319163,80,TAXU
MB,6,73,1.09999999,-0.054092748,74.99999999,-0.403319163,80,CHAM
MB,6,121,0.8572270625,-0.017103576,1.717827612,-0.022857475,9.5,CARY
MB,6,122,0.8572270625,-0.017103576,1.717827612,-0.022857475,9.5,JUGL
MB,6,123,0.8572270625,-0.017103576,1.717827612,-0.022857475,9.5,ALNU
MB,6,124,0.8572270625,-0.017103576,1.717827612,-0.022857475,9.5,OSTR
MB,6,125,0.8572270625,-0.017103576,1.717827612,-0.022857475,9.5,CARP
MB,6,126,0.8572270625,-0.017103576,1.717827612,-0.022857475,9.5,FAGU
MB,6,127,0.8572270625,-0.017103576,1.717827612,-0.022857475,9.5,QUER
MB,6,128,0.8572270625,-0.017103576,1.717827612,-0.022857475,9.5,ULMU
MB,6,129,0.8572270625,-0.017103576,1.717827612,-0.022857475,9.5,MORU
MB,6,130,0.8572270625,-0.017103576,1.717827612,-0.022857475,9.5,LIRI
MB,6,131,0.8572270625,-0.017103576,1.717827612,-0.022857475,9.5,MAGN
MB,6,132,0.8572270625,-0.017103576,1.717827612,-0.022857475,9.5,SASS
MB,6,133,0.8572270625,-0.017103576,1.717827612,-0.022857475,9.5,PLAT
MB,6,134,0.8572270625,-0.017103576,1.717827612,-0.022857475,9.5,PRUN
MB,6,135,0.8572270625,-0.017103576,1.717827612,-0.022857475,9.5,GLED
MB,6,136,0.8572270625,-0.017103576,1.717827612,-0.022857475,9.5,ROBI
MB,6,137,0.8572270625,-0.017103576,1.717827612,-0.022857475,9.5,TILI
MB,6,138,0.8572270625,-0.017103576,1.717827612,-0.022857475,9.5,NYSS
MB,6,139,0.8572270625,-0.017103576,1.717827612,-0.022857475,9.5,CORN
MB,6,140,0.8572270625,-0.017103576,1.717827612,-0.022857475,9.5,ARBU
MB,6,141,0.8572270625,-0.017103576,1.717827612,-0.022857475,9.5,FRAX
MB,6,142,0.8572270625,-0.017103576,1.717827612,-0.022857475,9.5,SALI
MB,6,143,0.8572270625,-0.017103576,1.717827612,-0.022857475,9.5,GYMN
MB,6,144,0.8572270625,-0.017103576,1.717827612,-0.022857475,9.5,CELT
MB,6,145,0.8572270625,-0.017103576,1.717827612,-0.022857475,9.5,AMEL
MB,6,146,0.8572270625,-0.017103576,1.717827612,-0.022857475,9.5,CORY
MB,6,147,0.8572270625,-0.017103576,1.717827612,-0.022857475,9.5,CRAT
MB,6,148,0.8572270625,-0.017103576,1.717827612,-0.022857475,9.5,ILEX
MB,6,149,0.8572270625,-0.017103576,1.717827612,-0.022857475,9.5,MALU
MB,6,150,0.8572270625,-0.017103576,1.717827612,-0.022857475,9.5,NEMO
MB,6,151,0.8572270625,-0.017103576,1.717827612,-0.022857475,9.5,RHUS
MB,6,152,0.8572270625,-0.017103576,1.717827612,-0.022857475,9.5,SORB
MB,6,153,0.8572270625,-0.017103576,1.717827612,-0.022857475,9.5,VIBU
MB,6,154,0.8572270625,-0.017103576,1.717827612,-0.022857475,9.5,CAST
MB,6,155,0.8572270625,-0.017103576,1.717827612,-0.022857475,9.5,ASIM
MB,9,1,0.7970220346,-0.022495592,2.8068126412,-1.0001e-4,7.5,PICE
MB,9,2,0.8630537265,-0.029327644,3.7420736458,-0.065634186,25,PINU
MB,9,3,0.8676967281,-0.02563542,4.9782991449,-0.022615324,28,ABIE
MB,9,6,1.0556350563,-0.013346633,1.1385817163,-0.267268605,27.5,LARI
MB,9,7,1.09999999,-0.054092748,74.99999999,-0.403319163,80,THUJ
MB,9,9,0.879632222,-0.016270746,0.9418165808,-0.042247031,3,POPU
MB,9,10,0.7095459501,-0.102013704,74.99999999,-1.0001e-4,26,BETU
MB,9,11,0.8009816481,-0.032271699,5.7752365505,-1e-8,13,ACER
MB,9,12,0.8572270625,-0.017103576,1.717827612,-0.022857475,9.5,GENH
MB,9,71,1.09999999,-0.054092748,74.99999999,-0.403319163,80,JUNI
MB,9,72,1.09999999,-0.054092748,74.99999999,-0.403319163,80,TAXU
MB,9,73,1.09999999,-0.054092748,74.99999999,-0.403319163,80,CHAM
MB,9,121,0.8572270625,-0.017103576,1.717827612,-0.022857475,9.5,CARY
MB,9,122,0.8572270625,-0.017103576,1.717827612,-0.022857475,9.5,JUGL
MB,9,123,0.8572270625,-0.017103576,1.717827612,-0.022857475,9.5,ALNU
MB,9,124,0.8572270625,-0.017103576,1.717827612,-0.022857475,9.5,OSTR
MB,9,125,0.8572270625,-0.017103576,1.717827612,-0.022857475,9.5,CARP
MB,9,126,0.8572270625,-0.017103576,1.717827612,-0.022857475,9.5,FAGU
MB,9,127,0.8572270625,-0.017103576,1.717827612,-0.022857475,9.5,QUER
MB,9,128,0.8572270625,-0.017103576,1.717827612,-0.022857475,9.5,ULMU
MB,9,129,0.8572270625,-0.017103576,1.717827612,-0.022857475,9.5,MORU
MB,9,130,0.8572270625,-0.017103576,1.717827612,-0.022857475,9.5,LIRI
MB,9,131,0.8572270625,-0.017103576,1.717827612,-0.022857475,9.5,MAGN
MB,9,132,0.8572270625,-0.017103576,1.717827612,-0.022857475,9.5,SASS
MB,9,133,0.8572270625,-0.017103576,1.717827612,-0.022857475,9.5,PLAT
MB,9,134,0.8572270625,-0.017103576,1.717827612,-0.022857475,9.5,PRUN
MB,9,135,0.8572270625,-0.017103576,1.717827612,-0.022857475,9.5,GLED
MB,9,136,0.8572270625,-0.017103576,1.717827612,-0.022857475,9.5,ROBI
MB,9,137,0.8572270625,-0.017103576,1.717827612,-0.022857475,9.5,TILI
MB,9,138,0.8572270625,-0.017103576,1.717827612,-0.022857475,9.5,NYSS
MB,9,139,0.8572270625,-0.017103576,1.717827612,-0.022857475,9.5,CORN
MB,9,140,0.8572270625,-0.017103576,1.717827612,-0.022857475,9.5,ARBU
MB,9,141,0.8572270625,-0.017103576,1.717827612,-0.022857475,9.5,FRAX
MB,9,142,0.8572270625,-0.017103576,1.717827612,-0.022857475,9.5,SALI
MB,9,143,0.8572270625,-0.017103576,1.717827612,-0.022857475,9.5,GYMN
MB,9,144,0.8572270625,-0.017103576,1.717827612,-0.022857475,9.5,CELT
MB,9,145,0.8572270625,-0.017103576,1.717827612,-0.022857475,9.5,AMEL
MB,9,146,0.8572270625,-0.017103576,1.717827612,-0.022857475,9.5,CORY
MB,9,147,0.8572270625,-0.017103576,1.717827612,-0.022857475,9.5,CRAT
MB,9,148,0.8572270625,-0.017103576,1.717827612,-0.022857475,9.5,ILEX
MB,9,149,0.8572270625,-0.017103576,1.717827612,-0.022857475,9.5,MALU
MB,9,150,0.8572270625,-0.017103576,1.717827612,-0.022857475,9.5,NEMO
MB,9,151,0.8572270625,-0.017103576,1.717827612,-0.022857475,9.5,RHUS
MB,9,152,0.8572270625,-0.017103576,1.717827612,-0.022857475,9.5,SORB
MB,9,153,0.8572270625,-0.017103576,1.717827612,-0.022857475,9.5,VIBU
MB,9,154,0.8572270625,-0.017103576,1.717827612,-0.022857475,9.5,CAST
MB,9,155,0.8572270625,-0.017103576,1.717827612,-0.022857475,9.5,ASIM
MB,10,1,0.7970220346,-0.022495592,2.8068126412,-1.0001e-4,7.5,PICE
MB,10,2,0.8630537265,-0.029327644,3.7420736458,-0.065634186,25,PINU
MB,10,3,0.8676967281,-0.02563542,4.9782991449,-0.022615324,28,ABIE
MB,10,6,1.0556350563,-0.013346633,1.1385817163,-0.267268605,27.5,LARI
MB,10,7,1.09999999,-0.054092748,74.99999999,-0.403319163,80,THUJ
MB,10,9,0.879632222,-0.016270746,0.9418165808,-0.042247031,3,POPU
MB,10,10,0.7095459501,-0.102013704,74.99999999,-1.0001e-4,26,BETU
MB,10,11,0.8009816481,-0.032271699,5.7752365505,-1e-8,13,ACER
MB,10,12,0.8572270625,-0.017103576,1.717827612,-0.022857475,9.5,GENH
MB,10,71,1.09999999,-0.054092748,74.99999999,-0.403319163,80,JUNI
MB,10,72,1.09999999,-0.054092748,74.99999999,-0.403319163,80,TAXU
MB,10,73,1.09999999,-0.054092748,74.99999999,-0.403319163,80,CHAM
MB,10,121,0.8572270625,-0.017103576,1.717827612,-0.022857475,9.5,CARY
MB,10,122,0.8572270625,-0.017103576,1.717827612,-0.022857475,9.5,JUGL
MB,10,123,0.8572270625,-0.017103576,1.717827612,-0.022857475,9.5,ALNU
MB,10,124,0.8572270625,-0.017103576,1.717827612,-0.022857475,9.5,OSTR
MB,10,125,0.8572270625,-0.017103576,1.717827612,-0.022857475,9.5,CARP
MB,10,126,0.8572270625,-0.017103576,1.717827612,-0.022857475,9.5,FAGU
MB,10,127,0.8572270625,-0.017103576,1.717827612,-0.022857475,9.5,QUER
MB,10,128,0.8572270625,-0.017103576,1.717827612,-0.022857475,9.5,ULMU
MB,10,129,0.8572270625,-0.017103576,1.717827612,-0.022857475,9.5,MORU
MB,10,130,0.8572270625,-0.017103576,1.717827612,-0.022857475,9.5,LIRI
MB,10,131,0.8572270625,-0.017103576,1.717827612,-0.022857475,9.5,MAGN
MB,10,132,0.8572270625,-0.017103576,1.717827612,-0.022857475,9.5,SASS
MB,10,133,0.8572270625,-0.017103576,1.717827612,-0.022857475,9.5,PLAT
MB,10,134,0.8572270625,-0.017103576,1.717827612,-0.022857475,9.5,PRUN
MB,10,135,0.8572270625,-0.017103576,1.717827612,-0.022857475,9.5,GLED
MB,10,136,0.8572270625,-0.017103576,1.717827612,-0.022857475,9.5,ROBI
MB,10,137,0.8572270625,-0.017103576,1.717827612,-0.022857475,9.5,TILI
MB,10,138,0.8572270625,-0.017103576,1.717827612,-0.022857475,9.5,NYSS
MB,10,139,0.8572270625,-0.017103576,1.717827612,-0.022857475,9.5,CORN
MB,10,140,0.8572270625,-0.017103576,1.717827612,-0.022857475,9.5,ARBU
MB,10,141,0.8572270625,-0.017103576,1.717827612,-0.022857475,9.5,FRAX
MB,10,142,0.8572270625,-0.017103576,1.717827612,-0.022857475,9.5,SALI
MB,10,143,0.8572270625,-0.017103576,1.717827612,-0.022857475,9.5,GYMN
MB,10,144,0.8572270625,-0.017103576,1.717827612,-0.022857475,9.5,CELT
MB,10,145,0.8572270625,-0.017103576,1.717827612,-0.022857475,9.5,AMEL
MB,10,146,0.8572270625,-0.017103576,1.717827612,-0.022857475,9.5,CORY
MB,10,147,0.8572270625,-0.017103576,1.717827612,-0.022857475,9.5,CRAT
MB,10,148,0.8572270625,-0.017103576,1.717827612,-0.022857475,9.5,ILEX
MB,10,149,0.8572270625,-0.017103576,1.717827612,-0.022857475,9.5,MALU
MB,10,150,0.8572270625,-0.017103576,1.717827612,-0.022857475,9.5,NEMO
MB,10,151,0.8572270625,-0.017103576,1.717827612,-0.022857475,9.5,RHUS
MB,10,152,0.8572270625,-0.017103576,1.717827612,-0.022857475,9.5,SORB
MB,10,153,0.8572270625,-0.017103576,1.717827612,-0.022857475,9.5,VIBU
MB,10,154,0.8572270625,-0.017103576,1.717827612,-0.022857475,9.5,CAST
MB,10,155,0.8572270625,-0.017103576,1.717827612,-0.022857475,9.5,ASIM
MB,15,1,0.8684221036,-0.021035838,3.5988626446,-0.010042587,20,PICE
MB,15,2,0.9383320028,-0.027168467,8.6766479965,-1.0001e-4,26.5,PINU
MB,15,3,0.8676967281,-0.02563542,4.9782991449,-0.022615324,28,ABIE
MB,15,6,0.730776434,-0.029042977,9.6398095675,-1.0001e-4,29,LARI
MB,15,7,1.09999999,-0.054092748,74.99999999,-0.403319163,80,THUJ
MB,15,9,1.09999999,-0.008898638,1.9514321513,-1.0001e-4,8,POPU
MB,15,10,0.7095459501,-0.102013704,74.99999999,-1.0001e-4,26,BETU
MB,15,11,0.8009816481,-0.032271699,5.7752365505,-1e-8,13,ACER
MB,15,12,0.8572270625,-0.017103576,1.717827612,-0.022857475,9.5,GENH
MB,15,71,1.09999999,-0.054092748,74.99999999,-0.403319163,80,JUNI
MB,15,72,1.09999999,-0.054092748,74.99999999,-0.403319163,80,TAXU
MB,15,73,1.09999999,-0.054092748,74.99999999,-0.403319163,80,CHAM
MB,15,121,0.8572270625,-0.017103576,1.717827612,-0.022857475,9.5,CARY
MB,15,122,0.8572270625,-0.017103576,1.717827612,-0.022857475,9.5,JUGL
MB,15,123,0.8572270625,-0.017103576,1.717827612,-0.022857475,9.5,ALNU
MB,15,124,0.8572270625,-0.017103576,1.717827612,-0.022857475,9.5,OSTR
MB,15,125,0.8572270625,-0.017103576,1.717827612,-0.022857475,9.5,CARP
MB,15,126,0.8572270625,-0.017103576,1.717827612,-0.022857475,9.5,FAGU
MB,15,127,0.8572270625,-0.017103576,1.717827612,-0.022857475,9.5,QUER
MB,15,128,0.8572270625,-0.017103576,1.717827612,-0.022857475,9.5,ULMU
MB,15,129,0.8572270625,-0.017103576,1.717827612,-0.022857475,9.5,MORU
MB,15,130,0.8572270625,-0.017103576,1.717827612,-0.022857475,9.5,LIRI
MB,15,131,0.8572270625,-0.017103576,1.717827612,-0.022857475,9.5,MAGN
MB,15,132,0.8572270625,-0.017103576,1.717827612,-0.022857475,9.5,SASS
MB,15,133,0.8572270625,-0.017103576,1.717827612,-0.022857475,9.5,PLAT
MB,15,134,0.8572270625,-0.017103576,1.717827612,-0.022857475,9.5,PRUN
MB,15,135,0.8572270625,-0.017103576,1.717827612,-0.022857475,9.5,GLED
MB,15,136,0.8572270625,-0.017103576,1.717827612,-0.022857475,9.5,ROBI
MB,15,137,0.8572270625,-0.017103576,1.717827612,-0.022857475,9.5,TILI
MB,15,138,0.8572270625,-0.017103576,1.717827612,-0.022857475,9.5,NYSS
MB,15,139,0.8572270625,-0.017103576,1.717827612,-0.022857475,9.5,CORN
MB,15,140,0.8572270625,-0.017103576,1.717827612,-0.022857475,9.5,ARBU
MB,15,141,0.8572270625,-0.017103576,1.717827612,-0.022857475,9.5,FRAX
MB,15,142,0.8572270625,-0.017103576,1.717827612,-0.022857475,9.5,SALI
MB,15,143,0.8572270625,-0.017103576,1.717827612,-0.022857475,9.5,GYMN
MB,15,144,0.8572270625,-0.017103576,1.717827612,-0.022857475,9.5,CELT
MB,15,145,0.8572270625,-0.017103576,1.717827612,-0.022857475,9.5,AMEL
MB,15,146,0.8572270625,-0.017103576,1.717827612,-0.022857475,9.5,CORY
MB,15,147,0.8572270625,-0.017103576,1.717827612,-0.022857475,9.5,CRAT
MB,15,148,0.8572270625,-0.017103576,1.717827612,-0.022857475,9.5,ILEX
MB,15,149,0.8572270625,-0.017103576,1.717827612,-0.022857475,9.5,MALU
MB,15,150,0.8572270625,-0.017103576,1.717827612,-0.022857475,9.5,NEMO
MB,15,151,0.8572270625,-0.017103576,1.717827612,-0.022857475,9.5,RHUS
MB,15,152,0.8572270625,-0.017103576,1.717827612,-0.022857475,9.5,SORB
MB,15,153,0.8572270625,-0.017103576,1.717827612,-0.022857475,9.5,VIBU
MB,15,154,0.8572270625,-0.017103576,1.717827612,-0.022857475,9.5,CAST
MB,15,155,0.8572270625,-0.017103576,1.717827612,-0.022857475,9.5,ASIM
NB,7,1,0.9594678345,-0.019513696,5.2269892921,-0.00100001,24.85,PICE
NB,7,2,0.9353438241,-0.023302942,2.7914469785,-0.022758832,15.2,PINU
NB,7,3,0.9614897426,-0.022711183,11.850318948,-0.00100001,46.45,ABIE
NB,7,4,1.0338041628,-0.012651366,0.7861984223,-0.12272132,6.05,TSUG
NB,7,6,2.2859517251,-0.031049308,5.795101011,-1.387736227,80.8,LARI
NB,7,7,0.9045573587,-0.02641789,6.2914729227,-0.00100001,22.95,THUJ
NB,7,8,0.9045573587,-0.02641789,6.2914729227,-0.00100001,22.95,GENC
NB,7,9,0.89733232,-0.030970449,12.376691474,-0.001431922,36.3,POPU
NB,7,10,0.9198600898,-0.041101919,89.521851543,-0.00100001,70.55,BETU
NB,7,11,0.8896630104,-0.054387067,80.506500824,-0.00100001,51.55,ACER
NB,7,12,0.8542669492,-0.058062777,32.92792869,-0.001526921,34.35,GENH
NB,7,71,0.9045573587,-0.02641789,6.2914729227,-0.00100001,22.95,JUNI
NB,7,72,0.9045573587,-0.02641789,6.2914729227,-0.00100001,22.95,TAXU
NB,7,73,0.9045573587,-0.02641789,6.2914729227,-0.00100001,22.95,CHAM
NB,7,121,0.8542669492,-0.058062777,32.92792869,-0.001526921,34.35,CARY
NB,7,122,0.8542669492,-0.058062777,32.92792869,-0.001526921,34.35,JUGL
NB,7,123,0.8542669492,-0.058062777,32.92792869,-0.001526921,34.35,ALNU
NB,7,124,0.8542669492,-0.058062777,32.92792869,-0.001526921,34.35,OSTR
NB,7,125,0.8542669492,-0.058062777,32.92792869,-0.001526921,34.35,CARP
NB,7,126,0.8542669492,-0.058062777,32.92792869,-0.001526921,34.35,FAGU
NB,7,127,0.8542669492,-0.058062777,32.92792869,-0.001526921,34.35,QUER
NB,7,128,0.8542669492,-0.058062777,32.92792869,-0.001526921,34.35,ULMU
NB,7,129,0.8542669492,-0.058062777,32.92792869,-0.001526921,34.35,MORU
NB,7,130,0.8542669492,-0.058062777,32.92792869,-0.001526921,34.35,LIRI
NB,7,131,0.8542669492,-0.058062777,32.92792869,-0.001526921,34.35,MAGN
NB,7,132,0.8542669492,-0.058062777,32.92792869,-0.001526921,34.35,SASS
NB,7,133,0.8542669492,-0.058062777,32.92792869,-0.001526921,34.35,PLAT
NB,7,134,0.8542669492,-0.058062777,32.92792869,-0.001526921,34.35,PRUN
NB,7,135,0.8542669492,-0.058062777,32.92792869,-0.001526921,34.35,GLED
NB,7,136,0.8542669492,-0.058062777,32.92792869,-0.001526921,34.35,ROBI
NB,7,137,0.8542669492,-0.058062777,32.92792869,-0.001526921,34.35,TILI
NB,7,138,0.8542669492,-0.058062777,32.92792869,-0.001526921,34.35,NYSS
NB,7,139,0.8542669492,-0.058062777,32.92792869,-0.001526921,34.35,CORN
NB,7,140,0.8542669492,-0.058062777,32.92792869,-0.001526921,34.35,ARBU
NB,7,141,0.8542669492,-0.058062777,32.92792869,-0.001526921,34.35,FRAX
NB,7,142,0.8542669492,-0.058062777,32.92792869,-0.001526921,34.35,SALI
NB,7,143,0.8542669492,-0.058062777,32.92792869,-0.001526921,34.35,GYMN
NB,7,144,0.8542669492,-0.058062777,32.92792869,-0.001526921,34.35,CELT
NB,7,145,0.8542669492,-0.058062777,32.92792869,-0.001526921,34.35,AMEL
NB,7,146,0.8542669492,-0.058062777,32.92792869,-0.001526921,34.35,CORY
NB,7,147,0.8542669492,-0.058062777,32.92792869,-0.001526921,34.35,CRAT
NB,7,148,0.8542669492,-0.058062777,32.92792869,-0.001526921,34.35,ILEX
NB,7,149,0.8542669492,-0.058062777,32.92792869,-0.001526921,34.35,MALU
NB,7,150,0.8542669492,-0.058062777,32.92792869,-0.001526921,34.35,NEMO
NB,7,151,0.8542669492,-0.058062777,32.92792869,-0.001526921,34.35,RHUS
NB,7,152,0.8542669492,-0.058062777,32.92792869,-0.001526921,34.35,SORB
NB,7,153,0.8542669492,-0.058062777,32.92792869,-0.001526921,34.35,VIBU
NB,7,154,0.8542669492,-0.058062777,32.92792869,-0.001526921,34.35,CAST
NB,7,155,0.8542669492,-0.058062777,32.92792869,-0.001526921,34.35,ASIM
NL,1,1,0.8687409255,-0.024240329,1.0616740797,-0.072813812,5,PICE
NL,1,2,0.9127327731,-0.017859017,1.6848740978,-0.00100001,3.5,PINU
NL,1,3,0.935964422,-0.014757331,1.4918282783,-0.050339263,12,ABIE
NL,1,4,1.5421994155,-0.012611689,0.5104521601,-0.617908483,15,TSUG
NL,1,6,0.8818864587,-0.014896321,1.450516939,-0.00100001,3,LARI
NL,1,7,0.925307404,-0.013757791,0.8179576936,-0.017228059,1,THUJ
NL,1,9,0.9367664464,-0.014486927,1.5114493263,-0.00100001,3,POPU
NL,1,10,1.0864577362,-0.011878174,0.76834317,-0.13742605,6.5,BETU
NL,1,11,0.9148694251,-0.014318118,0.8196533989,-0.00100001,NA,ACER
NL,1,12,0.9148014695,-0.018901304,2.7306686686,-0.00100001,10,GENH
NL,1,71,0.925307404,-0.013757791,0.8179576936,-0.017228059,1,JUNI
NL,1,72,0.925307404,-0.013757791,0.8179576936,-0.017228059,1,TAXU
NL,1,73,0.925307404,-0.013757791,0.8179576936,-0.017228059,1,CHAM
NL,1,121,0.9148014695,-0.018901304,2.7306686686,-0.00100001,10,CARY
NL,1,122,0.9148014695,-0.018901304,2.7306686686,-0.00100001,10,JUGL
NL,1,123,0.9148014695,-0.018901304,2.7306686686,-0.00100001,10,ALNU
NL,1,124,0.9148014695,-0.018901304,2.7306686686,-0.00100001,10,OSTR
NL,1,125,0.9148014695,-0.018901304,2.7306686686,-0.00100001,10,CARP
NL,1,126,0.9148014695,-0.018901304,2.7306686686,-0.00100001,10,FAGU
NL,1,127,0.9148014695,-0.018901304,2.7306686686,-0.00100001,10,QUER
NL,1,128,0.9148014695,-0.018901304,2.7306686686,-0.00100001,10,ULMU
NL,1,129,0.9148014695,-0.018901304,2.7306686686,-0.00100001,10,MORU
NL,1,130,0.9148014695,-0.018901304,2.7306686686,-0.00100001,10,LIRI
NL,1,131,0.9148014695,-0.018901304,2.7306686686,-0.00100001,10,MAGN
NL,1,132,0.9148014695,-0.018901304,2.7306686686,-0.00100001,10,SASS
NL,1,133,0.9148014695,-0.018901304,2.7306686686,-0.00100001,10,PLAT
NL,1,134,0.9148014695,-0.018901304,2.7306686686,-0.00100001,10,PRUN
NL,1,135,0.9148014695,-0.018901304,2.7306686686,-0.00100001,10,GLED
NL,1,136,0.9148014695,-0.018901304,2.7306686686,-0.00100001,10,ROBI
NL,1,137,0.9148014695,-0.018901304,2.7306686686,-0.00100001,10,TILI
NL,1,138,0.9148014695,-0.018901304,2.7306686686,-0.00100001,10,NYSS
NL,1,139,0.9148014695,-0.018901304,2.7306686686,-0.00100001,10,CORN
NL,1,140,0.9148014695,-0.018901304,2.7306686686,-0.00100001,10,ARBU
NL,1,141,0.9148014695,-0.018901304,2.7306686686,-0.00100001,10,FRAX
NL,1,142,0.9148014695,-0.018901304,2.7306686686,-0.00100001,10,SALI
NL,1,143,0.9148014695,-0.018901304,2.7306686686,-0.00100001,10,GYMN
NL,1,144,0.9148014695,-0.018901304,2.7306686686,-0.00100001,10,CELT
NL,1,145,0.9148014695,-0.018901304,2.7306686686,-0.00100001,10,AMEL
NL,1,146,0.9148014695,-0.018901304,2.7306686686,-0.00100001,10,CORY
NL,1,147,0.9148014695,-0.018901304,2.7306686686,-0.00100001,10,CRAT
NL,1,148,0.9148014695,-0.018901304,2.7306686686,-0.00100001,10,ILEX
NL,1,149,0.9148014695,-0.018901304,2.7306686686,-0.00100001,10,MALU
NL,1,150,0.9148014695,-0.018901304,2.7306686686,-0.00100001,10,NEMO
NL,1,151,0.9148014695,-0.018901304,2.7306686686,-0.00100001,10,RHUS
NL,1,152,0.9148014695,-0.018901304,2.7306686686,-0.00100001,10,SORB
NL,1,153,0.9148014695,-0.018901304,2.7306686686,-0.00100001,10,VIBU
NL,1,154,0.9148014695,-0.018901304,2.7306686686,-0.00100001,10,CAST
NL,1,155,0.9148014695,-0.018901304,2.7306686686,-0.00100001,10,ASIM
NL,2,1,0.8687409255,-0.024240329,1.0616740797,-0.072813812,5,PICE
NL,2,2,0.9127327731,-0.017859017,1.6848740978,-0.00100001,3.5,PINU
NL,2,3,0.935964422,-0.014757331,1.4918282783,-0.050339263,12,ABIE
NL,2,4,1.5421994155,-0.012611689,0.5104521601,-0.617908483,15,TSUG
NL,2,6,0.8818864587,-0.014896321,1.450516939,-0.00100001,3,LARI
NL,2,7,0.925307404,-0.013757791,0.8179576936,-0.017228059,1,THUJ
NL,2,9,0.9367664464,-0.014486927,1.5114493263,-0.00100001,3,POPU
NL,2,10,1.0864577362,-0.011878174,0.76834317,-0.13742605,6.5,BETU
NL,2,11,0.9148694251,-0.014318118,0.8196533989,-0.00100001,NA,ACER
NL,2,12,0.9148014695,-0.018901304,2.7306686686,-0.00100001,10,GENH
NL,2,71,0.925307404,-0.013757791,0.8179576936,-0.017228059,1,JUNI
NL,2,72,0.925307404,-0.013757791,0.8179576936,-0.017228059,1,TAXU
NL,2,73,0.925307404,-0.013757791,0.8179576936,-0.017228059,1,CHAM
NL,2,121,0.9148014695,-0.018901304,2.7306686686,-0.00100001,10,CARY
NL,2,122,0.9148014695,-0.018901304,2.7306686686,-0.00100001,10,JUGL
NL,2,123,0.9148014695,-0.018901304,2.7306686686,-0.00100001,10,ALNU
NL,2,124,0.9148014695,-0.018901304,2.7306686686,-0.00100001,10,OSTR
NL,2,125,0.9148014695,-0.018901304,2.7306686686,-0.00100001,10,CARP
NL,2,126,0.9148014695,-0.018901304,2.7306686686,-0.00100001,10,FAGU
NL,2,127,0.9148014695,-0.018901304,2.7306686686,-0.00100001,10,QUER
NL,2,128,0.9148014695,-0.018901304,2.7306686686,-0.00100001,10,ULMU
NL,2,129,0.9148014695,-0.018901304,2.7306686686,-0.00100001,10,MORU
NL,2,130,0.9148014695,-0.018901304,2.7306686686,-0.00100001,10,LIRI
NL,2,131,0.9148014695,-0.018901304,2.7306686686,-0.00100001,10,MAGN
NL,2,132,0.9148014695,-0.018901304,2.7306686686,-0.00100001,10,SASS
NL,2,133,0.9148014695,-0.018901304,2.7306686686,-0.00100001,10,PLAT
NL,2,134,0.9148014695,-0.018901304,2.7306686686,-0.00100001,10,PRUN
NL,2,135,0.9148014695,-0.018901304,2.7306686686,-0.00100001,10,GLED
NL,2,136,0.9148014695,-0.018901304,2.7306686686,-0.00100001,10,ROBI
NL,2,137,0.9148014695,-0.018901304,2.7306686686,-0.00100001,10,TILI
NL,2,138,0.9148014695,-0.018901304,2.7306686686,-0.00100001,10,NYSS
NL,2,139,0.9148014695,-0.018901304,2.7306686686,-0.00100001,10,CORN
NL,2,140,0.9148014695,-0.018901304,2.7306686686,-0.00100001,10,ARBU
NL,2,141,0.9148014695,-0.018901304,2.7306686686,-0.00100001,10,FRAX
NL,2,142,0.9148014695,-0.018901304,2.7306686686,-0.00100001,10,SALI
NL,2,143,0.9148014695,-0.018901304,2.7306686686,-0.00100001,10,GYMN
NL,2,144,0.9148014695,-0.018901304,2.7306686686,-0.00100001,10,CELT
NL,2,145,0.9148014695,-0.018901304,2.7306686686,-0.00100001,10,AMEL
NL,2,146,0.9148014695,-0.018901304,2.7306686686,-0.00100001,10,CORY
NL,2,147,0.9148014695,-0.018901304,2.7306686686,-0.00100001,10,CRAT
NL,2,148,0.9148014695,-0.018901304,2.7306686686,-0.00100001,10,ILEX
NL,2,149,0.9148014695,-0.018901304,2.7306686686,-0.00100001,10,MALU
NL,2,150,0.9148014695,-0.018901304,2.7306686686,-0.00100001,10,NEMO
NL,2,151,0.9148014695,-0.018901304,2.7306686686,-0.00100001,10,RHUS
NL,2,152,0.9148014695,-0.018901304,2.7306686686,-0.00100001,10,SORB
NL,2,153,0.9148014695,-0.018901304,2.7306686686,-0.00100001,10,VIBU
NL,2,154,0.9148014695,-0.018901304,2.7306686686,-0.00100001,10,CAST
NL,2,155,0.9148014695,-0.018901304,2.7306686686,-0.00100001,10,ASIM
NL,3,1,0.8687409255,-0.024240329,1.0616740797,-0.072813812,5,PICE
NL,3,2,0.9127327731,-0.017859017,1.6848740978,-0.00100001,3.5,PINU
NL,3,3,0.935964422,-0.014757331,1.4918282783,-0.050339263,12,ABIE
NL,3,4,1.5421994155,-0.012611689,0.5104521601,-0.617908483,15,TSUG
NL,3,6,0.8818864587,-0.014896321,1.450516939,-0.00100001,3,LARI
NL,3,7,0.925307404,-0.013757791,0.8179576936,-0.017228059,1,THUJ
NL,3,9,0.9367664464,-0.014486927,1.5114493263,-0.00100001,3,POPU
NL,3,10,1.0864577362,-0.011878174,0.76834317,-0.13742605,6.5,BETU
NL,3,11,0.9148694251,-0.014318118,0.8196533989,-0.00100001,NA,ACER
NL,3,12,0.9148014695,-0.018901304,2.7306686686,-0.00100001,10,GENH
NL,3,71,0.925307404,-0.013757791,0.8179576936,-0.017228059,1,JUNI
NL,3,72,0.925307404,-0.013757791,0.8179576936,-0.017228059,1,TAXU
NL,3,73,0.925307404,-0.013757791,0.8179576936,-0.017228059,1,CHAM
NL,3,121,0.9148014695,-0.018901304,2.7306686686,-0.00100001,10,CARY
NL,3,122,0.9148014695,-0.018901304,2.7306686686,-0.00100001,10,JUGL
NL,3,123,0.9148014695,-0.018901304,2.7306686686,-0.00100001,10,ALNU
NL,3,124,0.9148014695,-0.018901304,2.7306686686,-0.00100001,10,OSTR
NL,3,125,0.9148014695,-0.018901304,2.7306686686,-0.00100001,10,CARP
NL,3,126,0.9148014695,-0.018901304,2.7306686686,-0.00100001,10,FAGU
NL,3,127,0.9148014695,-0.018901304,2.7306686686,-0.00100001,10,QUER
NL,3,128,0.9148014695,-0.018901304,2.7306686686,-0.00100001,10,ULMU
NL,3,129,0.9148014695,-0.018901304,2.7306686686,-0.00100001,10,MORU
NL,3,130,0.9148014695,-0.018901304,2.7306686686,-0.00100001,10,LIRI
NL,3,131,0.9148014695,-0.018901304,2.7306686686,-0.00100001,10,MAGN
NL,3,132,0.9148014695,-0.018901304,2.7306686686,-0.00100001,10,SASS
NL,3,133,0.9148014695,-0.018901304,2.7306686686,-0.00100001,10,PLAT
NL,3,134,0.9148014695,-0.018901304,2.7306686686,-0.00100001,10,PRUN
NL,3,135,0.9148014695,-0.018901304,2.7306686686,-0.00100001,10,GLED
NL,3,136,0.9148014695,-0.018901304,2.7306686686,-0.00100001,10,ROBI
NL,3,137,0.9148014695,-0.018901304,2.7306686686,-0.00100001,10,TILI
NL,3,138,0.9148014695,-0.018901304,2.7306686686,-0.00100001,10,NYSS
NL,3,139,0.9148014695,-0.018901304,2.7306686686,-0.00100001,10,CORN
NL,3,140,0.9148014695,-0.018901304,2.7306686686,-0.00100001,10,ARBU
NL,3,141,0.9148014695,-0.018901304,2.7306686686,-0.00100001,10,FRAX
NL,3,142,0.9148014695,-0.018901304,2.7306686686,-0.00100001,10,SALI
NL,3,143,0.9148014695,-0.018901304,2.7306686686,-0.00100001,10,GYMN
NL,3,144,0.9148014695,-0.018901304,2.7306686686,-0.00100001,10,CELT
NL,3,145,0.9148014695,-0.018901304,2.7306686686,-0.00100001,10,AMEL
NL,3,146,0.9148014695,-0.018901304,2.7306686686,-0.00100001,10,CORY
NL,3,147,0.9148014695,-0.018901304,2.7306686686,-0.00100001,10,CRAT
NL,3,148,0.9148014695,-0.018901304,2.7306686686,-0.00100001,10,ILEX
NL,3,149,0.9148014695,-0.018901304,2.7306686686,-0.00100001,10,MALU
NL,3,150,0.9148014695,-0.018901304,2.7306686686,-0.00100001,10,NEMO
NL,3,151,0.9148014695,-0.018901304,2.7306686686,-0.00100001,10,RHUS
NL,3,152,0.9148014695,-0.018901304,2.7306686686,-0.00100001,10,SORB
NL,3,153,0.9148014695,-0.018901304,2.7306686686,-0.00100001,10,VIBU
NL,3,154,0.9148014695,-0.018901304,2.7306686686,-0.00100001,10,CAST
NL,3,155,0.9148014695,-0.018901304,2.7306686686,-0.00100001,10,ASIM
NL,5,1,1.19999999,-0.022620735,0.5808865151,-0.315794567,4.95,PICE
NL,5,2,0.9127327731,-0.017859017,1.6848740978,-0.00100001,3.65,PINU
NL,5,3,0.8548663596,-0.073744684,5.0311862962,-0.00100001,6.5,ABIE
NL,5,4,1.5421994155,-0.012611689,0.5104521601,-0.617908483,14.95,TSUG
NL,5,6,0.8818864587,-0.014896321,1.450516939,-0.00100001,3,LARI
NL,5,7,0.925307404,-0.013757791,0.8179576936,-0.017228059,1,THUJ
NL,5,8,1.19999999,-0.022620735,0.5808865151,-0.315794567,4.95,GENC
NL,5,9,0.9367664464,-0.014486927,1.5114493263,-0.00100001,3.3,POPU
NL,5,10,1.0864577362,-0.011878174,0.76834317,-0.13742605,6.55,BETU
NL,5,11,0.9148694251,-0.014318118,0.8196533989,-0.00100001,0.4,ACER
NL,5,12,0.9148014695,-0.018901304,2.7306686686,-0.00100001,9.9,GENH
NL,5,71,0.925307404,-0.013757791,0.8179576936,-0.017228059,1,JUNI
NL,5,72,0.925307404,-0.013757791,0.8179576936,-0.017228059,1,TAXU
NL,5,73,0.925307404,-0.013757791,0.8179576936,-0.017228059,1,CHAM
NL,5,121,0.9148014695,-0.018901304,2.7306686686,-0.00100001,9.9,CARY
NL,5,122,0.9148014695,-0.018901304,2.7306686686,-0.00100001,9.9,JUGL
NL,5,123,0.9148014695,-0.018901304,2.7306686686,-0.00100001,9.9,ALNU
NL,5,124,0.9148014695,-0.018901304,2.7306686686,-0.00100001,9.9,OSTR
NL,5,125,0.9148014695,-0.018901304,2.7306686686,-0.00100001,9.9,CARP
NL,5,126,0.9148014695,-0.018901304,2.7306686686,-0.00100001,9.9,FAGU
NL,5,127,0.9148014695,-0.018901304,2.7306686686,-0.00100001,9.9,QUER
NL,5,128,0.9148014695,-0.018901304,2.7306686686,-0.00100001,9.9,ULMU
NL,5,129,0.9148014695,-0.018901304,2.7306686686,-0.00100001,9.9,MORU
NL,5,130,0.9148014695,-0.018901304,2.7306686686,-0.00100001,9.9,LIRI
NL,5,131,0.9148014695,-0.018901304,2.7306686686,-0.00100001,9.9,MAGN
NL,5,132,0.9148014695,-0.018901304,2.7306686686,-0.00100001,9.9,SASS
NL,5,133,0.9148014695,-0.018901304,2.7306686686,-0.00100001,9.9,PLAT
NL,5,134,0.9148014695,-0.018901304,2.7306686686,-0.00100001,9.9,PRUN
NL,5,135,0.9148014695,-0.018901304,2.7306686686,-0.00100001,9.9,GLED
NL,5,136,0.9148014695,-0.018901304,2.7306686686,-0.00100001,9.9,ROBI
NL,5,137,0.9148014695,-0.018901304,2.7306686686,-0.00100001,9.9,TILI
NL,5,138,0.9148014695,-0.018901304,2.7306686686,-0.00100001,9.9,NYSS
NL,5,139,0.9148014695,-0.018901304,2.7306686686,-0.00100001,9.9,CORN
NL,5,140,0.9148014695,-0.018901304,2.7306686686,-0.00100001,9.9,ARBU
NL,5,141,0.9148014695,-0.018901304,2.7306686686,-0.00100001,9.9,FRAX
NL,5,142,0.9148014695,-0.018901304,2.7306686686,-0.00100001,9.9,SALI
NL,5,143,0.9148014695,-0.018901304,2.7306686686,-0.00100001,9.9,GYMN
NL,5,144,0.9148014695,-0.018901304,2.7306686686,-0.00100001,9.9,CELT
NL,5,145,0.9148014695,-0.018901304,2.7306686686,-0.00100001,9.9,AMEL
NL,5,146,0.9148014695,-0.018901304,2.7306686686,-0.00100001,9.9,CORY
NL,5,147,0.9148014695,-0.018901304,2.7306686686,-0.00100001,9.9,CRAT
NL,5,148,0.9148014695,-0.018901304,2.7306686686,-0.00100001,9.9,ILEX
NL,5,149,0.9148014695,-0.018901304,2.7306686686,-0.00100001,9.9,MALU
NL,5,150,0.9148014695,-0.018901304,2.7306686686,-0.00100001,9.9,NEMO
NL,5,151,0.9148014695,-0.018901304,2.7306686686,-0.00100001,9.9,RHUS
NL,5,152,0.9148014695,-0.018901304,2.7306686686,-0.00100001,9.9,SORB
NL,5,153,0.9148014695,-0.018901304,2.7306686686,-0.00100001,9.9,VIBU
NL,5,154,0.9148014695,-0.018901304,2.7306686686,-0.00100001,9.9,CAST
NL,5,155,0.9148014695,-0.018901304,2.7306686686,-0.00100001,9.9,ASIM
NL,6,1,0.9370365831,-0.019308008,1.5797626887,-0.00100001,2.8,PICE
NL,6,2,0.9127327731,-0.017859017,1.6848740978,-0.00100001,3.65,PINU
NL,6,3,1.056128317,-0.007964358,0.7671576392,-0.060450592,3.75,ABIE
NL,6,4,1.5421994155,-0.012611689,0.5104521601,-0.617908483,14.95,TSUG
NL,6,6,0.8818864587,-0.014896321,1.450516939,-0.00100001,3,LARI
NL,6,7,0.925307404,-0.013757791,0.8179576936,-0.017228059,1,THUJ
NL,6,8,0.9370365831,-0.019308008,1.5797626887,-0.00100001,2.8,GENC
NL,6,9,0.9367664464,-0.014486927,1.5114493263,-0.00100001,3.3,POPU
NL,6,10,1.0864577362,-0.011878174,0.76834317,-0.13742605,6.55,BETU
NL,6,11,0.9148694251,-0.014318118,0.8196533989,-0.00100001,0.4,ACER
NL,6,12,0.9148014695,-0.018901304,2.7306686686,-0.00100001,9.9,GENH
NL,6,71,0.925307404,-0.013757791,0.8179576936,-0.017228059,1,JUNI
NL,6,72,0.925307404,-0.013757791,0.8179576936,-0.017228059,1,TAXU
NL,6,73,0.925307404,-0.013757791,0.8179576936,-0.017228059,1,CHAM
NL,6,121,0.9148014695,-0.018901304,2.7306686686,-0.00100001,9.9,CARY
NL,6,122,0.9148014695,-0.018901304,2.7306686686,-0.00100001,9.9,JUGL
NL,6,123,0.9148014695,-0.018901304,2.7306686686,-0.00100001,9.9,ALNU
NL,6,124,0.9148014695,-0.018901304,2.7306686686,-0.00100001,9.9,OSTR
NL,6,125,0.9148014695,-0.018901304,2.7306686686,-0.00100001,9.9,CARP
NL,6,126,0.9148014695,-0.018901304,2.7306686686,-0.00100001,9.9,FAGU
NL,6,127,0.9148014695,-0.018901304,2.7306686686,-0.00100001,9.9,QUER
NL,6,128,0.9148014695,-0.018901304,2.7306686686,-0.00100001,9.9,ULMU
NL,6,129,0.9148014695,-0.018901304,2.7306686686,-0.00100001,9.9,MORU
NL,6,130,0.9148014695,-0.018901304,2.7306686686,-0.00100001,9.9,LIRI
NL,6,131,0.9148014695,-0.018901304,2.7306686686,-0.00100001,9.9,MAGN
NL,6,132,0.9148014695,-0.018901304,2.7306686686,-0.00100001,9.9,SASS
NL,6,133,0.9148014695,-0.018901304,2.7306686686,-0.00100001,9.9,PLAT
NL,6,134,0.9148014695,-0.018901304,2.7306686686,-0.00100001,9.9,PRUN
NL,6,135,0.9148014695,-0.018901304,2.7306686686,-0.00100001,9.9,GLED
NL,6,136,0.9148014695,-0.018901304,2.7306686686,-0.00100001,9.9,ROBI
NL,6,137,0.9148014695,-0.018901304,2.7306686686,-0.00100001,9.9,TILI
NL,6,138,0.9148014695,-0.018901304,2.7306686686,-0.00100001,9.9,NYSS
NL,6,139,0.9148014695,-0.018901304,2.7306686686,-0.00100001,9.9,CORN
NL,6,140,0.9148014695,-0.018901304,2.7306686686,-0.00100001,9.9,ARBU
NL,6,141,0.9148014695,-0.018901304,2.7306686686,-0.00100001,9.9,FRAX
NL,6,142,0.9148014695,-0.018901304,2.7306686686,-0.00100001,9.9,SALI
NL,6,143,0.9148014695,-0.018901304,2.7306686686,-0.00100001,9.9,GYMN
NL,6,144,0.9148014695,-0.018901304,2.7306686686,-0.00100001,9.9,CELT
NL,6,145,0.9148014695,-0.018901304,2.7306686686,-0.00100001,9.9,AMEL
NL,6,146,0.9148014695,-0.018901304,2.7306686686,-0.00100001,9.9,CORY
NL,6,147,0.9148014695,-0.018901304,2.7306686686,-0.00100001,9.9,CRAT
NL,6,148,0.9148014695,-0.018901304,2.7306686686,-0.00100001,9.9,ILEX
NL,6,149,0.9148014695,-0.018901304,2.7306686686,-0.00100001,9.9,MALU
NL,6,150,0.9148014695,-0.018901304,2.7306686686,-0.00100001,9.9,NEMO
NL,6,151,0.9148014695,-0.018901304,2.7306686686,-0.00100001,9.9,RHUS
NL,6,152,0.9148014695,-0.018901304,2.7306686686,-0.00100001,9.9,SORB
NL,6,153,0.9148014695,-0.018901304,2.7306686686,-0.00100001,9.9,VIBU
NL,6,154,0.9148014695,-0.018901304,2.7306686686,-0.00100001,9.9,CAST
NL,6,155,0.9148014695,-0.018901304,2.7306686686,-0.00100001,9.9,ASIM
NS,7,1,0.8463364982,-0.028626434,2.1213480257,-0.00100001,4.1,PICE
NS,7,2,0.8417809183,-0.02409053,2.4252882555,-0.00100001,6.45,PINU
NS,7,3,0.8393155954,-0.009392395,0.4141204704,-0.00100001,NA,ABIE
NS,7,4,40.713176774,-0.026601946,0.2004949465,-39.83887349,86,TSUG
NS,7,6,1.8886362165,-0.007755688,0.20000001,-0.972561734,5,LARI
NS,7,7,0.9085541712,-0.012905428,1.2459458366,-0.00100001,2.1,THUJ
NS,7,8,0.9085541712,-0.012905428,1.2459458366,-0.00100001,2.1,GENC
NS,7,9,7.3324536862,-0.023864431,0.20000001,-6.500129436,33.65,POPU
NS,7,10,0.8574876261,-0.010913276,0.604938407,-0.00100001,0.1,BETU
NS,7,11,0.804932865,-0.042325549,6.5485725847,-0.00100001,15.35,ACER
NS,7,12,0.8448453732,-0.019969314,1.8483697742,-0.00100001,4.3,GENH
NS,7,71,0.9085541712,-0.012905428,1.2459458366,-0.00100001,2.1,JUNI
NS,7,72,0.9085541712,-0.012905428,1.2459458366,-0.00100001,2.1,TAXU
NS,7,73,0.9085541712,-0.012905428,1.2459458366,-0.00100001,2.1,CHAM
NS,7,121,0.8448453732,-0.019969314,1.8483697742,-0.00100001,4.3,CARY
NS,7,122,0.8448453732,-0.019969314,1.8483697742,-0.00100001,4.3,JUGL
NS,7,123,0.8448453732,-0.019969314,1.8483697742,-0.00100001,4.3,ALNU
NS,7,124,0.8448453732,-0.019969314,1.8483697742,-0.00100001,4.3,OSTR
NS,7,125,0.8448453732,-0.019969314,1.8483697742,-0.00100001,4.3,CARP
NS,7,126,0.8448453732,-0.019969314,1.8483697742,-0.00100001,4.3,FAGU
NS,7,127,0.8448453732,-0.019969314,1.8483697742,-0.00100001,4.3,QUER
NS,7,128,0.8448453732,-0.019969314,1.8483697742,-0.00100001,4.3,ULMU
NS,7,129,0.8448453732,-0.019969314,1.8483697742,-0.00100001,4.3,MORU
NS,7,130,0.8448453732,-0.019969314,1.8483697742,-0.00100001,4.3,LIRI
NS,7,131,0.8448453732,-0.019969314,1.8483697742,-0.00100001,4.3,MAGN
NS,7,132,0.8448453732,-0.019969314,1.8483697742,-0.00100001,4.3,SASS
NS,7,133,0.8448453732,-0.019969314,1.8483697742,-0.00100001,4.3,PLAT
NS,7,134,0.8448453732,-0.019969314,1.8483697742,-0.00100001,4.3,PRUN
NS,7,135,0.8448453732,-0.019969314,1.8483697742,-0.00100001,4.3,GLED
NS,7,136,0.8448453732,-0.019969314,1.8483697742,-0.00100001,4.3,ROBI
NS,7,137,0.8448453732,-0.019969314,1.8483697742,-0.00100001,4.3,TILI
NS,7,138,0.8448453732,-0.019969314,1.8483697742,-0.00100001,4.3,NYSS
NS,7,139,0.8448453732,-0.019969314,1.8483697742,-0.00100001,4.3,CORN
NS,7,140,0.8448453732,-0.019969314,1.8483697742,-0.00100001,4.3,ARBU
NS,7,141,0.8448453732,-0.019969314,1.8483697742,-0.00100001,4.3,FRAX
NS,7,142,0.8448453732,-0.019969314,1.8483697742,-0.00100001,4.3,SALI
NS,7,143,0.8448453732,-0.019969314,1.8483697742,-0.00100001,4.3,GYMN
NS,7,144,0.8448453732,-0.019969314,1.8483697742,-0.00100001,4.3,CELT
NS,7,145,0.8448453732,-0.019969314,1.8483697742,-0.00100001,4.3,AMEL
NS,7,146,0.8448453732,-0.019969314,1.8483697742,-0.00100001,4.3,CORY
NS,7,147,0.8448453732,-0.019969314,1.8483697742,-0.00100001,4.3,CRAT
NS,7,148,0.8448453732,-0.019969314,1.8483697742,-0.00100001,4.3,ILEX
NS,7,149,0.8448453732,-0.019969314,1.8483697742,-0.00100001,4.3,MALU
NS,7,150,0.8448453732,-0.019969314,1.8483697742,-0.00100001,4.3,NEMO
NS,7,151,0.8448453732,-0.019969314,1.8483697742,-0.00100001,4.3,RHUS
NS,7,152,0.8448453732,-0.019969314,1.8483697742,-0.00100001,4.3,SORB
NS,7,153,0.8448453732,-0.019969314,1.8483697742,-0.00100001,4.3,VIBU
NS,7,154,0.8448453732,-0.019969314,1.8483697742,-0.00100001,4.3,CAST
NS,7,155,0.8448453732,-0.019969314,1.8483697742,-0.00100001,4.3,ASIM
NT,1,1,0.8687409255,-0.024240329,1.0616740797,-0.072813812,5,PICE
NT,1,2,0.9127327731,-0.017859017,1.6848740978,-0.00100001,3.5,PINU
NT,1,3,0.935964422,-0.014757331,1.4918282783,-0.050339263,12,ABIE
NT,1,4,1.5421994155,-0.012611689,0.5104521601,-0.617908483,15,TSUG
NT,1,6,0.8818864587,-0.014896321,1.450516939,-0.00100001,3,LARI
NT,1,7,0.925307404,-0.013757791,0.8179576936,-0.017228059,1,THUJ
NT,1,9,0.9367664464,-0.014486927,1.5114493263,-0.00100001,3,POPU
NT,1,10,1.0864577362,-0.011878174,0.76834317,-0.13742605,6.5,BETU
NT,1,11,0.9148694251,-0.014318118,0.8196533989,-0.00100001,NA,ACER
NT,1,12,0.9148014695,-0.018901304,2.7306686686,-0.00100001,10,GENH
NT,1,71,0.925307404,-0.013757791,0.8179576936,-0.017228059,1,JUNI
NT,1,72,0.925307404,-0.013757791,0.8179576936,-0.017228059,1,TAXU
NT,1,73,0.925307404,-0.013757791,0.8179576936,-0.017228059,1,CHAM
NT,1,121,0.9148014695,-0.018901304,2.7306686686,-0.00100001,10,CARY
NT,1,122,0.9148014695,-0.018901304,2.7306686686,-0.00100001,10,JUGL
NT,1,123,0.9148014695,-0.018901304,2.7306686686,-0.00100001,10,ALNU
NT,1,124,0.9148014695,-0.018901304,2.7306686686,-0.00100001,10,OSTR
NT,1,125,0.9148014695,-0.018901304,2.7306686686,-0.00100001,10,CARP
NT,1,126,0.9148014695,-0.018901304,2.7306686686,-0.00100001,10,FAGU
NT,1,127,0.9148014695,-0.018901304,2.7306686686,-0.00100001,10,QUER
NT,1,128,0.9148014695,-0.018901304,2.7306686686,-0.00100001,10,ULMU
NT,1,129,0.9148014695,-0.018901304,2.7306686686,-0.00100001,10,MORU
NT,1,130,0.9148014695,-0.018901304,2.7306686686,-0.00100001,10,LIRI
NT,1,131,0.9148014695,-0.018901304,2.7306686686,-0.00100001,10,MAGN
NT,1,132,0.9148014695,-0.018901304,2.7306686686,-0.00100001,10,SASS
NT,1,133,0.9148014695,-0.018901304,2.7306686686,-0.00100001,10,PLAT
NT,1,134,0.9148014695,-0.018901304,2.7306686686,-0.00100001,10,PRUN
NT,1,135,0.9148014695,-0.018901304,2.7306686686,-0.00100001,10,GLED
NT,1,136,0.9148014695,-0.018901304,2.7306686686,-0.00100001,10,ROBI
NT,1,137,0.9148014695,-0.018901304,2.7306686686,-0.00100001,10,TILI
NT,1,138,0.9148014695,-0.018901304,2.7306686686,-0.00100001,10,NYSS
NT,1,139,0.9148014695,-0.018901304,2.7306686686,-0.00100001,10,CORN
NT,1,140,0.9148014695,-0.018901304,2.7306686686,-0.00100001,10,ARBU
NT,1,141,0.9148014695,-0.018901304,2.7306686686,-0.00100001,10,FRAX
NT,1,142,0.9148014695,-0.018901304,2.7306686686,-0.00100001,10,SALI
NT,1,143,0.9148014695,-0.018901304,2.7306686686,-0.00100001,10,GYMN
NT,1,144,0.9148014695,-0.018901304,2.7306686686,-0.00100001,10,CELT
NT,1,145,0.9148014695,-0.018901304,2.7306686686,-0.00100001,10,AMEL
NT,1,146,0.9148014695,-0.018901304,2.7306686686,-0.00100001,10,CORY
NT,1,147,0.9148014695,-0.018901304,2.7306686686,-0.00100001,10,CRAT
NT,1,148,0.9148014695,-0.018901304,2.7306686686,-0.00100001,10,ILEX
NT,1,149,0.9148014695,-0.018901304,2.7306686686,-0.00100001,10,MALU
NT,1,150,0.9148014695,-0.018901304,2.7306686686,-0.00100001,10,NEMO
NT,1,151,0.9148014695,-0.018901304,2.7306686686,-0.00100001,10,RHUS
NT,1,152,0.9148014695,-0.018901304,2.7306686686,-0.00100001,10,SORB
NT,1,153,0.9148014695,-0.018901304,2.7306686686,-0.00100001,10,VIBU
NT,1,154,0.9148014695,-0.018901304,2.7306686686,-0.00100001,10,CAST
NT,1,155,0.9148014695,-0.018901304,2.7306686686,-0.00100001,10,ASIM
NT,2,1,0.8687409255,-0.024240329,1.0616740797,-0.072813812,5,PICE
NT,2,2,0.9127327731,-0.017859017,1.6848740978,-0.00100001,3.5,PINU
NT,2,3,0.935964422,-0.014757331,1.4918282783,-0.050339263,12,ABIE
NT,2,4,1.5421994155,-0.012611689,0.5104521601,-0.617908483,15,TSUG
NT,2,6,0.8818864587,-0.014896321,1.450516939,-0.00100001,3,LARI
NT,2,7,0.925307404,-0.013757791,0.8179576936,-0.017228059,1,THUJ
NT,2,9,0.9367664464,-0.014486927,1.5114493263,-0.00100001,3,POPU
NT,2,10,1.0864577362,-0.011878174,0.76834317,-0.13742605,6.5,BETU
NT,2,11,0.9148694251,-0.014318118,0.8196533989,-0.00100001,NA,ACER
NT,2,12,0.9148014695,-0.018901304,2.7306686686,-0.00100001,10,GENH
NT,2,71,0.925307404,-0.013757791,0.8179576936,-0.017228059,1,JUNI
NT,2,72,0.925307404,-0.013757791,0.8179576936,-0.017228059,1,TAXU
NT,2,73,0.925307404,-0.013757791,0.8179576936,-0.017228059,1,CHAM
NT,2,121,0.9148014695,-0.018901304,2.7306686686,-0.00100001,10,CARY
NT,2,122,0.9148014695,-0.018901304,2.7306686686,-0.00100001,10,JUGL
NT,2,123,0.9148014695,-0.018901304,2.7306686686,-0.00100001,10,ALNU
NT,2,124,0.9148014695,-0.018901304,2.7306686686,-0.00100001,10,OSTR
NT,2,125,0.9148014695,-0.018901304,2.7306686686,-0.00100001,10,CARP
NT,2,126,0.9148014695,-0.018901304,2.7306686686,-0.00100001,10,FAGU
NT,2,127,0.9148014695,-0.018901304,2.7306686686,-0.00100001,10,QUER
NT,2,128,0.9148014695,-0.018901304,2.7306686686,-0.00100001,10,ULMU
NT,2,129,0.9148014695,-0.018901304,2.7306686686,-0.00100001,10,MORU
NT,2,130,0.9148014695,-0.018901304,2.7306686686,-0.00100001,10,LIRI
NT,2,131,0.9148014695,-0.018901304,2.7306686686,-0.00100001,10,MAGN
NT,2,132,0.9148014695,-0.018901304,2.7306686686,-0.00100001,10,SASS
NT,2,133,0.9148014695,-0.018901304,2.7306686686,-0.00100001,10,PLAT
NT,2,134,0.9148014695,-0.018901304,2.7306686686,-0.00100001,10,PRUN
NT,2,135,0.9148014695,-0.018901304,2.7306686686,-0.00100001,10,GLED
NT,2,136,0.9148014695,-0.018901304,2.7306686686,-0.00100001,10,ROBI
NT,2,137,0.9148014695,-0.018901304,2.7306686686,-0.00100001,10,TILI
NT,2,138,0.9148014695,-0.018901304,2.7306686686,-0.00100001,10,NYSS
NT,2,139,0.9148014695,-0.018901304,2.7306686686,-0.00100001,10,CORN
NT,2,140,0.9148014695,-0.018901304,2.7306686686,-0.00100001,10,ARBU
NT,2,141,0.9148014695,-0.018901304,2.7306686686,-0.00100001,10,FRAX
NT,2,142,0.9148014695,-0.018901304,2.7306686686,-0.00100001,10,SALI
NT,2,143,0.9148014695,-0.018901304,2.7306686686,-0.00100001,10,GYMN
NT,2,144,0.9148014695,-0.018901304,2.7306686686,-0.00100001,10,CELT
NT,2,145,0.9148014695,-0.018901304,2.7306686686,-0.00100001,10,AMEL
NT,2,146,0.9148014695,-0.018901304,2.7306686686,-0.00100001,10,CORY
NT,2,147,0.9148014695,-0.018901304,2.7306686686,-0.00100001,10,CRAT
NT,2,148,0.9148014695,-0.018901304,2.7306686686,-0.00100001,10,ILEX
NT,2,149,0.9148014695,-0.018901304,2.7306686686,-0.00100001,10,MALU
NT,2,150,0.9148014695,-0.018901304,2.7306686686,-0.00100001,10,NEMO
NT,2,151,0.9148014695,-0.018901304,2.7306686686,-0.00100001,10,RHUS
NT,2,152,0.9148014695,-0.018901304,2.7306686686,-0.00100001,10,SORB
NT,2,153,0.9148014695,-0.018901304,2.7306686686,-0.00100001,10,VIBU
NT,2,154,0.9148014695,-0.018901304,2.7306686686,-0.00100001,10,CAST
NT,2,155,0.9148014695,-0.018901304,2.7306686686,-0.00100001,10,ASIM
NT,3,1,0.8687409255,-0.024240329,1.0616740797,-0.072813812,5,PICE
NT,3,2,0.9127327731,-0.017859017,1.6848740978,-0.00100001,3.5,PINU
NT,3,3,0.935964422,-0.014757331,1.4918282783,-0.050339263,12,ABIE
NT,3,4,1.5421994155,-0.012611689,0.5104521601,-0.617908483,15,TSUG
NT,3,6,0.8818864587,-0.014896321,1.450516939,-0.00100001,3,LARI
NT,3,7,0.925307404,-0.013757791,0.8179576936,-0.017228059,1,THUJ
NT,3,9,0.9367664464,-0.014486927,1.5114493263,-0.00100001,3,POPU
NT,3,10,1.0864577362,-0.011878174,0.76834317,-0.13742605,6.5,BETU
NT,3,11,0.9148694251,-0.014318118,0.8196533989,-0.00100001,NA,ACER
NT,3,12,0.9148014695,-0.018901304,2.7306686686,-0.00100001,10,GENH
NT,3,71,0.925307404,-0.013757791,0.8179576936,-0.017228059,1,JUNI
NT,3,72,0.925307404,-0.013757791,0.8179576936,-0.017228059,1,TAXU
NT,3,73,0.925307404,-0.013757791,0.8179576936,-0.017228059,1,CHAM
NT,3,121,0.9148014695,-0.018901304,2.7306686686,-0.00100001,10,CARY
NT,3,122,0.9148014695,-0.018901304,2.7306686686,-0.00100001,10,JUGL
NT,3,123,0.9148014695,-0.018901304,2.7306686686,-0.00100001,10,ALNU
NT,3,124,0.9148014695,-0.018901304,2.7306686686,-0.00100001,10,OSTR
NT,3,125,0.9148014695,-0.018901304,2.7306686686,-0.00100001,10,CARP
NT,3,126,0.9148014695,-0.018901304,2.7306686686,-0.00100001,10,FAGU
NT,3,127,0.9148014695,-0.018901304,2.7306686686,-0.00100001,10,QUER
NT,3,128,0.9148014695,-0.018901304,2.7306686686,-0.00100001,10,ULMU
NT,3,129,0.9148014695,-0.018901304,2.7306686686,-0.00100001,10,MORU
NT,3,130,0.9148014695,-0.018901304,2.7306686686,-0.00100001,10,LIRI
NT,3,131,0.9148014695,-0.018901304,2.7306686686,-0.00100001,10,MAGN
NT,3,132,0.9148014695,-0.018901304,2.7306686686,-0.00100001,10,SASS
NT,3,133,0.9148014695,-0.018901304,2.7306686686,-0.00100001,10,PLAT
NT,3,134,0.9148014695,-0.018901304,2.7306686686,-0.00100001,10,PRUN
NT,3,135,0.9148014695,-0.018901304,2.7306686686,-0.00100001,10,GLED
NT,3,136,0.9148014695,-0.018901304,2.7306686686,-0.00100001,10,ROBI
NT,3,137,0.9148014695,-0.018901304,2.7306686686,-0.00100001,10,TILI
NT,3,138,0.9148014695,-0.018901304,2.7306686686,-0.00100001,10,NYSS
NT,3,139,0.9148014695,-0.018901304,2.7306686686,-0.00100001,10,CORN
NT,3,140,0.9148014695,-0.018901304,2.7306686686,-0.00100001,10,ARBU
NT,3,141,0.9148014695,-0.018901304,2.7306686686,-0.00100001,10,FRAX
NT,3,142,0.9148014695,-0.018901304,2.7306686686,-0.00100001,10,SALI
NT,3,143,0.9148014695,-0.018901304,2.7306686686,-0.00100001,10,GYMN
NT,3,144,0.9148014695,-0.018901304,2.7306686686,-0.00100001,10,CELT
NT,3,145,0.9148014695,-0.018901304,2.7306686686,-0.00100001,10,AMEL
NT,3,146,0.9148014695,-0.018901304,2.7306686686,-0.00100001,10,CORY
NT,3,147,0.9148014695,-0.018901304,2.7306686686,-0.00100001,10,CRAT
NT,3,148,0.9148014695,-0.018901304,2.7306686686,-0.00100001,10,ILEX
NT,3,149,0.9148014695,-0.018901304,2.7306686686,-0.00100001,10,MALU
NT,3,150,0.9148014695,-0.018901304,2.7306686686,-0.00100001,10,NEMO
NT,3,151,0.9148014695,-0.018901304,2.7306686686,-0.00100001,10,RHUS
NT,3,152,0.9148014695,-0.018901304,2.7306686686,-0.00100001,10,SORB
NT,3,153,0.9148014695,-0.018901304,2.7306686686,-0.00100001,10,VIBU
NT,3,154,0.9148014695,-0.018901304,2.7306686686,-0.00100001,10,CAST
NT,3,155,0.9148014695,-0.018901304,2.7306686686,-0.00100001,10,ASIM
NT,4,1,0.9765115425,-0.009437878,1.844732375,-0.00100001,8.35,PICE
NT,4,2,0.9479643884,-0.015825881,5.3335134777,-0.00100001,31.45,PINU
NT,4,3,0.8951729703,-0.023560732,3.5600499911,-0.00100001,12.5,ABIE
NT,4,6,0.5689117495,-0.014843331,1.1697704321,-0.00100001,2.2,LARI
NT,4,9,1.01999999,-0.026945819,39.392967058,-0.116480772,110,POPU
NT,4,10,1.0120986729,-0.013257845,2.9573579372,-0.00100001,15.7,BETU
NT,4,12,1.0120986729,-0.013257845,2.9573579372,-0.00100001,15.7,GENH
NT,4,121,1.0120986729,-0.013257845,2.9573579372,-0.00100001,15.7,CARY
NT,4,122,1.0120986729,-0.013257845,2.9573579372,-0.00100001,15.7,JUGL
NT,4,123,1.0120986729,-0.013257845,2.9573579372,-0.00100001,15.7,ALNU
NT,4,124,1.0120986729,-0.013257845,2.9573579372,-0.00100001,15.7,OSTR
NT,4,125,1.0120986729,-0.013257845,2.9573579372,-0.00100001,15.7,CARP
NT,4,126,1.0120986729,-0.013257845,2.9573579372,-0.00100001,15.7,FAGU
NT,4,127,1.0120986729,-0.013257845,2.9573579372,-0.00100001,15.7,QUER
NT,4,128,1.0120986729,-0.013257845,2.9573579372,-0.00100001,15.7,ULMU
NT,4,129,1.0120986729,-0.013257845,2.9573579372,-0.00100001,15.7,MORU
NT,4,130,1.0120986729,-0.013257845,2.9573579372,-0.00100001,15.7,LIRI
NT,4,131,1.0120986729,-0.013257845,2.9573579372,-0.00100001,15.7,MAGN
NT,4,132,1.0120986729,-0.013257845,2.9573579372,-0.00100001,15.7,SASS
NT,4,133,1.0120986729,-0.013257845,2.9573579372,-0.00100001,15.7,PLAT
NT,4,134,1.0120986729,-0.013257845,2.9573579372,-0.00100001,15.7,PRUN
NT,4,135,1.0120986729,-0.013257845,2.9573579372,-0.00100001,15.7,GLED
NT,4,136,1.0120986729,-0.013257845,2.9573579372,-0.00100001,15.7,ROBI
NT,4,137,1.0120986729,-0.013257845,2.9573579372,-0.00100001,15.7,TILI
NT,4,138,1.0120986729,-0.013257845,2.9573579372,-0.00100001,15.7,NYSS
NT,4,139,1.0120986729,-0.013257845,2.9573579372,-0.00100001,15.7,CORN
NT,4,140,1.0120986729,-0.013257845,2.9573579372,-0.00100001,15.7,ARBU
NT,4,141,1.0120986729,-0.013257845,2.9573579372,-0.00100001,15.7,FRAX
NT,4,142,1.0120986729,-0.013257845,2.9573579372,-0.00100001,15.7,SALI
NT,4,143,1.0120986729,-0.013257845,2.9573579372,-0.00100001,15.7,GYMN
NT,4,144,1.0120986729,-0.013257845,2.9573579372,-0.00100001,15.7,CELT
NT,4,145,1.0120986729,-0.013257845,2.9573579372,-0.00100001,15.7,AMEL
NT,4,146,1.0120986729,-0.013257845,2.9573579372,-0.00100001,15.7,CORY
NT,4,147,1.0120986729,-0.013257845,2.9573579372,-0.00100001,15.7,CRAT
NT,4,148,1.0120986729,-0.013257845,2.9573579372,-0.00100001,15.7,ILEX
NT,4,149,1.0120986729,-0.013257845,2.9573579372,-0.00100001,15.7,MALU
NT,4,150,1.0120986729,-0.013257845,2.9573579372,-0.00100001,15.7,NEMO
NT,4,151,1.0120986729,-0.013257845,2.9573579372,-0.00100001,15.7,RHUS
NT,4,152,1.0120986729,-0.013257845,2.9573579372,-0.00100001,15.7,SORB
NT,4,153,1.0120986729,-0.013257845,2.9573579372,-0.00100001,15.7,VIBU
NT,4,154,1.0120986729,-0.013257845,2.9573579372,-0.00100001,15.7,CAST
NT,4,155,1.0120986729,-0.013257845,2.9573579372,-0.00100001,15.7,ASIM
NT,5,1,0.9827554114,-0.010117939,3.3599020428,-0.00100001,25.75,PICE
NT,5,2,1.018902315,-0.006734797,1.7027184139,-0.00100001,9.3,PINU
NT,5,3,0.8951729703,-0.023560732,3.5600499911,-0.00100001,12.5,ABIE
NT,5,6,0.5689117495,-0.014843331,1.1697704321,-0.00100001,2.2,LARI
NT,5,9,1.01999999,-0.007670985,1.5722484875,-0.00100001,6.6,POPU
NT,5,10,1.0120986729,-0.013257845,2.9573579372,-0.00100001,15.7,BETU
NT,5,12,1.0120986729,-0.013257845,2.9573579372,-0.00100001,15.7,GENH
NT,5,121,1.0120986729,-0.013257845,2.9573579372,-0.00100001,15.7,CARY
NT,5,122,1.0120986729,-0.013257845,2.9573579372,-0.00100001,15.7,JUGL
NT,5,123,1.0120986729,-0.013257845,2.9573579372,-0.00100001,15.7,ALNU
NT,5,124,1.0120986729,-0.013257845,2.9573579372,-0.00100001,15.7,OSTR
NT,5,125,1.0120986729,-0.013257845,2.9573579372,-0.00100001,15.7,CARP
NT,5,126,1.0120986729,-0.013257845,2.9573579372,-0.00100001,15.7,FAGU
NT,5,127,1.0120986729,-0.013257845,2.9573579372,-0.00100001,15.7,QUER
NT,5,128,1.0120986729,-0.013257845,2.9573579372,-0.00100001,15.7,ULMU
NT,5,129,1.0120986729,-0.013257845,2.9573579372,-0.00100001,15.7,MORU
NT,5,130,1.0120986729,-0.013257845,2.9573579372,-0.00100001,15.7,LIRI
NT,5,131,1.0120986729,-0.013257845,2.9573579372,-0.00100001,15.7,MAGN
NT,5,132,1.0120986729,-0.013257845,2.9573579372,-0.00100001,15.7,SASS
NT,5,133,1.0120986729,-0.013257845,2.9573579372,-0.00100001,15.7,PLAT
NT,5,134,1.0120986729,-0.013257845,2.9573579372,-0.00100001,15.7,PRUN
NT,5,135,1.0120986729,-0.013257845,2.9573579372,-0.00100001,15.7,GLED
NT,5,136,1.0120986729,-0.013257845,2.9573579372,-0.00100001,15.7,ROBI
NT,5,137,1.0120986729,-0.013257845,2.9573579372,-0.00100001,15.7,TILI
NT,5,138,1.0120986729,-0.013257845,2.9573579372,-0.00100001,15.7,NYSS
NT,5,139,1.0120986729,-0.013257845,2.9573579372,-0.00100001,15.7,CORN
NT,5,140,1.0120986729,-0.013257845,2.9573579372,-0.00100001,15.7,ARBU
NT,5,141,1.0120986729,-0.013257845,2.9573579372,-0.00100001,15.7,FRAX
NT,5,142,1.0120986729,-0.013257845,2.9573579372,-0.00100001,15.7,SALI
NT,5,143,1.0120986729,-0.013257845,2.9573579372,-0.00100001,15.7,GYMN
NT,5,144,1.0120986729,-0.013257845,2.9573579372,-0.00100001,15.7,CELT
NT,5,145,1.0120986729,-0.013257845,2.9573579372,-0.00100001,15.7,AMEL
NT,5,146,1.0120986729,-0.013257845,2.9573579372,-0.00100001,15.7,CORY
NT,5,147,1.0120986729,-0.013257845,2.9573579372,-0.00100001,15.7,CRAT
NT,5,148,1.0120986729,-0.013257845,2.9573579372,-0.00100001,15.7,ILEX
NT,5,149,1.0120986729,-0.013257845,2.9573579372,-0.00100001,15.7,MALU
NT,5,150,1.0120986729,-0.013257845,2.9573579372,-0.00100001,15.7,NEMO
NT,5,151,1.0120986729,-0.013257845,2.9573579372,-0.00100001,15.7,RHUS
NT,5,152,1.0120986729,-0.013257845,2.9573579372,-0.00100001,15.7,SORB
NT,5,153,1.0120986729,-0.013257845,2.9573579372,-0.00100001,15.7,VIBU
NT,5,154,1.0120986729,-0.013257845,2.9573579372,-0.00100001,15.7,CAST
NT,5,155,1.0120986729,-0.013257845,2.9573579372,-0.00100001,15.7,ASIM
NT,9,1,0.9827554114,-0.010117939,3.3599020428,-0.00100001,25.5,PICE
NT,9,2,1.018902315,-0.006734797,1.7027184139,-0.00100001,9.5,PINU
NT,9,3,0.8951729703,-0.023560732,3.5600499911,-0.00100001,12.5,ABIE
NT,9,6,0.5689117495,-0.014843331,1.1697704321,-0.00100001,2.5,LARI
NT,9,9,1.01999999,-0.007670985,1.5722484875,-0.00100001,6.5,POPU
NT,9,10,1.0120986729,-0.013257845,2.9573579372,-0.00100001,15.5,BETU
NT,11,1,1.4992427475,-0.002797254,0.5942588241,-0.231522953,16.95,PICE
NT,11,2,0.8281046346,-0.010481467,1.7342956093,-0.020175,15.15,PINU
NT,11,3,2.143715367,-6.03667e-4,0.20000001,-0.803654829,13.15,ABIE
NT,11,6,1.4233120428,-0.010292898,0.7275446988,-0.707461783,48.05,LARI
NT,11,9,1.1020928401,-0.009469935,1.0817831127,-0.209596181,26.95,POPU
NT,11,10,0.6256089583,-0.030517259,128.66496801,-9.9e-9,92.9,BETU
NT,11,12,0.6192424991,-0.020123226,7.2744396889,-1e-8,26.5,GENH
NT,11,121,0.6192424991,-0.020123226,7.2744396889,-1e-8,26.5,CARY
NT,11,122,0.6192424991,-0.020123226,7.2744396889,-1e-8,26.5,JUGL
NT,11,123,0.6192424991,-0.020123226,7.2744396889,-1e-8,26.5,ALNU
NT,11,124,0.6192424991,-0.020123226,7.2744396889,-1e-8,26.5,OSTR
NT,11,125,0.6192424991,-0.020123226,7.2744396889,-1e-8,26.5,CARP
NT,11,126,0.6192424991,-0.020123226,7.2744396889,-1e-8,26.5,FAGU
NT,11,127,0.6192424991,-0.020123226,7.2744396889,-1e-8,26.5,QUER
NT,11,128,0.6192424991,-0.020123226,7.2744396889,-1e-8,26.5,ULMU
NT,11,129,0.6192424991,-0.020123226,7.2744396889,-1e-8,26.5,MORU
NT,11,130,0.6192424991,-0.020123226,7.2744396889,-1e-8,26.5,LIRI
NT,11,131,0.6192424991,-0.020123226,7.2744396889,-1e-8,26.5,MAGN
NT,11,132,0.6192424991,-0.020123226,7.2744396889,-1e-8,26.5,SASS
NT,11,133,0.6192424991,-0.020123226,7.2744396889,-1e-8,26.5,PLAT
NT,11,134,0.6192424991,-0.020123226,7.2744396889,-1e-8,26.5,PRUN
NT,11,135,0.6192424991,-0.020123226,7.2744396889,-1e-8,26.5,GLED
NT,11,136,0.6192424991,-0.020123226,7.2744396889,-1e-8,26.5,ROBI
NT,11,137,0.6192424991,-0.020123226,7.2744396889,-1e-8,26.5,TILI
NT,11,138,0.6192424991,-0.020123226,7.2744396889,-1e-8,26.5,NYSS
NT,11,139,0.6192424991,-0.020123226,7.2744396889,-1e-8,26.5,CORN
NT,11,140,0.6192424991,-0.020123226,7.2744396889,-1e-8,26.5,ARBU
NT,11,141,0.6192424991,-0.020123226,7.2744396889,-1e-8,26.5,FRAX
NT,11,142,0.6192424991,-0.020123226,7.2744396889,-1e-8,26.5,SALI
NT,11,143,0.6192424991,-0.020123226,7.2744396889,-1e-8,26.5,GYMN
NT,11,144,0.6192424991,-0.020123226,7.2744396889,-1e-8,26.5,CELT
NT,11,145,0.6192424991,-0.020123226,7.2744396889,-1e-8,26.5,AMEL
NT,11,146,0.6192424991,-0.020123226,7.2744396889,-1e-8,26.5,CORY
NT,11,147,0.6192424991,-0.020123226,7.2744396889,-1e-8,26.5,CRAT
NT,11,148,0.6192424991,-0.020123226,7.2744396889,-1e-8,26.5,ILEX
NT,11,149,0.6192424991,-0.020123226,7.2744396889,-1e-8,26.5,MALU
NT,11,150,0.6192424991,-0.020123226,7.2744396889,-1e-8,26.5,NEMO
NT,11,151,0.6192424991,-0.020123226,7.2744396889,-1e-8,26.5,RHUS
NT,11,152,0.6192424991,-0.020123226,7.2744396889,-1e-8,26.5,SORB
NT,11,153,0.6192424991,-0.020123226,7.2744396889,-1e-8,26.5,VIBU
NT,11,154,0.6192424991,-0.020123226,7.2744396889,-1e-8,26.5,CAST
NT,11,155,0.6192424991,-0.020123226,7.2744396889,-1e-8,26.5,ASIM
NT,12,1,1.4992427475,-0.002797254,0.5942588241,-0.231522953,16.95,PICE
NT,12,2,0.8281046346,-0.010481467,1.7342956093,-0.020175,15.15,PINU
NT,12,3,2.143715367,-6.03667e-4,0.20000001,-0.803654829,13.15,ABIE
NT,12,6,1.4233120428,-0.010292898,0.7275446988,-0.707461783,48.05,LARI
NT,12,9,1.1020928401,-0.009469935,1.0817831127,-0.209596181,26.95,POPU
NT,12,10,0.6256089583,-0.030517259,128.66496801,-9.9e-9,92.9,BETU
NT,12,12,0.6192424991,-0.020123226,7.2744396889,-1e-8,26.5,GENH
NT,12,121,0.6192424991,-0.020123226,7.2744396889,-1e-8,26.5,CARY
NT,12,122,0.6192424991,-0.020123226,7.2744396889,-1e-8,26.5,JUGL
NT,12,123,0.6192424991,-0.020123226,7.2744396889,-1e-8,26.5,ALNU
NT,12,124,0.6192424991,-0.020123226,7.2744396889,-1e-8,26.5,OSTR
NT,12,125,0.6192424991,-0.020123226,7.2744396889,-1e-8,26.5,CARP
NT,12,126,0.6192424991,-0.020123226,7.2744396889,-1e-8,26.5,FAGU
NT,12,127,0.6192424991,-0.020123226,7.2744396889,-1e-8,26.5,QUER
NT,12,128,0.6192424991,-0.020123226,7.2744396889,-1e-8,26.5,ULMU
NT,12,129,0.6192424991,-0.020123226,7.2744396889,-1e-8,26.5,MORU
NT,12,130,0.6192424991,-0.020123226,7.2744396889,-1e-8,26.5,LIRI
NT,12,131,0.6192424991,-0.020123226,7.2744396889,-1e-8,26.5,MAGN
NT,12,132,0.6192424991,-0.020123226,7.2744396889,-1e-8,26.5,SASS
NT,12,133,0.6192424991,-0.020123226,7.2744396889,-1e-8,26.5,PLAT
NT,12,134,0.6192424991,-0.020123226,7.2744396889,-1e-8,26.5,PRUN
NT,12,135,0.6192424991,-0.020123226,7.2744396889,-1e-8,26.5,GLED
NT,12,136,0.6192424991,-0.020123226,7.2744396889,-1e-8,26.5,ROBI
NT,12,137,0.6192424991,-0.020123226,7.2744396889,-1e-8,26.5,TILI
NT,12,138,0.6192424991,-0.020123226,7.2744396889,-1e-8,26.5,NYSS
NT,12,139,0.6192424991,-0.020123226,7.2744396889,-1e-8,26.5,CORN
NT,12,140,0.6192424991,-0.020123226,7.2744396889,-1e-8,26.5,ARBU
NT,12,141,0.6192424991,-0.020123226,7.2744396889,-1e-8,26.5,FRAX
NT,12,142,0.6192424991,-0.020123226,7.2744396889,-1e-8,26.5,SALI
NT,12,143,0.6192424991,-0.020123226,7.2744396889,-1e-8,26.5,GYMN
NT,12,144,0.6192424991,-0.020123226,7.2744396889,-1e-8,26.5,CELT
NT,12,145,0.6192424991,-0.020123226,7.2744396889,-1e-8,26.5,AMEL
NT,12,146,0.6192424991,-0.020123226,7.2744396889,-1e-8,26.5,CORY
NT,12,147,0.6192424991,-0.020123226,7.2744396889,-1e-8,26.5,CRAT
NT,12,148,0.6192424991,-0.020123226,7.2744396889,-1e-8,26.5,ILEX
NT,12,149,0.6192424991,-0.020123226,7.2744396889,-1e-8,26.5,MALU
NT,12,150,0.6192424991,-0.020123226,7.2744396889,-1e-8,26.5,NEMO
NT,12,151,0.6192424991,-0.020123226,7.2744396889,-1e-8,26.5,RHUS
NT,12,152,0.6192424991,-0.020123226,7.2744396889,-1e-8,26.5,SORB
NT,12,153,0.6192424991,-0.020123226,7.2744396889,-1e-8,26.5,VIBU
NT,12,154,0.6192424991,-0.020123226,7.2744396889,-1e-8,26.5,CAST
NT,12,155,0.6192424991,-0.020123226,7.2744396889,-1e-8,26.5,ASIM
NU,1,1,0.8687409255,-0.024240329,1.0616740797,-0.072813812,5,PICE
NU,1,2,0.9127327731,-0.017859017,1.6848740978,-0.00100001,3.5,PINU
NU,1,3,0.935964422,-0.014757331,1.4918282783,-0.050339263,12,ABIE
NU,1,4,1.5421994155,-0.012611689,0.5104521601,-0.617908483,15,TSUG
NU,1,6,0.8818864587,-0.014896321,1.450516939,-0.00100001,3,LARI
NU,1,7,0.925307404,-0.013757791,0.8179576936,-0.017228059,1,THUJ
NU,1,9,0.9367664464,-0.014486927,1.5114493263,-0.00100001,3,POPU
NU,1,10,1.0864577362,-0.011878174,0.76834317,-0.13742605,6.5,BETU
NU,1,11,0.9148694251,-0.014318118,0.8196533989,-0.00100001,NA,ACER
NU,1,12,0.9148014695,-0.018901304,2.7306686686,-0.00100001,10,GENH
NU,1,71,0.925307404,-0.013757791,0.8179576936,-0.017228059,1,JUNI
NU,1,72,0.925307404,-0.013757791,0.8179576936,-0.017228059,1,TAXU
NU,1,73,0.925307404,-0.013757791,0.8179576936,-0.017228059,1,CHAM
NU,1,121,0.9148014695,-0.018901304,2.7306686686,-0.00100001,10,CARY
NU,1,122,0.9148014695,-0.018901304,2.7306686686,-0.00100001,10,JUGL
NU,1,123,0.9148014695,-0.018901304,2.7306686686,-0.00100001,10,ALNU
NU,1,124,0.9148014695,-0.018901304,2.7306686686,-0.00100001,10,OSTR
NU,1,125,0.9148014695,-0.018901304,2.7306686686,-0.00100001,10,CARP
NU,1,126,0.9148014695,-0.018901304,2.7306686686,-0.00100001,10,FAGU
NU,1,127,0.9148014695,-0.018901304,2.7306686686,-0.00100001,10,QUER
NU,1,128,0.9148014695,-0.018901304,2.7306686686,-0.00100001,10,ULMU
NU,1,129,0.9148014695,-0.018901304,2.7306686686,-0.00100001,10,MORU
NU,1,130,0.9148014695,-0.018901304,2.7306686686,-0.00100001,10,LIRI
NU,1,131,0.9148014695,-0.018901304,2.7306686686,-0.00100001,10,MAGN
NU,1,132,0.9148014695,-0.018901304,2.7306686686,-0.00100001,10,SASS
NU,1,133,0.9148014695,-0.018901304,2.7306686686,-0.00100001,10,PLAT
NU,1,134,0.9148014695,-0.018901304,2.7306686686,-0.00100001,10,PRUN
NU,1,135,0.9148014695,-0.018901304,2.7306686686,-0.00100001,10,GLED
NU,1,136,0.9148014695,-0.018901304,2.7306686686,-0.00100001,10,ROBI
NU,1,137,0.9148014695,-0.018901304,2.7306686686,-0.00100001,10,TILI
NU,1,138,0.9148014695,-0.018901304,2.7306686686,-0.00100001,10,NYSS
NU,1,139,0.9148014695,-0.018901304,2.7306686686,-0.00100001,10,CORN
NU,1,140,0.9148014695,-0.018901304,2.7306686686,-0.00100001,10,ARBU
NU,1,141,0.9148014695,-0.018901304,2.7306686686,-0.00100001,10,FRAX
NU,1,142,0.9148014695,-0.018901304,2.7306686686,-0.00100001,10,SALI
NU,1,143,0.9148014695,-0.018901304,2.7306686686,-0.00100001,10,GYMN
NU,1,144,0.9148014695,-0.018901304,2.7306686686,-0.00100001,10,CELT
NU,1,145,0.9148014695,-0.018901304,2.7306686686,-0.00100001,10,AMEL
NU,1,146,0.9148014695,-0.018901304,2.7306686686,-0.00100001,10,CORY
NU,1,147,0.9148014695,-0.018901304,2.7306686686,-0.00100001,10,CRAT
NU,1,148,0.9148014695,-0.018901304,2.7306686686,-0.00100001,10,ILEX
NU,1,149,0.9148014695,-0.018901304,2.7306686686,-0.00100001,10,MALU
NU,1,150,0.9148014695,-0.018901304,2.7306686686,-0.00100001,10,NEMO
NU,1,151,0.9148014695,-0.018901304,2.7306686686,-0.00100001,10,RHUS
NU,1,152,0.9148014695,-0.018901304,2.7306686686,-0.00100001,10,SORB
NU,1,153,0.9148014695,-0.018901304,2.7306686686,-0.00100001,10,VIBU
NU,1,154,0.9148014695,-0.018901304,2.7306686686,-0.00100001,10,CAST
NU,1,155,0.9148014695,-0.018901304,2.7306686686,-0.00100001,10,ASIM
NU,2,1,0.8687409255,-0.024240329,1.0616740797,-0.072813812,5,PICE
NU,2,2,0.9127327731,-0.017859017,1.6848740978,-0.00100001,3.5,PINU
NU,2,3,0.935964422,-0.014757331,1.4918282783,-0.050339263,12,ABIE
NU,2,4,1.5421994155,-0.012611689,0.5104521601,-0.617908483,15,TSUG
NU,2,6,0.8818864587,-0.014896321,1.450516939,-0.00100001,3,LARI
NU,2,7,0.925307404,-0.013757791,0.8179576936,-0.017228059,1,THUJ
NU,2,9,0.9367664464,-0.014486927,1.5114493263,-0.00100001,3,POPU
NU,2,10,1.0864577362,-0.011878174,0.76834317,-0.13742605,6.5,BETU
NU,2,11,0.9148694251,-0.014318118,0.8196533989,-0.00100001,NA,ACER
NU,2,12,0.9148014695,-0.018901304,2.7306686686,-0.00100001,10,GENH
NU,2,71,0.925307404,-0.013757791,0.8179576936,-0.017228059,1,JUNI
NU,2,72,0.925307404,-0.013757791,0.8179576936,-0.017228059,1,TAXU
NU,2,73,0.925307404,-0.013757791,0.8179576936,-0.017228059,1,CHAM
NU,2,121,0.9148014695,-0.018901304,2.7306686686,-0.00100001,10,CARY
NU,2,122,0.9148014695,-0.018901304,2.7306686686,-0.00100001,10,JUGL
NU,2,123,0.9148014695,-0.018901304,2.7306686686,-0.00100001,10,ALNU
NU,2,124,0.9148014695,-0.018901304,2.7306686686,-0.00100001,10,OSTR
NU,2,125,0.9148014695,-0.018901304,2.7306686686,-0.00100001,10,CARP
NU,2,126,0.9148014695,-0.018901304,2.7306686686,-0.00100001,10,FAGU
NU,2,127,0.9148014695,-0.018901304,2.7306686686,-0.00100001,10,QUER
NU,2,128,0.9148014695,-0.018901304,2.7306686686,-0.00100001,10,ULMU
NU,2,129,0.9148014695,-0.018901304,2.7306686686,-0.00100001,10,MORU
NU,2,130,0.9148014695,-0.018901304,2.7306686686,-0.00100001,10,LIRI
NU,2,131,0.9148014695,-0.018901304,2.7306686686,-0.00100001,10,MAGN
NU,2,132,0.9148014695,-0.018901304,2.7306686686,-0.00100001,10,SASS
NU,2,133,0.9148014695,-0.018901304,2.7306686686,-0.00100001,10,PLAT
NU,2,134,0.9148014695,-0.018901304,2.7306686686,-0.00100001,10,PRUN
NU,2,135,0.9148014695,-0.018901304,2.7306686686,-0.00100001,10,GLED
NU,2,136,0.9148014695,-0.018901304,2.7306686686,-0.00100001,10,ROBI
NU,2,137,0.9148014695,-0.018901304,2.7306686686,-0.00100001,10,TILI
NU,2,138,0.9148014695,-0.018901304,2.7306686686,-0.00100001,10,NYSS
NU,2,139,0.9148014695,-0.018901304,2.7306686686,-0.00100001,10,CORN
NU,2,140,0.9148014695,-0.018901304,2.7306686686,-0.00100001,10,ARBU
NU,2,141,0.9148014695,-0.018901304,2.7306686686,-0.00100001,10,FRAX
NU,2,142,0.9148014695,-0.018901304,2.7306686686,-0.00100001,10,SALI
NU,2,143,0.9148014695,-0.018901304,2.7306686686,-0.00100001,10,GYMN
NU,2,144,0.9148014695,-0.018901304,2.7306686686,-0.00100001,10,CELT
NU,2,145,0.9148014695,-0.018901304,2.7306686686,-0.00100001,10,AMEL
NU,2,146,0.9148014695,-0.018901304,2.7306686686,-0.00100001,10,CORY
NU,2,147,0.9148014695,-0.018901304,2.7306686686,-0.00100001,10,CRAT
NU,2,148,0.9148014695,-0.018901304,2.7306686686,-0.00100001,10,ILEX
NU,2,149,0.9148014695,-0.018901304,2.7306686686,-0.00100001,10,MALU
NU,2,150,0.9148014695,-0.018901304,2.7306686686,-0.00100001,10,NEMO
NU,2,151,0.9148014695,-0.018901304,2.7306686686,-0.00100001,10,RHUS
NU,2,152,0.9148014695,-0.018901304,2.7306686686,-0.00100001,10,SORB
NU,2,153,0.9148014695,-0.018901304,2.7306686686,-0.00100001,10,VIBU
NU,2,154,0.9148014695,-0.018901304,2.7306686686,-0.00100001,10,CAST
NU,2,155,0.9148014695,-0.018901304,2.7306686686,-0.00100001,10,ASIM
NU,3,1,0.8687409255,-0.024240329,1.0616740797,-0.072813812,5,PICE
NU,3,2,0.9127327731,-0.017859017,1.6848740978,-0.00100001,3.5,PINU
NU,3,3,0.935964422,-0.014757331,1.4918282783,-0.050339263,12,ABIE
NU,3,4,1.5421994155,-0.012611689,0.5104521601,-0.617908483,15,TSUG
NU,3,6,0.8818864587,-0.014896321,1.450516939,-0.00100001,3,LARI
NU,3,7,0.925307404,-0.013757791,0.8179576936,-0.017228059,1,THUJ
NU,3,9,0.9367664464,-0.014486927,1.5114493263,-0.00100001,3,POPU
NU,3,10,1.0864577362,-0.011878174,0.76834317,-0.13742605,6.5,BETU
NU,3,11,0.9148694251,-0.014318118,0.8196533989,-0.00100001,NA,ACER
NU,3,12,0.9148014695,-0.018901304,2.7306686686,-0.00100001,10,GENH
NU,3,71,0.925307404,-0.013757791,0.8179576936,-0.017228059,1,JUNI
NU,3,72,0.925307404,-0.013757791,0.8179576936,-0.017228059,1,TAXU
NU,3,73,0.925307404,-0.013757791,0.8179576936,-0.017228059,1,CHAM
NU,3,121,0.9148014695,-0.018901304,2.7306686686,-0.00100001,10,CARY
NU,3,122,0.9148014695,-0.018901304,2.7306686686,-0.00100001,10,JUGL
NU,3,123,0.9148014695,-0.018901304,2.7306686686,-0.00100001,10,ALNU
NU,3,124,0.9148014695,-0.018901304,2.7306686686,-0.00100001,10,OSTR
NU,3,125,0.9148014695,-0.018901304,2.7306686686,-0.00100001,10,CARP
NU,3,126,0.9148014695,-0.018901304,2.7306686686,-0.00100001,10,FAGU
NU,3,127,0.9148014695,-0.018901304,2.7306686686,-0.00100001,10,QUER
NU,3,128,0.9148014695,-0.018901304,2.7306686686,-0.00100001,10,ULMU
NU,3,129,0.9148014695,-0.018901304,2.7306686686,-0.00100001,10,MORU
NU,3,130,0.9148014695,-0.018901304,2.7306686686,-0.00100001,10,LIRI
NU,3,131,0.9148014695,-0.018901304,2.7306686686,-0.00100001,10,MAGN
NU,3,132,0.9148014695,-0.018901304,2.7306686686,-0.00100001,10,SASS
NU,3,133,0.9148014695,-0.018901304,2.7306686686,-0.00100001,10,PLAT
NU,3,134,0.9148014695,-0.018901304,2.7306686686,-0.00100001,10,PRUN
NU,3,135,0.9148014695,-0.018901304,2.7306686686,-0.00100001,10,GLED
NU,3,136,0.9148014695,-0.018901304,2.7306686686,-0.00100001,10,ROBI
NU,3,137,0.9148014695,-0.018901304,2.7306686686,-0.00100001,10,TILI
NU,3,138,0.9148014695,-0.018901304,2.7306686686,-0.00100001,10,NYSS
NU,3,139,0.9148014695,-0.018901304,2.7306686686,-0.00100001,10,CORN
NU,3,140,0.9148014695,-0.018901304,2.7306686686,-0.00100001,10,ARBU
NU,3,141,0.9148014695,-0.018901304,2.7306686686,-0.00100001,10,FRAX
NU,3,142,0.9148014695,-0.018901304,2.7306686686,-0.00100001,10,SALI
NU,3,143,0.9148014695,-0.018901304,2.7306686686,-0.00100001,10,GYMN
NU,3,144,0.9148014695,-0.018901304,2.7306686686,-0.00100001,10,CELT
NU,3,145,0.9148014695,-0.018901304,2.7306686686,-0.00100001,10,AMEL
NU,3,146,0.9148014695,-0.018901304,2.7306686686,-0.00100001,10,CORY
NU,3,147,0.9148014695,-0.018901304,2.7306686686,-0.00100001,10,CRAT
NU,3,148,0.9148014695,-0.018901304,2.7306686686,-0.00100001,10,ILEX
NU,3,149,0.9148014695,-0.018901304,2.7306686686,-0.00100001,10,MALU
NU,3,150,0.9148014695,-0.018901304,2.7306686686,-0.00100001,10,NEMO
NU,3,151,0.9148014695,-0.018901304,2.7306686686,-0.00100001,10,RHUS
NU,3,152,0.9148014695,-0.018901304,2.7306686686,-0.00100001,10,SORB
NU,3,153,0.9148014695,-0.018901304,2.7306686686,-0.00100001,10,VIBU
NU,3,154,0.9148014695,-0.018901304,2.7306686686,-0.00100001,10,CAST
NU,3,155,0.9148014695,-0.018901304,2.7306686686,-0.00100001,10,ASIM
NU,5,1,0.8687409255,-0.024240329,1.0616740797,-0.072813812,5,PICE
NU,5,2,0.9127327731,-0.017859017,1.6848740978,-0.00100001,3.5,PINU
NU,5,3,0.935964422,-0.014757331,1.4918282783,-0.050339263,12,ABIE
NU,5,4,1.5421994155,-0.012611689,0.5104521601,-0.617908483,15,TSUG
NU,5,6,0.8818864587,-0.014896321,1.450516939,-0.00100001,3,LARI
NU,5,7,0.925307404,-0.013757791,0.8179576936,-0.017228059,1,THUJ
NU,5,9,0.9367664464,-0.014486927,1.5114493263,-0.00100001,3,POPU
NU,5,10,1.0864577362,-0.011878174,0.76834317,-0.13742605,6.5,BETU
NU,5,11,0.9148694251,-0.014318118,0.8196533989,-0.00100001,NA,ACER
NU,5,12,0.9148014695,-0.018901304,2.7306686686,-0.00100001,10,GENH
NU,5,71,0.925307404,-0.013757791,0.8179576936,-0.017228059,1,JUNI
NU,5,72,0.925307404,-0.013757791,0.8179576936,-0.017228059,1,TAXU
NU,5,73,0.925307404,-0.013757791,0.8179576936,-0.017228059,1,CHAM
NU,5,121,0.9148014695,-0.018901304,2.7306686686,-0.00100001,10,CARY
NU,5,122,0.9148014695,-0.018901304,2.7306686686,-0.00100001,10,JUGL
NU,5,123,0.9148014695,-0.018901304,2.7306686686,-0.00100001,10,ALNU
NU,5,124,0.9148014695,-0.018901304,2.7306686686,-0.00100001,10,OSTR
NU,5,125,0.9148014695,-0.018901304,2.7306686686,-0.00100001,10,CARP
NU,5,126,0.9148014695,-0.018901304,2.7306686686,-0.00100001,10,FAGU
NU,5,127,0.9148014695,-0.018901304,2.7306686686,-0.00100001,10,QUER
NU,5,128,0.9148014695,-0.018901304,2.7306686686,-0.00100001,10,ULMU
NU,5,129,0.9148014695,-0.018901304,2.7306686686,-0.00100001,10,MORU
NU,5,130,0.9148014695,-0.018901304,2.7306686686,-0.00100001,10,LIRI
NU,5,131,0.9148014695,-0.018901304,2.7306686686,-0.00100001,10,MAGN
NU,5,132,0.9148014695,-0.018901304,2.7306686686,-0.00100001,10,SASS
NU,5,133,0.9148014695,-0.018901304,2.7306686686,-0.00100001,10,PLAT
NU,5,134,0.9148014695,-0.018901304,2.7306686686,-0.00100001,10,PRUN
NU,5,135,0.9148014695,-0.018901304,2.7306686686,-0.00100001,10,GLED
NU,5,136,0.9148014695,-0.018901304,2.7306686686,-0.00100001,10,ROBI
NU,5,137,0.9148014695,-0.018901304,2.7306686686,-0.00100001,10,TILI
NU,5,138,0.9148014695,-0.018901304,2.7306686686,-0.00100001,10,NYSS
NU,5,139,0.9148014695,-0.018901304,2.7306686686,-0.00100001,10,CORN
NU,5,140,0.9148014695,-0.018901304,2.7306686686,-0.00100001,10,ARBU
NU,5,141,0.9148014695,-0.018901304,2.7306686686,-0.00100001,10,FRAX
NU,5,142,0.9148014695,-0.018901304,2.7306686686,-0.00100001,10,SALI
NU,5,143,0.9148014695,-0.018901304,2.7306686686,-0.00100001,10,GYMN
NU,5,144,0.9148014695,-0.018901304,2.7306686686,-0.00100001,10,CELT
NU,5,145,0.9148014695,-0.018901304,2.7306686686,-0.00100001,10,AMEL
NU,5,146,0.9148014695,-0.018901304,2.7306686686,-0.00100001,10,CORY
NU,5,147,0.9148014695,-0.018901304,2.7306686686,-0.00100001,10,CRAT
NU,5,148,0.9148014695,-0.018901304,2.7306686686,-0.00100001,10,ILEX
NU,5,149,0.9148014695,-0.018901304,2.7306686686,-0.00100001,10,MALU
NU,5,150,0.9148014695,-0.018901304,2.7306686686,-0.00100001,10,NEMO
NU,5,151,0.9148014695,-0.018901304,2.7306686686,-0.00100001,10,RHUS
NU,5,152,0.9148014695,-0.018901304,2.7306686686,-0.00100001,10,SORB
NU,5,153,0.9148014695,-0.018901304,2.7306686686,-0.00100001,10,VIBU
NU,5,154,0.9148014695,-0.018901304,2.7306686686,-0.00100001,10,CAST
NU,5,155,0.9148014695,-0.018901304,2.7306686686,-0.00100001,10,ASIM
NU,15,1,0.8687409255,-0.024240329,1.0616740797,-0.072813812,5,PICE
NU,15,2,0.9127327731,-0.017859017,1.6848740978,-0.00100001,3.5,PINU
NU,15,3,0.935964422,-0.014757331,1.4918282783,-0.050339263,12,ABIE
NU,15,4,1.5421994155,-0.012611689,0.5104521601,-0.617908483,15,TSUG
NU,15,6,0.8818864587,-0.014896321,1.450516939,-0.00100001,3,LARI
NU,15,7,0.925307404,-0.013757791,0.8179576936,-0.017228059,1,THUJ
NU,15,9,0.9367664464,-0.014486927,1.5114493263,-0.00100001,3,POPU
NU,15,10,1.0864577362,-0.011878174,0.76834317,-0.13742605,6.5,BETU
NU,15,11,0.9148694251,-0.014318118,0.8196533989,-0.00100001,NA,ACER
NU,15,12,0.9148014695,-0.018901304,2.7306686686,-0.00100001,10,GENH
NU,15,71,0.925307404,-0.013757791,0.8179576936,-0.017228059,1,JUNI
NU,15,72,0.925307404,-0.013757791,0.8179576936,-0.017228059,1,TAXU
NU,15,73,0.925307404,-0.013757791,0.8179576936,-0.017228059,1,CHAM
NU,15,121,0.9148014695,-0.018901304,2.7306686686,-0.00100001,10,CARY
NU,15,122,0.9148014695,-0.018901304,2.7306686686,-0.00100001,10,JUGL
NU,15,123,0.9148014695,-0.018901304,2.7306686686,-0.00100001,10,ALNU
NU,15,124,0.9148014695,-0.018901304,2.7306686686,-0.00100001,10,OSTR
NU,15,125,0.9148014695,-0.018901304,2.7306686686,-0.00100001,10,CARP
NU,15,126,0.9148014695,-0.018901304,2.7306686686,-0.00100001,10,FAGU
NU,15,127,0.9148014695,-0.018901304,2.7306686686,-0.00100001,10,QUER
NU,15,128,0.9148014695,-0.018901304,2.7306686686,-0.00100001,10,ULMU
NU,15,129,0.9148014695,-0.018901304,2.7306686686,-0.00100001,10,MORU
NU,15,130,0.9148014695,-0.018901304,2.7306686686,-0.00100001,10,LIRI
NU,15,131,0.9148014695,-0.018901304,2.7306686686,-0.00100001,10,MAGN
NU,15,132,0.9148014695,-0.018901304,2.7306686686,-0.00100001,10,SASS
NU,15,133,0.9148014695,-0.018901304,2.7306686686,-0.00100001,10,PLAT
NU,15,134,0.9148014695,-0.018901304,2.7306686686,-0.00100001,10,PRUN
NU,15,135,0.9148014695,-0.018901304,2.7306686686,-0.00100001,10,GLED
NU,15,136,0.9148014695,-0.018901304,2.7306686686,-0.00100001,10,ROBI
NU,15,137,0.9148014695,-0.018901304,2.7306686686,-0.00100001,10,TILI
NU,15,138,0.9148014695,-0.018901304,2.7306686686,-0.00100001,10,NYSS
NU,15,139,0.9148014695,-0.018901304,2.7306686686,-0.00100001,10,CORN
NU,15,140,0.9148014695,-0.018901304,2.7306686686,-0.00100001,10,ARBU
NU,15,141,0.9148014695,-0.018901304,2.7306686686,-0.00100001,10,FRAX
NU,15,142,0.9148014695,-0.018901304,2.7306686686,-0.00100001,10,SALI
NU,15,143,0.9148014695,-0.018901304,2.7306686686,-0.00100001,10,GYMN
NU,15,144,0.9148014695,-0.018901304,2.7306686686,-0.00100001,10,CELT
NU,15,145,0.9148014695,-0.018901304,2.7306686686,-0.00100001,10,AMEL
NU,15,146,0.9148014695,-0.018901304,2.7306686686,-0.00100001,10,CORY
NU,15,147,0.9148014695,-0.018901304,2.7306686686,-0.00100001,10,CRAT
NU,15,148,0.9148014695,-0.018901304,2.7306686686,-0.00100001,10,ILEX
NU,15,149,0.9148014695,-0.018901304,2.7306686686,-0.00100001,10,MALU
NU,15,150,0.9148014695,-0.018901304,2.7306686686,-0.00100001,10,NEMO
NU,15,151,0.9148014695,-0.018901304,2.7306686686,-0.00100001,10,RHUS
NU,15,152,0.9148014695,-0.018901304,2.7306686686,-0.00100001,10,SORB
NU,15,153,0.9148014695,-0.018901304,2.7306686686,-0.00100001,10,VIBU
NU,15,154,0.9148014695,-0.018901304,2.7306686686,-0.00100001,10,CAST
NU,15,155,0.9148014695,-0.018901304,2.7306686686,-0.00100001,10,ASIM
ON,5,4,1.5421994155,-0.012611689,0.5104521601,-0.617908483,15,TSUG
ON,5,6,0.8818864587,-0.014896321,1.450516939,-0.00100001,3,LARI
ON,6,1,0.8590069331,-0.025035807,2.4382786233,-1e-8,5.5,PICE
ON,6,2,0.8987509338,-0.029174381,4.5718834463,-1e-8,10.5,PINU
ON,6,3,0.8428290256,-0.021865922,1.5795594816,-1e-8,3,ABIE
ON,6,4,1.5421994155,-0.012611689,0.5104521601,-0.617908483,15,TSUG
ON,6,6,0.8818864587,-0.014896321,1.450516939,-0.00100001,3,LARI
ON,6,7,0.9543010143,-0.004127714,0.20000001,-1e-8,NA,THUJ
ON,6,9,0.9165012506,-0.02196857,4.4917443129,-0.017868444,28.5,POPU
ON,6,10,0.8009816481,-0.032271699,5.7752365505,-1e-8,13,BETU
ON,6,11,0.8009816481,-0.032271699,5.7752365505,-1e-8,13,ACER
ON,6,12,0.8009816481,-0.032271699,5.7752365505,-1e-8,13,GENH
ON,6,71,0.9543010143,-0.004127714,0.20000001,-1e-8,NA,JUNI
ON,6,72,0.9543010143,-0.004127714,0.20000001,-1e-8,NA,TAXU
ON,6,73,0.9543010143,-0.004127714,0.20000001,-1e-8,NA,CHAM
ON,6,121,0.8009816481,-0.032271699,5.7752365505,-1e-8,13,CARY
ON,6,122,0.8009816481,-0.032271699,5.7752365505,-1e-8,13,JUGL
ON,6,123,0.8009816481,-0.032271699,5.7752365505,-1e-8,13,ALNU
ON,6,124,0.8009816481,-0.032271699,5.7752365505,-1e-8,13,OSTR
ON,6,125,0.8009816481,-0.032271699,5.7752365505,-1e-8,13,CARP
ON,6,126,0.8009816481,-0.032271699,5.7752365505,-1e-8,13,FAGU
ON,6,127,0.8009816481,-0.032271699,5.7752365505,-1e-8,13,QUER
ON,6,128,0.8009816481,-0.032271699,5.7752365505,-1e-8,13,ULMU
ON,6,129,0.8009816481,-0.032271699,5.7752365505,-1e-8,13,MORU
ON,6,130,0.8009816481,-0.032271699,5.7752365505,-1e-8,13,LIRI
ON,6,131,0.8009816481,-0.032271699,5.7752365505,-1e-8,13,MAGN
ON,6,132,0.8009816481,-0.032271699,5.7752365505,-1e-8,13,SASS
ON,6,133,0.8009816481,-0.032271699,5.7752365505,-1e-8,13,PLAT
ON,6,134,0.8009816481,-0.032271699,5.7752365505,-1e-8,13,PRUN
ON,6,135,0.8009816481,-0.032271699,5.7752365505,-1e-8,13,GLED
ON,6,136,0.8009816481,-0.032271699,5.7752365505,-1e-8,13,ROBI
ON,6,137,0.8009816481,-0.032271699,5.7752365505,-1e-8,13,TILI
ON,6,138,0.8009816481,-0.032271699,5.7752365505,-1e-8,13,NYSS
ON,6,139,0.8009816481,-0.032271699,5.7752365505,-1e-8,13,CORN
ON,6,140,0.8009816481,-0.032271699,5.7752365505,-1e-8,13,ARBU
ON,6,141,0.8009816481,-0.032271699,5.7752365505,-1e-8,13,FRAX
ON,6,142,0.8009816481,-0.032271699,5.7752365505,-1e-8,13,SALI
ON,6,143,0.8009816481,-0.032271699,5.7752365505,-1e-8,13,GYMN
ON,6,144,0.8009816481,-0.032271699,5.7752365505,-1e-8,13,CELT
ON,6,145,0.8009816481,-0.032271699,5.7752365505,-1e-8,13,AMEL
ON,6,146,0.8009816481,-0.032271699,5.7752365505,-1e-8,13,CORY
ON,6,147,0.8009816481,-0.032271699,5.7752365505,-1e-8,13,CRAT
ON,6,148,0.8009816481,-0.032271699,5.7752365505,-1e-8,13,ILEX
ON,6,149,0.8009816481,-0.032271699,5.7752365505,-1e-8,13,MALU
ON,6,150,0.8009816481,-0.032271699,5.7752365505,-1e-8,13,NEMO
ON,6,151,0.8009816481,-0.032271699,5.7752365505,-1e-8,13,RHUS
ON,6,152,0.8009816481,-0.032271699,5.7752365505,-1e-8,13,SORB
ON,6,153,0.8009816481,-0.032271699,5.7752365505,-1e-8,13,VIBU
ON,6,154,0.8009816481,-0.032271699,5.7752365505,-1e-8,13,CAST
ON,6,155,0.8009816481,-0.032271699,5.7752365505,-1e-8,13,ASIM
ON,7,4,1.0338041628,-0.012651366,0.7861984223,-0.12272132,6,TSUG
ON,7,6,1.89999999,-0.007226541,0.2665096689,-0.950726102,11,LARI
ON,8,1,0.8590069331,-0.025035807,2.4382786233,-1e-8,5.5,PICE
ON,8,2,0.8987509338,-0.029174381,4.5718834463,-1e-8,10.5,PINU
ON,8,3,0.8428290256,-0.021865922,1.5795594816,-1e-8,3,ABIE
ON,8,4,1.2832663734,-0.007155092,0.4911957499,-0.324996061,9,TSUG
ON,8,6,0.850794873,-0.014667021,1.2562427515,-0.00100001,2,LARI
ON,8,7,0.9543010143,-0.004127714,0.20000001,-1e-8,NA,THUJ
ON,8,9,0.9165012506,-0.02196857,4.4917443129,-0.017868444,28.5,POPU
ON,8,10,0.8009816481,-0.032271699,5.7752365505,-1e-8,13,BETU
ON,8,11,0.8009816481,-0.032271699,5.7752365505,-1e-8,13,ACER
ON,8,12,0.8009816481,-0.032271699,5.7752365505,-1e-8,13,GENH
ON,8,71,0.9543010143,-0.004127714,0.20000001,-1e-8,NA,JUNI
ON,8,72,0.9543010143,-0.004127714,0.20000001,-1e-8,NA,TAXU
ON,8,73,0.9543010143,-0.004127714,0.20000001,-1e-8,NA,CHAM
ON,8,121,0.8009816481,-0.032271699,5.7752365505,-1e-8,13,CARY
ON,8,122,0.8009816481,-0.032271699,5.7752365505,-1e-8,13,JUGL
ON,8,123,0.8009816481,-0.032271699,5.7752365505,-1e-8,13,ALNU
ON,8,124,0.8009816481,-0.032271699,5.7752365505,-1e-8,13,OSTR
ON,8,125,0.8009816481,-0.032271699,5.7752365505,-1e-8,13,CARP
ON,8,126,0.8009816481,-0.032271699,5.7752365505,-1e-8,13,FAGU
ON,8,127,0.8009816481,-0.032271699,5.7752365505,-1e-8,13,QUER
ON,8,128,0.8009816481,-0.032271699,5.7752365505,-1e-8,13,ULMU
ON,8,129,0.8009816481,-0.032271699,5.7752365505,-1e-8,13,MORU
ON,8,130,0.8009816481,-0.032271699,5.7752365505,-1e-8,13,LIRI
ON,8,131,0.8009816481,-0.032271699,5.7752365505,-1e-8,13,MAGN
ON,8,132,0.8009816481,-0.032271699,5.7752365505,-1e-8,13,SASS
ON,8,133,0.8009816481,-0.032271699,5.7752365505,-1e-8,13,PLAT
ON,8,134,0.8009816481,-0.032271699,5.7752365505,-1e-8,13,PRUN
ON,8,135,0.8009816481,-0.032271699,5.7752365505,-1e-8,13,GLED
ON,8,136,0.8009816481,-0.032271699,5.7752365505,-1e-8,13,ROBI
ON,8,137,0.8009816481,-0.032271699,5.7752365505,-1e-8,13,TILI
ON,8,138,0.8009816481,-0.032271699,5.7752365505,-1e-8,13,NYSS
ON,8,139,0.8009816481,-0.032271699,5.7752365505,-1e-8,13,CORN
ON,8,140,0.8009816481,-0.032271699,5.7752365505,-1e-8,13,ARBU
ON,8,141,0.8009816481,-0.032271699,5.7752365505,-1e-8,13,FRAX
ON,8,142,0.8009816481,-0.032271699,5.7752365505,-1e-8,13,SALI
ON,8,143,0.8009816481,-0.032271699,5.7752365505,-1e-8,13,GYMN
ON,8,144,0.8009816481,-0.032271699,5.7752365505,-1e-8,13,CELT
ON,8,145,0.8009816481,-0.032271699,5.7752365505,-1e-8,13,AMEL
ON,8,146,0.8009816481,-0.032271699,5.7752365505,-1e-8,13,CORY
ON,8,147,0.8009816481,-0.032271699,5.7752365505,-1e-8,13,CRAT
ON,8,148,0.8009816481,-0.032271699,5.7752365505,-1e-8,13,ILEX
ON,8,149,0.8009816481,-0.032271699,5.7752365505,-1e-8,13,MALU
ON,8,150,0.8009816481,-0.032271699,5.7752365505,-1e-8,13,NEMO
ON,8,151,0.8009816481,-0.032271699,5.7752365505,-1e-8,13,RHUS
ON,8,152,0.8009816481,-0.032271699,5.7752365505,-1e-8,13,SORB
ON,8,153,0.8009816481,-0.032271699,5.7752365505,-1e-8,13,VIBU
ON,8,154,0.8009816481,-0.032271699,5.7752365505,-1e-8,13,CAST
ON,8,155,0.8009816481,-0.032271699,5.7752365505,-1e-8,13,ASIM
ON,15,1,0.8590069331,-0.025035807,2.4382786233,-1e-8,5.5,PICE
ON,15,2,0.8987509338,-0.029174381,4.5718834463,-1e-8,10.5,PINU
ON,15,3,0.8428290256,-0.021865922,1.5795594816,-1e-8,3,ABIE
ON,15,6,0.8818864587,-0.014896321,1.450516939,-0.00100001,3,LARI
ON,15,7,0.9543010143,-0.004127714,0.20000001,-1e-8,NA,THUJ
ON,15,9,0.9165012506,-0.02196857,4.4917443129,-0.017868444,28.5,POPU
ON,15,10,0.8009816481,-0.032271699,5.7752365505,-1e-8,13,BETU
ON,15,11,0.8009816481,-0.032271699,5.7752365505,-1e-8,13,ACER
ON,15,12,0.8009816481,-0.032271699,5.7752365505,-1e-8,13,GENH
ON,15,71,0.9543010143,-0.004127714,0.20000001,-1e-8,NA,JUNI
ON,15,72,0.9543010143,-0.004127714,0.20000001,-1e-8,NA,TAXU
ON,15,73,0.9543010143,-0.004127714,0.20000001,-1e-8,NA,CHAM
ON,15,121,0.8009816481,-0.032271699,5.7752365505,-1e-8,13,CARY
ON,15,122,0.8009816481,-0.032271699,5.7752365505,-1e-8,13,JUGL
ON,15,123,0.8009816481,-0.032271699,5.7752365505,-1e-8,13,ALNU
ON,15,124,0.8009816481,-0.032271699,5.7752365505,-1e-8,13,OSTR
ON,15,125,0.8009816481,-0.032271699,5.7752365505,-1e-8,13,CARP
ON,15,126,0.8009816481,-0.032271699,5.7752365505,-1e-8,13,FAGU
ON,15,127,0.8009816481,-0.032271699,5.7752365505,-1e-8,13,QUER
ON,15,128,0.8009816481,-0.032271699,5.7752365505,-1e-8,13,ULMU
ON,15,129,0.8009816481,-0.032271699,5.7752365505,-1e-8,13,MORU
ON,15,130,0.8009816481,-0.032271699,5.7752365505,-1e-8,13,LIRI
ON,15,131,0.8009816481,-0.032271699,5.7752365505,-1e-8,13,MAGN
ON,15,132,0.8009816481,-0.032271699,5.7752365505,-1e-8,13,SASS
ON,15,133,0.8009816481,-0.032271699,5.7752365505,-1e-8,13,PLAT
ON,15,134,0.8009816481,-0.032271699,5.7752365505,-1e-8,13,PRUN
ON,15,135,0.8009816481,-0.032271699,5.7752365505,-1e-8,13,GLED
ON,15,136,0.8009816481,-0.032271699,5.7752365505,-1e-8,13,ROBI
ON,15,137,0.8009816481,-0.032271699,5.7752365505,-1e-8,13,TILI
ON,15,138,0.8009816481,-0.032271699,5.7752365505,-1e-8,13,NYSS
ON,15,139,0.8009816481,-0.032271699,5.7752365505,-1e-8,13,CORN
ON,15,140,0.8009816481,-0.032271699,5.7752365505,-1e-8,13,ARBU
ON,15,141,0.8009816481,-0.032271699,5.7752365505,-1e-8,13,FRAX
ON,15,142,0.8009816481,-0.032271699,5.7752365505,-1e-8,13,SALI
ON,15,143,0.8009816481,-0.032271699,5.7752365505,-1e-8,13,GYMN
ON,15,144,0.8009816481,-0.032271699,5.7752365505,-1e-8,13,CELT
ON,15,145,0.8009816481,-0.032271699,5.7752365505,-1e-8,13,AMEL
ON,15,146,0.8009816481,-0.032271699,5.7752365505,-1e-8,13,CORY
ON,15,147,0.8009816481,-0.032271699,5.7752365505,-1e-8,13,CRAT
ON,15,148,0.8009816481,-0.032271699,5.7752365505,-1e-8,13,ILEX
ON,15,149,0.8009816481,-0.032271699,5.7752365505,-1e-8,13,MALU
ON,15,150,0.8009816481,-0.032271699,5.7752365505,-1e-8,13,NEMO
ON,15,151,0.8009816481,-0.032271699,5.7752365505,-1e-8,13,RHUS
ON,15,152,0.8009816481,-0.032271699,5.7752365505,-1e-8,13,SORB
ON,15,153,0.8009816481,-0.032271699,5.7752365505,-1e-8,13,VIBU
ON,15,154,0.8009816481,-0.032271699,5.7752365505,-1e-8,13,CAST
ON,15,155,0.8009816481,-0.032271699,5.7752365505,-1e-8,13,ASIM
PE,7,1,0.8463364982,-0.028626434,2.1213480257,-0.00100001,4.1,PICE
PE,7,2,0.8417809183,-0.02409053,2.4252882555,-0.00100001,6.45,PINU
PE,7,3,0.8393155954,-0.009392395,0.4141204704,-0.00100001,NA,ABIE
PE,7,4,40.713176774,-0.026601946,0.2004949465,-39.83887349,86,TSUG
PE,7,6,1.8886362165,-0.007755688,0.20000001,-0.972561734,5,LARI
PE,7,7,0.9085541712,-0.012905428,1.2459458366,-0.00100001,2.1,THUJ
PE,7,9,7.3324536862,-0.023864431,0.20000001,-6.500129436,33.65,POPU
PE,7,10,0.8574876261,-0.010913276,0.604938407,-0.00100001,0.1,BETU
PE,7,11,0.804932865,-0.042325549,6.5485725847,-0.00100001,15.35,ACER
PE,7,12,0.8448453732,-0.019969314,1.8483697742,-0.00100001,4.3,GENH
PE,7,71,0.9085541712,-0.012905428,1.2459458366,-0.00100001,2.1,JUNI
PE,7,72,0.9085541712,-0.012905428,1.2459458366,-0.00100001,2.1,TAXU
PE,7,73,0.9085541712,-0.012905428,1.2459458366,-0.00100001,2.1,CHAM
PE,7,121,0.8448453732,-0.019969314,1.8483697742,-0.00100001,4.3,CARY
PE,7,122,0.8448453732,-0.019969314,1.8483697742,-0.00100001,4.3,JUGL
PE,7,123,0.8448453732,-0.019969314,1.8483697742,-0.00100001,4.3,ALNU
PE,7,124,0.8448453732,-0.019969314,1.8483697742,-0.00100001,4.3,OSTR
PE,7,125,0.8448453732,-0.019969314,1.8483697742,-0.00100001,4.3,CARP
PE,7,126,0.8448453732,-0.019969314,1.8483697742,-0.00100001,4.3,FAGU
PE,7,127,0.8448453732,-0.019969314,1.8483697742,-0.00100001,4.3,QUER
PE,7,128,0.8448453732,-0.019969314,1.8483697742,-0.00100001,4.3,ULMU
PE,7,129,0.8448453732,-0.019969314,1.8483697742,-0.00100001,4.3,MORU
PE,7,130,0.8448453732,-0.019969314,1.8483697742,-0.00100001,4.3,LIRI
PE,7,131,0.8448453732,-0.019969314,1.8483697742,-0.00100001,4.3,MAGN
PE,7,132,0.8448453732,-0.019969314,1.8483697742,-0.00100001,4.3,SASS
PE,7,133,0.8448453732,-0.019969314,1.8483697742,-0.00100001,4.3,PLAT
PE,7,134,0.8448453732,-0.019969314,1.8483697742,-0.00100001,4.3,PRUN
PE,7,135,0.8448453732,-0.019969314,1.8483697742,-0.00100001,4.3,GLED
PE,7,136,0.8448453732,-0.019969314,1.8483697742,-0.00100001,4.3,ROBI
PE,7,137,0.8448453732,-0.019969314,1.8483697742,-0.00100001,4.3,TILI
PE,7,138,0.8448453732,-0.019969314,1.8483697742,-0.00100001,4.3,NYSS
PE,7,139,0.8448453732,-0.019969314,1.8483697742,-0.00100001,4.3,CORN
PE,7,140,0.8448453732,-0.019969314,1.8483697742,-0.00100001,4.3,ARBU
PE,7,141,0.8448453732,-0.019969314,1.8483697742,-0.00100001,4.3,FRAX
PE,7,142,0.8448453732,-0.019969314,1.8483697742,-0.00100001,4.3,SALI
PE,7,143,0.8448453732,-0.019969314,1.8483697742,-0.00100001,4.3,GYMN
PE,7,144,0.8448453732,-0.019969314,1.8483697742,-0.00100001,4.3,CELT
PE,7,145,0.8448453732,-0.019969314,1.8483697742,-0.00100001,4.3,AMEL
PE,7,146,0.8448453732,-0.019969314,1.8483697742,-0.00100001,4.3,CORY
PE,7,147,0.8448453732,-0.019969314,1.8483697742,-0.00100001,4.3,CRAT
PE,7,148,0.8448453732,-0.019969314,1.8483697742,-0.00100001,4.3,ILEX
PE,7,149,0.8448453732,-0.019969314,1.8483697742,-0.00100001,4.3,MALU
PE,7,150,0.8448453732,-0.019969314,1.8483697742,-0.00100001,4.3,NEMO
PE,7,151,0.8448453732,-0.019969314,1.8483697742,-0.00100001,4.3,RHUS
PE,7,152,0.8448453732,-0.019969314,1.8483697742,-0.00100001,4.3,SORB
PE,7,153,0.8448453732,-0.019969314,1.8483697742,-0.00100001,4.3,VIBU
PE,7,154,0.8448453732,-0.019969314,1.8483697742,-0.00100001,4.3,CAST
PE,7,155,0.8448453732,-0.019969314,1.8483697742,-0.00100001,4.3,ASIM
QC,1,1,0.8687409255,-0.024240329,1.0616740797,-0.072813812,5,PICE
QC,1,2,0.9127327731,-0.017859017,1.6848740978,-0.00100001,3.5,PINU
QC,1,3,0.935964422,-0.014757331,1.4918282783,-0.050339263,12,ABIE
QC,1,4,1.5421994155,-0.012611689,0.5104521601,-0.617908483,15,TSUG
QC,1,6,0.8818864587,-0.014896321,1.450516939,-0.00100001,3,LARI
QC,1,7,0.925307404,-0.013757791,0.8179576936,-0.017228059,1,THUJ
QC,1,9,0.9367664464,-0.014486927,1.5114493263,-0.00100001,3,POPU
QC,1,10,1.0864577362,-0.011878174,0.76834317,-0.13742605,6.5,BETU
QC,1,11,0.9148694251,-0.014318118,0.8196533989,-0.00100001,NA,ACER
QC,1,12,0.9148014695,-0.018901304,2.7306686686,-0.00100001,10,GENH
QC,1,71,0.925307404,-0.013757791,0.8179576936,-0.017228059,1,JUNI
QC,1,72,0.925307404,-0.013757791,0.8179576936,-0.017228059,1,TAXU
QC,1,73,0.925307404,-0.013757791,0.8179576936,-0.017228059,1,CHAM
QC,1,121,0.9148014695,-0.018901304,2.7306686686,-0.00100001,10,CARY
QC,1,122,0.9148014695,-0.018901304,2.7306686686,-0.00100001,10,JUGL
QC,1,123,0.9148014695,-0.018901304,2.7306686686,-0.00100001,10,ALNU
QC,1,124,0.9148014695,-0.018901304,2.7306686686,-0.00100001,10,OSTR
QC,1,125,0.9148014695,-0.018901304,2.7306686686,-0.00100001,10,CARP
QC,1,126,0.9148014695,-0.018901304,2.7306686686,-0.00100001,10,FAGU
QC,1,127,0.9148014695,-0.018901304,2.7306686686,-0.00100001,10,QUER
QC,1,128,0.9148014695,-0.018901304,2.7306686686,-0.00100001,10,ULMU
QC,1,129,0.9148014695,-0.018901304,2.7306686686,-0.00100001,10,MORU
QC,1,130,0.9148014695,-0.018901304,2.7306686686,-0.00100001,10,LIRI
QC,1,131,0.9148014695,-0.018901304,2.7306686686,-0.00100001,10,MAGN
QC,1,132,0.9148014695,-0.018901304,2.7306686686,-0.00100001,10,SASS
QC,1,133,0.9148014695,-0.018901304,2.7306686686,-0.00100001,10,PLAT
QC,1,134,0.9148014695,-0.018901304,2.7306686686,-0.00100001,10,PRUN
QC,1,135,0.9148014695,-0.018901304,2.7306686686,-0.00100001,10,GLED
QC,1,136,0.9148014695,-0.018901304,2.7306686686,-0.00100001,10,ROBI
QC,1,137,0.9148014695,-0.018901304,2.7306686686,-0.00100001,10,TILI
QC,1,138,0.9148014695,-0.018901304,2.7306686686,-0.00100001,10,NYSS
QC,1,139,0.9148014695,-0.018901304,2.7306686686,-0.00100001,10,CORN
QC,1,140,0.9148014695,-0.018901304,2.7306686686,-0.00100001,10,ARBU
QC,1,141,0.9148014695,-0.018901304,2.7306686686,-0.00100001,10,FRAX
QC,1,142,0.9148014695,-0.018901304,2.7306686686,-0.00100001,10,SALI
QC,1,143,0.9148014695,-0.018901304,2.7306686686,-0.00100001,10,GYMN
QC,1,144,0.9148014695,-0.018901304,2.7306686686,-0.00100001,10,CELT
QC,1,145,0.9148014695,-0.018901304,2.7306686686,-0.00100001,10,AMEL
QC,1,146,0.9148014695,-0.018901304,2.7306686686,-0.00100001,10,CORY
QC,1,147,0.9148014695,-0.018901304,2.7306686686,-0.00100001,10,CRAT
QC,1,148,0.9148014695,-0.018901304,2.7306686686,-0.00100001,10,ILEX
QC,1,149,0.9148014695,-0.018901304,2.7306686686,-0.00100001,10,MALU
QC,1,150,0.9148014695,-0.018901304,2.7306686686,-0.00100001,10,NEMO
QC,1,151,0.9148014695,-0.018901304,2.7306686686,-0.00100001,10,RHUS
QC,1,152,0.9148014695,-0.018901304,2.7306686686,-0.00100001,10,SORB
QC,1,153,0.9148014695,-0.018901304,2.7306686686,-0.00100001,10,VIBU
QC,1,154,0.9148014695,-0.018901304,2.7306686686,-0.00100001,10,CAST
QC,1,155,0.9148014695,-0.018901304,2.7306686686,-0.00100001,10,ASIM
QC,2,1,0.8687409255,-0.024240329,1.0616740797,-0.072813812,5,PICE
QC,2,2,0.9127327731,-0.017859017,1.6848740978,-0.00100001,3.5,PINU
QC,2,3,0.935964422,-0.014757331,1.4918282783,-0.050339263,12,ABIE
QC,2,4,1.5421994155,-0.012611689,0.5104521601,-0.617908483,15,TSUG
QC,2,6,0.8818864587,-0.014896321,1.450516939,-0.00100001,3,LARI
QC,2,7,0.925307404,-0.013757791,0.8179576936,-0.017228059,1,THUJ
QC,2,9,0.9367664464,-0.014486927,1.5114493263,-0.00100001,3,POPU
QC,2,10,1.0864577362,-0.011878174,0.76834317,-0.13742605,6.5,BETU
QC,2,11,0.9148694251,-0.014318118,0.8196533989,-0.00100001,NA,ACER
QC,2,12,0.9148014695,-0.018901304,2.7306686686,-0.00100001,10,GENH
QC,2,71,0.925307404,-0.013757791,0.8179576936,-0.017228059,1,JUNI
QC,2,72,0.925307404,-0.013757791,0.8179576936,-0.017228059,1,TAXU
QC,2,73,0.925307404,-0.013757791,0.8179576936,-0.017228059,1,CHAM
QC,2,121,0.9148014695,-0.018901304,2.7306686686,-0.00100001,10,CARY
QC,2,122,0.9148014695,-0.018901304,2.7306686686,-0.00100001,10,JUGL
QC,2,123,0.9148014695,-0.018901304,2.7306686686,-0.00100001,10,ALNU
QC,2,124,0.9148014695,-0.018901304,2.7306686686,-0.00100001,10,OSTR
QC,2,125,0.9148014695,-0.018901304,2.7306686686,-0.00100001,10,CARP
QC,2,126,0.9148014695,-0.018901304,2.7306686686,-0.00100001,10,FAGU
QC,2,127,0.9148014695,-0.018901304,2.7306686686,-0.00100001,10,QUER
QC,2,128,0.9148014695,-0.018901304,2.7306686686,-0.00100001,10,ULMU
QC,2,129,0.9148014695,-0.018901304,2.7306686686,-0.00100001,10,MORU
QC,2,130,0.9148014695,-0.018901304,2.7306686686,-0.00100001,10,LIRI
QC,2,131,0.9148014695,-0.018901304,2.7306686686,-0.00100001,10,MAGN
QC,2,132,0.9148014695,-0.018901304,2.7306686686,-0.00100001,10,SASS
QC,2,133,0.9148014695,-0.018901304,2.7306686686,-0.00100001,10,PLAT
QC,2,134,0.9148014695,-0.018901304,2.7306686686,-0.00100001,10,PRUN
QC,2,135,0.9148014695,-0.018901304,2.7306686686,-0.00100001,10,GLED
QC,2,136,0.9148014695,-0.018901304,2.7306686686,-0.00100001,10,ROBI
QC,2,137,0.9148014695,-0.018901304,2.7306686686,-0.00100001,10,TILI
QC,2,138,0.9148014695,-0.018901304,2.7306686686,-0.00100001,10,NYSS
QC,2,139,0.9148014695,-0.018901304,2.7306686686,-0.00100001,10,CORN
QC,2,140,0.9148014695,-0.018901304,2.7306686686,-0.00100001,10,ARBU
QC,2,141,0.9148014695,-0.018901304,2.7306686686,-0.00100001,10,FRAX
QC,2,142,0.9148014695,-0.018901304,2.7306686686,-0.00100001,10,SALI
QC,2,143,0.9148014695,-0.018901304,2.7306686686,-0.00100001,10,GYMN
QC,2,144,0.9148014695,-0.018901304,2.7306686686,-0.00100001,10,CELT
QC,2,145,0.9148014695,-0.018901304,2.7306686686,-0.00100001,10,AMEL
QC,2,146,0.9148014695,-0.018901304,2.7306686686,-0.00100001,10,CORY
QC,2,147,0.9148014695,-0.018901304,2.7306686686,-0.00100001,10,CRAT
QC,2,148,0.9148014695,-0.018901304,2.7306686686,-0.00100001,10,ILEX
QC,2,149,0.9148014695,-0.018901304,2.7306686686,-0.00100001,10,MALU
QC,2,150,0.9148014695,-0.018901304,2.7306686686,-0.00100001,10,NEMO
QC,2,151,0.9148014695,-0.018901304,2.7306686686,-0.00100001,10,RHUS
QC,2,152,0.9148014695,-0.018901304,2.7306686686,-0.00100001,10,SORB
QC,2,153,0.9148014695,-0.018901304,2.7306686686,-0.00100001,10,VIBU
QC,2,154,0.9148014695,-0.018901304,2.7306686686,-0.00100001,10,CAST
QC,2,155,0.9148014695,-0.018901304,2.7306686686,-0.00100001,10,ASIM
QC,3,1,0.8687409255,-0.024240329,1.0616740797,-0.072813812,5,PICE
QC,3,2,0.9127327731,-0.017859017,1.6848740978,-0.00100001,3.5,PINU
QC,3,3,0.935964422,-0.014757331,1.4918282783,-0.050339263,12,ABIE
QC,3,4,1.5421994155,-0.012611689,0.5104521601,-0.617908483,15,TSUG
QC,3,6,0.8818864587,-0.014896321,1.450516939,-0.00100001,3,LARI
QC,3,7,0.925307404,-0.013757791,0.8179576936,-0.017228059,1,THUJ
QC,3,9,0.9367664464,-0.014486927,1.5114493263,-0.00100001,3,POPU
QC,3,10,1.0864577362,-0.011878174,0.76834317,-0.13742605,6.5,BETU
QC,3,11,0.9148694251,-0.014318118,0.8196533989,-0.00100001,NA,ACER
QC,3,12,0.9148014695,-0.018901304,2.7306686686,-0.00100001,10,GENH
QC,3,71,0.925307404,-0.013757791,0.8179576936,-0.017228059,1,JUNI
QC,3,72,0.925307404,-0.013757791,0.8179576936,-0.017228059,1,TAXU
QC,3,73,0.925307404,-0.013757791,0.8179576936,-0.017228059,1,CHAM
QC,3,121,0.9148014695,-0.018901304,2.7306686686,-0.00100001,10,CARY
QC,3,122,0.9148014695,-0.018901304,2.7306686686,-0.00100001,10,JUGL
QC,3,123,0.9148014695,-0.018901304,2.7306686686,-0.00100001,10,ALNU
QC,3,124,0.9148014695,-0.018901304,2.7306686686,-0.00100001,10,OSTR
QC,3,125,0.9148014695,-0.018901304,2.7306686686,-0.00100001,10,CARP
QC,3,126,0.9148014695,-0.018901304,2.7306686686,-0.00100001,10,FAGU
QC,3,127,0.9148014695,-0.018901304,2.7306686686,-0.00100001,10,QUER
QC,3,128,0.9148014695,-0.018901304,2.7306686686,-0.00100001,10,ULMU
QC,3,129,0.9148014695,-0.018901304,2.7306686686,-0.00100001,10,MORU
QC,3,130,0.9148014695,-0.018901304,2.7306686686,-0.00100001,10,LIRI
QC,3,131,0.9148014695,-0.018901304,2.7306686686,-0.00100001,10,MAGN
QC,3,132,0.9148014695,-0.018901304,2.7306686686,-0.00100001,10,SASS
QC,3,133,0.9148014695,-0.018901304,2.7306686686,-0.00100001,10,PLAT
QC,3,134,0.9148014695,-0.018901304,2.7306686686,-0.00100001,10,PRUN
QC,3,135,0.9148014695,-0.018901304,2.7306686686,-0.00100001,10,GLED
QC,3,136,0.9148014695,-0.018901304,2.7306686686,-0.00100001,10,ROBI
QC,3,137,0.9148014695,-0.018901304,2.7306686686,-0.00100001,10,TILI
QC,3,138,0.9148014695,-0.018901304,2.7306686686,-0.00100001,10,NYSS
QC,3,139,0.9148014695,-0.018901304,2.7306686686,-0.00100001,10,CORN
QC,3,140,0.9148014695,-0.018901304,2.7306686686,-0.00100001,10,ARBU
QC,3,141,0.9148014695,-0.018901304,2.7306686686,-0.00100001,10,FRAX
QC,3,142,0.9148014695,-0.018901304,2.7306686686,-0.00100001,10,SALI
QC,3,143,0.9148014695,-0.018901304,2.7306686686,-0.00100001,10,GYMN
QC,3,144,0.9148014695,-0.018901304,2.7306686686,-0.00100001,10,CELT
QC,3,145,0.9148014695,-0.018901304,2.7306686686,-0.00100001,10,AMEL
QC,3,146,0.9148014695,-0.018901304,2.7306686686,-0.00100001,10,CORY
QC,3,147,0.9148014695,-0.018901304,2.7306686686,-0.00100001,10,CRAT
QC,3,148,0.9148014695,-0.018901304,2.7306686686,-0.00100001,10,ILEX
QC,3,149,0.9148014695,-0.018901304,2.7306686686,-0.00100001,10,MALU
QC,3,150,0.9148014695,-0.018901304,2.7306686686,-0.00100001,10,NEMO
QC,3,151,0.9148014695,-0.018901304,2.7306686686,-0.00100001,10,RHUS
QC,3,152,0.9148014695,-0.018901304,2.7306686686,-0.00100001,10,SORB
QC,3,153,0.9148014695,-0.018901304,2.7306686686,-0.00100001,10,VIBU
QC,3,154,0.9148014695,-0.018901304,2.7306686686,-0.00100001,10,CAST
QC,3,155,0.9148014695,-0.018901304,2.7306686686,-0.00100001,10,ASIM
QC,5,1,0.8687409255,-0.024240329,1.0616740797,-0.072813812,5,PICE
QC,5,2,0.9127327731,-0.017859017,1.6848740978,-0.00100001,3.5,PINU
QC,5,3,0.935964422,-0.014757331,1.4918282783,-0.050339263,12,ABIE
QC,5,4,1.5421994155,-0.012611689,0.5104521601,-0.617908483,15,TSUG
QC,5,6,0.8818864587,-0.014896321,1.450516939,-0.00100001,3,LARI
QC,5,7,0.925307404,-0.013757791,0.8179576936,-0.017228059,1,THUJ
QC,5,8,0.8687409255,-0.024240329,1.0616740797,-0.072813812,5,GENC
QC,5,9,0.9367664464,-0.014486927,1.5114493263,-0.00100001,3,POPU
QC,5,10,1.0864577362,-0.011878174,0.76834317,-0.13742605,6.5,BETU
QC,5,11,0.9148694251,-0.014318118,0.8196533989,-0.00100001,NA,ACER
QC,5,12,0.9148014695,-0.018901304,2.7306686686,-0.00100001,10,GENH
QC,5,71,0.925307404,-0.013757791,0.8179576936,-0.017228059,1,JUNI
QC,5,72,0.925307404,-0.013757791,0.8179576936,-0.017228059,1,TAXU
QC,5,73,0.925307404,-0.013757791,0.8179576936,-0.017228059,1,CHAM
QC,5,81,0.8687409255,-0.024240329,1.0616740797,-0.072813812,5,NA
QC,5,121,0.9148014695,-0.018901304,2.7306686686,-0.00100001,10,CARY
QC,5,122,0.9148014695,-0.018901304,2.7306686686,-0.00100001,10,JUGL
QC,5,123,0.9148014695,-0.018901304,2.7306686686,-0.00100001,10,ALNU
QC,5,124,0.9148014695,-0.018901304,2.7306686686,-0.00100001,10,OSTR
QC,5,125,0.9148014695,-0.018901304,2.7306686686,-0.00100001,10,CARP
QC,5,126,0.9148014695,-0.018901304,2.7306686686,-0.00100001,10,FAGU
QC,5,127,0.9148014695,-0.018901304,2.7306686686,-0.00100001,10,QUER
QC,5,128,0.9148014695,-0.018901304,2.7306686686,-0.00100001,10,ULMU
QC,5,129,0.9148014695,-0.018901304,2.7306686686,-0.00100001,10,MORU
QC,5,130,0.9148014695,-0.018901304,2.7306686686,-0.00100001,10,LIRI
QC,5,131,0.9148014695,-0.018901304,2.7306686686,-0.00100001,10,MAGN
QC,5,132,0.9148014695,-0.018901304,2.7306686686,-0.00100001,10,SASS
QC,5,133,0.9148014695,-0.018901304,2.7306686686,-0.00100001,10,PLAT
QC,5,134,0.9148014695,-0.018901304,2.7306686686,-0.00100001,10,PRUN
QC,5,135,0.9148014695,-0.018901304,2.7306686686,-0.00100001,10,GLED
QC,5,136,0.9148014695,-0.018901304,2.7306686686,-0.00100001,10,ROBI
QC,5,137,0.9148014695,-0.018901304,2.7306686686,-0.00100001,10,TILI
QC,5,138,0.9148014695,-0.018901304,2.7306686686,-0.00100001,10,NYSS
QC,5,139,0.9148014695,-0.018901304,2.7306686686,-0.00100001,10,CORN
QC,5,140,0.9148014695,-0.018901304,2.7306686686,-0.00100001,10,ARBU
QC,5,141,0.9148014695,-0.018901304,2.7306686686,-0.00100001,10,FRAX
QC,5,142,0.9148014695,-0.018901304,2.7306686686,-0.00100001,10,SALI
QC,5,143,0.9148014695,-0.018901304,2.7306686686,-0.00100001,10,GYMN
QC,5,144,0.9148014695,-0.018901304,2.7306686686,-0.00100001,10,CELT
QC,5,145,0.9148014695,-0.018901304,2.7306686686,-0.00100001,10,AMEL
QC,5,146,0.9148014695,-0.018901304,2.7306686686,-0.00100001,10,CORY
QC,5,147,0.9148014695,-0.018901304,2.7306686686,-0.00100001,10,CRAT
QC,5,148,0.9148014695,-0.018901304,2.7306686686,-0.00100001,10,ILEX
QC,5,149,0.9148014695,-0.018901304,2.7306686686,-0.00100001,10,MALU
QC,5,150,0.9148014695,-0.018901304,2.7306686686,-0.00100001,10,NEMO
QC,5,151,0.9148014695,-0.018901304,2.7306686686,-0.00100001,10,RHUS
QC,5,152,0.9148014695,-0.018901304,2.7306686686,-0.00100001,10,SORB
QC,5,153,0.9148014695,-0.018901304,2.7306686686,-0.00100001,10,VIBU
QC,5,154,0.9148014695,-0.018901304,2.7306686686,-0.00100001,10,CAST
QC,5,155,0.9148014695,-0.018901304,2.7306686686,-0.00100001,10,ASIM
QC,6,1,0.8937629769,-0.018875533,1.8748842083,-0.00100001,4.5,PICE
QC,6,2,0.9127327731,-0.017859017,1.6848740978,-0.00100001,3.5,PINU
QC,6,3,0.935964422,-0.014757331,1.4918282783,-0.050339263,12,ABIE
QC,6,4,1.5421994155,-0.012611689,0.5104521601,-0.617908483,15,TSUG
QC,6,6,0.8818864587,-0.014896321,1.450516939,-0.00100001,3,LARI
QC,6,7,0.925307404,-0.013757791,0.8179576936,-0.017228059,1,THUJ
QC,6,8,0.8937629769,-0.018875533,1.8748842083,-0.00100001,4.5,GENC
QC,6,9,0.9367664464,-0.014486927,1.5114493263,-0.00100001,3,POPU
QC,6,10,1.0864577362,-0.011878174,0.76834317,-0.13742605,6.5,BETU
QC,6,11,0.9148694251,-0.014318118,0.8196533989,-0.00100001,NA,ACER
QC,6,12,0.9148014695,-0.018901304,2.7306686686,-0.00100001,10,GENH
QC,6,71,0.925307404,-0.013757791,0.8179576936,-0.017228059,1,JUNI
QC,6,72,0.925307404,-0.013757791,0.8179576936,-0.017228059,1,TAXU
QC,6,73,0.925307404,-0.013757791,0.8179576936,-0.017228059,1,CHAM
QC,6,81,0.8937629769,-0.018875533,1.8748842083,-0.00100001,4.5,NA
QC,6,121,0.9148014695,-0.018901304,2.7306686686,-0.00100001,10,CARY
QC,6,122,0.9148014695,-0.018901304,2.7306686686,-0.00100001,10,JUGL
QC,6,123,0.9148014695,-0.018901304,2.7306686686,-0.00100001,10,ALNU
QC,6,124,0.9148014695,-0.018901304,2.7306686686,-0.00100001,10,OSTR
QC,6,125,0.9148014695,-0.018901304,2.7306686686,-0.00100001,10,CARP
QC,6,126,0.9148014695,-0.018901304,2.7306686686,-0.00100001,10,FAGU
QC,6,127,0.9148014695,-0.018901304,2.7306686686,-0.00100001,10,QUER
QC,6,128,0.9148014695,-0.018901304,2.7306686686,-0.00100001,10,ULMU
QC,6,129,0.9148014695,-0.018901304,2.7306686686,-0.00100001,10,MORU
QC,6,130,0.9148014695,-0.018901304,2.7306686686,-0.00100001,10,LIRI
QC,6,131,0.9148014695,-0.018901304,2.7306686686,-0.00100001,10,MAGN
QC,6,132,0.9148014695,-0.018901304,2.7306686686,-0.00100001,10,SASS
QC,6,133,0.9148014695,-0.018901304,2.7306686686,-0.00100001,10,PLAT
QC,6,134,0.9148014695,-0.018901304,2.7306686686,-0.00100001,10,PRUN
QC,6,135,0.9148014695,-0.018901304,2.7306686686,-0.00100001,10,GLED
QC,6,136,0.9148014695,-0.018901304,2.7306686686,-0.00100001,10,ROBI
QC,6,137,0.9148014695,-0.018901304,2.7306686686,-0.00100001,10,TILI
QC,6,138,0.9148014695,-0.018901304,2.7306686686,-0.00100001,10,NYSS
QC,6,139,0.9148014695,-0.018901304,2.7306686686,-0.00100001,10,CORN
QC,6,140,0.9148014695,-0.018901304,2.7306686686,-0.00100001,10,ARBU
QC,6,141,0.9148014695,-0.018901304,2.7306686686,-0.00100001,10,FRAX
QC,6,142,0.9148014695,-0.018901304,2.7306686686,-0.00100001,10,SALI
QC,6,143,0.9148014695,-0.018901304,2.7306686686,-0.00100001,10,GYMN
QC,6,144,0.9148014695,-0.018901304,2.7306686686,-0.00100001,10,CELT
QC,6,145,0.9148014695,-0.018901304,2.7306686686,-0.00100001,10,AMEL
QC,6,146,0.9148014695,-0.018901304,2.7306686686,-0.00100001,10,CORY
QC,6,147,0.9148014695,-0.018901304,2.7306686686,-0.00100001,10,CRAT
QC,6,148,0.9148014695,-0.018901304,2.7306686686,-0.00100001,10,ILEX
QC,6,149,0.9148014695,-0.018901304,2.7306686686,-0.00100001,10,MALU
QC,6,150,0.9148014695,-0.018901304,2.7306686686,-0.00100001,10,NEMO
QC,6,151,0.9148014695,-0.018901304,2.7306686686,-0.00100001,10,RHUS
QC,6,152,0.9148014695,-0.018901304,2.7306686686,-0.00100001,10,SORB
QC,6,153,0.9148014695,-0.018901304,2.7306686686,-0.00100001,10,VIBU
QC,6,154,0.9148014695,-0.018901304,2.7306686686,-0.00100001,10,CAST
QC,6,155,0.9148014695,-0.018901304,2.7306686686,-0.00100001,10,ASIM
QC,7,1,0.8877999481,-0.018226425,2.0196710876,-0.00100001,5.5,PICE
QC,7,2,0.8417809183,-0.02409053,2.4252882555,-0.00100001,6.5,PINU
QC,7,3,0.9489402967,-0.01197053,1.22570177,-0.046509141,9,ABIE
QC,7,4,1.0338041628,-0.012651366,0.7861984223,-0.12272132,6,TSUG
QC,7,6,1.89999999,-0.007226541,0.2665096689,-0.950726102,11,LARI
QC,7,7,0.9520444362,-0.01029506,0.8199439641,-0.053123118,3.5,THUJ
QC,7,8,0.8877999481,-0.018226425,2.0196710876,-0.00100001,5.5,GENC
QC,7,9,0.9068175259,-0.013711767,1.5368607631,-0.00100001,3.5,POPU
QC,7,10,1.0733294438,-0.007973864,0.7751199051,-0.07854326,5,BETU
QC,7,11,0.9558665587,-0.012544294,1.18896177,-0.00100001,2,ACER
QC,7,12,0.9351258489,-0.015443999,2.5195325745,-0.00100001,10.5,GENH
QC,7,71,0.9520444362,-0.01029506,0.8199439641,-0.053123118,3.5,JUNI
QC,7,72,0.9520444362,-0.01029506,0.8199439641,-0.053123118,3.5,TAXU
QC,7,73,0.9520444362,-0.01029506,0.8199439641,-0.053123118,3.5,CHAM
QC,7,81,0.8877999481,-0.018226425,2.0196710876,-0.00100001,5.5,NA
QC,7,121,0.9351258489,-0.015443999,2.5195325745,-0.00100001,10.5,CARY
QC,7,122,0.9351258489,-0.015443999,2.5195325745,-0.00100001,10.5,JUGL
QC,7,123,0.9351258489,-0.015443999,2.5195325745,-0.00100001,10.5,ALNU
QC,7,124,0.9351258489,-0.015443999,2.5195325745,-0.00100001,10.5,OSTR
QC,7,125,0.9351258489,-0.015443999,2.5195325745,-0.00100001,10.5,CARP
QC,7,126,0.9351258489,-0.015443999,2.5195325745,-0.00100001,10.5,FAGU
QC,7,127,0.9351258489,-0.015443999,2.5195325745,-0.00100001,10.5,QUER
QC,7,128,0.9351258489,-0.015443999,2.5195325745,-0.00100001,10.5,ULMU
QC,7,129,0.9351258489,-0.015443999,2.5195325745,-0.00100001,10.5,MORU
QC,7,130,0.9351258489,-0.015443999,2.5195325745,-0.00100001,10.5,LIRI
QC,7,131,0.9351258489,-0.015443999,2.5195325745,-0.00100001,10.5,MAGN
QC,7,132,0.9351258489,-0.015443999,2.5195325745,-0.00100001,10.5,SASS
QC,7,133,0.9351258489,-0.015443999,2.5195325745,-0.00100001,10.5,PLAT
QC,7,134,0.9351258489,-0.015443999,2.5195325745,-0.00100001,10.5,PRUN
QC,7,135,0.9351258489,-0.015443999,2.5195325745,-0.00100001,10.5,GLED
QC,7,136,0.9351258489,-0.015443999,2.5195325745,-0.00100001,10.5,ROBI
QC,7,137,0.9351258489,-0.015443999,2.5195325745,-0.00100001,10.5,TILI
QC,7,138,0.9351258489,-0.015443999,2.5195325745,-0.00100001,10.5,NYSS
QC,7,139,0.9351258489,-0.015443999,2.5195325745,-0.00100001,10.5,CORN
QC,7,140,0.9351258489,-0.015443999,2.5195325745,-0.00100001,10.5,ARBU
QC,7,141,0.9351258489,-0.015443999,2.5195325745,-0.00100001,10.5,FRAX
QC,7,142,0.9351258489,-0.015443999,2.5195325745,-0.00100001,10.5,SALI
QC,7,143,0.9351258489,-0.015443999,2.5195325745,-0.00100001,10.5,GYMN
QC,7,144,0.9351258489,-0.015443999,2.5195325745,-0.00100001,10.5,CELT
QC,7,145,0.9351258489,-0.015443999,2.5195325745,-0.00100001,10.5,AMEL
QC,7,146,0.9351258489,-0.015443999,2.5195325745,-0.00100001,10.5,CORY
QC,7,147,0.9351258489,-0.015443999,2.5195325745,-0.00100001,10.5,CRAT
QC,7,148,0.9351258489,-0.015443999,2.5195325745,-0.00100001,10.5,ILEX
QC,7,149,0.9351258489,-0.015443999,2.5195325745,-0.00100001,10.5,MALU
QC,7,150,0.9351258489,-0.015443999,2.5195325745,-0.00100001,10.5,NEMO
QC,7,151,0.9351258489,-0.015443999,2.5195325745,-0.00100001,10.5,RHUS
QC,7,152,0.9351258489,-0.015443999,2.5195325745,-0.00100001,10.5,SORB
QC,7,153,0.9351258489,-0.015443999,2.5195325745,-0.00100001,10.5,VIBU
QC,7,154,0.9351258489,-0.015443999,2.5195325745,-0.00100001,10.5,CAST
QC,7,155,0.9351258489,-0.015443999,2.5195325745,-0.00100001,10.5,ASIM
QC,8,1,0.8493581091,-0.018561563,2.0766564051,-0.004378806,7.5,PICE
QC,8,2,0.8704171983,-0.015521109,1.4519231603,-0.00100001,3,PINU
QC,8,3,1.1954021251,-0.005804702,0.5252518212,-0.225055494,8,ABIE
QC,8,4,1.2832663734,-0.007155092,0.4911957499,-0.324996061,9,TSUG
QC,8,6,0.850794873,-0.014667021,1.2562427515,-0.00100001,2,LARI
QC,8,7,0.9680865787,-0.008242607,1.0612034546,-0.00100001,2,THUJ
QC,8,8,0.8493581091,-0.018561563,2.0766564051,-0.004378806,7.5,GENC
QC,8,9,0.9011993692,-0.016744425,2.2701409171,-0.00100001,8,POPU
QC,8,10,0.9028788819,-0.01777985,2.682986902,-0.00100001,10,BETU
QC,8,11,0.9290168033,-0.012286448,1.0827327503,-0.00100001,1.5,ACER
QC,8,12,1.011678463,-0.007942446,0.9092733966,-0.00100001,1,GENH
QC,8,71,0.9680865787,-0.008242607,1.0612034546,-0.00100001,2,JUNI
QC,8,72,0.9680865787,-0.008242607,1.0612034546,-0.00100001,2,TAXU
QC,8,73,0.9680865787,-0.008242607,1.0612034546,-0.00100001,2,CHAM
QC,8,81,0.8493581091,-0.018561563,2.0766564051,-0.004378806,7.5,NA
QC,8,121,1.011678463,-0.007942446,0.9092733966,-0.00100001,1,CARY
QC,8,122,1.011678463,-0.007942446,0.9092733966,-0.00100001,1,JUGL
QC,8,123,1.011678463,-0.007942446,0.9092733966,-0.00100001,1,ALNU
QC,8,124,1.011678463,-0.007942446,0.9092733966,-0.00100001,1,OSTR
QC,8,125,1.011678463,-0.007942446,0.9092733966,-0.00100001,1,CARP
QC,8,126,1.011678463,-0.007942446,0.9092733966,-0.00100001,1,FAGU
QC,8,127,1.011678463,-0.007942446,0.9092733966,-0.00100001,1,QUER
QC,8,128,1.011678463,-0.007942446,0.9092733966,-0.00100001,1,ULMU
QC,8,129,1.011678463,-0.007942446,0.9092733966,-0.00100001,1,MORU
QC,8,130,1.011678463,-0.007942446,0.9092733966,-0.00100001,1,LIRI
QC,8,131,1.011678463,-0.007942446,0.9092733966,-0.00100001,1,MAGN
QC,8,132,1.011678463,-0.007942446,0.9092733966,-0.00100001,1,SASS
QC,8,133,1.011678463,-0.007942446,0.9092733966,-0.00100001,1,PLAT
QC,8,134,1.011678463,-0.007942446,0.9092733966,-0.00100001,1,PRUN
QC,8,135,1.011678463,-0.007942446,0.9092733966,-0.00100001,1,GLED
QC,8,136,1.011678463,-0.007942446,0.9092733966,-0.00100001,1,ROBI
QC,8,137,1.011678463,-0.007942446,0.9092733966,-0.00100001,1,TILI
QC,8,138,1.011678463,-0.007942446,0.9092733966,-0.00100001,1,NYSS
QC,8,139,1.011678463,-0.007942446,0.9092733966,-0.00100001,1,CORN
QC,8,140,1.011678463,-0.007942446,0.9092733966,-0.00100001,1,ARBU
QC,8,141,1.011678463,-0.007942446,0.9092733966,-0.00100001,1,FRAX
QC,8,142,1.011678463,-0.007942446,0.9092733966,-0.00100001,1,SALI
QC,8,143,1.011678463,-0.007942446,0.9092733966,-0.00100001,1,GYMN
QC,8,144,1.011678463,-0.007942446,0.9092733966,-0.00100001,1,CELT
QC,8,145,1.011678463,-0.007942446,0.9092733966,-0.00100001,1,AMEL
QC,8,146,1.011678463,-0.007942446,0.9092733966,-0.00100001,1,CORY
QC,8,147,1.011678463,-0.007942446,0.9092733966,-0.00100001,1,CRAT
QC,8,148,1.011678463,-0.007942446,0.9092733966,-0.00100001,1,ILEX
QC,8,149,1.011678463,-0.007942446,0.9092733966,-0.00100001,1,MALU
QC,8,150,1.011678463,-0.007942446,0.9092733966,-0.00100001,1,NEMO
QC,8,151,1.011678463,-0.007942446,0.9092733966,-0.00100001,1,RHUS
QC,8,152,1.011678463,-0.007942446,0.9092733966,-0.00100001,1,SORB
QC,8,153,1.011678463,-0.007942446,0.9092733966,-0.00100001,1,VIBU
QC,8,154,1.011678463,-0.007942446,0.9092733966,-0.00100001,1,CAST
QC,8,155,1.011678463,-0.007942446,0.9092733966,-0.00100001,1,ASIM
QC,15,1,0.9539127556,-0.011220849,1.1763508141,-0.00100001,2,PICE
QC,15,2,0.6639409934,-0.061758193,6.6828015695,-0.00100001,11,PINU
QC,15,3,0.935964422,-0.014757331,1.4918282783,-0.050339263,12,ABIE
QC,15,4,1.5421994155,-0.012611689,0.5104521601,-0.617908483,15,TSUG
QC,15,6,0.8818864587,-0.014896321,1.450516939,-0.00100001,3,LARI
QC,15,7,0.925307404,-0.013757791,0.8179576936,-0.017228059,1,THUJ
QC,15,8,0.9539127556,-0.011220849,1.1763508141,-0.00100001,2,GENC
QC,15,9,0.9367664464,-0.014486927,1.5114493263,-0.00100001,3,POPU
QC,15,10,1.0864577362,-0.011878174,0.76834317,-0.13742605,6.5,BETU
QC,15,11,0.9148694251,-0.014318118,0.8196533989,-0.00100001,NA,ACER
QC,15,12,0.9148014695,-0.018901304,2.7306686686,-0.00100001,10,GENH
QC,15,71,0.925307404,-0.013757791,0.8179576936,-0.017228059,1,JUNI
QC,15,72,0.925307404,-0.013757791,0.8179576936,-0.017228059,1,TAXU
QC,15,73,0.925307404,-0.013757791,0.8179576936,-0.017228059,1,CHAM
QC,15,81,0.9539127556,-0.011220849,1.1763508141,-0.00100001,2,NA
QC,15,121,0.9148014695,-0.018901304,2.7306686686,-0.00100001,10,CARY
QC,15,122,0.9148014695,-0.018901304,2.7306686686,-0.00100001,10,JUGL
QC,15,123,0.9148014695,-0.018901304,2.7306686686,-0.00100001,10,ALNU
QC,15,124,0.9148014695,-0.018901304,2.7306686686,-0.00100001,10,OSTR
QC,15,125,0.9148014695,-0.018901304,2.7306686686,-0.00100001,10,CARP
QC,15,126,0.9148014695,-0.018901304,2.7306686686,-0.00100001,10,FAGU
QC,15,127,0.9148014695,-0.018901304,2.7306686686,-0.00100001,10,QUER
QC,15,128,0.9148014695,-0.018901304,2.7306686686,-0.00100001,10,ULMU
QC,15,129,0.9148014695,-0.018901304,2.7306686686,-0.00100001,10,MORU
QC,15,130,0.9148014695,-0.018901304,2.7306686686,-0.00100001,10,LIRI
QC,15,131,0.9148014695,-0.018901304,2.7306686686,-0.00100001,10,MAGN
QC,15,132,0.9148014695,-0.018901304,2.7306686686,-0.00100001,10,SASS
QC,15,133,0.9148014695,-0.018901304,2.7306686686,-0.00100001,10,PLAT
QC,15,134,0.9148014695,-0.018901304,2.7306686686,-0.00100001,10,PRUN
QC,15,135,0.9148014695,-0.018901304,2.7306686686,-0.00100001,10,GLED
QC,15,136,0.9148014695,-0.018901304,2.7306686686,-0.00100001,10,ROBI
QC,15,137,0.9148014695,-0.018901304,2.7306686686,-0.00100001,10,TILI
QC,15,138,0.9148014695,-0.018901304,2.7306686686,-0.00100001,10,NYSS
QC,15,139,0.9148014695,-0.018901304,2.7306686686,-0.00100001,10,CORN
QC,15,140,0.9148014695,-0.018901304,2.7306686686,-0.00100001,10,ARBU
QC,15,141,0.9148014695,-0.018901304,2.7306686686,-0.00100001,10,FRAX
QC,15,142,0.9148014695,-0.018901304,2.7306686686,-0.00100001,10,SALI
QC,15,143,0.9148014695,-0.018901304,2.7306686686,-0.00100001,10,GYMN
QC,15,144,0.9148014695,-0.018901304,2.7306686686,-0.00100001,10,CELT
QC,15,145,0.9148014695,-0.018901304,2.7306686686,-0.00100001,10,AMEL
QC,15,146,0.9148014695,-0.018901304,2.7306686686,-0.00100001,10,CORY
QC,15,147,0.9148014695,-0.018901304,2.7306686686,-0.00100001,10,CRAT
QC,15,148,0.9148014695,-0.018901304,2.7306686686,-0.00100001,10,ILEX
QC,15,149,0.9148014695,-0.018901304,2.7306686686,-0.00100001,10,MALU
QC,15,150,0.9148014695,-0.018901304,2.7306686686,-0.00100001,10,NEMO
QC,15,151,0.9148014695,-0.018901304,2.7306686686,-0.00100001,10,RHUS
QC,15,152,0.9148014695,-0.018901304,2.7306686686,-0.00100001,10,SORB
QC,15,153,0.9148014695,-0.018901304,2.7306686686,-0.00100001,10,VIBU
QC,15,154,0.9148014695,-0.018901304,2.7306686686,-0.00100001,10,CAST
QC,15,155,0.9148014695,-0.018901304,2.7306686686,-0.00100001,10,ASIM
SK,5,1,0.8684221036,-0.021035838,3.5988626446,-0.010042587,20,PICE
SK,5,2,0.9383320028,-0.027168467,8.6766479965,-1.0001e-4,26.5,PINU
SK,5,3,0.8676967281,-0.02563542,4.9782991449,-0.022615324,28,ABIE
SK,5,6,0.730776434,-0.029042977,9.6398095675,-1.0001e-4,29,LARI
SK,5,9,1.09999999,-0.008898638,1.9514321513,-1.0001e-4,8,POPU
SK,5,10,0.7095459501,-0.102013704,74.99999999,-1.0001e-4,26,BETU
SK,5,11,0.8572270625,-0.017103576,1.717827612,-0.022857475,9.5,ACER
SK,5,12,0.8572270625,-0.017103576,1.717827612,-0.022857475,9.5,GENH
SK,5,121,0.8572270625,-0.017103576,1.717827612,-0.022857475,9.5,CARY
SK,5,122,0.8572270625,-0.017103576,1.717827612,-0.022857475,9.5,JUGL
SK,5,123,0.8572270625,-0.017103576,1.717827612,-0.022857475,9.5,ALNU
SK,5,124,0.8572270625,-0.017103576,1.717827612,-0.022857475,9.5,OSTR
SK,5,125,0.8572270625,-0.017103576,1.717827612,-0.022857475,9.5,CARP
SK,5,126,0.8572270625,-0.017103576,1.717827612,-0.022857475,9.5,FAGU
SK,5,127,0.8572270625,-0.017103576,1.717827612,-0.022857475,9.5,QUER
SK,5,128,0.8572270625,-0.017103576,1.717827612,-0.022857475,9.5,ULMU
SK,5,129,0.8572270625,-0.017103576,1.717827612,-0.022857475,9.5,MORU
SK,5,130,0.8572270625,-0.017103576,1.717827612,-0.022857475,9.5,LIRI
SK,5,131,0.8572270625,-0.017103576,1.717827612,-0.022857475,9.5,MAGN
SK,5,132,0.8572270625,-0.017103576,1.717827612,-0.022857475,9.5,SASS
SK,5,133,0.8572270625,-0.017103576,1.717827612,-0.022857475,9.5,PLAT
SK,5,134,0.8572270625,-0.017103576,1.717827612,-0.022857475,9.5,PRUN
SK,5,135,0.8572270625,-0.017103576,1.717827612,-0.022857475,9.5,GLED
SK,5,136,0.8572270625,-0.017103576,1.717827612,-0.022857475,9.5,ROBI
SK,5,137,0.8572270625,-0.017103576,1.717827612,-0.022857475,9.5,TILI
SK,5,138,0.8572270625,-0.017103576,1.717827612,-0.022857475,9.5,NYSS
SK,5,139,0.8572270625,-0.017103576,1.717827612,-0.022857475,9.5,CORN
SK,5,140,0.8572270625,-0.017103576,1.717827612,-0.022857475,9.5,ARBU
SK,5,141,0.8572270625,-0.017103576,1.717827612,-0.022857475,9.5,FRAX
SK,5,142,0.8572270625,-0.017103576,1.717827612,-0.022857475,9.5,SALI
SK,5,143,0.8572270625,-0.017103576,1.717827612,-0.022857475,9.5,GYMN
SK,5,144,0.8572270625,-0.017103576,1.717827612,-0.022857475,9.5,CELT
SK,5,145,0.8572270625,-0.017103576,1.717827612,-0.022857475,9.5,AMEL
SK,5,146,0.8572270625,-0.017103576,1.717827612,-0.022857475,9.5,CORY
SK,5,147,0.8572270625,-0.017103576,1.717827612,-0.022857475,9.5,CRAT
SK,5,148,0.8572270625,-0.017103576,1.717827612,-0.022857475,9.5,ILEX
SK,5,149,0.8572270625,-0.017103576,1.717827612,-0.022857475,9.5,MALU
SK,5,150,0.8572270625,-0.017103576,1.717827612,-0.022857475,9.5,NEMO
SK,5,151,0.8572270625,-0.017103576,1.717827612,-0.022857475,9.5,RHUS
SK,5,152,0.8572270625,-0.017103576,1.717827612,-0.022857475,9.5,SORB
SK,5,153,0.8572270625,-0.017103576,1.717827612,-0.022857475,9.5,VIBU
SK,5,154,0.8572270625,-0.017103576,1.717827612,-0.022857475,9.5,CAST
SK,5,155,0.8572270625,-0.017103576,1.717827612,-0.022857475,9.5,ASIM
SK,6,1,0.8684221036,-0.021035838,3.5988626446,-0.010042587,20,PICE
SK,6,2,0.9383320028,-0.027168467,8.6766479965,-1.0001e-4,26.5,PINU
SK,6,3,0.8676967281,-0.02563542,4.9782991449,-0.022615324,28,ABIE
SK,6,6,0.730776434,-0.029042977,9.6398095675,-1.0001e-4,29,LARI
SK,6,7,1.09999999,-0.054092748,74.99999999,-0.403319163,80,THUJ
SK,6,9,1.09999999,-0.008898638,1.9514321513,-1.0001e-4,8,POPU
SK,6,10,0.7095459501,-0.102013704,74.99999999,-1.0001e-4,26,BETU
SK,6,11,0.8572270625,-0.017103576,1.717827612,-0.022857475,9.5,ACER
SK,6,12,0.8572270625,-0.017103576,1.717827612,-0.022857475,9.5,GENH
SK,6,71,1.09999999,-0.054092748,74.99999999,-0.403319163,80,JUNI
SK,6,72,1.09999999,-0.054092748,74.99999999,-0.403319163,80,TAXU
SK,6,73,1.09999999,-0.054092748,74.99999999,-0.403319163,80,CHAM
SK,6,121,0.8572270625,-0.017103576,1.717827612,-0.022857475,9.5,CARY
SK,6,122,0.8572270625,-0.017103576,1.717827612,-0.022857475,9.5,JUGL
SK,6,123,0.8572270625,-0.017103576,1.717827612,-0.022857475,9.5,ALNU
SK,6,124,0.8572270625,-0.017103576,1.717827612,-0.022857475,9.5,OSTR
SK,6,125,0.8572270625,-0.017103576,1.717827612,-0.022857475,9.5,CARP
SK,6,126,0.8572270625,-0.017103576,1.717827612,-0.022857475,9.5,FAGU
SK,6,127,0.8572270625,-0.017103576,1.717827612,-0.022857475,9.5,QUER
SK,6,128,0.8572270625,-0.017103576,1.717827612,-0.022857475,9.5,ULMU
SK,6,129,0.8572270625,-0.017103576,1.717827612,-0.022857475,9.5,MORU
SK,6,130,0.8572270625,-0.017103576,1.717827612,-0.022857475,9.5,LIRI
SK,6,131,0.8572270625,-0.017103576,1.717827612,-0.022857475,9.5,MAGN
SK,6,132,0.8572270625,-0.017103576,1.717827612,-0.022857475,9.5,SASS
SK,6,133,0.8572270625,-0.017103576,1.717827612,-0.022857475,9.5,PLAT
SK,6,134,0.8572270625,-0.017103576,1.717827612,-0.022857475,9.5,PRUN
SK,6,135,0.8572270625,-0.017103576,1.717827612,-0.022857475,9.5,GLED
SK,6,136,0.8572270625,-0.017103576,1.717827612,-0.022857475,9.5,ROBI
SK,6,137,0.8572270625,-0.017103576,1.717827612,-0.022857475,9.5,TILI
SK,6,138,0.8572270625,-0.017103576,1.717827612,-0.022857475,9.5,NYSS
SK,6,139,0.8572270625,-0.017103576,1.717827612,-0.022857475,9.5,CORN
SK,6,140,0.8572270625,-0.017103576,1.717827612,-0.022857475,9.5,ARBU
SK,6,141,0.8572270625,-0.017103576,1.717827612,-0.022857475,9.5,FRAX
SK,6,142,0.8572270625,-0.017103576,1.717827612,-0.022857475,9.5,SALI
SK,6,143,0.8572270625,-0.017103576,1.717827612,-0.022857475,9.5,GYMN
SK,6,144,0.8572270625,-0.017103576,1.717827612,-0.022857475,9.5,CELT
SK,6,145,0.8572270625,-0.017103576,1.717827612,-0.022857475,9.5,AMEL
SK,6,146,0.8572270625,-0.017103576,1.717827612,-0.022857475,9.5,CORY
SK,6,147,0.8572270625,-0.017103576,1.717827612,-0.022857475,9.5,CRAT
SK,6,148,0.8572270625,-0.017103576,1.717827612,-0.022857475,9.5,ILEX
SK,6,149,0.8572270625,-0.017103576,1.717827612,-0.022857475,9.5,MALU
SK,6,150,0.8572270625,-0.017103576,1.717827612,-0.022857475,9.5,NEMO
SK,6,151,0.8572270625,-0.017103576,1.717827612,-0.022857475,9.5,RHUS
SK,6,152,0.8572270625,-0.017103576,1.717827612,-0.022857475,9.5,SORB
SK,6,153,0.8572270625,-0.017103576,1.717827612,-0.022857475,9.5,VIBU
SK,6,154,0.8572270625,-0.017103576,1.717827612,-0.022857475,9.5,CAST
SK,6,155,0.8572270625,-0.017103576,1.717827612,-0.022857475,9.5,ASIM
SK,9,1,0.7970220346,-0.022495592,2.8068126412,-1.0001e-4,7.5,PICE
SK,9,2,0.8630537265,-0.029327644,3.7420736458,-0.065634186,25,PINU
SK,9,3,0.8676967281,-0.02563542,4.9782991449,-0.022615324,28,ABIE
SK,9,6,1.0556350563,-0.013346633,1.1385817163,-0.267268605,27.5,LARI
SK,9,7,1.09999999,-0.054092748,74.99999999,-0.403319163,80,THUJ
SK,9,9,0.879632222,-0.016270746,0.9418165808,-0.042247031,3,POPU
SK,9,10,0.7095459501,-0.102013704,74.99999999,-1.0001e-4,26,BETU
SK,9,11,0.8572270625,-0.017103576,1.717827612,-0.022857475,9.5,ACER
SK,9,12,0.8572270625,-0.017103576,1.717827612,-0.022857475,9.5,GENH
SK,9,71,1.09999999,-0.054092748,74.99999999,-0.403319163,80,JUNI
SK,9,72,1.09999999,-0.054092748,74.99999999,-0.403319163,80,TAXU
SK,9,73,1.09999999,-0.054092748,74.99999999,-0.403319163,80,CHAM
SK,9,121,0.8572270625,-0.017103576,1.717827612,-0.022857475,9.5,CARY
SK,9,122,0.8572270625,-0.017103576,1.717827612,-0.022857475,9.5,JUGL
SK,9,123,0.8572270625,-0.017103576,1.717827612,-0.022857475,9.5,ALNU
SK,9,124,0.8572270625,-0.017103576,1.717827612,-0.022857475,9.5,OSTR
SK,9,125,0.8572270625,-0.017103576,1.717827612,-0.022857475,9.5,CARP
SK,9,126,0.8572270625,-0.017103576,1.717827612,-0.022857475,9.5,FAGU
SK,9,127,0.8572270625,-0.017103576,1.717827612,-0.022857475,9.5,QUER
SK,9,128,0.8572270625,-0.017103576,1.717827612,-0.022857475,9.5,ULMU
SK,9,129,0.8572270625,-0.017103576,1.717827612,-0.022857475,9.5,MORU
SK,9,130,0.8572270625,-0.017103576,1.717827612,-0.022857475,9.5,LIRI
SK,9,131,0.8572270625,-0.017103576,1.717827612,-0.022857475,9.5,MAGN
SK,9,132,0.8572270625,-0.017103576,1.717827612,-0.022857475,9.5,SASS
SK,9,133,0.8572270625,-0.017103576,1.717827612,-0.022857475,9.5,PLAT
SK,9,134,0.8572270625,-0.017103576,1.717827612,-0.022857475,9.5,PRUN
SK,9,135,0.8572270625,-0.017103576,1.717827612,-0.022857475,9.5,GLED
SK,9,136,0.8572270625,-0.017103576,1.717827612,-0.022857475,9.5,ROBI
SK,9,137,0.8572270625,-0.017103576,1.717827612,-0.022857475,9.5,TILI
SK,9,138,0.8572270625,-0.017103576,1.717827612,-0.022857475,9.5,NYSS
SK,9,139,0.8572270625,-0.017103576,1.717827612,-0.022857475,9.5,CORN
SK,9,140,0.8572270625,-0.017103576,1.717827612,-0.022857475,9.5,ARBU
SK,9,141,0.8572270625,-0.017103576,1.717827612,-0.022857475,9.5,FRAX
SK,9,142,0.8572270625,-0.017103576,1.717827612,-0.022857475,9.5,SALI
SK,9,143,0.8572270625,-0.017103576,1.717827612,-0.022857475,9.5,GYMN
SK,9,144,0.8572270625,-0.017103576,1.717827612,-0.022857475,9.5,CELT
SK,9,145,0.8572270625,-0.017103576,1.717827612,-0.022857475,9.5,AMEL
SK,9,146,0.8572270625,-0.017103576,1.717827612,-0.022857475,9.5,CORY
SK,9,147,0.8572270625,-0.017103576,1.717827612,-0.022857475,9.5,CRAT
SK,9,148,0.8572270625,-0.017103576,1.717827612,-0.022857475,9.5,ILEX
SK,9,149,0.8572270625,-0.017103576,1.717827612,-0.022857475,9.5,MALU
SK,9,150,0.8572270625,-0.017103576,1.717827612,-0.022857475,9.5,NEMO
SK,9,151,0.8572270625,-0.017103576,1.717827612,-0.022857475,9.5,RHUS
SK,9,152,0.8572270625,-0.017103576,1.717827612,-0.022857475,9.5,SORB
SK,9,153,0.8572270625,-0.017103576,1.717827612,-0.022857475,9.5,VIBU
SK,9,154,0.8572270625,-0.017103576,1.717827612,-0.022857475,9.5,CAST
SK,9,155,0.8572270625,-0.017103576,1.717827612,-0.022857475,9.5,ASIM
SK,10,1,0.7970220346,-0.022495592,2.8068126412,-1.0001e-4,7.5,PICE
SK,10,2,0.8630537265,-0.029327644,3.7420736458,-0.065634186,25,PINU
SK,10,3,0.8676967281,-0.02563542,4.9782991449,-0.022615324,28,ABIE
SK,10,6,1.0556350563,-0.013346633,1.1385817163,-0.267268605,27.5,LARI
SK,10,7,1.09999999,-0.054092748,74.99999999,-0.403319163,80,THUJ
SK,10,9,0.879632222,-0.016270746,0.9418165808,-0.042247031,3,POPU
SK,10,10,0.7095459501,-0.102013704,74.99999999,-1.0001e-4,26,BETU
SK,10,12,0.8572270625,-0.017103576,1.717827612,-0.022857475,9.5,GENH
SK,10,71,1.09999999,-0.054092748,74.99999999,-0.403319163,80,JUNI
SK,10,72,1.09999999,-0.054092748,74.99999999,-0.403319163,80,TAXU
SK,10,73,1.09999999,-0.054092748,74.99999999,-0.403319163,80,CHAM
SK,10,121,0.8572270625,-0.017103576,1.717827612,-0.022857475,9.5,CARY
SK,10,122,0.8572270625,-0.017103576,1.717827612,-0.022857475,9.5,JUGL
SK,10,123,0.8572270625,-0.017103576,1.717827612,-0.022857475,9.5,ALNU
SK,10,124,0.8572270625,-0.017103576,1.717827612,-0.022857475,9.5,OSTR
SK,10,125,0.8572270625,-0.017103576,1.717827612,-0.022857475,9.5,CARP
SK,10,126,0.8572270625,-0.017103576,1.717827612,-0.022857475,9.5,FAGU
SK,10,127,0.8572270625,-0.017103576,1.717827612,-0.022857475,9.5,QUER
SK,10,128,0.8572270625,-0.017103576,1.717827612,-0.022857475,9.5,ULMU
SK,10,129,0.8572270625,-0.017103576,1.717827612,-0.022857475,9.5,MORU
SK,10,130,0.8572270625,-0.017103576,1.717827612,-0.022857475,9.5,LIRI
SK,10,131,0.8572270625,-0.017103576,1.717827612,-0.022857475,9.5,MAGN
SK,10,132,0.8572270625,-0.017103576,1.717827612,-0.022857475,9.5,SASS
SK,10,133,0.8572270625,-0.017103576,1.717827612,-0.022857475,9.5,PLAT
SK,10,134,0.8572270625,-0.017103576,1.717827612,-0.022857475,9.5,PRUN
SK,10,135,0.8572270625,-0.017103576,1.717827612,-0.022857475,9.5,GLED
SK,10,136,0.8572270625,-0.017103576,1.717827612,-0.022857475,9.5,ROBI
SK,10,137,0.8572270625,-0.017103576,1.717827612,-0.022857475,9.5,TILI
SK,10,138,0.8572270625,-0.017103576,1.717827612,-0.022857475,9.5,NYSS
SK,10,139,0.8572270625,-0.017103576,1.717827612,-0.022857475,9.5,CORN
SK,10,140,0.8572270625,-0.017103576,1.717827612,-0.022857475,9.5,ARBU
SK,10,141,0.8572270625,-0.017103576,1.717827612,-0.022857475,9.5,FRAX
SK,10,142,0.8572270625,-0.017103576,1.717827612,-0.022857475,9.5,SALI
SK,10,143,0.8572270625,-0.017103576,1.717827612,-0.022857475,9.5,GYMN
SK,10,144,0.8572270625,-0.017103576,1.717827612,-0.022857475,9.5,CELT
SK,10,145,0.8572270625,-0.017103576,1.717827612,-0.022857475,9.5,AMEL
SK,10,146,0.8572270625,-0.017103576,1.717827612,-0.022857475,9.5,CORY
SK,10,147,0.8572270625,-0.017103576,1.717827612,-0.022857475,9.5,CRAT
SK,10,148,0.8572270625,-0.017103576,1.717827612,-0.022857475,9.5,ILEX
SK,10,149,0.8572270625,-0.017103576,1.717827612,-0.022857475,9.5,MALU
SK,10,150,0.8572270625,-0.017103576,1.717827612,-0.022857475,9.5,NEMO
SK,10,151,0.8572270625,-0.017103576,1.717827612,-0.022857475,9.5,RHUS
SK,10,152,0.8572270625,-0.017103576,1.717827612,-0.022857475,9.5,SORB
SK,10,153,0.8572270625,-0.017103576,1.717827612,-0.022857475,9.5,VIBU
SK,10,154,0.8572270625,-0.017103576,1.717827612,-0.022857475,9.5,CAST
SK,10,155,0.8572270625,-0.017103576,1.717827612,-0.022857475,9.5,ASIM
YT,1,1,0.8687409255,-0.024240329,1.0616740797,-0.072813812,5,PICE
YT,1,2,0.9127327731,-0.017859017,1.6848740978,-0.00100001,3.5,PINU
YT,1,3,0.935964422,-0.014757331,1.4918282783,-0.050339263,12,ABIE
YT,1,4,1.5421994155,-0.012611689,0.5104521601,-0.617908483,15,TSUG
YT,1,6,0.8818864587,-0.014896321,1.450516939,-0.00100001,3,LARI
YT,1,7,0.925307404,-0.013757791,0.8179576936,-0.017228059,1,THUJ
YT,1,9,0.9367664464,-0.014486927,1.5114493263,-0.00100001,3,POPU
YT,1,10,1.0864577362,-0.011878174,0.76834317,-0.13742605,6.5,BETU
YT,1,11,0.9148694251,-0.014318118,0.8196533989,-0.00100001,NA,ACER
YT,1,12,0.9148014695,-0.018901304,2.7306686686,-0.00100001,10,GENH
YT,1,71,0.925307404,-0.013757791,0.8179576936,-0.017228059,1,JUNI
YT,1,72,0.925307404,-0.013757791,0.8179576936,-0.017228059,1,TAXU
YT,1,73,0.925307404,-0.013757791,0.8179576936,-0.017228059,1,CHAM
YT,1,121,0.9148014695,-0.018901304,2.7306686686,-0.00100001,10,CARY
YT,1,122,0.9148014695,-0.018901304,2.7306686686,-0.00100001,10,JUGL
YT,1,123,0.9148014695,-0.018901304,2.7306686686,-0.00100001,10,ALNU
YT,1,124,0.9148014695,-0.018901304,2.7306686686,-0.00100001,10,OSTR
YT,1,125,0.9148014695,-0.018901304,2.7306686686,-0.00100001,10,CARP
YT,1,126,0.9148014695,-0.018901304,2.7306686686,-0.00100001,10,FAGU
YT,1,127,0.9148014695,-0.018901304,2.7306686686,-0.00100001,10,QUER
YT,1,128,0.9148014695,-0.018901304,2.7306686686,-0.00100001,10,ULMU
YT,1,129,0.9148014695,-0.018901304,2.7306686686,-0.00100001,10,MORU
YT,1,130,0.9148014695,-0.018901304,2.7306686686,-0.00100001,10,LIRI
YT,1,131,0.9148014695,-0.018901304,2.7306686686,-0.00100001,10,MAGN
YT,1,132,0.9148014695,-0.018901304,2.7306686686,-0.00100001,10,SASS
YT,1,133,0.9148014695,-0.018901304,2.7306686686,-0.00100001,10,PLAT
YT,1,134,0.9148014695,-0.018901304,2.7306686686,-0.00100001,10,PRUN
YT,1,135,0.9148014695,-0.018901304,2.7306686686,-0.00100001,10,GLED
YT,1,136,0.9148014695,-0.018901304,2.7306686686,-0.00100001,10,ROBI
YT,1,137,0.9148014695,-0.018901304,2.7306686686,-0.00100001,10,TILI
YT,1,138,0.9148014695,-0.018901304,2.7306686686,-0.00100001,10,NYSS
YT,1,139,0.9148014695,-0.018901304,2.7306686686,-0.00100001,10,CORN
YT,1,140,0.9148014695,-0.018901304,2.7306686686,-0.00100001,10,ARBU
YT,1,141,0.9148014695,-0.018901304,2.7306686686,-0.00100001,10,FRAX
YT,1,142,0.9148014695,-0.018901304,2.7306686686,-0.00100001,10,SALI
YT,1,143,0.9148014695,-0.018901304,2.7306686686,-0.00100001,10,GYMN
YT,1,144,0.9148014695,-0.018901304,2.7306686686,-0.00100001,10,CELT
YT,1,145,0.9148014695,-0.018901304,2.7306686686,-0.00100001,10,AMEL
YT,1,146,0.9148014695,-0.018901304,2.7306686686,-0.00100001,10,CORY
YT,1,147,0.9148014695,-0.018901304,2.7306686686,-0.00100001,10,CRAT
YT,1,148,0.9148014695,-0.018901304,2.7306686686,-0.00100001,10,ILEX
YT,1,149,0.9148014695,-0.018901304,2.7306686686,-0.00100001,10,MALU
YT,1,150,0.9148014695,-0.018901304,2.7306686686,-0.00100001,10,NEMO
YT,1,151,0.9148014695,-0.018901304,2.7306686686,-0.00100001,10,RHUS
YT,1,152,0.9148014695,-0.018901304,2.7306686686,-0.00100001,10,SORB
YT,1,153,0.9148014695,-0.018901304,2.7306686686,-0.00100001,10,VIBU
YT,1,154,0.9148014695,-0.018901304,2.7306686686,-0.00100001,10,CAST
YT,1,155,0.9148014695,-0.018901304,2.7306686686,-0.00100001,10,ASIM
YT,2,1,0.8687409255,-0.024240329,1.0616740797,-0.072813812,5,PICE
YT,2,2,0.9127327731,-0.017859017,1.6848740978,-0.00100001,3.5,PINU
YT,2,3,0.935964422,-0.014757331,1.4918282783,-0.050339263,12,ABIE
YT,2,4,1.5421994155,-0.012611689,0.5104521601,-0.617908483,15,TSUG
YT,2,6,0.8818864587,-0.014896321,1.450516939,-0.00100001,3,LARI
YT,2,7,0.925307404,-0.013757791,0.8179576936,-0.017228059,1,THUJ
YT,2,9,0.9367664464,-0.014486927,1.5114493263,-0.00100001,3,POPU
YT,2,10,1.0864577362,-0.011878174,0.76834317,-0.13742605,6.5,BETU
YT,2,11,0.9148694251,-0.014318118,0.8196533989,-0.00100001,NA,ACER
YT,2,12,0.9148014695,-0.018901304,2.7306686686,-0.00100001,10,GENH
YT,2,71,0.925307404,-0.013757791,0.8179576936,-0.017228059,1,JUNI
YT,2,72,0.925307404,-0.013757791,0.8179576936,-0.017228059,1,TAXU
YT,2,73,0.925307404,-0.013757791,0.8179576936,-0.017228059,1,CHAM
YT,2,121,0.9148014695,-0.018901304,2.7306686686,-0.00100001,10,CARY
YT,2,122,0.9148014695,-0.018901304,2.7306686686,-0.00100001,10,JUGL
YT,2,123,0.9148014695,-0.018901304,2.7306686686,-0.00100001,10,ALNU
YT,2,124,0.9148014695,-0.018901304,2.7306686686,-0.00100001,10,OSTR
YT,2,125,0.9148014695,-0.018901304,2.7306686686,-0.00100001,10,CARP
YT,2,126,0.9148014695,-0.018901304,2.7306686686,-0.00100001,10,FAGU
YT,2,127,0.9148014695,-0.018901304,2.7306686686,-0.00100001,10,QUER
YT,2,128,0.9148014695,-0.018901304,2.7306686686,-0.00100001,10,ULMU
YT,2,129,0.9148014695,-0.018901304,2.7306686686,-0.00100001,10,MORU
YT,2,130,0.9148014695,-0.018901304,2.7306686686,-0.00100001,10,LIRI
YT,2,131,0.9148014695,-0.018901304,2.7306686686,-0.00100001,10,MAGN
YT,2,132,0.9148014695,-0.018901304,2.7306686686,-0.00100001,10,SASS
YT,2,133,0.9148014695,-0.018901304,2.7306686686,-0.00100001,10,PLAT
YT,2,134,0.9148014695,-0.018901304,2.7306686686,-0.00100001,10,PRUN
YT,2,135,0.9148014695,-0.018901304,2.7306686686,-0.00100001,10,GLED
YT,2,136,0.9148014695,-0.018901304,2.7306686686,-0.00100001,10,ROBI
YT,2,137,0.9148014695,-0.018901304,2.7306686686,-0.00100001,10,TILI
YT,2,138,0.9148014695,-0.018901304,2.7306686686,-0.00100001,10,NYSS
YT,2,139,0.9148014695,-0.018901304,2.7306686686,-0.00100001,10,CORN
YT,2,140,0.9148014695,-0.018901304,2.7306686686,-0.00100001,10,ARBU
YT,2,141,0.9148014695,-0.018901304,2.7306686686,-0.00100001,10,FRAX
YT,2,142,0.9148014695,-0.018901304,2.7306686686,-0.00100001,10,SALI
YT,2,143,0.9148014695,-0.018901304,2.7306686686,-0.00100001,10,GYMN
YT,2,144,0.9148014695,-0.018901304,2.7306686686,-0.00100001,10,CELT
YT,2,145,0.9148014695,-0.018901304,2.7306686686,-0.00100001,10,AMEL
YT,2,146,0.9148014695,-0.018901304,2.7306686686,-0.00100001,10,CORY
YT,2,147,0.9148014695,-0.018901304,2.7306686686,-0.00100001,10,CRAT
YT,2,148,0.9148014695,-0.018901304,2.7306686686,-0.00100001,10,ILEX
YT,2,149,0.9148014695,-0.018901304,2.7306686686,-0.00100001,10,MALU
YT,2,150,0.9148014695,-0.018901304,2.7306686686,-0.00100001,10,NEMO
YT,2,151,0.9148014695,-0.018901304,2.7306686686,-0.00100001,10,RHUS
YT,2,152,0.9148014695,-0.018901304,2.7306686686,-0.00100001,10,SORB
YT,2,153,0.9148014695,-0.018901304,2.7306686686,-0.00100001,10,VIBU
YT,2,154,0.9148014695,-0.018901304,2.7306686686,-0.00100001,10,CAST
YT,2,155,0.9148014695,-0.018901304,2.7306686686,-0.00100001,10,ASIM
YT,3,1,0.8687409255,-0.024240329,1.0616740797,-0.072813812,5,PICE
YT,3,2,0.9127327731,-0.017859017,1.6848740978,-0.00100001,3.5,PINU
YT,3,3,0.935964422,-0.014757331,1.4918282783,-0.050339263,12,ABIE
YT,3,4,1.5421994155,-0.012611689,0.5104521601,-0.617908483,15,TSUG
YT,3,6,0.8818864587,-0.014896321,1.450516939,-0.00100001,3,LARI
YT,3,7,0.925307404,-0.013757791,0.8179576936,-0.017228059,1,THUJ
YT,3,9,0.9367664464,-0.014486927,1.5114493263,-0.00100001,3,POPU
YT,3,10,1.0864577362,-0.011878174,0.76834317,-0.13742605,6.5,BETU
YT,3,11,0.9148694251,-0.014318118,0.8196533989,-0.00100001,NA,ACER
YT,3,12,0.9148014695,-0.018901304,2.7306686686,-0.00100001,10,GENH
YT,3,71,0.925307404,-0.013757791,0.8179576936,-0.017228059,1,JUNI
YT,3,72,0.925307404,-0.013757791,0.8179576936,-0.017228059,1,TAXU
YT,3,73,0.925307404,-0.013757791,0.8179576936,-0.017228059,1,CHAM
YT,3,121,0.9148014695,-0.018901304,2.7306686686,-0.00100001,10,CARY
YT,3,122,0.9148014695,-0.018901304,2.7306686686,-0.00100001,10,JUGL
YT,3,123,0.9148014695,-0.018901304,2.7306686686,-0.00100001,10,ALNU
YT,3,124,0.9148014695,-0.018901304,2.7306686686,-0.00100001,10,OSTR
YT,3,125,0.9148014695,-0.018901304,2.7306686686,-0.00100001,10,CARP
YT,3,126,0.9148014695,-0.018901304,2.7306686686,-0.00100001,10,FAGU
YT,3,127,0.9148014695,-0.018901304,2.7306686686,-0.00100001,10,QUER
YT,3,128,0.9148014695,-0.018901304,2.7306686686,-0.00100001,10,ULMU
YT,3,129,0.9148014695,-0.018901304,2.7306686686,-0.00100001,10,MORU
YT,3,130,0.9148014695,-0.018901304,2.7306686686,-0.00100001,10,LIRI
YT,3,131,0.9148014695,-0.018901304,2.7306686686,-0.00100001,10,MAGN
YT,3,132,0.9148014695,-0.018901304,2.7306686686,-0.00100001,10,SASS
YT,3,133,0.9148014695,-0.018901304,2.7306686686,-0.00100001,10,PLAT
YT,3,134,0.9148014695,-0.018901304,2.7306686686,-0.00100001,10,PRUN
YT,3,135,0.9148014695,-0.018901304,2.7306686686,-0.00100001,10,GLED
YT,3,136,0.9148014695,-0.018901304,2.7306686686,-0.00100001,10,ROBI
YT,3,137,0.9148014695,-0.018901304,2.7306686686,-0.00100001,10,TILI
YT,3,138,0.9148014695,-0.018901304,2.7306686686,-0.00100001,10,NYSS
YT,3,139,0.9148014695,-0.018901304,2.7306686686,-0.00100001,10,CORN
YT,3,140,0.9148014695,-0.018901304,2.7306686686,-0.00100001,10,ARBU
YT,3,141,0.9148014695,-0.018901304,2.7306686686,-0.00100001,10,FRAX
YT,3,142,0.9148014695,-0.018901304,2.7306686686,-0.00100001,10,SALI
YT,3,143,0.9148014695,-0.018901304,2.7306686686,-0.00100001,10,GYMN
YT,3,144,0.9148014695,-0.018901304,2.7306686686,-0.00100001,10,CELT
YT,3,145,0.9148014695,-0.018901304,2.7306686686,-0.00100001,10,AMEL
YT,3,146,0.9148014695,-0.018901304,2.7306686686,-0.00100001,10,CORY
YT,3,147,0.9148014695,-0.018901304,2.7306686686,-0.00100001,10,CRAT
YT,3,148,0.9148014695,-0.018901304,2.7306686686,-0.00100001,10,ILEX
YT,3,149,0.9148014695,-0.018901304,2.7306686686,-0.00100001,10,MALU
YT,3,150,0.9148014695,-0.018901304,2.7306686686,-0.00100001,10,NEMO
YT,3,151,0.9148014695,-0.018901304,2.7306686686,-0.00100001,10,RHUS
YT,3,152,0.9148014695,-0.018901304,2.7306686686,-0.00100001,10,SORB
YT,3,153,0.9148014695,-0.018901304,2.7306686686,-0.00100001,10,VIBU
YT,3,154,0.9148014695,-0.018901304,2.7306686686,-0.00100001,10,CAST
YT,3,155,0.9148014695,-0.018901304,2.7306686686,-0.00100001,10,ASIM
YT,4,1,0.9976450395,-0.003787463,0.6430931625,-0.252357685,35.4,PICE
YT,4,2,0.7895131347,-0.006516494,2.3290934116,-0.014625827,38.5,PINU
YT,4,3,2.143715367,-6.03667e-4,0.20000001,-0.803654829,13.15,ABIE
YT,4,6,1.4233120428,-0.010292898,0.7275446988,-0.707461783,48.05,LARI
YT,4,9,0.7505220738,-0.011374062,11.762244992,-1e-8,68.9,POPU
YT,4,10,0.6256089583,-0.030517259,128.66496801,-9.9e-9,92.9,BETU
YT,4,12,0.6192424991,-0.020123226,7.2744396889,-1e-8,26.5,GENH
YT,4,121,0.6192424991,-0.020123226,7.2744396889,-1e-8,26.5,CARY
YT,4,122,0.6192424991,-0.020123226,7.2744396889,-1e-8,26.5,JUGL
YT,4,123,0.6192424991,-0.020123226,7.2744396889,-1e-8,26.5,ALNU
YT,4,124,0.6192424991,-0.020123226,7.2744396889,-1e-8,26.5,OSTR
YT,4,125,0.6192424991,-0.020123226,7.2744396889,-1e-8,26.5,CARP
YT,4,126,0.6192424991,-0.020123226,7.2744396889,-1e-8,26.5,FAGU
YT,4,127,0.6192424991,-0.020123226,7.2744396889,-1e-8,26.5,QUER
YT,4,128,0.6192424991,-0.020123226,7.2744396889,-1e-8,26.5,ULMU
YT,4,129,0.6192424991,-0.020123226,7.2744396889,-1e-8,26.5,MORU
YT,4,130,0.6192424991,-0.020123226,7.2744396889,-1e-8,26.5,LIRI
YT,4,131,0.6192424991,-0.020123226,7.2744396889,-1e-8,26.5,MAGN
YT,4,132,0.6192424991,-0.020123226,7.2744396889,-1e-8,26.5,SASS
YT,4,133,0.6192424991,-0.020123226,7.2744396889,-1e-8,26.5,PLAT
YT,4,134,0.6192424991,-0.020123226,7.2744396889,-1e-8,26.5,PRUN
YT,4,135,0.6192424991,-0.020123226,7.2744396889,-1e-8,26.5,GLED
YT,4,136,0.6192424991,-0.020123226,7.2744396889,-1e-8,26.5,ROBI
YT,4,137,0.6192424991,-0.020123226,7.2744396889,-1e-8,26.5,TILI
YT,4,138,0.6192424991,-0.020123226,7.2744396889,-1e-8,26.5,NYSS
YT,4,139,0.6192424991,-0.020123226,7.2744396889,-1e-8,26.5,CORN
YT,4,140,0.6192424991,-0.020123226,7.2744396889,-1e-8,26.5,ARBU
YT,4,141,0.6192424991,-0.020123226,7.2744396889,-1e-8,26.5,FRAX
YT,4,142,0.6192424991,-0.020123226,7.2744396889,-1e-8,26.5,SALI
YT,4,143,0.6192424991,-0.020123226,7.2744396889,-1e-8,26.5,GYMN
YT,4,144,0.6192424991,-0.020123226,7.2744396889,-1e-8,26.5,CELT
YT,4,145,0.6192424991,-0.020123226,7.2744396889,-1e-8,26.5,AMEL
YT,4,146,0.6192424991,-0.020123226,7.2744396889,-1e-8,26.5,CORY
YT,4,147,0.6192424991,-0.020123226,7.2744396889,-1e-8,26.5,CRAT
YT,4,148,0.6192424991,-0.020123226,7.2744396889,-1e-8,26.5,ILEX
YT,4,149,0.6192424991,-0.020123226,7.2744396889,-1e-8,26.5,MALU
YT,4,150,0.6192424991,-0.020123226,7.2744396889,-1e-8,26.5,NEMO
YT,4,151,0.6192424991,-0.020123226,7.2744396889,-1e-8,26.5,RHUS
YT,4,152,0.6192424991,-0.020123226,7.2744396889,-1e-8,26.5,SORB
YT,4,153,0.6192424991,-0.020123226,7.2744396889,-1e-8,26.5,VIBU
YT,4,154,0.6192424991,-0.020123226,7.2744396889,-1e-8,26.5,CAST
YT,4,155,0.6192424991,-0.020123226,7.2744396889,-1e-8,26.5,ASIM
YT,5,1,1.4992427475,-0.002797254,0.5942588241,-0.231522953,16.95,PICE
YT,5,2,0.8281046346,-0.010481467,1.7342956093,-0.020175,15.15,PINU
YT,5,3,2.143715367,-6.03667e-4,0.20000001,-0.803654829,13.15,ABIE
YT,5,6,1.4233120428,-0.010292898,0.7275446988,-0.707461783,48.05,LARI
YT,5,9,1.1020928401,-0.009469935,1.0817831127,-0.209596181,26.95,POPU
YT,5,10,0.6256089583,-0.030517259,128.66496801,-9.9e-9,92.9,BETU
YT,5,12,0.6192424991,-0.020123226,7.2744396889,-1e-8,26.5,GENH
YT,5,121,0.6192424991,-0.020123226,7.2744396889,-1e-8,26.5,CARY
YT,5,122,0.6192424991,-0.020123226,7.2744396889,-1e-8,26.5,JUGL
YT,5,123,0.6192424991,-0.020123226,7.2744396889,-1e-8,26.5,ALNU
YT,5,124,0.6192424991,-0.020123226,7.2744396889,-1e-8,26.5,OSTR
YT,5,125,0.6192424991,-0.020123226,7.2744396889,-1e-8,26.5,CARP
YT,5,126,0.6192424991,-0.020123226,7.2744396889,-1e-8,26.5,FAGU
YT,5,127,0.6192424991,-0.020123226,7.2744396889,-1e-8,26.5,QUER
YT,5,128,0.6192424991,-0.020123226,7.2744396889,-1e-8,26.5,ULMU
YT,5,129,0.6192424991,-0.020123226,7.2744396889,-1e-8,26.5,MORU
YT,5,130,0.6192424991,-0.020123226,7.2744396889,-1e-8,26.5,LIRI
YT,5,131,0.6192424991,-0.020123226,7.2744396889,-1e-8,26.5,MAGN
YT,5,132,0.6192424991,-0.020123226,7.2744396889,-1e-8,26.5,SASS
YT,5,133,0.6192424991,-0.020123226,7.2744396889,-1e-8,26.5,PLAT
YT,5,134,0.6192424991,-0.020123226,7.2744396889,-1e-8,26.5,PRUN
YT,5,135,0.6192424991,-0.020123226,7.2744396889,-1e-8,26.5,GLED
YT,5,136,0.6192424991,-0.020123226,7.2744396889,-1e-8,26.5,ROBI
YT,5,137,0.6192424991,-0.020123226,7.2744396889,-1e-8,26.5,TILI
YT,5,138,0.6192424991,-0.020123226,7.2744396889,-1e-8,26.5,NYSS
YT,5,139,0.6192424991,-0.020123226,7.2744396889,-1e-8,26.5,CORN
YT,5,140,0.6192424991,-0.020123226,7.2744396889,-1e-8,26.5,ARBU
YT,5,141,0.6192424991,-0.020123226,7.2744396889,-1e-8,26.5,FRAX
YT,5,142,0.6192424991,-0.020123226,7.2744396889,-1e-8,26.5,SALI
YT,5,143,0.6192424991,-0.020123226,7.2744396889,-1e-8,26.5,GYMN
YT,5,144,0.6192424991,-0.020123226,7.2744396889,-1e-8,26.5,CELT
YT,5,145,0.6192424991,-0.020123226,7.2744396889,-1e-8,26.5,AMEL
YT,5,146,0.6192424991,-0.020123226,7.2744396889,-1e-8,26.5,CORY
YT,5,147,0.6192424991,-0.020123226,7.2744396889,-1e-8,26.5,CRAT
YT,5,148,0.6192424991,-0.020123226,7.2744396889,-1e-8,26.5,ILEX
YT,5,149,0.6192424991,-0.020123226,7.2744396889,-1e-8,26.5,MALU
YT,5,150,0.6192424991,-0.020123226,7.2744396889,-1e-8,26.5,NEMO
YT,5,151,0.6192424991,-0.020123226,7.2744396889,-1e-8,26.5,RHUS
YT,5,152,0.6192424991,-0.020123226,7.2744396889,-1e-8,26.5,SORB
YT,5,153,0.6192424991,-0.020123226,7.2744396889,-1e-8,26.5,VIBU
YT,5,154,0.6192424991,-0.020123226,7.2744396889,-1e-8,26.5,CAST
YT,5,155,0.6192424991,-0.020123226,7.2744396889,-1e-8,26.5,ASIM
YT,11,1,1.4992427475,-0.002797254,0.5942588241,-0.231522953,16.95,PICE
YT,11,2,0.8281046346,-0.010481467,1.7342956093,-0.020175,15.15,PINU
YT,11,3,2.143715367,-6.03667e-4,0.20000001,-0.803654829,13.15,ABIE
YT,11,6,1.4233120428,-0.010292898,0.7275446988,-0.707461783,48.05,LARI
YT,11,9,1.1020928401,-0.009469935,1.0817831127,-0.209596181,26.95,POPU
YT,11,10,0.6256089583,-0.030517259,128.66496801,-9.9e-9,92.9,BETU
YT,11,12,0.6192424991,-0.020123226,7.2744396889,-1e-8,26.5,GENH
YT,11,121,0.6192424991,-0.020123226,7.2744396889,-1e-8,26.5,CARY
YT,11,122,0.6192424991,-0.020123226,7.2744396889,-1e-8,26.5,JUGL
YT,11,123,0.6192424991,-0.020123226,7.2744396889,-1e-8,26.5,ALNU
YT,11,124,0.6192424991,-0.020123226,7.2744396889,-1e-8,26.5,OSTR
YT,11,125,0.6192424991,-0.020123226,7.2744396889,-1e-8,26.5,CARP
YT,11,126,0.6192424991,-0.020123226,7.2744396889,-1e-8,26.5,FAGU
YT,11,127,0.6192424991,-0.020123226,7.2744396889,-1e-8,26.5,QUER
YT,11,128,0.6192424991,-0.020123226,7.2744396889,-1e-8,26.5,ULMU
YT,11,129,0.6192424991,-0.020123226,7.2744396889,-1e-8,26.5,MORU
YT,11,130,0.6192424991,-0.020123226,7.2744396889,-1e-8,26.5,LIRI
YT,11,131,0.6192424991,-0.020123226,7.2744396889,-1e-8,26.5,MAGN
YT,11,132,0.6192424991,-0.020123226,7.2744396889,-1e-8,26.5,SASS
YT,11,133,0.6192424991,-0.020123226,7.2744396889,-1e-8,26.5,PLAT
YT,11,134,0.6192424991,-0.020123226,7.2744396889,-1e-8,26.5,PRUN
YT,11,135,0.6192424991,-0.020123226,7.2744396889,-1e-8,26.5,GLED
YT,11,136,0.6192424991,-0.020123226,7.2744396889,-1e-8,26.5,ROBI
YT,11,137,0.6192424991,-0.020123226,7.2744396889,-1e-8,26.5,TILI
YT,11,138,0.6192424991,-0.020123226,7.2744396889,-1e-8,26.5,NYSS
YT,11,139,0.6192424991,-0.020123226,7.2744396889,-1e-8,26.5,CORN
YT,11,140,0.6192424991,-0.020123226,7.2744396889,-1e-8,26.5,ARBU
YT,11,141,0.6192424991,-0.020123226,7.2744396889,-1e-8,26.5,FRAX
YT,11,142,0.6192424991,-0.020123226,7.2744396889,-1e-8,26.5,SALI
YT,11,143,0.6192424991,-0.020123226,7.2744396889,-1e-8,26.5,GYMN
YT,11,144,0.6192424991,-0.020123226,7.2744396889,-1e-8,26.5,CELT
YT,11,145,0.6192424991,-0.020123226,7.2744396889,-1e-8,26.5,AMEL
YT,11,146,0.6192424991,-0.020123226,7.2744396889,-1e-8,26.5,CORY
YT,11,147,0.6192424991,-0.020123226,7.2744396889,-1e-8,26.5,CRAT
YT,11,148,0.6192424991,-0.020123226,7.2744396889,-1e-8,26.5,ILEX
YT,11,149,0.6192424991,-0.020123226,7.2744396889,-1e-8,26.5,MALU
YT,11,150,0.6192424991,-0.020123226,7.2744396889,-1e-8,26.5,NEMO
YT,11,151,0.6192424991,-0.020123226,7.2744396889,-1e-8,26.5,RHUS
YT,11,152,0.6192424991,-0.020123226,7.2744396889,-1e-8,26.5,SORB
YT,11,153,0.6192424991,-0.020123226,7.2744396889,-1e-8,26.5,VIBU
YT,11,154,0.6192424991,-0.020123226,7.2744396889,-1e-8,26.5,CAST
YT,11,155,0.6192424991,-0.020123226,7.2744396889,-1e-8,26.5,ASIM
YT,12,1,1.4992427475,-0.002797254,0.5942588241,-0.231522953,16.95,PICE
YT,12,2,0.8281046346,-0.010481467,1.7342956093,-0.020175,15.15,PINU
YT,12,3,2.143715367,-6.03667e-4,0.20000001,-0.803654829,13.15,ABIE
YT,12,6,1.4233120428,-0.010292898,0.7275446988,-0.707461783,48.05,LARI
YT,12,9,1.1020928401,-0.009469935,1.0817831127,-0.209596181,26.95,POPU
YT,12,10,0.6256089583,-0.030517259,128.66496801,-9.9e-9,92.9,BETU
YT,12,12,0.6192424991,-0.020123226,7.2744396889,-1e-8,26.5,GENH
YT,12,121,0.6192424991,-0.020123226,7.2744396889,-1e-8,26.5,CARY
YT,12,122,0.6192424991,-0.020123226,7.2744396889,-1e-8,26.5,JUGL
YT,12,123,0.6192424991,-0.020123226,7.2744396889,-1e-8,26.5,ALNU
YT,12,124,0.6192424991,-0.020123226,7.2744396889,-1e-8,26.5,OSTR
YT,12,125,0.6192424991,-0.020123226,7.2744396889,-1e-8,26.5,CARP
YT,12,126,0.6192424991,-0.020123226,7.2744396889,-1e-8,26.5,FAGU
YT,12,127,0.6192424991,-0.020123226,7.2744396889,-1e-8,26.5,QUER
YT,12,128,0.6192424991,-0.020123226,7.2744396889,-1e-8,26.5,ULMU
YT,12,129,0.6192424991,-0.020123226,7.2744396889,-1e-8,26.5,MORU
YT,12,130,0.6192424991,-0.020123226,7.2744396889,-1e-8,26.5,LIRI
YT,12,131,0.6192424991,-0.020123226,7.2744396889,-1e-8,26.5,MAGN
YT,12,132,0.6192424991,-0.020123226,7.2744396889,-1e-8,26.5,SASS
YT,12,133,0.6192424991,-0.020123226,7.2744396889,-1e-8,26.5,PLAT
YT,12,134,0.6192424991,-0.020123226,7.2744396889,-1e-8,26.5,PRUN
YT,12,135,0.6192424991,-0.020123226,7.2744396889,-1e-8,26.5,GLED
YT,12,136,0.6192424991,-0.020123226,7.2744396889,-1e-8,26.5,ROBI
YT,12,137,0.6192424991,-0.020123226,7.2744396889,-1e-8,26.5,TILI
YT,12,138,0.6192424991,-0.020123226,7.2744396889,-1e-8,26.5,NYSS
YT,12,139,0.6192424991,-0.020123226,7.2744396889,-1e-8,26.5,CORN
YT,12,140,0.6192424991,-0.020123226,7.2744396889,-1e-8,26.5,ARBU
YT,12,141,0.6192424991,-0.020123226,7.2744396889,-1e-8,26.5,FRAX
YT,12,142,0.6192424991,-0.020123226,7.2744396889,-1e-8,26.5,SALI
YT,12,143,0.6192424991,-0.020123226,7.2744396889,-1e-8,26.5,GYMN
YT,12,144,0.6192424991,-0.020123226,7.2744396889,-1e-8,26.5,CELT
YT,12,145,0.6192424991,-0.020123226,7.2744396889,-1e-8,26.5,AMEL
YT,12,146,0.6192424991,-0.020123226,7.2744396889,-1e-8,26.5,CORY
YT,12,147,0.6192424991,-0.020123226,7.2744396889,-1e-8,26.5,CRAT
YT,12,148,0.6192424991,-0.020123226,7.2744396889,-1e-8,26.5,ILEX
YT,12,149,0.6192424991,-0.020123226,7.2744396889,-1e-8,26.5,MALU
YT,12,150,0.6192424991,-0.020123226,7.2744396889,-1e-8,26.5,NEMO
YT,12,151,0.6192424991,-0.020123226,7.2744396889,-1e-8,26.5,RHUS
YT,12,152,0.6192424991,-0.020123226,7.2744396889,-1e-8,26.5,SORB
YT,12,153,0.6192424991,-0.020123226,7.2744396889,-1e-8,26.5,VIBU
YT,12,154,0.6192424991,-0.020123226,7.2744396889,-1e-8,26.5,CAST
YT,12,155,0.6192424991,-0.020123226,7.2744396889,-1e-8,26.5,ASIM
YT,13,1,0.9873607691,-0.00532116,0.8171214309,-0.051038072,7,PICE
YT,13,2,1.1130909281,-0.002321571,0.3571853162,-0.20820165,4.5,PINU
YT,13,3,0.964668063,-0.003491118,1.0540930765,-1e-8,5,ABIE
YT,13,4,1.1296235721,-0.002167162,0.4436279566,-0.142813085,5.5,TSUG
YT,13,5,1.1121089405,-0.002806583,0.4042826819,-0.141806546,3,PSEU
YT,13,7,0.9444599967,-0.007173585,1.4593848229,-0.03401113,19,THUJ
YT,13,9,1.0065214845,-0.005984522,0.9430258044,-0.035892416,6.5,POPU
YT,13,10,0.7338078287,-0.032032223,99.99999999,-0.002293554,95,BETU
YT,13,11,2.3174914186,-0.007079728,0.20000001,-1.361505034,11,ACER
YT,13,12,0.9443410463,-0.011858291,2.028874,-0.016705668,16.5,GENH
YT,13,71,0.9444599967,-0.007173585,1.4593848229,-0.03401113,19,JUNI
YT,13,72,0.9444599967,-0.007173585,1.4593848229,-0.03401113,19,TAXU
YT,13,73,0.9444599967,-0.007173585,1.4593848229,-0.03401113,19,CHAM
YT,13,121,0.9443410463,-0.011858291,2.028874,-0.016705668,16.5,CARY
YT,13,122,0.9443410463,-0.011858291,2.028874,-0.016705668,16.5,JUGL
YT,13,123,0.9443410463,-0.011858291,2.028874,-0.016705668,16.5,ALNU
YT,13,124,0.9443410463,-0.011858291,2.028874,-0.016705668,16.5,OSTR
YT,13,125,0.9443410463,-0.011858291,2.028874,-0.016705668,16.5,CARP
YT,13,126,0.9443410463,-0.011858291,2.028874,-0.016705668,16.5,FAGU
YT,13,127,0.9443410463,-0.011858291,2.028874,-0.016705668,16.5,QUER
YT,13,128,0.9443410463,-0.011858291,2.028874,-0.016705668,16.5,ULMU
YT,13,129,0.9443410463,-0.011858291,2.028874,-0.016705668,16.5,MORU
YT,13,130,0.9443410463,-0.011858291,2.028874,-0.016705668,16.5,LIRI
YT,13,131,0.9443410463,-0.011858291,2.028874,-0.016705668,16.5,MAGN
YT,13,132,0.9443410463,-0.011858291,2.028874,-0.016705668,16.5,SASS
YT,13,133,0.9443410463,-0.011858291,2.028874,-0.016705668,16.5,PLAT
YT,13,134,0.9443410463,-0.011858291,2.028874,-0.016705668,16.5,PRUN
YT,13,135,0.9443410463,-0.011858291,2.028874,-0.016705668,16.5,GLED
YT,13,136,0.9443410463,-0.011858291,2.028874,-0.016705668,16.5,ROBI
YT,13,137,0.9443410463,-0.011858291,2.028874,-0.016705668,16.5,TILI
YT,13,138,0.9443410463,-0.011858291,2.028874,-0.016705668,16.5,NYSS
YT,13,139,0.9443410463,-0.011858291,2.028874,-0.016705668,16.5,CORN
YT,13,140,0.9443410463,-0.011858291,2.028874,-0.016705668,16.5,ARBU
YT,13,141,0.9443410463,-0.011858291,2.028874,-0.016705668,16.5,FRAX
YT,13,142,0.9443410463,-0.011858291,2.028874,-0.016705668,16.5,SALI
YT,13,143,0.9443410463,-0.011858291,2.028874,-0.016705668,16.5,GYMN
YT,13,144,0.9443410463,-0.011858291,2.028874,-0.016705668,16.5,CELT
YT,13,145,0.9443410463,-0.011858291,2.028874,-0.016705668,16.5,AMEL
YT,13,146,0.9443410463,-0.011858291,2.028874,-0.016705668,16.5,CORY
YT,13,147,0.9443410463,-0.011858291,2.028874,-0.016705668,16.5,CRAT
YT,13,148,0.9443410463,-0.011858291,2.028874,-0.016705668,16.5,ILEX
YT,13,149,0.9443410463,-0.011858291,2.028874,-0.016705668,16.5,MALU
YT,13,150,0.9443410463,-0.011858291,2.028874,-0.016705668,16.5,NEMO
YT,13,151,0.9443410463,-0.011858291,2.028874,-0.016705668,16.5,RHUS
YT,13,152,0.9443410463,-0.011858291,2.028874,-0.016705668,16.5,SORB
YT,13,153,0.9443410463,-0.011858291,2.028874,-0.016705668,16.5,VIBU
YT,13,154,0.9443410463,-0.011858291,2.028874,-0.016705668,16.5,CAST
YT,13,155,0.9443410463,-0.011858291,2.028874,-0.016705668,16.5,ASIM
