juris_id,ecozone,canfi_species,genus,species,variety,a1,a2,a3,b1,b2,b3,c1,c2,c3,count
AB,4,100,PICE,SPP,NA,-2.973785,-0.0013397,0.2494025,-4.658244,-0.0037008,0.5384983,1.258209,0.0017146,-0.7335693,94
AB,4,101,PICE,MAR,NA,-1.372184,0.0078779,-0.1882625,-2.455109,-0.0141344,0.1005061,-0.1225716,0.0455878,-0.9324859,4
AB,4,105,PICE,GLA,NA,-2.973785,-0.0013397,0.2494025,-4.658244,-0.0037008,0.5384983,1.258209,0.0017146,-0.7335693,94
AB,4,200,PINU,SPP,NA,3.063776,0.0063935,-1.239001,-3.270147,-0.0043885,0.3571932,-0.2698893,0.0022748,-0.5517132,9
AB,4,203,PINU,BAN,NA,3.063776,0.0063935,-1.239001,-3.270147,-0.0043885,0.3571932,-0.2698893,0.0022748,-0.5517132,9
AB,4,204,PINU,CON,NA,3.063776,0.0063935,-1.239001,-3.270147,-0.0043885,0.3571932,-0.2698893,0.0022748,-0.5517132,9
AB,4,204,PINU,CON,LAT,3.063776,0.0063935,-1.239001,-3.270147,-0.0043885,0.3571932,-0.2698893,0.0022748,-0.5517132,9
AB,4,206,PINU,ALB,NA,-1.620894,3.71e-5,-0.1091873,-0.9625049,0.00528,-0.4991704,-1.168289,0.0028012,-0.3771049,46
AB,4,216,PINU,MUR,NA,3.063776,0.0063935,-1.239001,-3.270147,-0.0043885,0.3571932,-0.2698893,0.0022748,-0.5517132,9
AB,4,300,ABIE,SPP,NA,-1.157117,7.395e-4,-0.1735332,0.5572737,5.295e-4,-0.4051833,-0.3311022,-5.99e-5,-0.3127531,38
AB,4,302,ABIE,BAL,NA,-1.157117,7.395e-4,-0.1735332,0.5572737,5.295e-4,-0.4051833,-0.3311022,-5.99e-5,-0.3127531,38
AB,4,500,PSEU,MEN,NA,-2.4038909999999998,-6.387e-4,0.1674664,0.7055001,0.0010978,-0.4010315,4.425699,0.0036288,-1.263356,9
AB,4,500,PSEU,MEN,MEN,-2.4038909999999998,-6.387e-4,0.1674664,0.7055001,0.0010978,-0.4010315,4.425699,0.0036288,-1.263356,9
AB,4,500,PSEU,MEN,GLA,-2.4038909999999998,-6.387e-4,0.1674664,0.7055001,0.0010978,-0.4010315,4.425699,0.0036288,-1.263356,9
AB,4,500,PSEU,SPP,NA,-2.4038909999999998,-6.387e-4,0.1674664,0.7055001,0.0010978,-0.4010315,4.425699,0.0036288,-1.263356,9
AB,4,600,LARI,SPP,NA,-1.119529,0.0032119,-0.2502692,-0.6020969,-0.0010206,-0.1819619,-1.246956,-0.0019971,-0.2304488,26
AB,4,601,LARI,DEC,NA,-1.119529,0.0032119,-0.2502692,-0.6020969,-0.0010206,-0.1819619,-1.246956,-0.0019971,-0.2304488,26
AB,4,602,LARI,LAR,NA,-1.119529,0.0032119,-0.2502692,-0.6020969,-0.0010206,-0.1819619,-1.246956,-0.0019971,-0.2304488,26
AB,4,603,LARI,OCC,NA,-2.347296,-3.81e-5,0.0676977,-1.761853,-1.164e-4,-0.0610369,-1.940456,-1.281e-4,-0.1359998,633
AB,4,1200,POPU,SPP,NA,-1.194985,7.89e-5,-0.0865502,-4.832342,-0.0027556,0.5318822,-5.054427,-0.0031166,0.4885195,21
AB,4,1201,POPU,TRE,NA,-1.194985,7.89e-5,-0.0865502,-4.832342,-0.0027556,0.5318822,-5.054427,-0.0031166,0.4885195,21
AB,4,1203,POPU,BAL,NA,-0.6261049,5.566e-4,-0.1943104,-2.524343,-0.0013397,0.2774612,-8.260567,-0.0045744,1.113339,4
AB,4,1203,POPU,BAL,BAL,-0.6261049,5.566e-4,-0.1943104,-2.524343,-0.0013397,0.2774612,-8.260567,-0.0045744,1.113339,4
AB,4,1204,POPU,TRI,NA,-0.6261049,5.566e-4,-0.1943104,-2.524343,-0.0013397,0.2774612,-8.260567,-0.0045744,1.113339,4
AB,4,1205,POPU,DEL,NA,-0.6261049,5.566e-4,-0.1943104,-2.524343,-0.0013397,0.2774612,-8.260567,-0.0045744,1.113339,4
AB,4,1205,POPU,DEL,DEL,-0.6261049,5.566e-4,-0.1943104,-2.524343,-0.0013397,0.2774612,-8.260567,-0.0045744,1.113339,4
AB,4,1214,POPU,AGU,NA,-0.6261049,5.566e-4,-0.1943104,-2.524343,-0.0013397,0.2774612,-8.260567,-0.0045744,1.113339,4
AB,4,1303,BETU,PAP,NA,-1.723272,-0.0013644,0.0205927,-3.444207,-0.0087834,0.6099656,-2.331382,0.0055207,-0.2235254,4
AB,4,1303,BETU,PAP,PAP,-1.723272,-0.0013644,0.0205927,-3.444207,-0.0087834,0.6099656,-2.331382,0.0055207,-0.2235254,4
AB,5,100,PICE,SPP,NA,-1.598142,3.142e-4,-0.0783749,-0.0129903,-2.611e-4,-0.3055929,1.06531,2.39e-5,-0.6183025,403
AB,5,101,PICE,MAR,NA,-1.395837,-6.433e-4,-0.0796023,-1.256014,-9.974e-4,-0.074133,-0.867918,-0.0026773,-0.1059732,81
AB,5,105,PICE,GLA,NA,-1.598142,3.142e-4,-0.0783749,-0.0129903,-2.611e-4,-0.3055929,1.06531,2.39e-5,-0.6183025,403
AB,5,200,PINU,SPP,NA,-1.790427,-1.55e-4,-0.0791712,-1.9285079999999999,-6.526e-4,-0.0201212,-1.995444,-0.0016757,-0.0437632,729
AB,5,203,PINU,BAN,NA,-1.719789,-0.001643,-0.0720663,-1.873903,-4.804e-4,-0.0897304,-1.525305,-0.0017311,-0.226261,30
AB,5,204,PINU,CON,NA,-1.790427,-1.55e-4,-0.0791712,-1.9285079999999999,-6.526e-4,-0.0201212,-1.995444,-0.0016757,-0.0437632,729
AB,5,204,PINU,CON,LAT,-1.790427,-1.55e-4,-0.0791712,-1.9285079999999999,-6.526e-4,-0.0201212,-1.995444,-0.0016757,-0.0437632,729
AB,5,216,PINU,MUR,NA,-1.763528,-1.099e-4,-0.0867745,-1.954392,-6.137e-4,-0.0184525,-1.988232,-0.0015723,-0.0518998,759
AB,5,300,ABIE,SPP,NA,-1.157117,7.395e-4,-0.1735332,0.5572737,5.295e-4,-0.4051833,-0.3311022,-5.99e-5,-0.3127531,38
AB,5,302,ABIE,BAL,NA,-1.157117,7.395e-4,-0.1735332,0.5572737,5.295e-4,-0.4051833,-0.3311022,-5.99e-5,-0.3127531,38
AB,5,500,PSEU,MEN,NA,-2.4038909999999998,-6.387e-4,0.1674664,0.7055001,0.0010978,-0.4010315,4.425699,0.0036288,-1.263356,9
AB,5,500,PSEU,MEN,MEN,-2.4038909999999998,-6.387e-4,0.1674664,0.7055001,0.0010978,-0.4010315,4.425699,0.0036288,-1.263356,9
AB,5,500,PSEU,MEN,GLA,-2.4038909999999998,-6.387e-4,0.1674664,0.7055001,0.0010978,-0.4010315,4.425699,0.0036288,-1.263356,9
AB,5,500,PSEU,SPP,NA,-2.4038909999999998,-6.387e-4,0.1674664,0.7055001,0.0010978,-0.4010315,4.425699,0.0036288,-1.263356,9
AB,5,600,LARI,SPP,NA,-1.119529,0.0032119,-0.2502692,-0.6020969,-0.0010206,-0.1819619,-1.246956,-0.0019971,-0.2304488,26
AB,5,601,LARI,DEC,NA,-1.119529,0.0032119,-0.2502692,-0.6020969,-0.0010206,-0.1819619,-1.246956,-0.0019971,-0.2304488,26
AB,5,602,LARI,LAR,NA,-1.119529,0.0032119,-0.2502692,-0.6020969,-0.0010206,-0.1819619,-1.246956,-0.0019971,-0.2304488,26
AB,5,1200,POPU,SPP,NA,-1.176468,-6.155e-4,-0.0263404,-3.039893,-8.428e-4,0.2310108,-2.166966,0.0011159,-0.2858151,247
AB,5,1201,POPU,TRE,NA,-1.176468,-6.155e-4,-0.0263404,-3.039893,-8.428e-4,0.2310108,-2.166966,0.0011159,-0.2858151,247
AB,5,1203,POPU,BAL,NA,-2.377502,-0.0023789,0.2561668,-2.590638,-0.0017508,0.2539392,-0.466165,0.0033969,-0.6796337,36
AB,5,1203,POPU,BAL,BAL,-2.377502,-0.0023789,0.2561668,-2.590638,-0.0017508,0.2539392,-0.466165,0.0033969,-0.6796337,36
AB,5,1204,POPU,TRI,NA,-2.377502,-0.0023789,0.2561668,-2.590638,-0.0017508,0.2539392,-0.466165,0.0033969,-0.6796337,36
AB,5,1205,POPU,DEL,NA,-2.377502,-0.0023789,0.2561668,-2.590638,-0.0017508,0.2539392,-0.466165,0.0033969,-0.6796337,36
AB,5,1205,POPU,DEL,DEL,-2.377502,-0.0023789,0.2561668,-2.590638,-0.0017508,0.2539392,-0.466165,0.0033969,-0.6796337,36
AB,5,1214,POPU,AGU,NA,-2.377502,-0.0023789,0.2561668,-2.590638,-0.0017508,0.2539392,-0.466165,0.0033969,-0.6796337,36
AB,5,1303,BETU,PAP,NA,-1.723272,-0.0013644,0.0205927,-3.444207,-0.0087834,0.6099656,-2.331382,0.0055207,-0.2235254,4
AB,5,1303,BETU,PAP,PAP,-1.723272,-0.0013644,0.0205927,-3.444207,-0.0087834,0.6099656,-2.331382,0.0055207,-0.2235254,4
AB,6,100,PICE,SPP,NA,-1.598142,3.142e-4,-0.0783749,-0.0129903,-2.611e-4,-0.3055929,1.06531,2.39e-5,-0.6183025,403
AB,6,101,PICE,MAR,NA,-1.395837,-6.433e-4,-0.0796023,-1.256014,-9.974e-4,-0.074133,-0.867918,-0.0026773,-0.1059732,81
AB,6,105,PICE,GLA,NA,-1.598142,3.142e-4,-0.0783749,-0.0129903,-2.611e-4,-0.3055929,1.06531,2.39e-5,-0.6183025,403
AB,6,200,PINU,SPP,NA,-1.790427,-1.55e-4,-0.0791712,-1.9285079999999999,-6.526e-4,-0.0201212,-1.995444,-0.0016757,-0.0437632,729
AB,6,203,PINU,BAN,NA,-1.719789,-0.001643,-0.0720663,-1.873903,-4.804e-4,-0.0897304,-1.525305,-0.0017311,-0.226261,30
AB,6,204,PINU,CON,NA,-1.790427,-1.55e-4,-0.0791712,-1.9285079999999999,-6.526e-4,-0.0201212,-1.995444,-0.0016757,-0.0437632,729
AB,6,204,PINU,CON,LAT,-1.790427,-1.55e-4,-0.0791712,-1.9285079999999999,-6.526e-4,-0.0201212,-1.995444,-0.0016757,-0.0437632,729
AB,6,216,PINU,MUR,NA,-1.763528,-1.099e-4,-0.0867745,-1.954392,-6.137e-4,-0.0184525,-1.988232,-0.0015723,-0.0518998,759
AB,6,300,ABIE,SPP,NA,-1.157117,7.395e-4,-0.1735332,0.5572737,5.295e-4,-0.4051833,-0.3311022,-5.99e-5,-0.3127531,38
AB,6,302,ABIE,BAL,NA,-1.157117,7.395e-4,-0.1735332,0.5572737,5.295e-4,-0.4051833,-0.3311022,-5.99e-5,-0.3127531,38
AB,6,500,PSEU,MEN,NA,-2.4038909999999998,-6.387e-4,0.1674664,0.7055001,0.0010978,-0.4010315,4.425699,0.0036288,-1.263356,9
AB,6,500,PSEU,MEN,MEN,-2.4038909999999998,-6.387e-4,0.1674664,0.7055001,0.0010978,-0.4010315,4.425699,0.0036288,-1.263356,9
AB,6,500,PSEU,MEN,GLA,-2.4038909999999998,-6.387e-4,0.1674664,0.7055001,0.0010978,-0.4010315,4.425699,0.0036288,-1.263356,9
AB,6,500,PSEU,SPP,NA,-2.4038909999999998,-6.387e-4,0.1674664,0.7055001,0.0010978,-0.4010315,4.425699,0.0036288,-1.263356,9
AB,6,600,LARI,SPP,NA,-1.119529,0.0032119,-0.2502692,-0.6020969,-0.0010206,-0.1819619,-1.246956,-0.0019971,-0.2304488,26
AB,6,601,LARI,DEC,NA,-1.119529,0.0032119,-0.2502692,-0.6020969,-0.0010206,-0.1819619,-1.246956,-0.0019971,-0.2304488,26
AB,6,602,LARI,LAR,NA,-1.119529,0.0032119,-0.2502692,-0.6020969,-0.0010206,-0.1819619,-1.246956,-0.0019971,-0.2304488,26
AB,6,1200,POPU,SPP,NA,-1.176468,-6.155e-4,-0.0263404,-3.039893,-8.428e-4,0.2310108,-2.166966,0.0011159,-0.2858151,247
AB,6,1201,POPU,TRE,NA,-1.176468,-6.155e-4,-0.0263404,-3.039893,-8.428e-4,0.2310108,-2.166966,0.0011159,-0.2858151,247
AB,6,1203,POPU,BAL,NA,-2.377502,-0.0023789,0.2561668,-2.590638,-0.0017508,0.2539392,-0.466165,0.0033969,-0.6796337,36
AB,6,1203,POPU,BAL,BAL,-2.377502,-0.0023789,0.2561668,-2.590638,-0.0017508,0.2539392,-0.466165,0.0033969,-0.6796337,36
AB,6,1204,POPU,TRI,NA,-2.377502,-0.0023789,0.2561668,-2.590638,-0.0017508,0.2539392,-0.466165,0.0033969,-0.6796337,36
AB,6,1205,POPU,DEL,NA,-2.377502,-0.0023789,0.2561668,-2.590638,-0.0017508,0.2539392,-0.466165,0.0033969,-0.6796337,36
AB,6,1205,POPU,DEL,DEL,-2.377502,-0.0023789,0.2561668,-2.590638,-0.0017508,0.2539392,-0.466165,0.0033969,-0.6796337,36
AB,6,1214,POPU,AGU,NA,-2.377502,-0.0023789,0.2561668,-2.590638,-0.0017508,0.2539392,-0.466165,0.0033969,-0.6796337,36
AB,6,1303,BETU,PAP,NA,-1.723272,-0.0013644,0.0205927,-3.444207,-0.0087834,0.6099656,-2.331382,0.0055207,-0.2235254,4
AB,6,1303,BETU,PAP,PAP,-1.723272,-0.0013644,0.0205927,-3.444207,-0.0087834,0.6099656,-2.331382,0.0055207,-0.2235254,4
AB,9,100,PICE,SPP,NA,-1.598142,3.142e-4,-0.0783749,-0.0129903,-2.611e-4,-0.3055929,1.06531,2.39e-5,-0.6183025,403
AB,9,101,PICE,MAR,NA,-1.395837,-6.433e-4,-0.0796023,-1.256014,-9.974e-4,-0.074133,-0.867918,-0.0026773,-0.1059732,81
AB,9,104,PICE,ENG,NA,-5.393417,-0.0038701,0.797447,-1.269496,-5.086e-4,0.0017527,-0.6523576,5.127e-4,-0.2334827,5
AB,9,104,PICE,ENG,GLA,-5.393417,-0.0038701,0.797447,-1.269496,-5.086e-4,0.0017527,-0.6523576,5.127e-4,-0.2334827,5
AB,9,105,PICE,GLA,NA,-1.598142,3.142e-4,-0.0783749,-0.0129903,-2.611e-4,-0.3055929,1.06531,2.39e-5,-0.6183025,403
AB,9,109,PICE,SPP,NA,-1.598142,3.142e-4,-0.0783749,-0.0129903,-2.611e-4,-0.3055929,1.06531,2.39e-5,-0.6183025,403
AB,9,200,PINU,SPP,NA,-1.790427,-1.55e-4,-0.0791712,-1.9285079999999999,-6.526e-4,-0.0201212,-1.995444,-0.0016757,-0.0437632,729
AB,9,203,PINU,BAN,NA,-1.719789,-0.001643,-0.0720663,-1.873903,-4.804e-4,-0.0897304,-1.525305,-0.0017311,-0.226261,30
AB,9,204,PINU,CON,NA,-1.790427,-1.55e-4,-0.0791712,-1.9285079999999999,-6.526e-4,-0.0201212,-1.995444,-0.0016757,-0.0437632,729
AB,9,204,PINU,CON,LAT,-1.790427,-1.55e-4,-0.0791712,-1.9285079999999999,-6.526e-4,-0.0201212,-1.995444,-0.0016757,-0.0437632,729
AB,9,206,PINU,ALB,NA,-1.620894,3.71e-5,-0.1091873,-0.9625049,0.00528,-0.4991704,-1.168289,0.0028012,-0.3771049,46
AB,9,216,PINU,MUR,NA,-1.763528,-1.099e-4,-0.0867745,-1.954392,-6.137e-4,-0.0184525,-1.988232,-0.0015723,-0.0518998,759
AB,9,300,ABIE,SPP,NA,-1.157117,7.395e-4,-0.1735332,0.5572737,5.295e-4,-0.4051833,-0.3311022,-5.99e-5,-0.3127531,38
AB,9,302,ABIE,BAL,NA,-1.157117,7.395e-4,-0.1735332,0.5572737,5.295e-4,-0.4051833,-0.3311022,-5.99e-5,-0.3127531,38
AB,9,304,ABIE,LAS,NA,-1.157117,7.395e-4,-0.1735332,0.5572737,5.295e-4,-0.4051833,-0.3311022,-5.99e-5,-0.3127531,38
AB,9,305,ABIE,MX2,NA,-1.157117,7.395e-4,-0.1735332,0.5572737,5.295e-4,-0.4051833,-0.3311022,-5.99e-5,-0.3127531,38
AB,9,306,ABIE,MIX,NA,-1.157117,7.395e-4,-0.1735332,0.5572737,5.295e-4,-0.4051833,-0.3311022,-5.99e-5,-0.3127531,38
AB,9,500,PSEU,MEN,NA,-2.4038909999999998,-6.387e-4,0.1674664,0.7055001,0.0010978,-0.4010315,4.425699,0.0036288,-1.263356,9
AB,9,500,PSEU,MEN,MEN,-2.4038909999999998,-6.387e-4,0.1674664,0.7055001,0.0010978,-0.4010315,4.425699,0.0036288,-1.263356,9
AB,9,500,PSEU,MEN,GLA,-2.4038909999999998,-6.387e-4,0.1674664,0.7055001,0.0010978,-0.4010315,4.425699,0.0036288,-1.263356,9
AB,9,500,PSEU,SPP,NA,-2.4038909999999998,-6.387e-4,0.1674664,0.7055001,0.0010978,-0.4010315,4.425699,0.0036288,-1.263356,9
AB,9,600,LARI,SPP,NA,-1.119529,0.0032119,-0.2502692,-0.6020969,-0.0010206,-0.1819619,-1.246956,-0.0019971,-0.2304488,26
AB,9,601,LARI,DEC,NA,-1.119529,0.0032119,-0.2502692,-0.6020969,-0.0010206,-0.1819619,-1.246956,-0.0019971,-0.2304488,26
AB,9,602,LARI,LAR,NA,-1.119529,0.0032119,-0.2502692,-0.6020969,-0.0010206,-0.1819619,-1.246956,-0.0019971,-0.2304488,26
AB,9,603,LARI,OCC,NA,-2.347296,-3.81e-5,0.0676977,-1.761853,-1.164e-4,-0.0610369,-1.940456,-1.281e-4,-0.1359998,633
AB,9,604,LARI,LYA,NA,-1.119529,0.0032119,-0.2502692,-0.6020969,-0.0010206,-0.1819619,-1.246956,-0.0019971,-0.2304488,26
AB,9,1150,UNKN,SPP,NA,-1.530543,3.56e-5,-0.1216116,-1.562932,-0.00059770000000000005,-0.0619225,-1.324636,-0.0012649,-0.1520637,1113
AB,9,1200,POPU,SPP,NA,-1.176468,-6.155e-4,-0.0263404,-3.039893,-8.428e-4,0.2310108,-2.166966,0.0011159,-0.2858151,247
AB,9,1201,POPU,TRE,NA,-1.176468,-6.155e-4,-0.0263404,-3.039893,-8.428e-4,0.2310108,-2.166966,0.0011159,-0.2858151,247
AB,9,1203,POPU,BAL,NA,-2.377502,-0.0023789,0.2561668,-2.590638,-0.0017508,0.2539392,-0.466165,0.0033969,-0.6796337,36
AB,9,1203,POPU,BAL,BAL,-2.377502,-0.0023789,0.2561668,-2.590638,-0.0017508,0.2539392,-0.466165,0.0033969,-0.6796337,36
AB,9,1204,POPU,TRI,NA,-2.377502,-0.0023789,0.2561668,-2.590638,-0.0017508,0.2539392,-0.466165,0.0033969,-0.6796337,36
AB,9,1205,POPU,DEL,NA,-2.377502,-0.0023789,0.2561668,-2.590638,-0.0017508,0.2539392,-0.466165,0.0033969,-0.6796337,36
AB,9,1205,POPU,DEL,DEL,-2.377502,-0.0023789,0.2561668,-2.590638,-0.0017508,0.2539392,-0.466165,0.0033969,-0.6796337,36
AB,9,1214,POPU,AGU,NA,-2.377502,-0.0023789,0.2561668,-2.590638,-0.0017508,0.2539392,-0.466165,0.0033969,-0.6796337,36
AB,9,1303,BETU,PAP,NA,-1.723272,-0.0013644,0.0205927,-3.444207,-0.0087834,0.6099656,-2.331382,0.0055207,-0.2235254,4
AB,9,1303,BETU,PAP,PAP,-1.723272,-0.0013644,0.0205927,-3.444207,-0.0087834,0.6099656,-2.331382,0.0055207,-0.2235254,4
AB,9,1404,ACER,NEG,NA,-1.723272,-0.0013644,0.0205927,-3.444207,-0.0087834,0.6099656,-2.331382,0.0055207,-0.2235254,4
AB,9,1500,GENH,SPP,NA,-1.723272,-0.0013644,0.0205927,-3.444207,-0.0087834,0.6099656,-2.331382,0.0055207,-0.2235254,4
AB,9,1550,GENH,SPP,NA,-1.723272,-0.0013644,0.0205927,-3.444207,-0.0087834,0.6099656,-2.331382,0.0055207,-0.2235254,4
AB,9,3500,SALI,SPP,NA,-1.907153,-6.828e-4,-0.0151898,-2.558035,-0.0010482,0.2966087,-1.46093,-5.906e-4,-0.3045906,1479
AB,9,3508,SALI,DIS,NA,-1.907153,-6.828e-4,-0.0151898,-2.558035,-0.0010482,0.2966087,-1.46093,-5.906e-4,-0.3045906,1479
AB,10,100,PICE,SPP,NA,-1.598142,3.142e-4,-0.0783749,-0.0129903,-2.611e-4,-0.3055929,1.06531,2.39e-5,-0.6183025,403
AB,10,101,PICE,MAR,NA,-1.395837,-6.433e-4,-0.0796023,-1.256014,-9.974e-4,-0.074133,-0.867918,-0.0026773,-0.1059732,81
AB,10,104,PICE,ENG,NA,-1.598142,3.142e-4,-0.0783749,-0.0129903,-2.611e-4,-0.3055929,1.06531,2.39e-5,-0.6183025,403
AB,10,104,PICE,ENG,GLA,-1.598142,3.142e-4,-0.0783749,-0.0129903,-2.611e-4,-0.3055929,1.06531,2.39e-5,-0.6183025,403
AB,10,105,PICE,GLA,NA,-1.598142,3.142e-4,-0.0783749,-0.0129903,-2.611e-4,-0.3055929,1.06531,2.39e-5,-0.6183025,403
AB,10,200,PINU,SPP,NA,-1.790427,-1.55e-4,-0.0791712,-1.9285079999999999,-6.526e-4,-0.0201212,-1.995444,-0.0016757,-0.0437632,729
AB,10,203,PINU,BAN,NA,-1.719789,-0.001643,-0.0720663,-1.873903,-4.804e-4,-0.0897304,-1.525305,-0.0017311,-0.226261,30
AB,10,204,PINU,CON,NA,-1.790427,-1.55e-4,-0.0791712,-1.9285079999999999,-6.526e-4,-0.0201212,-1.995444,-0.0016757,-0.0437632,729
AB,10,204,PINU,CON,LAT,-1.790427,-1.55e-4,-0.0791712,-1.9285079999999999,-6.526e-4,-0.0201212,-1.995444,-0.0016757,-0.0437632,729
AB,10,213,PINU,FLE,NA,-1.620894,3.71e-5,-0.1091873,-0.9625049,0.00528,-0.4991704,-1.168289,0.0028012,-0.3771049,46
AB,10,216,PINU,MUR,NA,-1.763528,-1.099e-4,-0.0867745,-1.954392,-6.137e-4,-0.0184525,-1.988232,-0.0015723,-0.0518998,759
AB,10,300,ABIE,SPP,NA,-1.157117,7.395e-4,-0.1735332,0.5572737,5.295e-4,-0.4051833,-0.3311022,-5.99e-5,-0.3127531,38
AB,10,302,ABIE,BAL,NA,-1.157117,7.395e-4,-0.1735332,0.5572737,5.295e-4,-0.4051833,-0.3311022,-5.99e-5,-0.3127531,38
AB,10,304,ABIE,LAS,NA,-1.157117,7.395e-4,-0.1735332,0.5572737,5.295e-4,-0.4051833,-0.3311022,-5.99e-5,-0.3127531,38
AB,10,500,PSEU,MEN,NA,-2.4038909999999998,-6.387e-4,0.1674664,0.7055001,0.0010978,-0.4010315,4.425699,0.0036288,-1.263356,9
AB,10,500,PSEU,MEN,MEN,-2.4038909999999998,-6.387e-4,0.1674664,0.7055001,0.0010978,-0.4010315,4.425699,0.0036288,-1.263356,9
AB,10,500,PSEU,MEN,GLA,-2.4038909999999998,-6.387e-4,0.1674664,0.7055001,0.0010978,-0.4010315,4.425699,0.0036288,-1.263356,9
AB,10,500,PSEU,SPP,NA,-2.4038909999999998,-6.387e-4,0.1674664,0.7055001,0.0010978,-0.4010315,4.425699,0.0036288,-1.263356,9
AB,10,600,LARI,SPP,NA,-1.119529,0.0032119,-0.2502692,-0.6020969,-0.0010206,-0.1819619,-1.246956,-0.0019971,-0.2304488,26
AB,10,602,LARI,LAR,NA,-1.119529,0.0032119,-0.2502692,-0.6020969,-0.0010206,-0.1819619,-1.246956,-0.0019971,-0.2304488,26
AB,10,604,LARI,LYA,NA,-1.119529,0.0032119,-0.2502692,-0.6020969,-0.0010206,-0.1819619,-1.246956,-0.0019971,-0.2304488,26
AB,10,1150,UNKN,SPP,NA,-1.530543,3.56e-5,-0.1216116,-1.562932,-0.00059770000000000005,-0.0619225,-1.324636,-0.0012649,-0.1520637,1113
AB,10,1200,POPU,SPP,NA,-1.176468,-6.155e-4,-0.0263404,-3.039893,-8.428e-4,0.2310108,-2.166966,0.0011159,-0.2858151,247
AB,10,1201,POPU,TRE,NA,-1.176468,-6.155e-4,-0.0263404,-3.039893,-8.428e-4,0.2310108,-2.166966,0.0011159,-0.2858151,247
AB,10,1203,POPU,BAL,NA,-2.377502,-0.0023789,0.2561668,-2.590638,-0.0017508,0.2539392,-0.466165,0.0033969,-0.6796337,36
AB,10,1203,POPU,BAL,BAL,-2.377502,-0.0023789,0.2561668,-2.590638,-0.0017508,0.2539392,-0.466165,0.0033969,-0.6796337,36
AB,10,1204,POPU,TRI,NA,-2.377502,-0.0023789,0.2561668,-2.590638,-0.0017508,0.2539392,-0.466165,0.0033969,-0.6796337,36
AB,10,1205,POPU,DEL,NA,-2.377502,-0.0023789,0.2561668,-2.590638,-0.0017508,0.2539392,-0.466165,0.0033969,-0.6796337,36
AB,10,1205,POPU,DEL,DEL,-2.377502,-0.0023789,0.2561668,-2.590638,-0.0017508,0.2539392,-0.466165,0.0033969,-0.6796337,36
AB,10,1214,POPU,AGU,NA,-2.377502,-0.0023789,0.2561668,-2.590638,-0.0017508,0.2539392,-0.466165,0.0033969,-0.6796337,36
AB,10,1303,BETU,PAP,NA,-1.723272,-0.0013644,0.0205927,-3.444207,-0.0087834,0.6099656,-2.331382,0.0055207,-0.2235254,4
AB,10,1303,BETU,PAP,PAP,-1.723272,-0.0013644,0.0205927,-3.444207,-0.0087834,0.6099656,-2.331382,0.0055207,-0.2235254,4
AB,10,1404,ACER,NEG,NA,-1.84543,-5.793e-4,-0.0142936,-1.518254,1.825e-4,0.0574431,-1.969103,-0.002027,-0.1423168,5790
AB,10,1550,GENH,SPP,NA,-1.723272,-0.0013644,0.0205927,-3.444207,-0.0087834,0.6099656,-2.331382,0.0055207,-0.2235254,4
AB,10,3500,SALI,SPP,NA,-1.907153,-6.828e-4,-0.0151898,-2.558035,-0.0010482,0.2966087,-1.46093,-5.906e-4,-0.3045906,1479
AB,10,3508,SALI,DIS,NA,-1.907153,-6.828e-4,-0.0151898,-2.558035,-0.0010482,0.2966087,-1.46093,-5.906e-4,-0.3045906,1479
AB,14,100,PICE,SPP,NA,0.7354532,9.85e-4,-0.536398,1.955509,0.0028514,-0.7445082,2.014562,0.0024424,-0.8247373,11
AB,14,101,PICE,MAR,NA,-1.395837,-6.433e-4,-0.0796023,-1.256014,-9.974e-4,-0.074133,-0.867918,-0.0026773,-0.1059732,81
AB,14,104,PICE,ENG,NA,0.7354532,9.85e-4,-0.536398,1.955509,0.0028514,-0.7445082,2.014562,0.0024424,-0.8247373,11
AB,14,104,PICE,ENG,GLA,0.7354532,9.85e-4,-0.536398,1.955509,0.0028514,-0.7445082,2.014562,0.0024424,-0.8247373,11
AB,14,105,PICE,GLA,NA,0.7354532,9.85e-4,-0.536398,1.955509,0.0028514,-0.7445082,2.014562,0.0024424,-0.8247373,11
AB,14,109,PICE,SPP,NA,0.7354532,9.85e-4,-0.536398,1.955509,0.0028514,-0.7445082,2.014562,0.0024424,-0.8247373,11
AB,14,200,PINU,SPP,NA,-1.620894,3.71e-5,-0.1091873,-0.9625049,0.00528,-0.4991704,-1.168289,0.0028012,-0.3771049,46
AB,14,201,PINU,MON,NA,-1.228061,4.96e-5,-0.130779,0.2655796,4.88e-5,-0.2933955,0.184244,-1.434e-4,-0.359648,105
AB,14,203,PINU,BAN,NA,-1.620894,3.71e-5,-0.1091873,-0.9625049,0.00528,-0.4991704,-1.168289,0.0028012,-0.3771049,46
AB,14,204,PINU,CON,NA,-1.620894,3.71e-5,-0.1091873,-0.9625049,0.00528,-0.4991704,-1.168289,0.0028012,-0.3771049,46
AB,14,204,PINU,CON,LAT,-1.620894,3.71e-5,-0.1091873,-0.9625049,0.00528,-0.4991704,-1.168289,0.0028012,-0.3771049,46
AB,14,206,PINU,ALB,NA,-1.620894,3.71e-5,-0.1091873,-0.9625049,0.00528,-0.4991704,-1.168289,0.0028012,-0.3771049,46
AB,14,213,PINU,FLE,NA,-1.620894,3.71e-5,-0.1091873,-0.9625049,0.00528,-0.4991704,-1.168289,0.0028012,-0.3771049,46
AB,14,216,PINU,MUR,NA,-1.620894,3.71e-5,-0.1091873,-0.9625049,0.00528,-0.4991704,-1.168289,0.0028012,-0.3771049,46
AB,14,217,PINU,ALB,FLE,-1.620894,3.71e-5,-0.1091873,-0.9625049,0.00528,-0.4991704,-1.168289,0.0028012,-0.3771049,46
AB,14,300,ABIE,SPP,NA,-1.157117,7.395e-4,-0.1735332,0.5572737,5.295e-4,-0.4051833,-0.3311022,-5.99e-5,-0.3127531,38
AB,14,302,ABIE,BAL,NA,-1.157117,7.395e-4,-0.1735332,0.5572737,5.295e-4,-0.4051833,-0.3311022,-5.99e-5,-0.3127531,38
AB,14,304,ABIE,LAS,NA,-1.157117,7.395e-4,-0.1735332,0.5572737,5.295e-4,-0.4051833,-0.3311022,-5.99e-5,-0.3127531,38
AB,14,306,ABIE,MIX,NA,-1.157117,7.395e-4,-0.1735332,0.5572737,5.295e-4,-0.4051833,-0.3311022,-5.99e-5,-0.3127531,38
AB,14,402,TSUG,HET,NA,-1.592467,5.38e-5,-0.0471986,-0.130053,-1.243e-4,-0.2052635,0.061634,-3.099e-4,-0.3376991,1950
AB,14,500,PSEU,MEN,NA,-2.4038909999999998,-6.387e-4,0.1674664,0.7055001,0.0010978,-0.4010315,4.425699,0.0036288,-1.263356,9
AB,14,500,PSEU,MEN,MEN,-2.4038909999999998,-6.387e-4,0.1674664,0.7055001,0.0010978,-0.4010315,4.425699,0.0036288,-1.263356,9
AB,14,500,PSEU,MEN,GLA,-2.4038909999999998,-6.387e-4,0.1674664,0.7055001,0.0010978,-0.4010315,4.425699,0.0036288,-1.263356,9
AB,14,500,PSEU,SPP,NA,-2.4038909999999998,-6.387e-4,0.1674664,0.7055001,0.0010978,-0.4010315,4.425699,0.0036288,-1.263356,9
AB,14,600,LARI,SPP,NA,-1.119529,0.0032119,-0.2502692,-0.6020969,-0.0010206,-0.1819619,-1.246956,-0.0019971,-0.2304488,26
AB,14,602,LARI,LAR,NA,-1.119529,0.0032119,-0.2502692,-0.6020969,-0.0010206,-0.1819619,-1.246956,-0.0019971,-0.2304488,26
AB,14,603,LARI,OCC,NA,-2.347296,-3.81e-5,0.0676977,-1.761853,-1.164e-4,-0.0610369,-1.940456,-1.281e-4,-0.1359998,633
AB,14,604,LARI,LYA,NA,-1.119529,0.0032119,-0.2502692,-0.6020969,-0.0010206,-0.1819619,-1.246956,-0.0019971,-0.2304488,26
AB,14,702,THUJ,PLI,NA,-1.001047,1.174e-4,-0.1534805,-0.321785,4.04e-5,-0.1981277,-0.3830175,-5.52e-5,-0.294942,1904
AB,14,1150,UNKN,SPP,NA,-1.725159,7.567e-4,-0.0930007,-3.392087,0.0023399,0.1623097,-2.338189,0.0017783,-0.0565141,63
AB,14,1200,POPU,SPP,NA,-1.839779,-7.772e-4,0.0967224,-3.674185,-0.003197,0.5243227,-3.340458,-0.0034255,0.1832037,9
AB,14,1201,POPU,TRE,NA,-1.839779,-7.772e-4,0.0967224,-3.674185,-0.003197,0.5243227,-3.340458,-0.0034255,0.1832037,9
AB,14,1203,POPU,BAL,NA,-2.377502,-0.0023789,0.2561668,-2.590638,-0.0017508,0.2539392,-0.466165,0.0033969,-0.6796337,36
AB,14,1203,POPU,BAL,BAL,-2.377502,-0.0023789,0.2561668,-2.590638,-0.0017508,0.2539392,-0.466165,0.0033969,-0.6796337,36
AB,14,1204,POPU,TRI,NA,-2.377502,-0.0023789,0.2561668,-2.590638,-0.0017508,0.2539392,-0.466165,0.0033969,-0.6796337,36
AB,14,1205,POPU,DEL,NA,-2.377502,-0.0023789,0.2561668,-2.590638,-0.0017508,0.2539392,-0.466165,0.0033969,-0.6796337,36
AB,14,1205,POPU,DEL,DEL,-2.377502,-0.0023789,0.2561668,-2.590638,-0.0017508,0.2539392,-0.466165,0.0033969,-0.6796337,36
AB,14,1214,POPU,AGU,NA,-2.377502,-0.0023789,0.2561668,-2.590638,-0.0017508,0.2539392,-0.466165,0.0033969,-0.6796337,36
AB,14,1303,BETU,PAP,NA,-1.723272,-0.0013644,0.0205927,-3.444207,-0.0087834,0.6099656,-2.331382,0.0055207,-0.2235254,4
AB,14,1303,BETU,PAP,PAP,-1.723272,-0.0013644,0.0205927,-3.444207,-0.0087834,0.6099656,-2.331382,0.0055207,-0.2235254,4
AB,14,1404,ACER,NEG,NA,-1.723272,-0.0013644,0.0205927,-3.444207,-0.0087834,0.6099656,-2.331382,0.0055207,-0.2235254,4
AB,14,1550,GENH,SPP,NA,-1.723272,-0.0013644,0.0205927,-3.444207,-0.0087834,0.6099656,-2.331382,0.0055207,-0.2235254,4
AB,14,3500,SALI,SPP,NA,-1.37913,-0.0010944,-0.019176,-2.419292,-0.0062002,0.3379308,-2.049102,-3.68e-4,-0.0563004,7
BC,4,100,PICE,SPP,NA,-1.625259,-4.054e-4,-0.0381238,-2.394317,-0.0014168,0.0231444,-1.526448,-1.94e-4,-0.1547226,743
BC,4,101,PICE,MAR,NA,-1.586005,5.7e-5,-0.0733281,-2.321333,8.92e-4,-0.0352397,-1.83476,-9.677e-4,-0.1095727,48
BC,4,104,PICE,ENG,NA,-1.625259,-4.054e-4,-0.0381238,-2.394317,-0.0014168,0.0231444,-1.526448,-1.94e-4,-0.1547226,743
BC,4,104,PICE,ENG,GLA,-1.625259,-4.054e-4,-0.0381238,-2.394317,-0.0014168,0.0231444,-1.526448,-1.94e-4,-0.1547226,743
BC,4,105,PICE,GLA,NA,-1.625259,-4.054e-4,-0.0381238,-2.394317,-0.0014168,0.0231444,-1.526448,-1.94e-4,-0.1547226,743
BC,4,111,PICE,LUT,X,-1.625259,-4.054e-4,-0.0381238,-2.394317,-0.0014168,0.0231444,-1.526448,-1.94e-4,-0.1547226,743
BC,4,111,PICE,LUT,NA,-1.625259,-4.054e-4,-0.0381238,-2.394317,-0.0014168,0.0231444,-1.526448,-1.94e-4,-0.1547226,743
BC,4,200,PINU,SPP,NA,-1.643865,-2.47e-5,-0.0990339,-1.814172,-6.274e-4,-0.0801466,-1.37449,-6.383e-4,-0.2319116,165
BC,4,203,PINU,BAN,NA,-1.643865,-2.47e-5,-0.0990339,-1.814172,-6.274e-4,-0.0801466,-1.37449,-6.383e-4,-0.2319116,165
BC,4,204,PINU,CON,NA,-1.643865,-2.47e-5,-0.0990339,-1.814172,-6.274e-4,-0.0801466,-1.37449,-6.383e-4,-0.2319116,165
BC,4,204,PINU,CON,LAT,-1.643865,-2.47e-5,-0.0990339,-1.814172,-6.274e-4,-0.0801466,-1.37449,-6.383e-4,-0.2319116,165
BC,4,206,PINU,ALB,NA,-1.308831,3.756e-4,-0.1644074,1.030035,4.177e-4,-0.462601,1.054253,4.233e-4,-0.569974,107
BC,4,208,PINU,PON,NA,-1.418248,2.22e-5,-0.1709247,0.3766384,8.121e-4,-0.4662328,0.1169306,7.167e-4,-0.5197955,273
BC,4,213,PINU,FLE,NA,-1.308831,3.756e-4,-0.1644074,1.030035,4.177e-4,-0.462601,1.054253,4.233e-4,-0.569974,107
BC,4,300,ABIE,SPP,NA,-0.40594,0.0020504,-0.3541551,0.4071855,1.59e-4,-0.3948407,0.4895712,-1.216e-4,-0.4839459,11
BC,4,301,ABIE,AMA,NA,-0.40594,0.0020504,-0.3541551,0.4071855,1.59e-4,-0.3948407,0.4895712,-1.216e-4,-0.4839459,11
BC,4,302,ABIE,BAL,NA,-0.40594,0.0020504,-0.3541551,0.4071855,1.59e-4,-0.3948407,0.4895712,-1.216e-4,-0.4839459,11
BC,4,304,ABIE,LAS,NA,-0.40594,0.0020504,-0.3541551,0.4071855,1.59e-4,-0.3948407,0.4895712,-1.216e-4,-0.4839459,11
BC,4,308,ABIE,BIF,NA,-0.40594,0.0020504,-0.3541551,0.4071855,1.59e-4,-0.3948407,0.4895712,-1.216e-4,-0.4839459,11
BC,4,400,TSUG,SPP,NA,-1.506366,1.37e-4,-0.0685096,0.0678531,-2.786e-4,-0.251956,0.2780956,-7.954e-4,-0.3842847,1952
BC,4,402,TSUG,HET,NA,-1.506366,1.37e-4,-0.0685096,0.0678531,-2.786e-4,-0.251956,0.2780956,-7.954e-4,-0.3842847,1952
BC,4,403,TSUG,MER,NA,-1.506366,1.37e-4,-0.0685096,0.0678531,-2.786e-4,-0.251956,0.2780956,-7.954e-4,-0.3842847,1952
BC,4,404,TSUG,MER,HET,-1.506366,1.37e-4,-0.0685096,0.0678531,-2.786e-4,-0.251956,0.2780956,-7.954e-4,-0.3842847,1952
BC,4,500,PSEU,MEN,NA,-1.403252,4.76e-5,-0.0629483,-0.3861517,1.132e-4,-0.1950155,-0.116808,8.17e-5,-0.3352757,7492
BC,4,500,PSEU,MEN,MEN,-1.403252,4.76e-5,-0.0629483,-0.3861517,1.132e-4,-0.1950155,-0.116808,8.17e-5,-0.3352757,7492
BC,4,500,PSEU,MEN,GLA,-1.403252,4.76e-5,-0.0629483,-0.3861517,1.132e-4,-0.1950155,-0.116808,8.17e-5,-0.3352757,7492
BC,4,500,PSEU,SPP,NA,-1.403252,4.76e-5,-0.0629483,-0.3861517,1.132e-4,-0.1950155,-0.116808,8.17e-5,-0.3352757,7492
BC,4,600,LARI,SPP,NA,-1.329008,0.0038303,-0.2426446,-2.820644,-0.0106289,0.3735961,-2.061208,5.343e-4,-0.1692962,14
BC,4,602,LARI,LAR,NA,-1.329008,0.0038303,-0.2426446,-2.820644,-0.0106289,0.3735961,-2.061208,5.343e-4,-0.1692962,14
BC,4,603,LARI,OCC,NA,-1.329008,0.0038303,-0.2426446,-2.820644,-0.0106289,0.3735961,-2.061208,5.343e-4,-0.1692962,14
BC,4,604,LARI,LYA,NA,-1.329008,0.0038303,-0.2426446,-2.820644,-0.0106289,0.3735961,-2.061208,5.343e-4,-0.1692962,14
BC,4,700,THUJ,SPP,NA,-0.8209704,2.832e-4,-0.2011756,-0.0666428,1.501e-4,-0.2641068,0.215705,-1.17e-6,-0.4260966,1904
BC,4,702,THUJ,PLI,NA,-0.8209704,2.832e-4,-0.2011756,-0.0666428,1.501e-4,-0.2641068,0.215705,-1.17e-6,-0.4260966,1904
BC,4,901,TAXU,BRE,NA,-0.8209704,2.832e-4,-0.2011756,-0.0666428,1.501e-4,-0.2641068,0.215705,-1.17e-6,-0.4260966,1904
BC,4,1100,GENC,SPP,NA,-1.625259,-4.054e-4,-0.0381238,-2.394317,-0.0014168,0.0231444,-1.526448,-1.94e-4,-0.1547226,743
BC,4,1200,POPU,SPP,NA,-1.336536,-8.78e-5,-0.0478487,-2.57425,-8.23e-4,0.0452809,-2.062354,-1.79e-5,-0.2449411,412
BC,4,1201,POPU,TRE,NA,-1.336536,-8.78e-5,-0.0478487,-2.57425,-8.23e-4,0.0452809,-2.062354,-1.79e-5,-0.2449411,412
BC,4,1203,POPU,BAL,NA,-1.124464,-2.204e-4,-0.0733656,-1.728425,-4.929e-4,-0.0573989,-2.127382,2.922e-4,-0.2962995,147
BC,4,1203,POPU,BAL,BAL,-1.124464,-2.204e-4,-0.0733656,-1.728425,-4.929e-4,-0.0573989,-2.127382,2.922e-4,-0.2962995,147
BC,4,1204,POPU,TRI,NA,-1.124464,-2.204e-4,-0.0733656,-1.728425,-4.929e-4,-0.0573989,-2.127382,2.922e-4,-0.2962995,147
BC,4,1300,BETU,SPP,NA,-1.577622,3.31e-5,-0.0396923,-2.006157,-0.0020487,0.1030154,-2.147009,-0.0012341,-0.1290147,103
BC,4,1303,BETU,PAP,NA,-1.577622,3.31e-5,-0.0396923,-2.006157,-0.0020487,0.1030154,-2.147009,-0.0012341,-0.1290147,103
BC,4,1303,BETU,PAP,PAP,-1.577622,3.31e-5,-0.0396923,-2.006157,-0.0020487,0.1030154,-2.147009,-0.0012341,-0.1290147,103
BC,4,1305,BETU,ALA,NA,-1.577622,3.31e-5,-0.0396923,-2.006157,-0.0020487,0.1030154,-2.147009,-0.0012341,-0.1290147,103
BC,4,1305,BETU,NEO,NA,-1.577622,3.31e-5,-0.0396923,-2.006157,-0.0020487,0.1030154,-2.147009,-0.0012341,-0.1290147,103
BC,4,1308,BETU,PAP,NEO,-1.577622,3.31e-5,-0.0396923,-2.006157,-0.0020487,0.1030154,-2.147009,-0.0012341,-0.1290147,103
BC,4,1314,BETU,OCC,NA,-1.577622,3.31e-5,-0.0396923,-2.006157,-0.0020487,0.1030154,-2.147009,-0.0012341,-0.1290147,103
BC,4,1400,ACER,SPP,NA,-1.291454,5.21e-5,-0.0756369,-0.1016642,6.5e-5,-0.2732753,-0.8087489,1.133e-4,-0.4255576,36
BC,4,1403,ACER,MAC,NA,-1.291454,5.21e-5,-0.0756369,-0.1016642,6.5e-5,-0.2732753,-0.8087489,1.133e-4,-0.4255576,36
BC,4,1420,ACER,CIR,NA,-1.291454,5.21e-5,-0.0756369,-0.1016642,6.5e-5,-0.2732753,-0.8087489,1.133e-4,-0.4255576,36
BC,4,1500,GENH,SPP,NA,-1.554899,4.84e-5,-0.0443205,-0.4419988,-3.921e-4,-0.1228719,-0.0335258,6.035e-4,-0.5118409,223
BC,4,1800,ALNU,SPP,NA,-1.554899,4.84e-5,-0.0443205,-0.4419988,-3.921e-4,-0.1228719,-0.0335258,6.035e-4,-0.5118409,223
BC,4,1802,ALNU,RUB,NA,-1.554899,4.84e-5,-0.0443205,-0.4419988,-3.921e-4,-0.1228719,-0.0335258,6.035e-4,-0.5118409,223
BC,4,2100,QUER,SPP,NA,-1.291454,5.21e-5,-0.0756369,-0.1016642,6.5e-5,-0.2732753,-0.8087489,1.133e-4,-0.4255576,36
BC,4,2803,PRUN,EMA,NA,-1.554899,4.84e-5,-0.0443205,-0.4419988,-3.921e-4,-0.1228719,-0.0335258,6.035e-4,-0.5118409,223
BC,4,3930,MALU,COR,NA,-1.554899,4.84e-5,-0.0443205,-0.4419988,-3.921e-4,-0.1228719,-0.0335258,6.035e-4,-0.5118409,223
BC,4,3930,MALU,FUS,NA,-1.554899,4.84e-5,-0.0443205,-0.4419988,-3.921e-4,-0.1228719,-0.0335258,6.035e-4,-0.5118409,223
BC,4,3930,MALU,SPP,NA,-1.554899,4.84e-5,-0.0443205,-0.4419988,-3.921e-4,-0.1228719,-0.0335258,6.035e-4,-0.5118409,223
BC,9,100,PICE,SPP,NA,-2.335258,5.555e-4,0.0528214,-0.6659288,1.36e-4,-0.204146,0.6195002,0.0011124,-0.6352975,10
BC,9,101,PICE,MAR,NA,-1.073674,-1.113e-4,-0.1720169,-1.366842,-6.01e-4,-0.0547481,-0.7353759,-4.488e-4,-0.2326027,16
BC,9,104,PICE,ENG,GLA,-1.977903,-4.069e-4,0.0183103,-0.5624909,-6.567e-4,-0.2039605,-0.2357621,-5.384e-4,-0.3749542,533
BC,9,104,PICE,ENG,NA,-1.977903,-4.069e-4,0.0183103,-0.5624909,-6.567e-4,-0.2039605,-0.2357621,-5.384e-4,-0.3749542,533
BC,9,105,PICE,GLA,NA,-1.977903,-4.069e-4,0.0183103,-0.5624909,-6.567e-4,-0.2039605,-0.2357621,-5.384e-4,-0.3749542,533
BC,9,106,PICE,SIT,NA,-1.977903,-4.069e-4,0.0183103,-0.5624909,-6.567e-4,-0.2039605,-0.2357621,-5.384e-4,-0.3749542,533
BC,9,106,PICE,SIT,X,-1.977903,-4.069e-4,0.0183103,-0.5624909,-6.567e-4,-0.2039605,-0.2357621,-5.384e-4,-0.3749542,533
BC,9,111,PICE,LUT,X,-1.977903,-4.069e-4,0.0183103,-0.5624909,-6.567e-4,-0.2039605,-0.2357621,-5.384e-4,-0.3749542,533
BC,9,111,PICE,LUT,NA,-1.977903,-4.069e-4,0.0183103,-0.5624909,-6.567e-4,-0.2039605,-0.2357621,-5.384e-4,-0.3749542,533
BC,9,200,PINU,SPP,NA,-1.821875,-1.614e-4,-0.0595662,-0.9984587,-7.89e-4,-0.1769124,-0.8914505,-0.0011905,-0.2790404,409
BC,9,203,PINU,BAN,NA,-1.821875,-1.614e-4,-0.0595662,-0.9984587,-7.89e-4,-0.1769124,-0.8914505,-0.0011905,-0.2790404,409
BC,9,204,PINU,CON,NA,-1.821875,-1.614e-4,-0.0595662,-0.9984587,-7.89e-4,-0.1769124,-0.8914505,-0.0011905,-0.2790404,409
BC,9,204,PINU,CON,LAT,-1.821875,-1.614e-4,-0.0595662,-0.9984587,-7.89e-4,-0.1769124,-0.8914505,-0.0011905,-0.2790404,409
BC,9,206,PINU,ALB,NA,-1.308831,3.756e-4,-0.1644074,1.030035,4.177e-4,-0.462601,1.054253,4.233e-4,-0.569974,107
BC,9,208,PINU,PON,NA,-1.418248,2.22e-5,-0.1709247,0.3766384,8.121e-4,-0.4662328,0.1169306,7.167e-4,-0.5197955,273
BC,9,213,PINU,FLE,NA,-1.308831,3.756e-4,-0.1644074,1.030035,4.177e-4,-0.462601,1.054253,4.233e-4,-0.569974,107
BC,9,300,ABIE,SPP,NA,-0.40594,0.0020504,-0.3541551,0.4071855,1.59e-4,-0.3948407,0.4895712,-1.216e-4,-0.4839459,11
BC,9,301,ABIE,AMA,NA,-0.40594,0.0020504,-0.3541551,0.4071855,1.59e-4,-0.3948407,0.4895712,-1.216e-4,-0.4839459,11
BC,9,302,ABIE,BAL,NA,-0.40594,0.0020504,-0.3541551,0.4071855,1.59e-4,-0.3948407,0.4895712,-1.216e-4,-0.4839459,11
BC,9,304,ABIE,LAS,NA,-0.40594,0.0020504,-0.3541551,0.4071855,1.59e-4,-0.3948407,0.4895712,-1.216e-4,-0.4839459,11
BC,9,308,ABIE,BIF,NA,-0.40594,0.0020504,-0.3541551,0.4071855,1.59e-4,-0.3948407,0.4895712,-1.216e-4,-0.4839459,11
BC,9,400,TSUG,SPP,NA,-1.506366,1.37e-4,-0.0685096,0.0678531,-2.786e-4,-0.251956,0.2780956,-7.954e-4,-0.3842847,1952
BC,9,402,TSUG,HET,NA,-1.506366,1.37e-4,-0.0685096,0.0678531,-2.786e-4,-0.251956,0.2780956,-7.954e-4,-0.3842847,1952
BC,9,403,TSUG,MER,NA,-1.506366,1.37e-4,-0.0685096,0.0678531,-2.786e-4,-0.251956,0.2780956,-7.954e-4,-0.3842847,1952
BC,9,404,TSUG,MER,HET,-1.506366,1.37e-4,-0.0685096,0.0678531,-2.786e-4,-0.251956,0.2780956,-7.954e-4,-0.3842847,1952
BC,9,500,PSEU,MEN,NA,-1.403252,4.76e-5,-0.0629483,-0.3861517,1.132e-4,-0.1950155,-0.116808,8.17e-5,-0.3352757,7492
BC,9,500,PSEU,MEN,MEN,-1.403252,4.76e-5,-0.0629483,-0.3861517,1.132e-4,-0.1950155,-0.116808,8.17e-5,-0.3352757,7492
BC,9,500,PSEU,MEN,GLA,-1.403252,4.76e-5,-0.0629483,-0.3861517,1.132e-4,-0.1950155,-0.116808,8.17e-5,-0.3352757,7492
BC,9,500,PSEU,SPP,NA,-1.403252,4.76e-5,-0.0629483,-0.3861517,1.132e-4,-0.1950155,-0.116808,8.17e-5,-0.3352757,7492
BC,9,600,LARI,SPP,NA,-1.329008,0.0038303,-0.2426446,-2.820644,-0.0106289,0.3735961,-2.061208,5.343e-4,-0.1692962,14
BC,9,602,LARI,LAR,NA,-1.329008,0.0038303,-0.2426446,-2.820644,-0.0106289,0.3735961,-2.061208,5.343e-4,-0.1692962,14
BC,9,603,LARI,OCC,NA,-1.329008,0.0038303,-0.2426446,-2.820644,-0.0106289,0.3735961,-2.061208,5.343e-4,-0.1692962,14
BC,9,604,LARI,LYA,NA,-1.329008,0.0038303,-0.2426446,-2.820644,-0.0106289,0.3735961,-2.061208,5.343e-4,-0.1692962,14
BC,9,700,THUJ,SPP,NA,-0.8209704,2.832e-4,-0.2011756,-0.0666428,1.501e-4,-0.2641068,0.215705,-1.17e-6,-0.4260966,1904
BC,9,702,THUJ,PLI,NA,-0.8209704,2.832e-4,-0.2011756,-0.0666428,1.501e-4,-0.2641068,0.215705,-1.17e-6,-0.4260966,1904
BC,9,901,TAXU,BRE,NA,-0.8209704,2.832e-4,-0.2011756,-0.0666428,1.501e-4,-0.2641068,0.215705,-1.17e-6,-0.4260966,1904
BC,9,1100,GENC,SPP,NA,-1.977903,-4.069e-4,0.0183103,-0.5624909,-6.567e-4,-0.2039605,-0.2357621,-5.384e-4,-0.3749542,533
BC,9,1200,POPU,SPP,NA,-1.006456,-2.876e-4,-0.0675527,-2.018832,-9.973e-4,0.0314381,-2.182729,-8.02e-4,-0.2125665,536
BC,9,1201,POPU,TRE,NA,-1.006456,-2.876e-4,-0.0675527,-2.018832,-9.973e-4,0.0314381,-2.182729,-8.02e-4,-0.2125665,536
BC,9,1203,POPU,BAL,NA,-0.9486009,-3.082e-4,-0.0974655,-2.616476,-0.0023313,0.2608337,-3.315248,-0.0017989,0.09391,132
BC,9,1203,POPU,BAL,BAL,-0.9486009,-3.082e-4,-0.0974655,-2.616476,-0.0023313,0.2608337,-3.315248,-0.0017989,0.09391,132
BC,9,1204,POPU,TRI,NA,-0.9486009,-3.082e-4,-0.0974655,-2.616476,-0.0023313,0.2608337,-3.315248,-0.0017989,0.09391,132
BC,9,1300,BETU,SPP,NA,-1.216762,0.0015043,-0.1465071,-1.632935,-9.383e-4,0.049126,-2.73702,-0.0044658,0.0560232,17
BC,9,1303,BETU,PAP,NA,-1.216762,0.0015043,-0.1465071,-1.632935,-9.383e-4,0.049126,-2.73702,-0.0044658,0.0560232,17
BC,9,1303,BETU,PAP,PAP,-1.216762,0.0015043,-0.1465071,-1.632935,-9.383e-4,0.049126,-2.73702,-0.0044658,0.0560232,17
BC,9,1305,BETU,ALA,NA,-1.216762,0.0015043,-0.1465071,-1.632935,-9.383e-4,0.049126,-2.73702,-0.0044658,0.0560232,17
BC,9,1305,BETU,NEO,NA,-1.216762,0.0015043,-0.1465071,-1.632935,-9.383e-4,0.049126,-2.73702,-0.0044658,0.0560232,17
BC,9,1308,BETU,PAP,NEO,-1.216762,0.0015043,-0.1465071,-1.632935,-9.383e-4,0.049126,-2.73702,-0.0044658,0.0560232,17
BC,9,1314,BETU,OCC,NA,-1.216762,0.0015043,-0.1465071,-1.632935,-9.383e-4,0.049126,-2.73702,-0.0044658,0.0560232,17
BC,9,1400,ACER,SPP,NA,-1.291454,5.21e-5,-0.0756369,-0.1016642,6.5e-5,-0.2732753,-0.8087489,1.133e-4,-0.4255576,36
BC,9,1403,ACER,MAC,NA,-1.291454,5.21e-5,-0.0756369,-0.1016642,6.5e-5,-0.2732753,-0.8087489,1.133e-4,-0.4255576,36
BC,9,1420,ACER,CIR,NA,-1.291454,5.21e-5,-0.0756369,-0.1016642,6.5e-5,-0.2732753,-0.8087489,1.133e-4,-0.4255576,36
BC,9,1500,GENH,SPP,NA,-1.554899,4.84e-5,-0.0443205,-0.4419988,-3.921e-4,-0.1228719,-0.0335258,6.035e-4,-0.5118409,223
BC,9,1800,ALNU,SPP,NA,-1.554899,4.84e-5,-0.0443205,-0.4419988,-3.921e-4,-0.1228719,-0.0335258,6.035e-4,-0.5118409,223
BC,9,1802,ALNU,RUB,NA,-1.554899,4.84e-5,-0.0443205,-0.4419988,-3.921e-4,-0.1228719,-0.0335258,6.035e-4,-0.5118409,223
BC,9,2100,QUER,SPP,NA,-1.291454,5.21e-5,-0.0756369,-0.1016642,6.5e-5,-0.2732753,-0.8087489,1.133e-4,-0.4255576,36
BC,9,2803,PRUN,EMA,NA,-1.554899,4.84e-5,-0.0443205,-0.4419988,-3.921e-4,-0.1228719,-0.0335258,6.035e-4,-0.5118409,223
BC,9,3930,MALU,COR,NA,-1.554899,4.84e-5,-0.0443205,-0.4419988,-3.921e-4,-0.1228719,-0.0335258,6.035e-4,-0.5118409,223
BC,9,3930,MALU,FUS,NA,-1.554899,4.84e-5,-0.0443205,-0.4419988,-3.921e-4,-0.1228719,-0.0335258,6.035e-4,-0.5118409,223
BC,9,3930,MALU,SPP,NA,-1.554899,4.84e-5,-0.0443205,-0.4419988,-3.921e-4,-0.1228719,-0.0335258,6.035e-4,-0.5118409,223
BC,12,100,PICE,SPP,NA,-1.450851,-4.727e-4,-0.0676504,-1.026331,-0.0015121,-0.083738,-0.8177657,-0.0014652,-0.2113483,1358
BC,12,101,PICE,MAR,NA,-1.596831,-0.001414,-0.0411992,-1.196565,-0.0018906,-0.1891038,-1.47476,-0.0030742,-0.1518909,16
BC,12,104,PICE,ENG,NA,-1.416215,-4.285e-4,-0.0765151,0.8189189,3.712e-4,-0.3956916,0.8631588,9.771e-4,-0.5744935,7
BC,12,104,PICE,ENG,GLA,-1.416215,-4.285e-4,-0.0765151,0.8189189,3.712e-4,-0.3956916,0.8631588,9.771e-4,-0.5744935,7
BC,12,105,PICE,GLA,NA,-1.450851,-4.727e-4,-0.0676504,-1.026331,-0.0015121,-0.083738,-0.8177657,-0.0014652,-0.2113483,1358
BC,12,106,PICE,SIT,X,-2.497703,-2.585e-4,0.1273666,-0.4288351,-2.728e-4,-0.165095,-0.163783,1.047e-4,-0.2869107,309
BC,12,106,PICE,SIT,NA,-2.497703,-2.585e-4,0.1273666,-0.4288351,-2.728e-4,-0.165095,-0.163783,1.047e-4,-0.2869107,309
BC,12,111,PICE,LUT,X,-1.450851,-4.727e-4,-0.0676504,-1.026331,-0.0015121,-0.083738,-0.8177657,-0.0014652,-0.2113483,1358
BC,12,111,PICE,LUT,NA,-1.450851,-4.727e-4,-0.0676504,-1.026331,-0.0015121,-0.083738,-0.8177657,-0.0014652,-0.2113483,1358
BC,12,200,PINU,SPP,NA,-1.82098,-3.73e-4,-0.0625593,-1.657286,-0.0014556,-0.0201124,-1.438912,-0.0010399,-0.1822509,1059
BC,12,201,PINU,MON,NA,-0.9777701,2.829e-4,-0.2001038,0.8228506,5.477e-4,-0.4553019,1.034414,4.9e-4,-0.5955763,104
BC,12,203,PINU,BAN,NA,-1.82098,-3.73e-4,-0.0625593,-1.657286,-0.0014556,-0.0201124,-1.438912,-0.0010399,-0.1822509,1059
BC,12,204,PINU,CON,NA,-1.82098,-3.73e-4,-0.0625593,-1.657286,-0.0014556,-0.0201124,-1.438912,-0.0010399,-0.1822509,1059
BC,12,204,PINU,CON,LAT,-1.82098,-3.73e-4,-0.0625593,-1.657286,-0.0014556,-0.0201124,-1.438912,-0.0010399,-0.1822509,1059
BC,12,206,PINU,ALB,NA,-1.308831,3.756e-4,-0.1644074,1.030035,4.177e-4,-0.462601,1.054253,4.233e-4,-0.569974,107
BC,12,208,PINU,PON,NA,-1.418248,2.22e-5,-0.1709247,0.3766384,8.121e-4,-0.4662328,0.1169306,7.167e-4,-0.5197955,273
BC,12,213,PINU,FLE,NA,-1.308831,3.756e-4,-0.1644074,1.030035,4.177e-4,-0.462601,1.054253,4.233e-4,-0.569974,107
BC,12,300,ABIE,SPP,NA,-1.34574,-2.044e-4,-0.0784552,0.7464222,-2.849e-4,-0.3765462,0.401605,-5.183e-4,-0.3938215,289
BC,12,301,ABIE,AMA,NA,-1.34574,-2.044e-4,-0.0784552,0.7464222,-2.849e-4,-0.3765462,0.401605,-5.183e-4,-0.3938215,289
BC,12,302,ABIE,BAL,NA,-1.34574,-2.044e-4,-0.0784552,0.7464222,-2.849e-4,-0.3765462,0.401605,-5.183e-4,-0.3938215,289
BC,12,303,ABIE,GRA,NA,-1.34574,-2.044e-4,-0.0784552,0.7464222,-2.849e-4,-0.3765462,0.401605,-5.183e-4,-0.3938215,289
BC,12,304,ABIE,LAS,NA,-1.34574,-2.044e-4,-0.0784552,0.7464222,-2.849e-4,-0.3765462,0.401605,-5.183e-4,-0.3938215,289
BC,12,308,ABIE,BIF,NA,-1.34574,-2.044e-4,-0.0784552,0.7464222,-2.849e-4,-0.3765462,0.401605,-5.183e-4,-0.3938215,289
BC,12,400,TSUG,SPP,NA,-1.794997,-4.22e-5,-0.0073855,0.3521001,-1.529e-4,-0.3092179,0.4897386,-2.694e-4,-0.4412296,5497
BC,12,402,TSUG,HET,NA,-1.794997,-4.22e-5,-0.0073855,0.3521001,-1.529e-4,-0.3092179,0.4897386,-2.694e-4,-0.4412296,5497
BC,12,403,TSUG,MER,NA,-1.355313,-8.77e-5,-0.0562639,-0.7356065,-2.679e-4,-0.141275,0.3233419,2.344e-4,-0.4297209,104
BC,12,404,TSUG,MER,HET,-1.355313,-8.77e-5,-0.0562639,-0.7356065,-2.679e-4,-0.141275,0.3233419,2.344e-4,-0.4297209,104
BC,12,500,PSEU,MEN,NA,-1.244877,-1.93e-5,-0.0728796,-0.0248945,-1.724e-4,-0.2091615,0.2900703,-3.808e-4,-0.3410254,2398
BC,12,500,PSEU,MEN,MEN,-1.244877,-1.93e-5,-0.0728796,-0.0248945,-1.724e-4,-0.2091615,0.2900703,-3.808e-4,-0.3410254,2398
BC,12,500,PSEU,MEN,GLA,-1.244877,-1.93e-5,-0.0728796,-0.0248945,-1.724e-4,-0.2091615,0.2900703,-3.808e-4,-0.3410254,2398
BC,12,500,PSEU,SPP,NA,-1.244877,-1.93e-5,-0.0728796,-0.0248945,-1.724e-4,-0.2091615,0.2900703,-3.808e-4,-0.3410254,2398
BC,12,600,LARI,SPP,NA,-2.347296,-3.81e-5,0.0676977,-1.761853,-1.164e-4,-0.0610369,-1.940456,-1.281e-4,-0.1359998,633
BC,12,602,LARI,LAR,NA,-2.347296,-3.81e-5,0.0676977,-1.761853,-1.164e-4,-0.0610369,-1.940456,-1.281e-4,-0.1359998,633
BC,12,603,LARI,OCC,NA,-2.347296,-3.81e-5,0.0676977,-1.761853,-1.164e-4,-0.0610369,-1.940456,-1.281e-4,-0.1359998,633
BC,12,604,LARI,LYA,NA,-2.347296,-3.81e-5,0.0676977,-1.761853,-1.164e-4,-0.0610369,-1.940456,-1.281e-4,-0.1359998,633
BC,12,700,THUJ,SPP,NA,-0.642767,3.686e-4,-0.2373158,0.27354,-1.54e-5,-0.2856494,0.4455881,-1.44e-4,-0.4273538,2353
BC,12,702,THUJ,PLI,NA,-0.642767,3.686e-4,-0.2373158,0.27354,-1.54e-5,-0.2856494,0.4455881,-1.44e-4,-0.4273538,2353
BC,12,901,TAXU,BRE,NA,-0.642767,3.686e-4,-0.2373158,0.27354,-1.54e-5,-0.2856494,0.4455881,-1.44e-4,-0.4273538,2353
BC,12,1000,CHAM,SPP,NA,0.1816843,5.72e-4,-0.4332369,1.712082,4.84e-4,-0.6285218,2.259813,7.133e-4,-0.8135678,299
BC,12,1001,CHAM,NOO,NA,0.1816843,5.72e-4,-0.4332369,1.712082,4.84e-4,-0.6285218,2.259813,7.133e-4,-0.8135678,299
BC,12,1100,GENC,SPP,NA,-1.450851,-4.727e-4,-0.0676504,-1.026331,-0.0015121,-0.083738,-0.8177657,-0.0014652,-0.2113483,1358
BC,12,1200,POPU,SPP,NA,-1.499,-7.114e-4,-0.0275135,-2.005931,-0.0014954,0.0448455,-2.457875,-8.182e-4,-0.1167605,290
BC,12,1201,POPU,TRE,NA,-1.499,-7.114e-4,-0.0275135,-2.005931,-0.0014954,0.0448455,-2.457875,-8.182e-4,-0.1167605,290
BC,12,1203,POPU,BAL,NA,-0.1857593,0.0010686,-0.3328468,-1.329258,4.106e-4,-0.049699,0.8857983,0.0025282,-0.8773444,15
BC,12,1203,POPU,BAL,BAL,-0.1857593,0.0010686,-0.3328468,-1.329258,4.106e-4,-0.049699,0.8857983,0.0025282,-0.8773444,15
BC,12,1204,POPU,TRI,NA,-0.1857593,0.0010686,-0.3328468,-1.329258,4.106e-4,-0.049699,0.8857983,0.0025282,-0.8773444,15
BC,12,1300,BETU,SPP,NA,-1.338956,8.188e-4,-0.1233636,-1.414224,-0.0010425,-0.0376646,-1.958984,-2.087e-4,-0.1861505,10
BC,12,1303,BETU,PAP,PAP,-1.338956,8.188e-4,-0.1233636,-1.414224,-0.0010425,-0.0376646,-1.958984,-2.087e-4,-0.1861505,10
BC,12,1303,BETU,PAP,NA,-1.338956,8.188e-4,-0.1233636,-1.414224,-0.0010425,-0.0376646,-1.958984,-2.087e-4,-0.1861505,10
BC,12,1305,BETU,ALA,NA,-1.338956,8.188e-4,-0.1233636,-1.414224,-0.0010425,-0.0376646,-1.958984,-2.087e-4,-0.1861505,10
BC,12,1305,BETU,NEO,NA,-1.338956,8.188e-4,-0.1233636,-1.414224,-0.0010425,-0.0376646,-1.958984,-2.087e-4,-0.1861505,10
BC,12,1308,BETU,PAP,NEO,-1.338956,8.188e-4,-0.1233636,-1.414224,-0.0010425,-0.0376646,-1.958984,-2.087e-4,-0.1861505,10
BC,12,1314,BETU,OCC,NA,-1.338956,8.188e-4,-0.1233636,-1.414224,-0.0010425,-0.0376646,-1.958984,-2.087e-4,-0.1861505,10
BC,12,1400,ACER,SPP,NA,-1.291454,5.21e-5,-0.0756369,-0.1016642,6.5e-5,-0.2732753,-0.8087489,1.133e-4,-0.4255576,36
BC,12,1403,ACER,MAC,NA,-1.291454,5.21e-5,-0.0756369,-0.1016642,6.5e-5,-0.2732753,-0.8087489,1.133e-4,-0.4255576,36
BC,12,1420,ACER,CIR,NA,-1.291454,5.21e-5,-0.0756369,-0.1016642,6.5e-5,-0.2732753,-0.8087489,1.133e-4,-0.4255576,36
BC,12,1500,GENH,SPP,NA,-1.554899,4.84e-5,-0.0443205,-0.4419988,-3.921e-4,-0.1228719,-0.0335258,6.035e-4,-0.5118409,223
BC,12,1800,ALNU,SPP,NA,-1.554899,4.84e-5,-0.0443205,-0.4419988,-3.921e-4,-0.1228719,-0.0335258,6.035e-4,-0.5118409,223
BC,12,1802,ALNU,RUB,NA,-1.554899,4.84e-5,-0.0443205,-0.4419988,-3.921e-4,-0.1228719,-0.0335258,6.035e-4,-0.5118409,223
BC,12,2100,QUER,SPP,NA,-1.291454,5.21e-5,-0.0756369,-0.1016642,6.5e-5,-0.2732753,-0.8087489,1.133e-4,-0.4255576,36
BC,12,2803,PRUN,EMA,NA,-1.554899,4.84e-5,-0.0443205,-0.4419988,-3.921e-4,-0.1228719,-0.0335258,6.035e-4,-0.5118409,223
BC,12,3500,SALI,SPP,NA,-1.37913,-0.0010944,-0.019176,-2.419292,-0.0062002,0.3379308,-2.049102,-3.68e-4,-0.0563004,7
BC,12,3930,MALU,COR,NA,-1.554899,4.84e-5,-0.0443205,-0.4419988,-3.921e-4,-0.1228719,-0.0335258,6.035e-4,-0.5118409,223
BC,12,3930,MALU,FUS,NA,-1.554899,4.84e-5,-0.0443205,-0.4419988,-3.921e-4,-0.1228719,-0.0335258,6.035e-4,-0.5118409,223
BC,12,3930,MALU,SPP,NA,-1.554899,4.84e-5,-0.0443205,-0.4419988,-3.921e-4,-0.1228719,-0.0335258,6.035e-4,-0.5118409,223
BC,13,100,PICE,SPP,NA,-2.497703,-2.585e-4,0.1273666,-0.4288351,-2.728e-4,-0.165095,-0.163783,1.047e-4,-0.2869107,309
BC,13,101,PICE,MAR,NA,-1.788679,-5.962e-4,-0.0264113,-1.674199,2.915e-4,-0.0613131,-1.349257,-8.185e-4,-0.1412728,20
BC,13,104,PICE,ENG,NA,-2.028913,-0.0015298,0.0841842,0.3589882,0.001285,-0.3385534,0.6383793,9.08e-4,-0.5009379,7
BC,13,104,PICE,ENG,GLA,-2.028913,-0.0015298,0.0841842,0.3589882,0.001285,-0.3385534,0.6383793,9.08e-4,-0.5009379,7
BC,13,105,PICE,GLA,NA,-1.379421,-1.11e-6,-0.1162814,-0.3108952,7.09e-5,-0.2501483,0.3965391,1.18e-5,-0.4898143,264
BC,13,106,PICE,SIT,NA,-2.497703,-2.585e-4,0.1273666,-0.4288351,-2.728e-4,-0.165095,-0.163783,1.047e-4,-0.2869107,309
BC,13,106,PICE,SIT,X,-2.497703,-2.585e-4,0.1273666,-0.4288351,-2.728e-4,-0.165095,-0.163783,1.047e-4,-0.2869107,309
BC,13,111,PICE,LUT,X,-1.379421,-1.11e-6,-0.1162814,-0.3108952,7.09e-5,-0.2501483,0.3965391,1.18e-5,-0.4898143,264
BC,13,111,PICE,LUT,NA,-1.379421,-1.11e-6,-0.1162814,-0.3108952,7.09e-5,-0.2501483,0.3965391,1.18e-5,-0.4898143,264
BC,13,200,PINU,SPP,NA,-1.625568,7.08e-5,-0.1098465,-0.7530977,3.481e-4,-0.2450257,-0.8479053,1.846e-4,-0.3120772,241
BC,13,201,PINU,MON,NA,-0.9777701,2.829e-4,-0.2001038,0.8228506,5.477e-4,-0.4553019,1.034414,4.9e-4,-0.5955763,104
BC,13,203,PINU,BAN,NA,-1.625568,7.08e-5,-0.1098465,-0.7530977,3.481e-4,-0.2450257,-0.8479053,1.846e-4,-0.3120772,241
BC,13,204,PINU,CON,NA,-1.625568,7.08e-5,-0.1098465,-0.7530977,3.481e-4,-0.2450257,-0.8479053,1.846e-4,-0.3120772,241
BC,13,204,PINU,CON,LAT,-1.625568,7.08e-5,-0.1098465,-0.7530977,3.481e-4,-0.2450257,-0.8479053,1.846e-4,-0.3120772,241
BC,13,205,PINU,CON,CON,-1.625568,7.08e-5,-0.1098465,-0.7530977,3.481e-4,-0.2450257,-0.8479053,1.846e-4,-0.3120772,241
BC,13,206,PINU,ALB,NA,-1.308831,3.756e-4,-0.1644074,1.030035,4.177e-4,-0.462601,1.054253,4.233e-4,-0.569974,107
BC,13,208,PINU,PON,NA,-1.418248,2.22e-5,-0.1709247,0.3766384,8.121e-4,-0.4662328,0.1169306,7.167e-4,-0.5197955,273
BC,13,213,PINU,FLE,NA,-1.308831,3.756e-4,-0.1644074,1.030035,4.177e-4,-0.462601,1.054253,4.233e-4,-0.569974,107
BC,13,300,ABIE,SPP,NA,-1.556472,5.3e-5,-0.0613843,0.0074748,-1.224e-4,-0.2511565,0.2122339,-1.344e-4,-0.3075333,1215
BC,13,301,ABIE,AMA,NA,-1.556472,5.3e-5,-0.0613843,0.0074748,-1.224e-4,-0.2511565,0.2122339,-1.344e-4,-0.3075333,1215
BC,13,302,ABIE,BAL,NA,-1.495276,1.138e-4,-0.0626243,-0.2734293,6.056e-4,-0.194112,-0.1581862,3.785e-4,-0.319631,48
BC,13,303,ABIE,GRA,NA,-1.789199,9.45e-5,-0.0233683,2.79439,6.318e-4,-0.7697625,6.490458,0.0016212,-1.517766,11
BC,13,304,ABIE,LAS,NA,-1.495276,1.138e-4,-0.0626243,-0.2734293,6.056e-4,-0.194112,-0.1581862,3.785e-4,-0.319631,48
BC,13,308,ABIE,BIF,NA,-1.495276,1.138e-4,-0.0626243,-0.2734293,6.056e-4,-0.194112,-0.1581862,3.785e-4,-0.319631,48
BC,13,400,TSUG,SPP,NA,-1.794997,-4.22e-5,-0.0073855,0.3521001,-1.529e-4,-0.3092179,0.4897386,-2.694e-4,-0.4412296,5497
BC,13,402,TSUG,HET,NA,-1.794997,-4.22e-5,-0.0073855,0.3521001,-1.529e-4,-0.3092179,0.4897386,-2.694e-4,-0.4412296,5497
BC,13,403,TSUG,MER,NA,-1.355313,-8.77e-5,-0.0562639,-0.7356065,-2.679e-4,-0.141275,0.3233419,2.344e-4,-0.4297209,104
BC,13,404,TSUG,MER,HET,-1.355313,-8.77e-5,-0.0562639,-0.7356065,-2.679e-4,-0.141275,0.3233419,2.344e-4,-0.4297209,104
BC,13,500,PSEU,MEN,NA,-1.244877,-1.93e-5,-0.0728796,-0.0248945,-1.724e-4,-0.2091615,0.2900703,-3.808e-4,-0.3410254,2398
BC,13,500,PSEU,MEN,MEN,-1.244877,-1.93e-5,-0.0728796,-0.0248945,-1.724e-4,-0.2091615,0.2900703,-3.808e-4,-0.3410254,2398
BC,13,500,PSEU,MEN,GLA,-1.244877,-1.93e-5,-0.0728796,-0.0248945,-1.724e-4,-0.2091615,0.2900703,-3.808e-4,-0.3410254,2398
BC,13,500,PSEU,SPP,NA,-1.244877,-1.93e-5,-0.0728796,-0.0248945,-1.724e-4,-0.2091615,0.2900703,-3.808e-4,-0.3410254,2398
BC,13,600,LARI,SPP,NA,-2.347296,-3.81e-5,0.0676977,-1.761853,-1.164e-4,-0.0610369,-1.940456,-1.281e-4,-0.1359998,633
BC,13,602,LARI,LAR,NA,-2.347296,-3.81e-5,0.0676977,-1.761853,-1.164e-4,-0.0610369,-1.940456,-1.281e-4,-0.1359998,633
BC,13,603,LARI,OCC,NA,-2.347296,-3.81e-5,0.0676977,-1.761853,-1.164e-4,-0.0610369,-1.940456,-1.281e-4,-0.1359998,633
BC,13,604,LARI,LYA,NA,-2.347296,-3.81e-5,0.0676977,-1.761853,-1.164e-4,-0.0610369,-1.940456,-1.281e-4,-0.1359998,633
BC,13,700,THUJ,SPP,NA,-0.642767,3.686e-4,-0.2373158,0.27354,-1.54e-5,-0.2856494,0.4455881,-1.44e-4,-0.4273538,2353
BC,13,702,THUJ,PLI,NA,-0.642767,3.686e-4,-0.2373158,0.27354,-1.54e-5,-0.2856494,0.4455881,-1.44e-4,-0.4273538,2353
BC,13,901,TAXU,BRE,NA,-0.642767,3.686e-4,-0.2373158,0.27354,-1.54e-5,-0.2856494,0.4455881,-1.44e-4,-0.4273538,2353
BC,13,1000,CHAM,SPP,NA,0.1816843,5.72e-4,-0.4332369,1.712082,4.84e-4,-0.6285218,2.259813,7.133e-4,-0.8135678,299
BC,13,1001,CHAM,NOO,NA,0.1816843,5.72e-4,-0.4332369,1.712082,4.84e-4,-0.6285218,2.259813,7.133e-4,-0.8135678,299
BC,13,1100,GENC,SPP,NA,-1.794997,-4.22e-5,-0.0073855,0.3521001,-1.529e-4,-0.3092179,0.4897386,-2.694e-4,-0.4412296,5497
BC,13,1200,POPU,SPP,NA,-0.4687159,4.46e-5,-0.2582633,-1.260087,2.62e-5,-0.0868004,-0.4194222,4.244e-4,-0.5590838,137
BC,13,1201,POPU,TRE,NA,-1.316127,-2.972e-4,-0.0564401,-1.810952,-0.0010492,0.02099,-2.086308,-0.0011236,-0.1464488,80
BC,13,1203,POPU,BAL,NA,-0.4687159,4.46e-5,-0.2582633,-1.260087,2.62e-5,-0.0868004,-0.4194222,4.244e-4,-0.5590838,137
BC,13,1203,POPU,BAL,BAL,-0.4687159,4.46e-5,-0.2582633,-1.260087,2.62e-5,-0.0868004,-0.4194222,4.244e-4,-0.5590838,137
BC,13,1204,POPU,TRI,NA,-0.4687159,4.46e-5,-0.2582633,-1.260087,2.62e-5,-0.0868004,-0.4194222,4.244e-4,-0.5590838,137
BC,13,1300,BETU,SPP,NA,-1.733454,-5.786e-4,0.0123067,-1.253744,-4.228e-4,-0.0585442,-0.5131046,0.0011113,-0.4724806,49
BC,13,1303,BETU,PAP,NA,-1.733454,-5.786e-4,0.0123067,-1.253744,-4.228e-4,-0.0585442,-0.5131046,0.0011113,-0.4724806,49
BC,13,1303,BETU,PAP,PAP,-1.733454,-5.786e-4,0.0123067,-1.253744,-4.228e-4,-0.0585442,-0.5131046,0.0011113,-0.4724806,49
BC,13,1305,BETU,ALA,NA,-1.733454,-5.786e-4,0.0123067,-1.253744,-4.228e-4,-0.0585442,-0.5131046,0.0011113,-0.4724806,49
BC,13,1305,BETU,NEO,NA,-1.733454,-5.786e-4,0.0123067,-1.253744,-4.228e-4,-0.0585442,-0.5131046,0.0011113,-0.4724806,49
BC,13,1308,BETU,PAP,NEO,-1.733454,-5.786e-4,0.0123067,-1.253744,-4.228e-4,-0.0585442,-0.5131046,0.0011113,-0.4724806,49
BC,13,1314,BETU,OCC,NA,-1.733454,-5.786e-4,0.0123067,-1.253744,-4.228e-4,-0.0585442,-0.5131046,0.0011113,-0.4724806,49
BC,13,1400,ACER,SPP,NA,-1.291454,5.21e-5,-0.0756369,-0.1016642,6.5e-5,-0.2732753,-0.8087489,1.133e-4,-0.4255576,36
BC,13,1403,ACER,MAC,NA,-1.291454,5.21e-5,-0.0756369,-0.1016642,6.5e-5,-0.2732753,-0.8087489,1.133e-4,-0.4255576,36
BC,13,1420,ACER,CIR,NA,-1.291454,5.21e-5,-0.0756369,-0.1016642,6.5e-5,-0.2732753,-0.8087489,1.133e-4,-0.4255576,36
BC,13,1500,GENH,SPP,NA,-1.554899,4.84e-5,-0.0443205,-0.4419988,-3.921e-4,-0.1228719,-0.0335258,6.035e-4,-0.5118409,223
BC,13,1800,ALNU,SPP,NA,-1.554899,4.84e-5,-0.0443205,-0.4419988,-3.921e-4,-0.1228719,-0.0335258,6.035e-4,-0.5118409,223
BC,13,1802,ALNU,RUB,NA,-1.554899,4.84e-5,-0.0443205,-0.4419988,-3.921e-4,-0.1228719,-0.0335258,6.035e-4,-0.5118409,223
BC,13,2100,QUER,SPP,NA,-1.291454,5.21e-5,-0.0756369,-0.1016642,6.5e-5,-0.2732753,-0.8087489,1.133e-4,-0.4255576,36
BC,13,2103,QUER,GAR,NA,-1.733454,-5.786e-4,0.0123067,-1.253744,-4.228e-4,-0.0585442,-0.5131046,0.0011113,-0.4724806,49
BC,13,2803,PRUN,EMA,NA,-1.554899,4.84e-5,-0.0443205,-0.4419988,-3.921e-4,-0.1228719,-0.0335258,6.035e-4,-0.5118409,223
BC,13,3300,ARBU,MEN,NA,-1.733454,-5.786e-4,0.0123067,-1.253744,-4.228e-4,-0.0585442,-0.5131046,0.0011113,-0.4724806,49
BC,13,3300,ARBU,SPP,NA,-1.733454,-5.786e-4,0.0123067,-1.253744,-4.228e-4,-0.0585442,-0.5131046,0.0011113,-0.4724806,49
BC,13,3500,SALI,SPP,NA,-1.37913,-0.0010944,-0.019176,-2.419292,-0.0062002,0.3379308,-2.049102,-3.68e-4,-0.0563004,7
BC,13,3930,MALU,COR,NA,-1.554899,4.84e-5,-0.0443205,-0.4419988,-3.921e-4,-0.1228719,-0.0335258,6.035e-4,-0.5118409,223
BC,13,3930,MALU,FUS,NA,-1.554899,4.84e-5,-0.0443205,-0.4419988,-3.921e-4,-0.1228719,-0.0335258,6.035e-4,-0.5118409,223
BC,13,3930,MALU,SPP,NA,-1.554899,4.84e-5,-0.0443205,-0.4419988,-3.921e-4,-0.1228719,-0.0335258,6.035e-4,-0.5118409,223
BC,14,100,PICE,SPP,NA,-1.668403,4.12e-6,-0.0672941,-0.98704480000000006,-1.072e-4,-0.1228512,-0.3633093,-4.17e-5,-0.3397062,293
BC,14,101,PICE,MAR,NA,-1.788679,-5.962e-4,-0.0264113,-1.674199,2.915e-4,-0.0613131,-1.349257,-8.185e-4,-0.1412728,20
BC,14,104,PICE,ENG,NA,-1.277283,-6.31e-5,-0.1333734,-0.1280963,-3.631e-4,-0.1939218,0.0996891,-1.484e-4,-0.359915,823
BC,14,104,PICE,ENG,GLA,-1.277283,-6.31e-5,-0.1333734,-0.1280963,-3.631e-4,-0.1939218,0.0996891,-1.484e-4,-0.359915,823
BC,14,105,PICE,GLA,NA,-1.364289,3.49e-5,-0.1242236,-0.4143255,-6.9e-5,-0.2443102,0.1036483,-1.692e-4,-0.4253573,6480
BC,14,106,PICE,SIT,NA,-2.497703,-2.585e-4,0.1273666,-0.4288351,-2.728e-4,-0.165095,-0.163783,1.047e-4,-0.2869107,309
BC,14,106,PICE,SIT,X,-2.497703,-2.585e-4,0.1273666,-0.4288351,-2.728e-4,-0.165095,-0.163783,1.047e-4,-0.2869107,309
BC,14,111,PICE,LUT,X,-1.364289,3.49e-5,-0.1242236,-0.4143255,-6.9e-5,-0.2443102,0.1036483,-1.692e-4,-0.4253573,6480
BC,14,111,PICE,LUT,NA,-1.364289,3.49e-5,-0.1242236,-0.4143255,-6.9e-5,-0.2443102,0.1036483,-1.692e-4,-0.4253573,6480
BC,14,200,PINU,SPP,NA,-1.785232,-1.723e-4,-0.082619,-1.379928,-6.176e-4,-0.1123856,-1.339951,-6.02e-4,-0.213751,10701
BC,14,201,PINU,MON,NA,-0.9777701,2.829e-4,-0.2001038,0.8228506,5.477e-4,-0.4553019,1.034414,4.9e-4,-0.5955763,104
BC,14,203,PINU,BAN,NA,-1.785232,-1.723e-4,-0.082619,-1.379928,-6.176e-4,-0.1123856,-1.339951,-6.02e-4,-0.213751,10701
BC,14,204,PINU,CON,NA,-1.785232,-1.723e-4,-0.082619,-1.379928,-6.176e-4,-0.1123856,-1.339951,-6.02e-4,-0.213751,10701
BC,14,204,PINU,CON,LAT,-1.785232,-1.723e-4,-0.082619,-1.379928,-6.176e-4,-0.1123856,-1.339951,-6.02e-4,-0.213751,10701
BC,14,206,PINU,ALB,NA,-1.308831,3.756e-4,-0.1644074,1.030035,4.177e-4,-0.462601,1.054253,4.233e-4,-0.569974,107
BC,14,208,PINU,PON,NA,-1.418248,2.22e-5,-0.1709247,0.3766384,8.121e-4,-0.4662328,0.1169306,7.167e-4,-0.5197955,273
BC,14,213,PINU,FLE,NA,-1.308831,3.756e-4,-0.1644074,1.030035,4.177e-4,-0.462601,1.054253,4.233e-4,-0.569974,107
BC,14,300,ABIE,SPP,NA,-1.312407,1.252e-4,-0.1073977,0.1459929,1.743e-4,-0.2695429,0.1067876,-1.153e-4,-0.3514152,6125
BC,14,301,ABIE,AMA,NA,-1.312407,1.252e-4,-0.1073977,0.1459929,1.743e-4,-0.2695429,0.1067876,-1.153e-4,-0.3514152,6125
BC,14,302,ABIE,BAL,NA,-1.312407,1.252e-4,-0.1073977,0.1459929,1.743e-4,-0.2695429,0.1067876,-1.153e-4,-0.3514152,6125
BC,14,303,ABIE,GRA,NA,-1.312407,1.252e-4,-0.1073977,0.1459929,1.743e-4,-0.2695429,0.1067876,-1.153e-4,-0.3514152,6125
BC,14,304,ABIE,LAS,NA,-1.312407,1.252e-4,-0.1073977,0.1459929,1.743e-4,-0.2695429,0.1067876,-1.153e-4,-0.3514152,6125
BC,14,308,ABIE,BIF,NA,-1.312407,1.252e-4,-0.1073977,0.1459929,1.743e-4,-0.2695429,0.1067876,-1.153e-4,-0.3514152,6125
BC,14,400,TSUG,SPP,NA,-1.506366,1.37e-4,-0.0685096,0.0678531,-2.786e-4,-0.251956,0.2780956,-7.954e-4,-0.3842847,1952
BC,14,402,TSUG,HET,NA,-1.506366,1.37e-4,-0.0685096,0.0678531,-2.786e-4,-0.251956,0.2780956,-7.954e-4,-0.3842847,1952
BC,14,403,TSUG,MER,NA,-1.752475,-1.423e-4,0.0141545,-1.76198,-4.12e-4,0.0461702,-1.468137,-3.019e-4,-0.1317877,31
BC,14,404,TSUG,MER,HET,-1.752475,-1.423e-4,0.0141545,-1.76198,-4.12e-4,0.0461702,-1.468137,-3.019e-4,-0.1317877,31
BC,14,500,PSEU,MEN,NA,-1.403252,4.76e-5,-0.0629483,-0.3861517,1.132e-4,-0.1950155,-0.116808,8.17e-5,-0.3352757,7492
BC,14,500,PSEU,MEN,MEN,-1.403252,4.76e-5,-0.0629483,-0.3861517,1.132e-4,-0.1950155,-0.116808,8.17e-5,-0.3352757,7492
BC,14,500,PSEU,MEN,GLA,-1.403252,4.76e-5,-0.0629483,-0.3861517,1.132e-4,-0.1950155,-0.116808,8.17e-5,-0.3352757,7492
BC,14,500,PSEU,SPP,NA,-1.403252,4.76e-5,-0.0629483,-0.3861517,1.132e-4,-0.1950155,-0.116808,8.17e-5,-0.3352757,7492
BC,14,600,LARI,SPP,NA,-2.347296,-3.81e-5,0.0676977,-1.761853,-1.164e-4,-0.0610369,-1.940456,-1.281e-4,-0.1359998,633
BC,14,602,LARI,LAR,NA,-2.347296,-3.81e-5,0.0676977,-1.761853,-1.164e-4,-0.0610369,-1.940456,-1.281e-4,-0.1359998,633
BC,14,603,LARI,OCC,NA,-2.347296,-3.81e-5,0.0676977,-1.761853,-1.164e-4,-0.0610369,-1.940456,-1.281e-4,-0.1359998,633
BC,14,604,LARI,LYA,NA,-2.347296,-3.81e-5,0.0676977,-1.761853,-1.164e-4,-0.0610369,-1.940456,-1.281e-4,-0.1359998,633
BC,14,700,THUJ,SPP,NA,-0.8209704,2.832e-4,-0.2011756,-0.0666428,1.501e-4,-0.2641068,0.215705,-1.17e-6,-0.4260966,1904
BC,14,702,THUJ,PLI,NA,-0.8209704,2.832e-4,-0.2011756,-0.0666428,1.501e-4,-0.2641068,0.215705,-1.17e-6,-0.4260966,1904
BC,14,901,TAXU,BRE,NA,-0.8209704,2.832e-4,-0.2011756,-0.0666428,1.501e-4,-0.2641068,0.215705,-1.17e-6,-0.4260966,1904
BC,14,1000,CHAM,SPP,NA,0.1816843,5.72e-4,-0.4332369,1.712082,4.84e-4,-0.6285218,2.259813,7.133e-4,-0.8135678,299
BC,14,1001,CHAM,NOO,NA,0.1816843,5.72e-4,-0.4332369,1.712082,4.84e-4,-0.6285218,2.259813,7.133e-4,-0.8135678,299
BC,14,1100,GENC,SPP,NA,-1.364289,3.49e-5,-0.1242236,-0.4143255,-6.9e-5,-0.2443102,0.1036483,-1.692e-4,-0.4253573,6480
BC,14,1150,UNKN,SPP,NA,-1.401252,2.992e-4,-0.1231799,-0.5623339,1.649e-4,-0.2080012,-0.5551928,-2.592e-4,-0.2865312,35836
BC,14,1200,POPU,SPP,NA,-1.285261,-7.1e-5,-0.0751377,-1.501629,-5.12e-4,-0.0580218,-1.90648,-5.612e-4,-0.1764554,1044
BC,14,1201,POPU,TRE,NA,-1.285261,-7.1e-5,-0.0751377,-1.501629,-5.12e-4,-0.0580218,-1.90648,-5.612e-4,-0.1764554,1044
BC,14,1203,POPU,BAL,NA,-0.3144638,1.698e-4,-0.2966307,-0.3637494,5.522e-4,-0.2570462,0.1022877,6.99e-6,-0.5948194,143
BC,14,1203,POPU,BAL,BAL,-0.3144638,1.698e-4,-0.2966307,-0.3637494,5.522e-4,-0.2570462,0.1022877,6.99e-6,-0.5948194,143
BC,14,1204,POPU,TRI,NA,-0.3144638,1.698e-4,-0.2966307,-0.3637494,5.522e-4,-0.2570462,0.1022877,6.99e-6,-0.5948194,143
BC,14,1300,BETU,SPP,NA,-1.545135,-1.984e-4,-0.0383172,-0.9938384,2.226e-4,-0.1400569,-1.237737,-2.801e-4,-0.2570242,295
BC,14,1303,BETU,PAP,PAP,-1.545135,-1.984e-4,-0.0383172,-0.9938384,2.226e-4,-0.1400569,-1.237737,-2.801e-4,-0.2570242,295
BC,14,1303,BETU,PAP,NA,-1.545135,-1.984e-4,-0.0383172,-0.9938384,2.226e-4,-0.1400569,-1.237737,-2.801e-4,-0.2570242,295
BC,14,1305,BETU,ALA,NA,-1.545135,-1.984e-4,-0.0383172,-0.9938384,2.226e-4,-0.1400569,-1.237737,-2.801e-4,-0.2570242,295
BC,14,1305,BETU,NEO,NA,-1.545135,-1.984e-4,-0.0383172,-0.9938384,2.226e-4,-0.1400569,-1.237737,-2.801e-4,-0.2570242,295
BC,14,1308,BETU,PAP,NEO,-1.545135,-1.984e-4,-0.0383172,-0.9938384,2.226e-4,-0.1400569,-1.237737,-2.801e-4,-0.2570242,295
BC,14,1314,BETU,OCC,NA,-1.545135,-1.984e-4,-0.0383172,-0.9938384,2.226e-4,-0.1400569,-1.237737,-2.801e-4,-0.2570242,295
BC,14,1400,ACER,SPP,NA,-1.291454,5.21e-5,-0.0756369,-0.1016642,6.5e-5,-0.2732753,-0.8087489,1.133e-4,-0.4255576,36
BC,14,1403,ACER,MAC,NA,-1.291454,5.21e-5,-0.0756369,-0.1016642,6.5e-5,-0.2732753,-0.8087489,1.133e-4,-0.4255576,36
BC,14,1420,ACER,CIR,NA,-1.291454,5.21e-5,-0.0756369,-0.1016642,6.5e-5,-0.2732753,-0.8087489,1.133e-4,-0.4255576,36
BC,14,1500,GENH,SPP,NA,-1.554899,4.84e-5,-0.0443205,-0.4419988,-3.921e-4,-0.1228719,-0.0335258,6.035e-4,-0.5118409,223
BC,14,1800,ALNU,SPP,NA,-1.554899,4.84e-5,-0.0443205,-0.4419988,-3.921e-4,-0.1228719,-0.0335258,6.035e-4,-0.5118409,223
BC,14,1802,ALNU,RUB,NA,-1.554899,4.84e-5,-0.0443205,-0.4419988,-3.921e-4,-0.1228719,-0.0335258,6.035e-4,-0.5118409,223
BC,14,2100,QUER,SPP,NA,-1.291454,5.21e-5,-0.0756369,-0.1016642,6.5e-5,-0.2732753,-0.8087489,1.133e-4,-0.4255576,36
BC,14,2803,PRUN,EMA,NA,-1.554899,4.84e-5,-0.0443205,-0.4419988,-3.921e-4,-0.1228719,-0.0335258,6.035e-4,-0.5118409,223
BC,14,3500,SALI,SPP,NA,-1.37913,-0.0010944,-0.019176,-2.419292,-0.0062002,0.3379308,-2.049102,-3.68e-4,-0.0563004,7
BC,14,3930,MALU,COR,NA,-1.554899,4.84e-5,-0.0443205,-0.4419988,-3.921e-4,-0.1228719,-0.0335258,6.035e-4,-0.5118409,223
BC,14,3930,MALU,FUS,NA,-1.554899,4.84e-5,-0.0443205,-0.4419988,-3.921e-4,-0.1228719,-0.0335258,6.035e-4,-0.5118409,223
BC,14,3930,MALU,SPP,NA,-1.554899,4.84e-5,-0.0443205,-0.4419988,-3.921e-4,-0.1228719,-0.0335258,6.035e-4,-0.5118409,223
MB,3,101,PICE,MAR,NA,-1.662378,-4.3e-5,-0.0588645,-1.074233,-5.327e-4,-0.1666127,-0.2040763,2.57e-5,-0.3796167,1182
MB,3,105,PICE,GLA,NA,-1.44118,5.734e-4,-0.119293,-0.7623857,4.647e-4,-0.2133785,0.0196649,-1.811e-4,-0.4063309,182
MB,3,203,PINU,BAN,NA,-1.798765,2.74e-4,-0.1179376,-1.346062,-0.0015661,-0.0944975,-0.7982963,5.074e-4,-0.3647563,1154
MB,3,602,LARI,LAR,NA,-1.970997,-6.047e-4,-0.027565,-1.429406,-0.0018351,-0.0146442,-1.045645,-0.0013869,-0.2051812,349
MB,3,1100,GENC,SPP,NA,-1.662378,-4.3e-5,-0.0588645,-1.074233,-5.327e-4,-0.1666127,-0.2040763,2.57e-5,-0.3796167,1182
MB,3,1200,POPU,SPP,NA,-1.284685,2.815e-4,-0.0753677,-1.151402,9.76e-5,-0.1301211,-0.2314458,8.169e-4,-0.5401994,625
MB,3,1201,POPU,TRE,NA,-1.284685,2.815e-4,-0.0753677,-1.151402,9.76e-5,-0.1301211,-0.2314458,8.169e-4,-0.5401994,625
MB,3,1203,POPU,BAL,NA,-1.284685,2.815e-4,-0.0753677,-1.151402,9.76e-5,-0.1301211,-0.2314458,8.169e-4,-0.5401994,625
MB,3,1203,POPU,BAL,BAL,-1.284685,2.815e-4,-0.0753677,-1.151402,9.76e-5,-0.1301211,-0.2314458,8.169e-4,-0.5401994,625
MB,3,1206,POPU,GRA,NA,-1.284685,2.815e-4,-0.0753677,-1.151402,9.76e-5,-0.1301211,-0.2314458,8.169e-4,-0.5401994,625
MB,3,1308,BETU,PAP,NEO,-2.114238,-0.001495,0.1288935,0.3432536,0.0029521,-0.4500504,-0.8517191,0.0013698,-0.4323192,82
MB,5,101,PICE,MAR,NA,-1.662378,-4.3e-5,-0.0588645,-1.074233,-5.327e-4,-0.1666127,-0.2040763,2.57e-5,-0.3796167,1182
MB,5,105,PICE,GLA,NA,-1.44118,5.734e-4,-0.119293,-0.7623857,4.647e-4,-0.2133785,0.0196649,-1.811e-4,-0.4063309,182
MB,5,203,PINU,BAN,NA,-1.798765,2.74e-4,-0.1179376,-1.346062,-0.0015661,-0.0944975,-0.7982963,5.074e-4,-0.3647563,1154
MB,5,302,ABIE,BAL,NA,-1.682945,-1.204e-4,-0.006004,-0.9438831,7.694e-4,-0.2095375,-0.3624898,-0.0010004,-0.3158466,254
MB,5,602,LARI,LAR,NA,-1.970997,-6.047e-4,-0.027565,-1.429406,-0.0018351,-0.0146442,-1.045645,-0.0013869,-0.2051812,349
MB,5,1100,GENC,SPP,NA,-1.662378,-4.3e-5,-0.0588645,-1.074233,-5.327e-4,-0.1666127,-0.2040763,2.57e-5,-0.3796167,1182
MB,5,1200,POPU,SPP,NA,-1.284685,2.815e-4,-0.0753677,-1.151402,9.76e-5,-0.1301211,-0.2314458,8.169e-4,-0.5401994,625
MB,5,1201,POPU,TRE,NA,-1.284685,2.815e-4,-0.0753677,-1.151402,9.76e-5,-0.1301211,-0.2314458,8.169e-4,-0.5401994,625
MB,5,1203,POPU,BAL,NA,-1.284685,2.815e-4,-0.0753677,-1.151402,9.76e-5,-0.1301211,-0.2314458,8.169e-4,-0.5401994,625
MB,5,1203,POPU,BAL,BAL,-1.284685,2.815e-4,-0.0753677,-1.151402,9.76e-5,-0.1301211,-0.2314458,8.169e-4,-0.5401994,625
MB,5,1206,POPU,GRA,NA,-1.284685,2.815e-4,-0.0753677,-1.151402,9.76e-5,-0.1301211,-0.2314458,8.169e-4,-0.5401994,625
MB,5,1303,BETU,PAP,NA,-2.114238,-0.001495,0.1288935,0.3432536,0.0029521,-0.4500504,-0.8517191,0.0013698,-0.4323192,82
MB,5,1303,BETU,PAP,PAP,-2.114238,-0.001495,0.1288935,0.3432536,0.0029521,-0.4500504,-0.8517191,0.0013698,-0.4323192,82
MB,5,1308,BETU,PAP,NEO,-2.114238,-0.001495,0.1288935,0.3432536,0.0029521,-0.4500504,-0.8517191,0.0013698,-0.4323192,82
MB,6,101,PICE,MAR,NA,-1.662378,-4.3e-5,-0.0588645,-1.074233,-5.327e-4,-0.1666127,-0.2040763,2.57e-5,-0.3796167,1182
MB,6,105,PICE,GLA,NA,-1.44118,5.734e-4,-0.119293,-0.7623857,4.647e-4,-0.2133785,0.0196649,-1.811e-4,-0.4063309,182
MB,6,203,PINU,BAN,NA,-1.798765,2.74e-4,-0.1179376,-1.346062,-0.0015661,-0.0944975,-0.7982963,5.074e-4,-0.3647563,1154
MB,6,209,PINU,RES,NA,-1.297759,-1.802e-4,-0.1663787,0.1163736,-0.0011341,-0.3021292,0.9843121,-5.91e-4,-0.4968092,25
MB,6,211,PINU,SYL,NA,-1.798696,-2.202e-4,-0.1129395,-0.8992059,-0.0019794,-0.1192588,-0.849012,-9.81e-4,-0.2938175,2
MB,6,302,ABIE,BAL,NA,-1.682945,-1.204e-4,-0.006004,-0.9438831,7.694e-4,-0.2095375,-0.3624898,-0.0010004,-0.3158466,254
MB,6,602,LARI,LAR,NA,-1.970997,-6.047e-4,-0.027565,-1.429406,-0.0018351,-0.0146442,-1.045645,-0.0013869,-0.2051812,349
MB,6,701,THUJ,OCC,NA,-1.912451,-3.23e-4,0.0115122,-0.4041833,6.499e-4,-0.2317277,0.3622236,0.0015883,-0.467506,108
MB,6,801,JUNI,VIR,NA,-1.912451,-3.23e-4,0.0115122,-0.4041833,6.499e-4,-0.2317277,0.3622236,0.0015883,-0.467506,108
MB,6,1100,GENC,SPP,NA,-1.662378,-4.3e-5,-0.0588645,-1.074233,-5.327e-4,-0.1666127,-0.2040763,2.57e-5,-0.3796167,1182
MB,6,1200,POPU,SPP,NA,-1.284685,2.815e-4,-0.0753677,-1.151402,9.76e-5,-0.1301211,-0.2314458,8.169e-4,-0.5401994,625
MB,6,1201,POPU,TRE,NA,-1.284685,2.815e-4,-0.0753677,-1.151402,9.76e-5,-0.1301211,-0.2314458,8.169e-4,-0.5401994,625
MB,6,1203,POPU,BAL,NA,-1.036445,-2.214e-4,-0.1258855,-1.061992,-4.45e-6,-0.1052298,-2.224921,-0.0025092,-0.0768604,81
MB,6,1203,POPU,BAL,BAL,-1.036445,-2.214e-4,-0.1258855,-1.061992,-4.45e-6,-0.1052298,-2.224921,-0.0025092,-0.0768604,81
MB,6,1205,POPU,DEL,NA,-1.284685,2.815e-4,-0.0753677,-1.151402,9.76e-5,-0.1301211,-0.2314458,8.169e-4,-0.5401994,625
MB,6,1205,POPU,DEL,DEL,-1.284685,2.815e-4,-0.0753677,-1.151402,9.76e-5,-0.1301211,-0.2314458,8.169e-4,-0.5401994,625
MB,6,1206,POPU,GRA,NA,-1.284685,2.815e-4,-0.0753677,-1.151402,9.76e-5,-0.1301211,-0.2314458,8.169e-4,-0.5401994,625
MB,6,1303,BETU,PAP,NA,-1.669157,-6.34e-5,-0.0233027,-0.6191649,0.0022315,-0.2755095,-0.826386,0.0012948,-0.4000461,76
MB,6,1303,BETU,PAP,PAP,-1.669157,-6.34e-5,-0.0233027,-0.6191649,0.0022315,-0.2755095,-0.826386,0.0012948,-0.4000461,76
MB,6,1308,BETU,PAP,NEO,-2.114238,-0.001495,0.1288935,0.3432536,0.0029521,-0.4500504,-0.8517191,0.0013698,-0.4323192,82
MB,6,1404,ACER,NEG,NA,-1.84543,-5.793e-4,-0.0142936,-1.518254,1.825e-4,0.0574431,-1.969103,-0.002027,-0.1423168,5790
MB,6,1500,GENH,SPP,NA,-1.907153,-6.828e-4,-0.0151898,-2.558035,-0.0010482,0.2966087,-1.46093,-5.906e-4,-0.3045906,1479
MB,6,2104,QUER,MAC,NA,-1.13506,5.303e-4,-0.1912148,-2.462512,-0.0010863,0.2972093,-1.962803,-1.867e-4,-0.204254,333
MB,6,2201,ULMU,AME,NA,-2.051406,-4.65e-4,0.0338694,-1.530465,-0.0013316,0.050565,-2.20855,0.0014794,-0.2068746,36
MB,6,3400,FRAX,SPP,NA,-1.055961,-2.159e-4,-0.1441731,-1.24864,-5.785e-4,-0.1045506,-2.454106,-0.0024742,-0.0751329,176
MB,6,3401,FRAX,AME,NA,-1.915781,-8.576e-4,0.0231167,-1.929469,-5.139e-4,0.1607359,-3.00464,-0.002878,0.0650462,13
MB,6,3402,FRAX,NIG,NA,-1.756141,-6.472e-4,-0.0068123,-2.142479,-7.099e-4,0.1234644,-2.956939,-0.0014559,0.0493422,222
MB,6,3403,FRAX,PEN,NA,-1.756141,-6.472e-4,-0.0068123,-2.142479,-7.099e-4,0.1234644,-2.956939,-0.0014559,0.0493422,222
MB,6,3405,FRAX,PEN,SUB,-1.756141,-6.472e-4,-0.0068123,-2.142479,-7.099e-4,0.1234644,-2.956939,-0.0014559,0.0493422,222
MB,6,3405,FRAX,PEN,NA,-1.756141,-6.472e-4,-0.0068123,-2.142479,-7.099e-4,0.1234644,-2.956939,-0.0014559,0.0493422,222
MB,6,3500,SALI,SPP,NA,-1.293048,4.168e-4,-0.0667547,-1.627334,-9.963e-4,0.0048756,-2.403075,-0.0035284,-0.0177205,111
MB,7,3500,SALI,SPP,NA,-1.603545,-0.0087467,0.0758705,-1.512917,-7.943e-4,0.0322303,-2.230984,3.919e-4,-0.0457798,28
MB,8,3400,FRAX,SPP,NA,-1.96562,-0.0015753,0.0624439,-1.434005,-5.39e-6,-0.0102926,-2.481033,-0.001071,-0.080002,24
MB,8,3401,FRAX,AME,NA,-1.914833,-4.209e-4,0.0226854,-2.076635,-8.201e-4,0.1575647,-2.78493,-0.001578,0.002077,27
MB,8,3402,FRAX,NIG,NA,-1.96562,-0.0015753,0.0624439,-1.434005,-5.39e-6,-0.0102926,-2.481033,-0.001071,-0.080002,24
MB,8,3403,FRAX,PEN,NA,-1.914833,-4.209e-4,0.0226854,-2.076635,-8.201e-4,0.1575647,-2.78493,-0.001578,0.002077,27
MB,8,3405,FRAX,PEN,SUB,-1.914833,-4.209e-4,0.0226854,-2.076635,-8.201e-4,0.1575647,-2.78493,-0.001578,0.002077,27
MB,8,3405,FRAX,PEN,NA,-1.914833,-4.209e-4,0.0226854,-2.076635,-8.201e-4,0.1575647,-2.78493,-0.001578,0.002077,27
MB,8,3500,SALI,SPP,NA,-1.242921,-8.966e-4,-0.0964494,-1.627639,0.0083885,-0.1890185,-2.760801,-0.0024404,0.0010316,7
MB,9,101,PICE,MAR,NA,-1.104064,6.79e-5,-0.152302,-0.4764949,-7.939e-4,-0.2330053,0.2338135,-9.531e-4,-0.3988139,1296
MB,9,105,PICE,GLA,NA,-1.620209,-2.286e-4,-0.0334796,-0.1541982,-8.939e-4,-0.2227761,0.2994394,-2.185e-4,-0.4511593,189
MB,9,203,PINU,BAN,NA,-0.5665684,3.582e-4,-0.3111432,-0.7037202,-0.0014025,-0.2231052,-0.0804422,-0.0024381,-0.3939533,879
MB,9,209,PINU,RES,NA,-1.297759,-1.802e-4,-0.1663787,0.1163736,-0.0011341,-0.3021292,0.9843121,-5.91e-4,-0.4968092,25
MB,9,302,ABIE,BAL,NA,-1.932314,-7.765e-4,0.0526103,0.6959463,0.0019348,-0.4914088,0.5200492,0.0022259,-0.5763345,38
MB,9,602,LARI,LAR,NA,-1.529799,-4.04e-4,-0.0790854,-0.0252341,2.392e-4,-0.3168133,-0.8094136,-5.681e-4,-0.2810716,221
MB,9,701,THUJ,OCC,NA,-1.912451,-3.23e-4,0.0115122,-0.4041833,6.499e-4,-0.2317277,0.3622236,0.0015883,-0.467506,108
MB,9,801,JUNI,VIR,NA,-1.912451,-3.23e-4,0.0115122,-0.4041833,6.499e-4,-0.2317277,0.3622236,0.0015883,-0.467506,108
MB,9,1100,GENC,SPP,NA,-1.104064,6.79e-5,-0.152302,-0.4764949,-7.939e-4,-0.2330053,0.2338135,-9.531e-4,-0.3988139,1296
MB,9,1200,POPU,SPP,NA,-0.7510887,2.802e-4,-0.1367765,0.1632968,-6.247e-4,-0.3614583,-0.3841268,-0.0107785,-0.0891288,654
MB,9,1201,POPU,TRE,NA,-0.7510887,2.802e-4,-0.1367765,0.1632968,-6.247e-4,-0.3614583,-0.3841268,-0.0107785,-0.0891288,654
MB,9,1203,POPU,BAL,NA,-0.7510887,2.802e-4,-0.1367765,0.1632968,-6.247e-4,-0.3614583,-0.3841268,-0.0107785,-0.0891288,654
MB,9,1203,POPU,BAL,BAL,-0.7510887,2.802e-4,-0.1367765,0.1632968,-6.247e-4,-0.3614583,-0.3841268,-0.0107785,-0.0891288,654
MB,9,1205,POPU,DEL,NA,-0.7510887,2.802e-4,-0.1367765,0.1632968,-6.247e-4,-0.3614583,-0.3841268,-0.0107785,-0.0891288,654
MB,9,1205,POPU,DEL,DEL,-0.7510887,2.802e-4,-0.1367765,0.1632968,-6.247e-4,-0.3614583,-0.3841268,-0.0107785,-0.0891288,654
MB,9,1206,POPU,GRA,NA,-0.7510887,2.802e-4,-0.1367765,0.1632968,-6.247e-4,-0.3614583,-0.3841268,-0.0107785,-0.0891288,654
MB,9,1303,BETU,PAP,NA,-2.114238,-0.001495,0.1288935,0.3432536,0.0029521,-0.4500504,-0.8517191,0.0013698,-0.4323192,82
MB,9,1303,BETU,PAP,PAP,-2.114238,-0.001495,0.1288935,0.3432536,0.0029521,-0.4500504,-0.8517191,0.0013698,-0.4323192,82
MB,9,1308,BETU,PAP,NEO,-2.114238,-0.001495,0.1288935,0.3432536,0.0029521,-0.4500504,-0.8517191,0.0013698,-0.4323192,82
MB,9,1404,ACER,NEG,NA,-1.84543,-5.793e-4,-0.0142936,-1.518254,1.825e-4,0.0574431,-1.969103,-0.002027,-0.1423168,5790
MB,9,1500,GENH,SPP,NA,-1.907153,-6.828e-4,-0.0151898,-2.558035,-0.0010482,0.2966087,-1.46093,-5.906e-4,-0.3045906,1479
MB,9,2104,QUER,MAC,NA,-1.13506,5.303e-4,-0.1912148,-2.462512,-0.0010863,0.2972093,-1.962803,-1.867e-4,-0.204254,333
MB,9,2201,ULMU,AME,NA,-2.051406,-4.65e-4,0.0338694,-1.530465,-0.0013316,0.050565,-2.20855,0.0014794,-0.2068746,36
MB,9,3000,TILI,AME,NA,-1.220666,4.856e-4,-0.1321747,-1.616162,-3.705e-4,0.0640397,-2.411629,-0.0010691,-0.0947049,97
MB,9,3400,FRAX,SPP,NA,-1.756141,-6.472e-4,-0.0068123,-2.142479,-7.099e-4,0.1234644,-2.956939,-0.0014559,0.0493422,222
MB,9,3401,FRAX,AME,NA,-1.915781,-8.576e-4,0.0231167,-1.929469,-5.139e-4,0.1607359,-3.00464,-0.002878,0.0650462,13
MB,9,3402,FRAX,NIG,NA,-1.756141,-6.472e-4,-0.0068123,-2.142479,-7.099e-4,0.1234644,-2.956939,-0.0014559,0.0493422,222
MB,9,3403,FRAX,PEN,NA,-1.756141,-6.472e-4,-0.0068123,-2.142479,-7.099e-4,0.1234644,-2.956939,-0.0014559,0.0493422,222
MB,9,3500,SALI,SPP,NA,-1.907153,-6.828e-4,-0.0151898,-2.558035,-0.0010482,0.2966087,-1.46093,-5.906e-4,-0.3045906,1479
MB,10,101,PICE,MAR,NA,-1.662378,-4.3e-5,-0.0588645,-1.074233,-5.327e-4,-0.1666127,-0.2040763,2.57e-5,-0.3796167,1182
MB,10,105,PICE,GLA,NA,-1.258799,-9.75e-5,-0.1168877,0.1275714,-0.0013997,-0.2293947,1.019329,-4.247e-4,-0.489943,5
MB,10,203,PINU,BAN,NA,-0.5665684,3.582e-4,-0.3111432,-0.7037202,-0.0014025,-0.2231052,-0.0804422,-0.0024381,-0.3939533,879
MB,10,209,PINU,RES,NA,-1.297759,-1.802e-4,-0.1663787,0.1163736,-0.0011341,-0.3021292,0.9843121,-5.91e-4,-0.4968092,25
MB,10,302,ABIE,BAL,NA,-1.682945,-1.204e-4,-0.006004,-0.9438831,7.694e-4,-0.2095375,-0.3624898,-0.0010004,-0.3158466,254
MB,10,602,LARI,LAR,NA,-1.970997,-6.047e-4,-0.027565,-1.429406,-0.0018351,-0.0146442,-1.045645,-0.0013869,-0.2051812,349
MB,10,701,THUJ,OCC,NA,-1.912451,-3.23e-4,0.0115122,-0.4041833,6.499e-4,-0.2317277,0.3622236,0.0015883,-0.467506,108
MB,10,801,JUNI,VIR,NA,-1.912451,-3.23e-4,0.0115122,-0.4041833,6.499e-4,-0.2317277,0.3622236,0.0015883,-0.467506,108
MB,10,1100,GENC,SPP,NA,-1.662378,-4.3e-5,-0.0588645,-1.074233,-5.327e-4,-0.1666127,-0.2040763,2.57e-5,-0.3796167,1182
MB,10,1200,POPU,SPP,NA,-0.7510887,2.802e-4,-0.1367765,0.1632968,-6.247e-4,-0.3614583,-0.3841268,-0.0107785,-0.0891288,654
MB,10,1201,POPU,TRE,NA,-0.7510887,2.802e-4,-0.1367765,0.1632968,-6.247e-4,-0.3614583,-0.3841268,-0.0107785,-0.0891288,654
MB,10,1203,POPU,BAL,NA,-0.7510887,2.802e-4,-0.1367765,0.1632968,-6.247e-4,-0.3614583,-0.3841268,-0.0107785,-0.0891288,654
MB,10,1203,POPU,BAL,BAL,-0.7510887,2.802e-4,-0.1367765,0.1632968,-6.247e-4,-0.3614583,-0.3841268,-0.0107785,-0.0891288,654
MB,10,1205,POPU,DEL,NA,-0.7510887,2.802e-4,-0.1367765,0.1632968,-6.247e-4,-0.3614583,-0.3841268,-0.0107785,-0.0891288,654
MB,10,1205,POPU,DEL,DEL,-0.7510887,2.802e-4,-0.1367765,0.1632968,-6.247e-4,-0.3614583,-0.3841268,-0.0107785,-0.0891288,654
MB,10,1206,POPU,GRA,NA,-0.7510887,2.802e-4,-0.1367765,0.1632968,-6.247e-4,-0.3614583,-0.3841268,-0.0107785,-0.0891288,654
MB,10,1303,BETU,PAP,NA,-2.114238,-0.001495,0.1288935,0.3432536,0.0029521,-0.4500504,-0.8517191,0.0013698,-0.4323192,82
MB,10,1303,BETU,PAP,PAP,-2.114238,-0.001495,0.1288935,0.3432536,0.0029521,-0.4500504,-0.8517191,0.0013698,-0.4323192,82
MB,10,1308,BETU,PAP,NEO,-2.114238,-0.001495,0.1288935,0.3432536,0.0029521,-0.4500504,-0.8517191,0.0013698,-0.4323192,82
MB,10,1404,ACER,NEG,NA,-1.84543,-5.793e-4,-0.0142936,-1.518254,1.825e-4,0.0574431,-1.969103,-0.002027,-0.1423168,5790
MB,10,1500,GENH,SPP,NA,-1.907153,-6.828e-4,-0.0151898,-2.558035,-0.0010482,0.2966087,-1.46093,-5.906e-4,-0.3045906,1479
MB,10,2104,QUER,MAC,NA,-1.13506,5.303e-4,-0.1912148,-2.462512,-0.0010863,0.2972093,-1.962803,-1.867e-4,-0.204254,333
MB,10,2201,ULMU,AME,NA,-2.051406,-4.65e-4,0.0338694,-1.530465,-0.0013316,0.050565,-2.20855,0.0014794,-0.2068746,36
MB,10,3000,TILI,AME,NA,-1.220666,4.856e-4,-0.1321747,-1.616162,-3.705e-4,0.0640397,-2.411629,-0.0010691,-0.0947049,97
MB,10,3400,FRAX,SPP,NA,-1.756141,-6.472e-4,-0.0068123,-2.142479,-7.099e-4,0.1234644,-2.956939,-0.0014559,0.0493422,222
MB,10,3401,FRAX,AME,NA,-1.915781,-8.576e-4,0.0231167,-1.929469,-5.139e-4,0.1607359,-3.00464,-0.002878,0.0650462,13
MB,10,3402,FRAX,NIG,NA,-1.756141,-6.472e-4,-0.0068123,-2.142479,-7.099e-4,0.1234644,-2.956939,-0.0014559,0.0493422,222
MB,10,3403,FRAX,PEN,NA,-1.756141,-6.472e-4,-0.0068123,-2.142479,-7.099e-4,0.1234644,-2.956939,-0.0014559,0.0493422,222
MB,10,3500,SALI,SPP,NA,-1.907153,-6.828e-4,-0.0151898,-2.558035,-0.0010482,0.2966087,-1.46093,-5.906e-4,-0.3045906,1479
MB,15,101,PICE,MAR,NA,-1.662378,-4.3e-5,-0.0588645,-1.074233,-5.327e-4,-0.1666127,-0.2040763,2.57e-5,-0.3796167,1182
MB,15,103,PICE,ABI,NA,-1.44118,5.734e-4,-0.119293,-0.7623857,4.647e-4,-0.2133785,0.0196649,-1.811e-4,-0.4063309,182
MB,15,105,PICE,GLA,NA,-1.44118,5.734e-4,-0.119293,-0.7623857,4.647e-4,-0.2133785,0.0196649,-1.811e-4,-0.4063309,182
MB,15,203,PINU,BAN,NA,-1.798765,2.74e-4,-0.1179376,-1.346062,-0.0015661,-0.0944975,-0.7982963,5.074e-4,-0.3647563,1154
MB,15,302,ABIE,BAL,NA,-1.682945,-1.204e-4,-0.006004,-0.9438831,7.694e-4,-0.2095375,-0.3624898,-0.0010004,-0.3158466,254
MB,15,602,LARI,LAR,NA,-1.970997,-6.047e-4,-0.027565,-1.429406,-0.0018351,-0.0146442,-1.045645,-0.0013869,-0.2051812,349
MB,15,1100,GENC,SPP,NA,-1.662378,-4.3e-5,-0.0588645,-1.074233,-5.327e-4,-0.1666127,-0.2040763,2.57e-5,-0.3796167,1182
MB,15,1200,POPU,SPP,NA,-1.284685,2.815e-4,-0.0753677,-1.151402,9.76e-5,-0.1301211,-0.2314458,8.169e-4,-0.5401994,625
MB,15,1201,POPU,TRE,NA,-1.284685,2.815e-4,-0.0753677,-1.151402,9.76e-5,-0.1301211,-0.2314458,8.169e-4,-0.5401994,625
MB,15,1203,POPU,BAL,NA,-1.284685,2.815e-4,-0.0753677,-1.151402,9.76e-5,-0.1301211,-0.2314458,8.169e-4,-0.5401994,625
MB,15,1203,POPU,BAL,BAL,-1.284685,2.815e-4,-0.0753677,-1.151402,9.76e-5,-0.1301211,-0.2314458,8.169e-4,-0.5401994,625
MB,15,1206,POPU,GRA,NA,-1.284685,2.815e-4,-0.0753677,-1.151402,9.76e-5,-0.1301211,-0.2314458,8.169e-4,-0.5401994,625
MB,15,1303,BETU,PAP,NA,-2.114238,-0.001495,0.1288935,0.3432536,0.0029521,-0.4500504,-0.8517191,0.0013698,-0.4323192,82
MB,15,1303,BETU,PAP,PAP,-2.114238,-0.001495,0.1288935,0.3432536,0.0029521,-0.4500504,-0.8517191,0.0013698,-0.4323192,82
MB,15,1308,BETU,PAP,NEO,-2.114238,-0.001495,0.1288935,0.3432536,0.0029521,-0.4500504,-0.8517191,0.0013698,-0.4323192,82
NB,7,100,PICE,SPP,NA,-0.5577744,0.0011763,-0.2331831,-3.453528,-0.0027129,0.5653433,-0.3682206,0.0025333,-0.3630979,360
NB,7,101,PICE,MAR,NA,-1.479599,2.414e-4,-0.093944,-0.1411983,0.0014139,-0.1722024,0.1574636,-1.533e-4,-0.3096478,651
NB,7,102,PICE,RUB,NA,-0.5577744,0.0011763,-0.2331831,-3.453528,-0.0027129,0.5653433,-0.3682206,0.0025333,-0.3630979,360
NB,7,103,PICE,ABI,NA,-1.739859,1.907e-4,-0.0387599,-0.4058497,7.59e-4,-0.0932286,0.0650738,0.0010344,-0.3510477,132
NB,7,105,PICE,GLA,NA,-1.739859,1.907e-4,-0.0387599,-0.4058497,7.59e-4,-0.0932286,0.0650738,0.0010344,-0.3510477,132
NB,7,107,PICE,MAR,RUB,-0.5577744,0.0011763,-0.2331831,-3.453528,-0.0027129,0.5653433,-0.3682206,0.0025333,-0.3630979,360
NB,7,108,PICE,RUB,GLA,-1.739859,1.907e-4,-0.0387599,-0.4058497,7.59e-4,-0.0932286,0.0650738,0.0010344,-0.3510477,132
NB,7,200,PINU,SPP,NA,-1.837765,9.22e-5,-0.0873017,-0.9264542,0.0010892,-0.103581,-1.270695,8.273e-4,-0.1959,226
NB,7,202,PINU,STR,NA,-1.228742,-7.157e-4,-0.0683087,0.1258599,0.0110562,-0.39232,1.053217,0.0121216,-0.8086215,14
NB,7,203,PINU,BAN,NA,-1.837765,9.22e-5,-0.0873017,-0.9264542,0.0010892,-0.103581,-1.270695,8.273e-4,-0.1959,226
NB,7,209,PINU,RES,NA,-1.710168,-1.027e-4,-0.0382029,-3.963776,-0.0048348,0.9568741,-1.496176,1.87e-4,0.0396711,11
NB,7,302,ABIE,BAL,NA,-0.9011142,5.38e-4,-0.1531295,-1.623062,6.139e-4,0.108894,-0.4103847,0.0014765,-0.315776,643
NB,7,401,TSUG,CAN,NA,-1.772819,1.66e-5,-0.0258172,-1.027037,3.959e-4,-0.0815163,-1.616646,3.341e-4,-0.1634931,106
NB,7,601,LARI,DEC,NA,-1.336238,-7.31e-6,-0.1569178,0.2353509,0.0045772,-0.3891149,-1.02243,4.523e-4,-0.2744034,11
NB,7,602,LARI,LAR,NA,-1.336238,-7.31e-6,-0.1569178,0.2353509,0.0045772,-0.3891149,-1.02243,4.523e-4,-0.2744034,11
NB,7,605,LARI,KAE,NA,-1.336238,-7.31e-6,-0.1569178,0.2353509,0.0045772,-0.3891149,-1.02243,4.523e-4,-0.2744034,11
NB,7,701,THUJ,OCC,NA,-1.411012,-4.143e-4,-0.0448434,-0.3103975,6.86e-5,-0.1536774,-0.7971676,0.0016625,-0.2375491,46
NB,7,801,JUNI,VIR,NA,-1.411012,-4.143e-4,-0.0448434,-0.3103975,6.86e-5,-0.1536774,-0.7971676,0.0016625,-0.2375491,46
NB,7,1100,GENC,SPP,NA,-1.739859,1.907e-4,-0.0387599,-0.4058497,7.59e-4,-0.0932286,0.0650738,0.0010344,-0.3510477,132
NB,7,1150,UNKN,SPP,NA,-1.739859,1.907e-4,-0.0387599,-0.4058497,7.59e-4,-0.0932286,0.0650738,0.0010344,-0.3510477,132
NB,7,1200,POPU,SPP,NA,-0.8690971,3.912e-4,-0.1498792,-2.762667,-7.619e-4,0.3431404,-1.643965,-3.792e-4,-0.1864612,207
NB,7,1201,POPU,TRE,NA,-0.8690971,3.912e-4,-0.1498792,-2.762667,-7.619e-4,0.3431404,-1.643965,-3.792e-4,-0.1864612,207
NB,7,1203,POPU,BAL,NA,-0.5629799,0.0012087,-0.2294878,-2.18634,-0.0015087,0.2904086,-0.6800888,5.614e-4,-0.3616368,6
NB,7,1203,POPU,BAL,BAL,-0.5629799,0.0012087,-0.2294878,-2.18634,-0.0015087,0.2904086,-0.6800888,5.614e-4,-0.3616368,6
NB,7,1206,POPU,GRA,NA,-0.701316,0.0016374,-0.1937992,-1.076974,-1.397e-4,-0.016554,-1.145687,0.0010885,-0.3256083,13
NB,7,1300,BETU,SPP,NA,-1.259793,1.377e-4,-0.0946587,-1.990675,-2.57e-4,0.2268781,-1.466447,1.494e-4,-0.2009757,115
NB,7,1301,BETU,ALL,NA,-1.497044,0.0012347,-0.0587347,0.4860131,0.0032827,-0.2890443,0.9894513,0.005742,-0.8634214,53
NB,7,1303,BETU,PAP,NA,-1.259793,1.377e-4,-0.0946587,-1.990675,-2.57e-4,0.2268781,-1.466447,1.494e-4,-0.2009757,115
NB,7,1303,BETU,PAP,PAP,-1.259793,1.377e-4,-0.0946587,-1.990675,-2.57e-4,0.2268781,-1.466447,1.494e-4,-0.2009757,115
NB,7,1304,BETU,POP,NA,-1.209322,0.0048059,-0.1618568,0.0831168,0.0208491,-0.6302515,-1.093268,-0.001528,-0.2810941,6
NB,7,1400,ACER,SPP,NA,-1.15549,3.62e-4,-0.1171713,-1.134216,4.232e-4,0.0281845,-1.503113,7.749e-4,-0.2270721,154
NB,7,1401,ACER,SAH,NA,-2.835616,-0.0039223,0.4092223,-0.3683311,-0.0055953,0.1157359,-0.1512073,7.712e-4,-0.522039,150
NB,7,1405,ACER,RUB,NA,-1.15549,3.62e-4,-0.1171713,-1.134216,4.232e-4,0.0281845,-1.503113,7.749e-4,-0.2270721,154
NB,7,1406,ACER,SAC,NA,-1.875106,3.315e-4,-0.0516245,-0.8272743,-9.569e-4,-0.0460213,-1.980436,-0.0020932,-0.1607839,2280
NB,7,1410,ACER,PEN,NA,-1.867216,-0.0042529,0.0399519,-0.8144778,0.0051026,-0.2073078,-3.521921,-0.0111981,0.3919382,12
NB,7,1411,ACER,SPI,NA,-1.867216,-0.0042529,0.0399519,-0.8144778,0.0051026,-0.2073078,-3.521921,-0.0111981,0.3919382,12
NB,7,1500,GENH,SPP,NA,-2.511426,-5.833e-4,0.1410376,-0.3809962,5.509e-4,-0.0652921,-2.400581,-0.0028352,0.0259068,49
NB,7,1550,GENH,SPP,NA,-2.511426,-5.833e-4,0.1410376,-0.3809962,5.509e-4,-0.0652921,-2.400581,-0.0028352,0.0259068,49
NB,7,1800,ALNU,SPP,NA,-4.090051,-0.0735808,0.9442263,-5.82209,-0.1392367,2.179435,5.850035,0.3196604,-4.821479,5
NB,7,1803,ALNU,VIR,CRI,-4.090051,-0.0735808,0.9442263,-5.82209,-0.1392367,2.179435,5.850035,0.3196604,-4.821479,5
NB,7,1805,ALNU,INC,RUG,-4.090051,-0.0735808,0.9442263,-5.82209,-0.1392367,2.179435,5.850035,0.3196604,-4.821479,5
NB,7,1805,ALNU,INC,NA,-4.090051,-0.0735808,0.9442263,-5.82209,-0.1392367,2.179435,5.850035,0.3196604,-4.821479,5
NB,7,1806,ALNU,RUG,NA,-4.090051,-0.0735808,0.9442263,-5.82209,-0.1392367,2.179435,5.850035,0.3196604,-4.821479,5
NB,7,1900,OSTR,SPP,NA,-1.741674,-7.939e-4,-0.0182681,-1.51125,0.0021262,0.0114019,-2.412917,-9.872e-4,-0.0395182,17
NB,7,1900,OSTR,VIR,NA,-1.741674,-7.939e-4,-0.0182681,-1.51125,0.0021262,0.0114019,-2.412917,-9.872e-4,-0.0395182,17
NB,7,1950,CARP,CAR,NA,-1.741674,-7.939e-4,-0.0182681,-1.51125,0.0021262,0.0114019,-2.412917,-9.872e-4,-0.0395182,17
NB,7,1950,CARP,SPP,NA,-1.741674,-7.939e-4,-0.0182681,-1.51125,0.0021262,0.0114019,-2.412917,-9.872e-4,-0.0395182,17
NB,7,2000,FAGU,GRA,NA,-2.477412,-3.704e-4,0.1284125,-0.4930112,-1.133e-4,-0.0247421,-2.187805,-0.0018105,-0.0448474,48
NB,7,2108,QUER,RUB,NA,-1.13506,5.303e-4,-0.1912148,-2.462512,-0.0010863,0.2972093,-1.962803,-1.867e-4,-0.204254,333
NB,7,2802,PRUN,PEN,NA,-2.99783,-6.835e-4,0.1811305,-2.063056,-0.0054803,0.2283489,-1.799588,0.0031413,-0.1975811,103
NB,7,3401,FRAX,AME,NA,-2.079023,-3.772e-4,0.0256374,-0.6208012,-0.0011355,-0.0801576,-2.241564,-0.0028669,-0.006729,17
NB,7,3500,SALI,SPP,NA,-1.603545,-0.0087467,0.0758705,-1.512917,-7.943e-4,0.0322303,-2.230984,3.919e-4,-0.0457798,28
NB,7,3930,MALU,COR,NA,-2.954224,0.0269883,-0.2459811,-1.581298,0.0123194,-0.1068826,-2.053468,-0.0030825,-0.0734981,12
NB,7,3930,MALU,FUS,NA,-2.954224,0.0269883,-0.2459811,-1.581298,0.0123194,-0.1068826,-2.053468,-0.0030825,-0.0734981,12
NB,7,3930,MALU,SPP,NA,-2.954224,0.0269883,-0.2459811,-1.581298,0.0123194,-0.1068826,-2.053468,-0.0030825,-0.0734981,12
NB,7,3960,SORB,SPP,NA,-2.954224,0.0269883,-0.2459811,-1.581298,0.0123194,-0.1068826,-2.053468,-0.0030825,-0.0734981,12
NB,7,3961,SORB,AME,NA,-2.954224,0.0269883,-0.2459811,-1.581298,0.0123194,-0.1068826,-2.053468,-0.0030825,-0.0734981,12
NL,1,100,PICE,SPP,NA,-1.518969,1.017e-4,-0.072733,0.2942276,9.944e-4,-0.3460515,1.229133,-0.0022707,-0.3951212,14
NL,1,101,PICE,MAR,NA,-1.320606,-4.63e-5,-0.0949655,-0.6015292,-9.856e-4,-0.1034936,0.426053,-0.0015035,-0.3155228,98
NL,1,105,PICE,GLA,NA,-1.518969,1.017e-4,-0.072733,0.2942276,9.944e-4,-0.3460515,1.229133,-0.0022707,-0.3951212,14
NL,1,302,ABIE,BAL,NA,-1.480734,2.364e-4,-0.0564793,-0.7325925,0.001152,-0.1220595,0.6805194,-0.0015833,-0.3666988,45
NL,1,602,LARI,LAR,NA,-1.865544,1.958e-4,-0.0656808,-1.385851,7.411e-4,-0.1044756,-1.602777,-9.905e-4,-0.1172367,288
NL,1,605,LARI,KAE,NA,-1.865544,1.958e-4,-0.0656808,-1.385851,7.411e-4,-0.1044756,-1.602777,-9.905e-4,-0.1172367,288
NL,1,1100,GENC,SPP,NA,-1.518969,1.017e-4,-0.072733,0.2942276,9.944e-4,-0.3460515,1.229133,-0.0022707,-0.3951212,14
NL,1,1150,UNKN,SPP,NA,-1.518969,1.017e-4,-0.072733,0.2942276,9.944e-4,-0.3460515,1.229133,-0.0022707,-0.3951212,14
NL,1,1303,BETU,PAP,NA,-1.644942,7.04e-5,-0.0157687,-0.7424945,0.0031867,-0.1644439,-0.8736317,6.158e-4,-0.1933308,20
NL,1,1303,BETU,PAP,PAP,-1.644942,7.04e-5,-0.0157687,-0.7424945,0.0031867,-0.1644439,-0.8736317,6.158e-4,-0.1933308,20
NL,5,100,PICE,SPP,NA,-1.518969,1.017e-4,-0.072733,0.2942276,9.944e-4,-0.3460515,1.229133,-0.0022707,-0.3951212,14
NL,5,101,PICE,MAR,NA,-1.320606,-4.63e-5,-0.0949655,-0.6015292,-9.856e-4,-0.1034936,0.426053,-0.0015035,-0.3155228,98
NL,5,105,PICE,GLA,NA,-1.518969,1.017e-4,-0.072733,0.2942276,9.944e-4,-0.3460515,1.229133,-0.0022707,-0.3951212,14
NL,5,202,PINU,STR,NA,-1.735675,-6.41e-5,-0.0263015,-1.660423,-2.312e-4,0.034809,-0.7040932,5.628e-4,-0.3466756,1177
NL,5,203,PINU,BAN,NA,-2.014926,1.975e-4,-0.0503355,-1.531432,5.198e-4,-0.1074977,-1.673766,-7.087e-4,-0.1158074,3708
NL,5,302,ABIE,BAL,NA,-1.480734,2.364e-4,-0.0564793,-0.7325925,0.001152,-0.1220595,0.6805194,-0.0015833,-0.3666988,45
NL,5,602,LARI,LAR,NA,-1.865544,1.958e-4,-0.0656808,-1.385851,7.411e-4,-0.1044756,-1.602777,-9.905e-4,-0.1172367,288
NL,5,605,LARI,KAE,NA,-1.865544,1.958e-4,-0.0656808,-1.385851,7.411e-4,-0.1044756,-1.602777,-9.905e-4,-0.1172367,288
NL,5,1100,GENC,SPP,NA,-1.518969,1.017e-4,-0.072733,0.2942276,9.944e-4,-0.3460515,1.229133,-0.0022707,-0.3951212,14
NL,5,1150,UNKN,SPP,NA,-1.518969,1.017e-4,-0.072733,0.2942276,9.944e-4,-0.3460515,1.229133,-0.0022707,-0.3951212,14
NL,5,1200,POPU,SPP,NA,-1.403874,2.452e-4,-0.0572315,-1.593011,-1.931e-4,-0.0196225,-1.903091,-0.0013376,-0.1205228,5489
NL,5,1201,POPU,TRE,NA,-1.403874,2.452e-4,-0.0572315,-1.593011,-1.931e-4,-0.0196225,-1.903091,-0.0013376,-0.1205228,5489
NL,5,1203,POPU,BAL,BAL,-1.234664,-1.06e-5,-0.0954487,-1.369511,2.036e-4,-0.0529464,-2.582637,-0.001521,-0.0192428,159
NL,5,1203,POPU,BAL,NA,-1.234664,-1.06e-5,-0.0954487,-1.369511,2.036e-4,-0.0529464,-2.582637,-0.001521,-0.0192428,159
NL,5,1301,BETU,ALL,NA,-1.895278,-1.697e-4,7.166e-4,-0.9609746,7.034e-4,-0.0351398,-1.971151,-4.807e-4,-0.140265,3493
NL,5,1303,BETU,PAP,NA,-1.644942,7.04e-5,-0.0157687,-0.7424945,0.0031867,-0.1644439,-0.8736317,6.158e-4,-0.1933308,20
NL,5,1303,BETU,PAP,PAP,-1.644942,7.04e-5,-0.0157687,-0.7424945,0.0031867,-0.1644439,-0.8736317,6.158e-4,-0.1933308,20
NL,5,1400,ACER,SPP,NA,-1.858343,-3.372e-4,-0.0064947,-1.508418,2.43e-5,0.0365552,-2.144958,-0.0012037,-0.0744568,1905
NL,5,1405,ACER,RUB,NA,-1.858343,-3.372e-4,-0.0064947,-1.508418,2.43e-5,0.0365552,-2.144958,-0.0012037,-0.0744568,1905
NL,5,1500,GENH,SPP,NA,-1.907153,-6.828e-4,-0.0151898,-2.558035,-0.0010482,0.2966087,-1.46093,-5.906e-4,-0.3045906,1479
NL,5,1800,ALNU,SPP,NA,-4.090051,-0.0735808,0.9442263,-5.82209,-0.1392367,2.179435,5.850035,0.3196604,-4.821479,5
NL,6,100,PICE,SPP,NA,-1.518969,1.017e-4,-0.072733,0.2942276,9.944e-4,-0.3460515,1.229133,-0.0022707,-0.3951212,14
NL,6,101,PICE,MAR,NA,-1.518849,-1.797e-4,-0.0618005,-0.5040854,-2.798e-4,-0.1509622,0.7094012,-7.491e-4,-0.3606389,408
NL,6,105,PICE,GLA,NA,-1.518969,1.017e-4,-0.072733,0.2942276,9.944e-4,-0.3460515,1.229133,-0.0022707,-0.3951212,14
NL,6,202,PINU,STR,NA,-1.735675,-6.41e-5,-0.0263015,-1.660423,-2.312e-4,0.034809,-0.7040932,5.628e-4,-0.3466756,1177
NL,6,203,PINU,BAN,NA,-2.014926,1.975e-4,-0.0503355,-1.531432,5.198e-4,-0.1074977,-1.673766,-7.087e-4,-0.1158074,3708
NL,6,209,PINU,RES,NA,-2.139051,-4.593e-4,0.0181259,-1.202895,-7.25e-5,-0.0909429,-0.5516267,9.338e-4,-0.3485037,171
NL,6,302,ABIE,BAL,NA,-1.768216,1.923e-4,0.0082956,-0.7582744,1.945e-4,-0.1164032,0.9171354,-2.264e-4,-0.4163742,486
NL,6,602,LARI,LAR,NA,-1.865544,1.958e-4,-0.0656808,-1.385851,7.411e-4,-0.1044756,-1.602777,-9.905e-4,-0.1172367,288
NL,6,605,LARI,KAE,NA,-1.865544,1.958e-4,-0.0656808,-1.385851,7.411e-4,-0.1044756,-1.602777,-9.905e-4,-0.1172367,288
NL,6,1100,GENC,SPP,NA,-1.518969,1.017e-4,-0.072733,0.2942276,9.944e-4,-0.3460515,1.229133,-0.0022707,-0.3951212,14
NL,6,1150,UNKN,SPP,NA,-1.518969,1.017e-4,-0.072733,0.2942276,9.944e-4,-0.3460515,1.229133,-0.0022707,-0.3951212,14
NL,6,1200,POPU,SPP,NA,-1.403874,2.452e-4,-0.0572315,-1.593011,-1.931e-4,-0.0196225,-1.903091,-0.0013376,-0.1205228,5489
NL,6,1201,POPU,TRE,NA,-1.403874,2.452e-4,-0.0572315,-1.593011,-1.931e-4,-0.0196225,-1.903091,-0.0013376,-0.1205228,5489
NL,6,1203,POPU,BAL,NA,-1.234664,-1.06e-5,-0.0954487,-1.369511,2.036e-4,-0.0529464,-2.582637,-0.001521,-0.0192428,159
NL,6,1203,POPU,BAL,BAL,-1.234664,-1.06e-5,-0.0954487,-1.369511,2.036e-4,-0.0529464,-2.582637,-0.001521,-0.0192428,159
NL,6,1301,BETU,ALL,NA,-1.895278,-1.697e-4,7.166e-4,-0.9609746,7.034e-4,-0.0351398,-1.971151,-4.807e-4,-0.140265,3493
NL,6,1303,BETU,PAP,NA,-1.644942,7.04e-5,-0.0157687,-0.7424945,0.0031867,-0.1644439,-0.8736317,6.158e-4,-0.1933308,20
NL,6,1303,BETU,PAP,PAP,-1.644942,7.04e-5,-0.0157687,-0.7424945,0.0031867,-0.1644439,-0.8736317,6.158e-4,-0.1933308,20
NL,6,1400,ACER,SPP,NA,-1.858343,-3.372e-4,-0.0064947,-1.508418,2.43e-5,0.0365552,-2.144958,-0.0012037,-0.0744568,1905
NL,6,1405,ACER,RUB,NA,-1.858343,-3.372e-4,-0.0064947,-1.508418,2.43e-5,0.0365552,-2.144958,-0.0012037,-0.0744568,1905
NL,6,1500,GENH,SPP,NA,-1.907153,-6.828e-4,-0.0151898,-2.558035,-0.0010482,0.2966087,-1.46093,-5.906e-4,-0.3045906,1479
NL,6,1800,ALNU,SPP,NA,-4.090051,-0.0735808,0.9442263,-5.82209,-0.1392367,2.179435,5.850035,0.3196604,-4.821479,5
NL,6,1803,ALNU,VIR,CRI,-4.090051,-0.0735808,0.9442263,-5.82209,-0.1392367,2.179435,5.850035,0.3196604,-4.821479,5
NL,6,1804,ALNU,INC,TEN,-4.090051,-0.0735808,0.9442263,-5.82209,-0.1392367,2.179435,5.850035,0.3196604,-4.821479,5
NL,6,1804,ALNU,INC,NA,-4.090051,-0.0735808,0.9442263,-5.82209,-0.1392367,2.179435,5.850035,0.3196604,-4.821479,5
NL,6,1805,ALNU,INC,RUG,-4.090051,-0.0735808,0.9442263,-5.82209,-0.1392367,2.179435,5.850035,0.3196604,-4.821479,5
NL,6,1805,ALNU,INC,NA,-4.090051,-0.0735808,0.9442263,-5.82209,-0.1392367,2.179435,5.850035,0.3196604,-4.821479,5
NL,6,3500,SALI,SPP,NA,-1.293048,4.168e-4,-0.0667547,-1.627334,-9.963e-4,0.0048756,-2.403075,-0.0035284,-0.0177205,111
NL,7,1410,ACER,PEN,NA,-1.867216,-0.0042529,0.0399519,-0.8144778,0.0051026,-0.2073078,-3.521921,-0.0111981,0.3919382,12
NL,7,1411,ACER,SPI,NA,-1.867216,-0.0042529,0.0399519,-0.8144778,0.0051026,-0.2073078,-3.521921,-0.0111981,0.3919382,12
NL,7,1800,ALNU,SPP,NA,-4.090051,-0.0735808,0.9442263,-5.82209,-0.1392367,2.179435,5.850035,0.3196604,-4.821479,5
NL,7,1805,ALNU,INC,RUG,-4.090051,-0.0735808,0.9442263,-5.82209,-0.1392367,2.179435,5.850035,0.3196604,-4.821479,5
NL,7,1805,ALNU,INC,NA,-4.090051,-0.0735808,0.9442263,-5.82209,-0.1392367,2.179435,5.850035,0.3196604,-4.821479,5
NL,7,1900,OSTR,SPP,NA,-1.741674,-7.939e-4,-0.0182681,-1.51125,0.0021262,0.0114019,-2.412917,-9.872e-4,-0.0395182,17
NL,7,1900,OSTR,VIR,NA,-1.741674,-7.939e-4,-0.0182681,-1.51125,0.0021262,0.0114019,-2.412917,-9.872e-4,-0.0395182,17
NL,7,1950,CARP,CAR,NA,-1.741674,-7.939e-4,-0.0182681,-1.51125,0.0021262,0.0114019,-2.412917,-9.872e-4,-0.0395182,17
NL,7,1950,CARP,SPP,NA,-1.741674,-7.939e-4,-0.0182681,-1.51125,0.0021262,0.0114019,-2.412917,-9.872e-4,-0.0395182,17
NS,7,100,PICE,SPP,NA,-1.917473,-1.386e-4,-0.0093838,0.7653202,5.459e-4,-0.4057806,-0.0597887,1.099e-4,-0.3663934,229
NS,7,101,PICE,MAR,NA,-1.835482,-9.273e-4,0.0055916,0.2510839,-2.008e-4,-0.2729594,-0.3252363,-0.001109,-0.2568396,304
NS,7,102,PICE,RUB,NA,-0.7391929,-3.21e-5,-0.206929,-0.7274626,8.82e-4,-0.1677429,-0.6280196,3.365e-4,-0.3000793,572
NS,7,103,PICE,ABI,NA,-1.609899,0.0038906,-0.2112525,-1.225716,0.0057357,-0.2726288,-2.121168,0.0043842,-0.1002917,6
NS,7,105,PICE,GLA,NA,-1.917473,-1.386e-4,-0.0093838,0.7653202,5.459e-4,-0.4057806,-0.0597887,1.099e-4,-0.3663934,229
NS,7,106,PICE,SIT,NA,-1.917473,-1.386e-4,-0.0093838,0.7653202,5.459e-4,-0.4057806,-0.0597887,1.099e-4,-0.3663934,229
NS,7,106,PICE,SIT,X,-1.917473,-1.386e-4,-0.0093838,0.7653202,5.459e-4,-0.4057806,-0.0597887,1.099e-4,-0.3663934,229
NS,7,107,PICE,MAR,RUB,-0.7391929,-3.21e-5,-0.206929,-0.7274626,8.82e-4,-0.1677429,-0.6280196,3.365e-4,-0.3000793,572
NS,7,202,PINU,STR,NA,-1.344581,-1.587e-4,-0.0774021,0.4412709,8.43e-4,-0.3176492,-0.0490055,6.775e-4,-0.4056652,175
NS,7,203,PINU,BAN,NA,-1.69667,0.001102,-0.1651389,-0.1827226,5.201e-4,-0.249409,-1.388351,-7.07e-4,-0.1646659,7
NS,7,209,PINU,RES,NA,-1.43373,3.7e-6,-0.1225136,1.588385,0.0021058,-0.5962496,0.5796399,0.0013748,-0.5383899,16
NS,7,211,PINU,SYL,NA,-1.43373,3.7e-6,-0.1225136,1.588385,0.0021058,-0.5962496,0.5796399,0.0013748,-0.5383899,16
NS,7,302,ABIE,BAL,NA,-1.020482,1.076e-4,-0.1325133,0.6952323,0.0013488,-0.3900444,0.0428381,-1.215e-4,-0.3889754,821
NS,7,401,TSUG,CAN,NA,-1.031102,1.827e-4,-0.1536069,-0.5235466,2.52e-4,-0.14671120000000001,-0.978051,2.313e-4,-0.2289321,52
NS,7,601,LARI,DEC,NA,-2.034726,-0.001144,0.0326319,-0.6801243,-0.0032702,-0.0064947,-1.244205,-0.0013917,-0.1876028,54
NS,7,602,LARI,LAR,NA,-2.034726,-0.001144,0.0326319,-0.6801243,-0.0032702,-0.0064947,-1.244205,-0.0013917,-0.1876028,54
NS,7,701,THUJ,OCC,NA,0.0308183,0.0019831,-0.4042053,2.622565,0.0035381,-0.869661,2.023188,-0.0013722,-0.6415374,21
NS,7,801,JUNI,VIR,NA,0.0308183,0.0019831,-0.4042053,2.622565,0.0035381,-0.869661,2.023188,-0.0013722,-0.6415374,21
NS,7,1100,GENC,SPP,NA,-1.378518,-2.833e-4,-0.0730827,0.6630913,0.0011636,-0.4132028,0.0215151,1.77e-4,-0.3804248,1649
NS,7,1150,UNKN,SPP,NA,-1.378518,-2.833e-4,-0.0730827,0.6630913,0.0011636,-0.4132028,0.0215151,1.77e-4,-0.3804248,1649
NS,7,1200,POPU,SPP,NA,-1.481514,-0.0011371,0.0053821,-1.428282,-1.552e-4,0.0295297,-2.460155,-4.598e-4,-0.0575335,57
NS,7,1201,POPU,TRE,NA,-1.481514,-0.0011371,0.0053821,-1.428282,-1.552e-4,0.0295297,-2.460155,-4.598e-4,-0.0575335,57
NS,7,1203,POPU,BAL,NA,-1.481514,-0.0011371,0.0053821,-1.428282,-1.552e-4,0.0295297,-2.460155,-4.598e-4,-0.0575335,57
NS,7,1203,POPU,BAL,BAL,-1.481514,-0.0011371,0.0053821,-1.428282,-1.552e-4,0.0295297,-2.460155,-4.598e-4,-0.0575335,57
NS,7,1206,POPU,GRA,NA,-0.7822633,-3.256e-4,-0.1116864,-0.7972456,4.758e-4,-0.1350082,-1.381673,-6.5e-5,-0.2646893,28
NS,7,1300,BETU,SPP,NA,-1.410167,4.99e-5,-0.0853797,0.768915,0.0024981,-0.431198,-1.764752,1.009e-4,-0.1587105,99
NS,7,1301,BETU,ALL,NA,-1.143301,5.661e-4,-0.1381817,0.6753385,0.0010064,-0.2923217,-1.448995,-4.786e-4,-0.2301658,121
NS,7,1303,BETU,PAP,NA,-1.410167,4.99e-5,-0.0853797,0.768915,0.0024981,-0.431198,-1.764752,1.009e-4,-0.1587105,99
NS,7,1303,BETU,PAP,PAP,-1.410167,4.99e-5,-0.0853797,0.768915,0.0024981,-0.431198,-1.764752,1.009e-4,-0.1587105,99
NS,7,1304,BETU,POP,NA,-1.747956,-0.0041304,0.0646827,-1.174078,8.21e-6,-0.046338,-2.319212,-0.0038086,-0.0371467,8
NS,7,1400,ACER,SPP,NA,-1.002381,2.194e-4,-0.173466,-0.5270236,3.199e-4,-0.1319794,-2.128356,-8.807e-4,-0.0763682,500
NS,7,1401,ACER,SAH,NA,-0.7826835,0.0015066,-0.2818224,1.201494,0.0018663,-0.4954759,-0.2512257,0.001875,-0.5889665,122
NS,7,1405,ACER,RUB,NA,-1.002381,2.194e-4,-0.173466,-0.5270236,3.199e-4,-0.1319794,-2.128356,-8.807e-4,-0.0763682,500
NS,7,1406,ACER,SAC,NA,-1.875106,3.315e-4,-0.0516245,-0.8272743,-9.569e-4,-0.0460213,-1.980436,-0.0020932,-0.1607839,2280
NS,7,1410,ACER,PEN,NA,-1.867216,-0.0042529,0.0399519,-0.8144778,0.0051026,-0.2073078,-3.521921,-0.0111981,0.3919382,12
NS,7,1411,ACER,SPI,NA,-1.867216,-0.0042529,0.0399519,-0.8144778,0.0051026,-0.2073078,-3.521921,-0.0111981,0.3919382,12
NS,7,1500,GENH,SPP,NA,-1.070479,-4.306e-4,-0.1734435,-1.02771,-7.47e-5,0.0152018,-1.984131,-0.0013345,-0.10936,88
NS,7,1550,GENH,SPP,NA,-1.070479,-4.306e-4,-0.1734435,-1.02771,-7.47e-5,0.0152018,-1.984131,-0.0013345,-0.10936,88
NS,7,1800,ALNU,SPP,NA,-4.090051,-0.0735808,0.9442263,-5.82209,-0.1392367,2.179435,5.850035,0.3196604,-4.821479,5
NS,7,1803,ALNU,VIR,CRI,-4.090051,-0.0735808,0.9442263,-5.82209,-0.1392367,2.179435,5.850035,0.3196604,-4.821479,5
NS,7,1805,ALNU,INC,RUG,-4.090051,-0.0735808,0.9442263,-5.82209,-0.1392367,2.179435,5.850035,0.3196604,-4.821479,5
NS,7,1805,ALNU,INC,NA,-4.090051,-0.0735808,0.9442263,-5.82209,-0.1392367,2.179435,5.850035,0.3196604,-4.821479,5
NS,7,1900,OSTR,SPP,NA,-1.741674,-7.939e-4,-0.0182681,-1.51125,0.0021262,0.0114019,-2.412917,-9.872e-4,-0.0395182,17
NS,7,1900,OSTR,VIR,NA,-1.741674,-7.939e-4,-0.0182681,-1.51125,0.0021262,0.0114019,-2.412917,-9.872e-4,-0.0395182,17
NS,7,1950,CARP,CAR,NA,-1.741674,-7.939e-4,-0.0182681,-1.51125,0.0021262,0.0114019,-2.412917,-9.872e-4,-0.0395182,17
NS,7,1950,CARP,SPP,NA,-1.741674,-7.939e-4,-0.0182681,-1.51125,0.0021262,0.0114019,-2.412917,-9.872e-4,-0.0395182,17
NS,7,2000,FAGU,GRA,NA,-2.252687,-7.326e-4,0.0356503,-0.3974188,1.758e-4,-0.1027523,-2.448888,-0.0014104,-0.0275503,41
NS,7,2100,QUER,SPP,NA,-0.7433884,8.275e-4,-0.1973062,-1.387604,-0.0013256,0.0986045,-1.734152,-6.557e-4,-0.1630322,27
NS,7,2108,QUER,RUB,NA,-0.7433884,8.275e-4,-0.1973062,-1.387604,-0.0013256,0.0986045,-1.734152,-6.557e-4,-0.1630322,27
NS,7,2201,ULMU,AME,NA,-3.053706,-0.0030573,0.353597,-0.4139682,-3.463e-4,-0.1196987,-4.336909,-0.0043566,0.5462875,5
NS,7,2801,PRUN,SER,NA,-1.070479,-4.306e-4,-0.1734435,-1.02771,-7.47e-5,0.0152018,-1.984131,-0.0013345,-0.10936,88
NS,7,2802,PRUN,PEN,NA,-2.99783,-6.835e-4,0.1811305,-2.063056,-0.0054803,0.2283489,-1.799588,0.0031413,-0.1975811,103
NS,7,2804,PRUN,VIR,NA,-1.070479,-4.306e-4,-0.1734435,-1.02771,-7.47e-5,0.0152018,-1.984131,-0.0013345,-0.10936,88
NS,7,2804,PRUN,VIR,VIR,-1.070479,-4.306e-4,-0.1734435,-1.02771,-7.47e-5,0.0152018,-1.984131,-0.0013345,-0.10936,88
NS,7,3400,FRAX,SPP,NA,-2.079023,-3.772e-4,0.0256374,-0.6208012,-0.0011355,-0.0801576,-2.241564,-0.0028669,-0.006729,17
NS,7,3401,FRAX,AME,NA,-2.079023,-3.772e-4,0.0256374,-0.6208012,-0.0011355,-0.0801576,-2.241564,-0.0028669,-0.006729,17
NS,7,3402,FRAX,NIG,NA,-2.079023,-3.772e-4,0.0256374,-0.6208012,-0.0011355,-0.0801576,-2.241564,-0.0028669,-0.006729,17
NS,7,3930,MALU,COR,NA,-2.954224,0.0269883,-0.2459811,-1.581298,0.0123194,-0.1068826,-2.053468,-0.0030825,-0.0734981,12
NS,7,3930,MALU,FUS,NA,-2.954224,0.0269883,-0.2459811,-1.581298,0.0123194,-0.1068826,-2.053468,-0.0030825,-0.0734981,12
NS,7,3930,MALU,SPP,NA,-2.954224,0.0269883,-0.2459811,-1.581298,0.0123194,-0.1068826,-2.053468,-0.0030825,-0.0734981,12
NS,7,3960,SORB,SPP,NA,-2.954224,0.0269883,-0.2459811,-1.581298,0.0123194,-0.1068826,-2.053468,-0.0030825,-0.0734981,12
NT,2,100,PICE,SPP,NA,-1.330691,-7.334e-4,-0.0744316,-0.9229124,-0.0023769,-0.0618659,-0.9638116,-0.0024767,-0.1254096,119
NT,2,101,PICE,MAR,NA,-1.387192,9.039e-4,-0.1207942,-1.247222,-0.0010712,-0.1599147,-1.187227,-7.637e-4,-0.2263445,20
NT,2,105,PICE,GLA,NA,-1.330691,-7.334e-4,-0.0744316,-0.9229124,-0.0023769,-0.0618659,-0.9638116,-0.0024767,-0.1254096,119
NT,2,203,PINU,BAN,NA,-2.145356,-0.0016456,0.025224,-2.594705,-0.0039187,0.2129151,-2.244572,-0.0030921,0.0138154,82
NT,2,204,PINU,CON,NA,-2.145356,-0.0016456,0.025224,-2.594705,-0.0039187,0.2129151,-2.244572,-0.0030921,0.0138154,82
NT,2,204,PINU,CON,LAT,-2.145356,-0.0016456,0.025224,-2.594705,-0.0039187,0.2129151,-2.244572,-0.0030921,0.0138154,82
NT,3,100,PICE,SPP,NA,-1.330691,-7.334e-4,-0.0744316,-0.9229124,-0.0023769,-0.0618659,-0.9638116,-0.0024767,-0.1254096,119
NT,3,101,PICE,MAR,NA,-1.387192,9.039e-4,-0.1207942,-1.247222,-0.0010712,-0.1599147,-1.187227,-7.637e-4,-0.2263445,20
NT,3,105,PICE,GLA,NA,-1.330691,-7.334e-4,-0.0744316,-0.9229124,-0.0023769,-0.0618659,-0.9638116,-0.0024767,-0.1254096,119
NT,3,203,PINU,BAN,NA,-2.145356,-0.0016456,0.025224,-2.594705,-0.0039187,0.2129151,-2.244572,-0.0030921,0.0138154,82
NT,3,204,PINU,CON,NA,-2.145356,-0.0016456,0.025224,-2.594705,-0.0039187,0.2129151,-2.244572,-0.0030921,0.0138154,82
NT,3,204,PINU,CON,LAT,-2.145356,-0.0016456,0.025224,-2.594705,-0.0039187,0.2129151,-2.244572,-0.0030921,0.0138154,82
NT,3,300,ABIE,SPP,NA,-1.157117,7.395e-4,-0.1735332,0.5572737,5.295e-4,-0.4051833,-0.3311022,-5.99e-5,-0.3127531,38
NT,3,304,ABIE,LAS,NA,-1.558933,-9.666e-4,-0.0224363,-1.630098,-0.0030498,0.0956851,-1.564873,-0.0030418,0.0082755,139
NT,3,602,LARI,LAR,NA,-2.145356,-0.0016456,0.025224,-2.594705,-0.0039187,0.2129151,-2.244572,-0.0030921,0.0138154,82
NT,3,1201,POPU,TRE,NA,-1.733621,-0.0024198,0.0834193,-2.575905,-0.0055146,0.3473892,-2.017279,-0.0041833,-0.0965576,19
NT,3,1203,POPU,BAL,NA,-1.733621,-0.0024198,0.0834193,-2.575905,-0.0055146,0.3473892,-2.017279,-0.0041833,-0.0965576,19
NT,3,1203,POPU,BAL,BAL,-1.733621,-0.0024198,0.0834193,-2.575905,-0.0055146,0.3473892,-2.017279,-0.0041833,-0.0965576,19
NT,3,1300,BETU,SPP,NA,-1.723272,-0.0013644,0.0205927,-3.444207,-0.0087834,0.6099656,-2.331382,0.0055207,-0.2235254,4
NT,3,1303,BETU,PAP,NA,-1.733621,-0.0024198,0.0834193,-2.575905,-0.0055146,0.3473892,-2.017279,-0.0041833,-0.0965576,19
NT,3,1303,BETU,PAP,PAP,-1.733621,-0.0024198,0.0834193,-2.575905,-0.0055146,0.3473892,-2.017279,-0.0041833,-0.0965576,19
NT,3,1308,BETU,PAP,NEO,-1.733621,-0.0024198,0.0834193,-2.575905,-0.0055146,0.3473892,-2.017279,-0.0041833,-0.0965576,19
NT,4,100,PICE,SPP,NA,-1.241144,9.214e-4,-0.1538253,-0.5979985,6.086e-4,-0.3770589,-1.922949,-0.0018843,-0.0129658,28
NT,4,101,PICE,MAR,NA,-1.345281,0.0030381,-0.1547474,-1.402339,0.0022086,-0.2873771,-0.8799607,0.0056478,-0.3726498,31
NT,4,105,PICE,GLA,NA,-1.241144,9.214e-4,-0.1538253,-0.5979985,6.086e-4,-0.3770589,-1.922949,-0.0018843,-0.0129658,28
NT,4,203,PINU,BAN,NA,3.063776,0.0063935,-1.239001,-3.270147,-0.0043885,0.3571932,-0.2698893,0.0022748,-0.5517132,9
NT,4,204,PINU,CON,NA,3.063776,0.0063935,-1.239001,-3.270147,-0.0043885,0.3571932,-0.2698893,0.0022748,-0.5517132,9
NT,4,204,PINU,CON,LAT,3.063776,0.0063935,-1.239001,-3.270147,-0.0043885,0.3571932,-0.2698893,0.0022748,-0.5517132,9
NT,4,216,PINU,MUR,NA,3.063776,0.0063935,-1.239001,-3.270147,-0.0043885,0.3571932,-0.2698893,0.0022748,-0.5517132,9
NT,4,300,ABIE,SPP,NA,-1.157117,7.395e-4,-0.1735332,0.5572737,5.295e-4,-0.4051833,-0.3311022,-5.99e-5,-0.3127531,38
NT,4,302,ABIE,BAL,NA,-1.157117,7.395e-4,-0.1735332,0.5572737,5.295e-4,-0.4051833,-0.3311022,-5.99e-5,-0.3127531,38
NT,4,304,ABIE,LAS,NA,-1.157117,7.395e-4,-0.1735332,0.5572737,5.295e-4,-0.4051833,-0.3311022,-5.99e-5,-0.3127531,38
NT,4,500,PSEU,MEN,NA,-2.4038909999999998,-6.387e-4,0.1674664,0.7055001,0.0010978,-0.4010315,4.425699,0.0036288,-1.263356,9
NT,4,500,PSEU,MEN,MEN,-2.4038909999999998,-6.387e-4,0.1674664,0.7055001,0.0010978,-0.4010315,4.425699,0.0036288,-1.263356,9
NT,4,500,PSEU,MEN,GLA,-2.4038909999999998,-6.387e-4,0.1674664,0.7055001,0.0010978,-0.4010315,4.425699,0.0036288,-1.263356,9
NT,4,500,PSEU,SPP,NA,-2.4038909999999998,-6.387e-4,0.1674664,0.7055001,0.0010978,-0.4010315,4.425699,0.0036288,-1.263356,9
NT,4,601,LARI,DEC,NA,-1.119529,0.0032119,-0.2502692,-0.6020969,-0.0010206,-0.1819619,-1.246956,-0.0019971,-0.2304488,26
NT,4,602,LARI,LAR,NA,-1.119529,0.0032119,-0.2502692,-0.6020969,-0.0010206,-0.1819619,-1.246956,-0.0019971,-0.2304488,26
NT,4,1200,POPU,SPP,NA,-1.194985,7.89e-5,-0.0865502,-4.832342,-0.0027556,0.5318822,-5.054427,-0.0031166,0.4885195,21
NT,4,1201,POPU,TRE,NA,-2.021509,-0.005184,0.1955341,-6.589227,-0.0334862,1.607423,-12.03234,-0.0467905,2.915797,5
NT,4,1203,POPU,BAL,NA,-0.6261049,5.566e-4,-0.1943104,-2.524343,-0.0013397,0.2774612,-8.260567,-0.0045744,1.113339,4
NT,4,1203,POPU,BAL,BAL,-0.6261049,5.566e-4,-0.1943104,-2.524343,-0.0013397,0.2774612,-8.260567,-0.0045744,1.113339,4
NT,4,1301,BETU,ALL,NA,-1.723272,-0.0013644,0.0205927,-3.444207,-0.0087834,0.6099656,-2.331382,0.0055207,-0.2235254,4
NT,4,1303,BETU,PAP,NA,-1.723272,-0.0013644,0.0205927,-3.444207,-0.0087834,0.6099656,-2.331382,0.0055207,-0.2235254,4
NT,4,1303,BETU,PAP,PAP,-1.723272,-0.0013644,0.0205927,-3.444207,-0.0087834,0.6099656,-2.331382,0.0055207,-0.2235254,4
NT,4,1305,BETU,ALA,NA,-1.723272,-0.0013644,0.0205927,-3.444207,-0.0087834,0.6099656,-2.331382,0.0055207,-0.2235254,4
NT,4,1305,BETU,NEO,NA,-1.723272,-0.0013644,0.0205927,-3.444207,-0.0087834,0.6099656,-2.331382,0.0055207,-0.2235254,4
NT,5,100,PICE,SPP,NA,-1.598142,3.142e-4,-0.0783749,-0.0129903,-2.611e-4,-0.3055929,1.06531,2.39e-5,-0.6183025,403
NT,5,101,PICE,MAR,NA,-1.395837,-6.433e-4,-0.0796023,-1.256014,-9.974e-4,-0.074133,-0.867918,-0.0026773,-0.1059732,81
NT,5,105,PICE,GLA,NA,-1.598142,3.142e-4,-0.0783749,-0.0129903,-2.611e-4,-0.3055929,1.06531,2.39e-5,-0.6183025,403
NT,5,203,PINU,BAN,NA,-1.719789,-0.001643,-0.0720663,-1.873903,-4.804e-4,-0.0897304,-1.525305,-0.0017311,-0.226261,30
NT,5,204,PINU,CON,NA,-1.790427,-1.55e-4,-0.0791712,-1.9285079999999999,-6.526e-4,-0.0201212,-1.995444,-0.0016757,-0.0437632,729
NT,5,204,PINU,CON,LAT,-1.790427,-1.55e-4,-0.0791712,-1.9285079999999999,-6.526e-4,-0.0201212,-1.995444,-0.0016757,-0.0437632,729
NT,5,216,PINU,MUR,NA,-1.763528,-1.099e-4,-0.0867745,-1.954392,-6.137e-4,-0.0184525,-1.988232,-0.0015723,-0.0518998,759
NT,5,300,ABIE,SPP,NA,-1.157117,7.395e-4,-0.1735332,0.5572737,5.295e-4,-0.4051833,-0.3311022,-5.99e-5,-0.3127531,38
NT,5,302,ABIE,BAL,NA,-1.157117,7.395e-4,-0.1735332,0.5572737,5.295e-4,-0.4051833,-0.3311022,-5.99e-5,-0.3127531,38
NT,5,304,ABIE,LAS,NA,-1.157117,7.395e-4,-0.1735332,0.5572737,5.295e-4,-0.4051833,-0.3311022,-5.99e-5,-0.3127531,38
NT,5,500,PSEU,MEN,NA,-2.4038909999999998,-6.387e-4,0.1674664,0.7055001,0.0010978,-0.4010315,4.425699,0.0036288,-1.263356,9
NT,5,500,PSEU,MEN,MEN,-2.4038909999999998,-6.387e-4,0.1674664,0.7055001,0.0010978,-0.4010315,4.425699,0.0036288,-1.263356,9
NT,5,500,PSEU,MEN,GLA,-2.4038909999999998,-6.387e-4,0.1674664,0.7055001,0.0010978,-0.4010315,4.425699,0.0036288,-1.263356,9
NT,5,500,PSEU,SPP,NA,-2.4038909999999998,-6.387e-4,0.1674664,0.7055001,0.0010978,-0.4010315,4.425699,0.0036288,-1.263356,9
NT,5,601,LARI,DEC,NA,-1.119529,0.0032119,-0.2502692,-0.6020969,-0.0010206,-0.1819619,-1.246956,-0.0019971,-0.2304488,26
NT,5,602,LARI,LAR,NA,-1.119529,0.0032119,-0.2502692,-0.6020969,-0.0010206,-0.1819619,-1.246956,-0.0019971,-0.2304488,26
NT,5,1200,POPU,SPP,NA,-1.176468,-6.155e-4,-0.0263404,-3.039893,-8.428e-4,0.2310108,-2.166966,0.0011159,-0.2858151,247
NT,5,1201,POPU,TRE,NA,-1.176468,-6.155e-4,-0.0263404,-3.039893,-8.428e-4,0.2310108,-2.166966,0.0011159,-0.2858151,247
NT,5,1203,POPU,BAL,NA,-2.377502,-0.0023789,0.2561668,-2.590638,-0.0017508,0.2539392,-0.466165,0.0033969,-0.6796337,36
NT,5,1203,POPU,BAL,BAL,-2.377502,-0.0023789,0.2561668,-2.590638,-0.0017508,0.2539392,-0.466165,0.0033969,-0.6796337,36
NT,5,1301,BETU,ALL,NA,-1.723272,-0.0013644,0.0205927,-3.444207,-0.0087834,0.6099656,-2.331382,0.0055207,-0.2235254,4
NT,5,1303,BETU,PAP,NA,-1.723272,-0.0013644,0.0205927,-3.444207,-0.0087834,0.6099656,-2.331382,0.0055207,-0.2235254,4
NT,5,1303,BETU,PAP,PAP,-1.723272,-0.0013644,0.0205927,-3.444207,-0.0087834,0.6099656,-2.331382,0.0055207,-0.2235254,4
NT,5,1305,BETU,ALA,NA,-1.723272,-0.0013644,0.0205927,-3.444207,-0.0087834,0.6099656,-2.331382,0.0055207,-0.2235254,4
NT,5,1305,BETU,NEO,NA,-1.723272,-0.0013644,0.0205927,-3.444207,-0.0087834,0.6099656,-2.331382,0.0055207,-0.2235254,4
NT,9,100,PICE,SPP,NA,-1.598142,3.142e-4,-0.0783749,-0.0129903,-2.611e-4,-0.3055929,1.06531,2.39e-5,-0.6183025,403
NT,9,101,PICE,MAR,NA,-1.395837,-6.433e-4,-0.0796023,-1.256014,-9.974e-4,-0.074133,-0.867918,-0.0026773,-0.1059732,81
NT,9,104,PICE,ENG,NA,-5.393417,-0.0038701,0.797447,-1.269496,-5.086e-4,0.0017527,-0.6523576,5.127e-4,-0.2334827,5
NT,9,104,PICE,ENG,GLA,-5.393417,-0.0038701,0.797447,-1.269496,-5.086e-4,0.0017527,-0.6523576,5.127e-4,-0.2334827,5
NT,9,105,PICE,GLA,NA,-1.598142,3.142e-4,-0.0783749,-0.0129903,-2.611e-4,-0.3055929,1.06531,2.39e-5,-0.6183025,403
NT,9,109,PICE,SPP,NA,-1.598142,3.142e-4,-0.0783749,-0.0129903,-2.611e-4,-0.3055929,1.06531,2.39e-5,-0.6183025,403
NT,9,203,PINU,BAN,NA,-1.719789,-0.001643,-0.0720663,-1.873903,-4.804e-4,-0.0897304,-1.525305,-0.0017311,-0.226261,30
NT,9,204,PINU,CON,NA,-1.790427,-1.55e-4,-0.0791712,-1.9285079999999999,-6.526e-4,-0.0201212,-1.995444,-0.0016757,-0.0437632,729
NT,9,204,PINU,CON,LAT,-1.790427,-1.55e-4,-0.0791712,-1.9285079999999999,-6.526e-4,-0.0201212,-1.995444,-0.0016757,-0.0437632,729
NT,9,216,PINU,MUR,NA,-1.763528,-1.099e-4,-0.0867745,-1.954392,-6.137e-4,-0.0184525,-1.988232,-0.0015723,-0.0518998,759
NT,9,300,ABIE,SPP,NA,-1.157117,7.395e-4,-0.1735332,0.5572737,5.295e-4,-0.4051833,-0.3311022,-5.99e-5,-0.3127531,38
NT,9,302,ABIE,BAL,NA,-1.157117,7.395e-4,-0.1735332,0.5572737,5.295e-4,-0.4051833,-0.3311022,-5.99e-5,-0.3127531,38
NT,9,304,ABIE,LAS,NA,-1.157117,7.395e-4,-0.1735332,0.5572737,5.295e-4,-0.4051833,-0.3311022,-5.99e-5,-0.3127531,38
NT,9,305,ABIE,MX2,NA,-1.157117,7.395e-4,-0.1735332,0.5572737,5.295e-4,-0.4051833,-0.3311022,-5.99e-5,-0.3127531,38
NT,9,306,ABIE,MIX,NA,-1.157117,7.395e-4,-0.1735332,0.5572737,5.295e-4,-0.4051833,-0.3311022,-5.99e-5,-0.3127531,38
NT,9,500,PSEU,MEN,NA,-2.4038909999999998,-6.387e-4,0.1674664,0.7055001,0.0010978,-0.4010315,4.425699,0.0036288,-1.263356,9
NT,9,500,PSEU,MEN,MEN,-2.4038909999999998,-6.387e-4,0.1674664,0.7055001,0.0010978,-0.4010315,4.425699,0.0036288,-1.263356,9
NT,9,500,PSEU,MEN,GLA,-2.4038909999999998,-6.387e-4,0.1674664,0.7055001,0.0010978,-0.4010315,4.425699,0.0036288,-1.263356,9
NT,9,500,PSEU,SPP,NA,-2.4038909999999998,-6.387e-4,0.1674664,0.7055001,0.0010978,-0.4010315,4.425699,0.0036288,-1.263356,9
NT,9,600,LARI,SPP,NA,-1.119529,0.0032119,-0.2502692,-0.6020969,-0.0010206,-0.1819619,-1.246956,-0.0019971,-0.2304488,26
NT,9,601,LARI,DEC,NA,-1.119529,0.0032119,-0.2502692,-0.6020969,-0.0010206,-0.1819619,-1.246956,-0.0019971,-0.2304488,26
NT,9,602,LARI,LAR,NA,-1.119529,0.0032119,-0.2502692,-0.6020969,-0.0010206,-0.1819619,-1.246956,-0.0019971,-0.2304488,26
NT,9,604,LARI,LYA,NA,-1.119529,0.0032119,-0.2502692,-0.6020969,-0.0010206,-0.1819619,-1.246956,-0.0019971,-0.2304488,26
NT,9,1150,UNKN,SPP,NA,-1.530543,3.56e-5,-0.1216116,-1.562932,-0.00059770000000000005,-0.0619225,-1.324636,-0.0012649,-0.1520637,1113
NT,9,1200,POPU,SPP,NA,-1.176468,-6.155e-4,-0.0263404,-3.039893,-8.428e-4,0.2310108,-2.166966,0.0011159,-0.2858151,247
NT,9,1201,POPU,TRE,NA,-1.176468,-6.155e-4,-0.0263404,-3.039893,-8.428e-4,0.2310108,-2.166966,0.0011159,-0.2858151,247
NT,9,1203,POPU,BAL,BAL,-2.377502,-0.0023789,0.2561668,-2.590638,-0.0017508,0.2539392,-0.466165,0.0033969,-0.6796337,36
NT,9,1203,POPU,BAL,NA,-2.377502,-0.0023789,0.2561668,-2.590638,-0.0017508,0.2539392,-0.466165,0.0033969,-0.6796337,36
NT,9,1301,BETU,ALL,NA,-1.723272,-0.0013644,0.0205927,-3.444207,-0.0087834,0.6099656,-2.331382,0.0055207,-0.2235254,4
NT,9,1303,BETU,PAP,NA,-1.723272,-0.0013644,0.0205927,-3.444207,-0.0087834,0.6099656,-2.331382,0.0055207,-0.2235254,4
NT,9,1303,BETU,PAP,PAP,-1.723272,-0.0013644,0.0205927,-3.444207,-0.0087834,0.6099656,-2.331382,0.0055207,-0.2235254,4
NT,9,1305,BETU,ALA,NA,-1.723272,-0.0013644,0.0205927,-3.444207,-0.0087834,0.6099656,-2.331382,0.0055207,-0.2235254,4
NT,9,1305,BETU,NEO,NA,-1.723272,-0.0013644,0.0205927,-3.444207,-0.0087834,0.6099656,-2.331382,0.0055207,-0.2235254,4
NT,9,1404,ACER,NEG,NA,-1.723272,-0.0013644,0.0205927,-3.444207,-0.0087834,0.6099656,-2.331382,0.0055207,-0.2235254,4
NT,9,1500,GENH,SPP,NA,-1.723272,-0.0013644,0.0205927,-3.444207,-0.0087834,0.6099656,-2.331382,0.0055207,-0.2235254,4
NT,9,1550,GENH,SPP,NA,-1.723272,-0.0013644,0.0205927,-3.444207,-0.0087834,0.6099656,-2.331382,0.0055207,-0.2235254,4
NT,11,100,PICE,SPP,NA,-1.330691,-7.334e-4,-0.0744316,-0.9229124,-0.0023769,-0.0618659,-0.9638116,-0.0024767,-0.1254096,119
NT,11,101,PICE,MAR,NA,-1.387192,9.039e-4,-0.1207942,-1.247222,-0.0010712,-0.1599147,-1.187227,-7.637e-4,-0.2263445,20
NT,11,105,PICE,GLA,NA,-1.330691,-7.334e-4,-0.0744316,-0.9229124,-0.0023769,-0.0618659,-0.9638116,-0.0024767,-0.1254096,119
NT,11,203,PINU,BAN,NA,-2.145356,-0.0016456,0.025224,-2.594705,-0.0039187,0.2129151,-2.244572,-0.0030921,0.0138154,82
NT,11,204,PINU,CON,NA,-2.145356,-0.0016456,0.025224,-2.594705,-0.0039187,0.2129151,-2.244572,-0.0030921,0.0138154,82
NT,11,204,PINU,CON,LAT,-2.145356,-0.0016456,0.025224,-2.594705,-0.0039187,0.2129151,-2.244572,-0.0030921,0.0138154,82
NT,11,300,ABIE,SPP,NA,-1.558933,-9.666e-4,-0.0224363,-1.630098,-0.0030498,0.0956851,-1.564873,-0.0030418,0.0082755,139
NT,11,304,ABIE,LAS,NA,-1.558933,-9.666e-4,-0.0224363,-1.630098,-0.0030498,0.0956851,-1.564873,-0.0030418,0.0082755,139
NT,11,602,LARI,LAR,NA,-2.145356,-0.0016456,0.025224,-2.594705,-0.0039187,0.2129151,-2.244572,-0.0030921,0.0138154,82
NT,11,1201,POPU,TRE,NA,-1.733621,-0.0024198,0.0834193,-2.575905,-0.0055146,0.3473892,-2.017279,-0.0041833,-0.0965576,19
NT,11,1203,POPU,BAL,NA,-1.733621,-0.0024198,0.0834193,-2.575905,-0.0055146,0.3473892,-2.017279,-0.0041833,-0.0965576,19
NT,11,1203,POPU,BAL,BAL,-1.733621,-0.0024198,0.0834193,-2.575905,-0.0055146,0.3473892,-2.017279,-0.0041833,-0.0965576,19
NT,11,1303,BETU,PAP,NA,-1.733621,-0.0024198,0.0834193,-2.575905,-0.0055146,0.3473892,-2.017279,-0.0041833,-0.0965576,19
NT,11,1303,BETU,PAP,PAP,-1.733621,-0.0024198,0.0834193,-2.575905,-0.0055146,0.3473892,-2.017279,-0.0041833,-0.0965576,19
NT,11,1308,BETU,PAP,NEO,-1.733621,-0.0024198,0.0834193,-2.575905,-0.0055146,0.3473892,-2.017279,-0.0041833,-0.0965576,19
NT,12,100,PICE,SPP,NA,-1.330691,-7.334e-4,-0.0744316,-0.9229124,-0.0023769,-0.0618659,-0.9638116,-0.0024767,-0.1254096,119
NT,12,101,PICE,MAR,NA,-1.387192,9.039e-4,-0.1207942,-1.247222,-0.0010712,-0.1599147,-1.187227,-7.637e-4,-0.2263445,20
NT,12,105,PICE,GLA,NA,-1.330691,-7.334e-4,-0.0744316,-0.9229124,-0.0023769,-0.0618659,-0.9638116,-0.0024767,-0.1254096,119
NT,12,203,PINU,BAN,NA,-2.145356,-0.0016456,0.025224,-2.594705,-0.0039187,0.2129151,-2.244572,-0.0030921,0.0138154,82
NT,12,204,PINU,CON,NA,-2.145356,-0.0016456,0.025224,-2.594705,-0.0039187,0.2129151,-2.244572,-0.0030921,0.0138154,82
NT,12,204,PINU,CON,LAT,-2.145356,-0.0016456,0.025224,-2.594705,-0.0039187,0.2129151,-2.244572,-0.0030921,0.0138154,82
NT,12,300,ABIE,SPP,NA,-1.558933,-9.666e-4,-0.0224363,-1.630098,-0.0030498,0.0956851,-1.564873,-0.0030418,0.0082755,139
NT,12,304,ABIE,LAS,NA,-1.558933,-9.666e-4,-0.0224363,-1.630098,-0.0030498,0.0956851,-1.564873,-0.0030418,0.0082755,139
NT,12,602,LARI,LAR,NA,-2.145356,-0.0016456,0.025224,-2.594705,-0.0039187,0.2129151,-2.244572,-0.0030921,0.0138154,82
NT,12,1200,POPU,SPP,NA,-1.733621,-0.0024198,0.0834193,-2.575905,-0.0055146,0.3473892,-2.017279,-0.0041833,-0.0965576,19
NT,12,1201,POPU,TRE,NA,-1.733621,-0.0024198,0.0834193,-2.575905,-0.0055146,0.3473892,-2.017279,-0.0041833,-0.0965576,19
NT,12,1203,POPU,BAL,NA,-1.733621,-0.0024198,0.0834193,-2.575905,-0.0055146,0.3473892,-2.017279,-0.0041833,-0.0965576,19
NT,12,1203,POPU,BAL,BAL,-1.733621,-0.0024198,0.0834193,-2.575905,-0.0055146,0.3473892,-2.017279,-0.0041833,-0.0965576,19
NT,12,1303,BETU,PAP,NA,-1.733621,-0.0024198,0.0834193,-2.575905,-0.0055146,0.3473892,-2.017279,-0.0041833,-0.0965576,19
NT,12,1303,BETU,PAP,PAP,-1.733621,-0.0024198,0.0834193,-2.575905,-0.0055146,0.3473892,-2.017279,-0.0041833,-0.0965576,19
NT,12,1308,BETU,PAP,NEO,-1.733621,-0.0024198,0.0834193,-2.575905,-0.0055146,0.3473892,-2.017279,-0.0041833,-0.0965576,19
NU,1,101,PICE,MAR,NA,-1.697558,-4.413e-4,-0.0162924,-1.113631,-7.713e-4,-0.05521,-0.9476055,-0.001812,-0.0740522,60
NU,1,105,PICE,GLA,NA,-1.808728,1.812e-4,-0.0297335,-1.566606,-7.86e-5,-0.0034186,-0.6368722,0.0010007,-0.3070963,1702
NU,1,107,PICE,MAR,RUB,-1.697558,-4.413e-4,-0.0162924,-1.113631,-7.713e-4,-0.05521,-0.9476055,-0.001812,-0.0740522,60
NU,1,302,ABIE,BAL,NA,-1.688634,2.014e-4,-0.0238792,-1.566584,3.914e-4,-0.0179743,-1.139371,-5.735e-4,-0.1404251,9695
NU,1,602,LARI,LAR,NA,-1.865544,1.958e-4,-0.0656808,-1.385851,7.411e-4,-0.1044756,-1.602777,-9.905e-4,-0.1172367,288
NU,1,1201,POPU,TRE,NA,-1.403874,2.452e-4,-0.0572315,-1.593011,-1.931e-4,-0.0196225,-1.903091,-0.0013376,-0.1205228,5489
NU,1,1203,POPU,BAL,NA,-1.234664,-1.06e-5,-0.0954487,-1.369511,2.036e-4,-0.0529464,-2.582637,-0.001521,-0.0192428,159
NU,1,1203,POPU,BAL,BAL,-1.234664,-1.06e-5,-0.0954487,-1.369511,2.036e-4,-0.0529464,-2.582637,-0.001521,-0.0192428,159
NU,1,1303,BETU,PAP,NA,-1.801162,1.129e-4,-0.004922,-1.646935,-2.541e-4,0.0329792,-1.957627,-0.0011306,-0.0823318,10323
NU,1,1303,BETU,PAP,PAP,-1.801162,1.129e-4,-0.004922,-1.646935,-2.541e-4,0.0329792,-1.957627,-0.0011306,-0.0823318,10323
NU,2,101,PICE,MAR,NA,-1.697558,-4.413e-4,-0.0162924,-1.113631,-7.713e-4,-0.05521,-0.9476055,-0.001812,-0.0740522,60
NU,2,105,PICE,GLA,NA,-1.808728,1.812e-4,-0.0297335,-1.566606,-7.86e-5,-0.0034186,-0.6368722,0.0010007,-0.3070963,1702
NU,2,107,PICE,MAR,RUB,-1.697558,-4.413e-4,-0.0162924,-1.113631,-7.713e-4,-0.05521,-0.9476055,-0.001812,-0.0740522,60
NU,2,302,ABIE,BAL,NA,-1.688634,2.014e-4,-0.0238792,-1.566584,3.914e-4,-0.0179743,-1.139371,-5.735e-4,-0.1404251,9695
NU,2,602,LARI,LAR,NA,-1.865544,1.958e-4,-0.0656808,-1.385851,7.411e-4,-0.1044756,-1.602777,-9.905e-4,-0.1172367,288
NU,2,1201,POPU,TRE,NA,-1.403874,2.452e-4,-0.0572315,-1.593011,-1.931e-4,-0.0196225,-1.903091,-0.0013376,-0.1205228,5489
NU,2,1203,POPU,BAL,NA,-1.234664,-1.06e-5,-0.0954487,-1.369511,2.036e-4,-0.0529464,-2.582637,-0.001521,-0.0192428,159
NU,2,1203,POPU,BAL,BAL,-1.234664,-1.06e-5,-0.0954487,-1.369511,2.036e-4,-0.0529464,-2.582637,-0.001521,-0.0192428,159
NU,2,1303,BETU,PAP,NA,-1.801162,1.129e-4,-0.004922,-1.646935,-2.541e-4,0.0329792,-1.957627,-0.0011306,-0.0823318,10323
NU,2,1303,BETU,PAP,PAP,-1.801162,1.129e-4,-0.004922,-1.646935,-2.541e-4,0.0329792,-1.957627,-0.0011306,-0.0823318,10323
NU,3,101,PICE,MAR,NA,-1.697558,-4.413e-4,-0.0162924,-1.113631,-7.713e-4,-0.05521,-0.9476055,-0.001812,-0.0740522,60
NU,3,105,PICE,GLA,NA,-1.808728,1.812e-4,-0.0297335,-1.566606,-7.86e-5,-0.0034186,-0.6368722,0.0010007,-0.3070963,1702
NU,3,107,PICE,MAR,RUB,-1.697558,-4.413e-4,-0.0162924,-1.113631,-7.713e-4,-0.05521,-0.9476055,-0.001812,-0.0740522,60
NU,3,302,ABIE,BAL,NA,-1.688634,2.014e-4,-0.0238792,-1.566584,3.914e-4,-0.0179743,-1.139371,-5.735e-4,-0.1404251,9695
NU,3,602,LARI,LAR,NA,-1.865544,1.958e-4,-0.0656808,-1.385851,7.411e-4,-0.1044756,-1.602777,-9.905e-4,-0.1172367,288
NU,3,1201,POPU,TRE,NA,-1.403874,2.452e-4,-0.0572315,-1.593011,-1.931e-4,-0.0196225,-1.903091,-0.0013376,-0.1205228,5489
NU,3,1203,POPU,BAL,NA,-1.234664,-1.06e-5,-0.0954487,-1.369511,2.036e-4,-0.0529464,-2.582637,-0.001521,-0.0192428,159
NU,3,1203,POPU,BAL,BAL,-1.234664,-1.06e-5,-0.0954487,-1.369511,2.036e-4,-0.0529464,-2.582637,-0.001521,-0.0192428,159
NU,3,1303,BETU,PAP,NA,-1.801162,1.129e-4,-0.004922,-1.646935,-2.541e-4,0.0329792,-1.957627,-0.0011306,-0.0823318,10323
NU,3,1303,BETU,PAP,PAP,-1.801162,1.129e-4,-0.004922,-1.646935,-2.541e-4,0.0329792,-1.957627,-0.0011306,-0.0823318,10323
NU,5,101,PICE,MAR,NA,-1.697558,-4.413e-4,-0.0162924,-1.113631,-7.713e-4,-0.05521,-0.9476055,-0.001812,-0.0740522,60
NU,5,105,PICE,GLA,NA,-1.808728,1.812e-4,-0.0297335,-1.566606,-7.86e-5,-0.0034186,-0.6368722,0.0010007,-0.3070963,1702
NU,5,107,PICE,MAR,RUB,-1.697558,-4.413e-4,-0.0162924,-1.113631,-7.713e-4,-0.05521,-0.9476055,-0.001812,-0.0740522,60
NU,5,202,PINU,STR,NA,-1.735675,-6.41e-5,-0.0263015,-1.660423,-2.312e-4,0.034809,-0.7040932,5.628e-4,-0.3466756,1177
NU,5,203,PINU,BAN,NA,-2.014926,1.975e-4,-0.0503355,-1.531432,5.198e-4,-0.1074977,-1.673766,-7.087e-4,-0.1158074,3708
NU,5,209,PINU,RES,NA,-2.139051,-4.593e-4,0.0181259,-1.202895,-7.25e-5,-0.0909429,-0.5516267,9.338e-4,-0.3485037,171
NU,5,302,ABIE,BAL,NA,-1.688634,2.014e-4,-0.0238792,-1.566584,3.914e-4,-0.0179743,-1.139371,-5.735e-4,-0.1404251,9695
NU,5,401,TSUG,CAN,NA,-1.380315,4.551e-4,-0.1015538,-1.612745,-3.346e-4,0.0664179,-1.201069,3.66e-4,-0.2581077,424
NU,5,602,LARI,LAR,NA,-1.865544,1.958e-4,-0.0656808,-1.385851,7.411e-4,-0.1044756,-1.602777,-9.905e-4,-0.1172367,288
NU,5,701,THUJ,OCC,NA,-1.90106,-2.236e-4,0.006741,-1.504609,4.51e-5,0.0183753,-1.186076,4.646e-4,-0.1845263,1861
NU,5,801,JUNI,VIR,NA,-1.90106,-2.236e-4,0.006741,-1.504609,4.51e-5,0.0183753,-1.186076,4.646e-4,-0.1845263,1861
NU,5,1201,POPU,TRE,NA,-1.403874,2.452e-4,-0.0572315,-1.593011,-1.931e-4,-0.0196225,-1.903091,-0.0013376,-0.1205228,5489
NU,5,1203,POPU,BAL,NA,-1.234664,-1.06e-5,-0.0954487,-1.369511,2.036e-4,-0.0529464,-2.582637,-0.001521,-0.0192428,159
NU,5,1203,POPU,BAL,BAL,-1.234664,-1.06e-5,-0.0954487,-1.369511,2.036e-4,-0.0529464,-2.582637,-0.001521,-0.0192428,159
NU,5,1211,POPU,BAL,GRA,-1.416169,0.00017340000000000001,-0.0525172,-1.57953,-8.08e-5,-0.0237883,-1.914785,-0.0014477,-0.118877,6203
NU,5,1301,BETU,ALL,NA,-1.895278,-1.697e-4,7.166e-4,-0.9609746,7.034e-4,-0.0351398,-1.971151,-4.807e-4,-0.140265,3493
NU,5,1303,BETU,PAP,NA,-1.801162,1.129e-4,-0.004922,-1.646935,-2.541e-4,0.0329792,-1.957627,-0.0011306,-0.0823318,10323
NU,5,1303,BETU,PAP,PAP,-1.801162,1.129e-4,-0.004922,-1.646935,-2.541e-4,0.0329792,-1.957627,-0.0011306,-0.0823318,10323
NU,5,1401,ACER,SAH,NA,-1.891291,-4.682e-4,-0.013641,-1.2731460000000001,1.408e-4,0.018753,-2.02563,-0.0011549,-0.1857551,3885
NU,5,1405,ACER,RUB,NA,-1.858343,-3.372e-4,-0.0064947,-1.508418,2.43e-5,0.0365552,-2.144958,-0.0012037,-0.0744568,1905
NU,5,1550,GENH,SPP,NA,-1.907153,-6.828e-4,-0.0151898,-2.558035,-0.0010482,0.2966087,-1.46093,-5.906e-4,-0.3045906,1479
NU,15,101,PICE,MAR,NA,-1.72163,-1.848e-4,-0.0210519,-1.239439,-1.02e-5,-0.092484,-0.9577603,-8.775e-4,-0.1389684,77
NU,15,105,PICE,GLA,NA,-1.808728,1.812e-4,-0.0297335,-1.566606,-7.86e-5,-0.0034186,-0.6368722,0.0010007,-0.3070963,1702
NU,15,107,PICE,MAR,RUB,-1.72163,-1.848e-4,-0.0210519,-1.239439,-1.02e-5,-0.092484,-0.9577603,-8.775e-4,-0.1389684,77
NU,15,202,PINU,STR,NA,-1.735675,-6.41e-5,-0.0263015,-1.660423,-2.312e-4,0.034809,-0.7040932,5.628e-4,-0.3466756,1177
NU,15,203,PINU,BAN,NA,-1.283378,0.0028036,-0.2541196,-0.371036,0.0053032,-0.4656689,-0.3165296,0.0073356,-0.5718081,11
NU,15,209,PINU,RES,NA,-2.139051,-4.593e-4,0.0181259,-1.202895,-7.25e-5,-0.0909429,-0.5516267,9.338e-4,-0.3485037,171
NU,15,302,ABIE,BAL,NA,-1.688634,2.014e-4,-0.0238792,-1.566584,3.914e-4,-0.0179743,-1.139371,-5.735e-4,-0.1404251,9695
NU,15,401,TSUG,CAN,NA,-1.380315,4.551e-4,-0.1015538,-1.612745,-3.346e-4,0.0664179,-1.201069,3.66e-4,-0.2581077,424
NU,15,602,LARI,LAR,NA,-1.865544,1.958e-4,-0.0656808,-1.385851,7.411e-4,-0.1044756,-1.602777,-9.905e-4,-0.1172367,288
NU,15,701,THUJ,OCC,NA,-1.90106,-2.236e-4,0.006741,-1.504609,4.51e-5,0.0183753,-1.186076,4.646e-4,-0.1845263,1861
NU,15,801,JUNI,VIR,NA,-1.90106,-2.236e-4,0.006741,-1.504609,4.51e-5,0.0183753,-1.186076,4.646e-4,-0.1845263,1861
NU,15,1201,POPU,TRE,NA,-1.403874,2.452e-4,-0.0572315,-1.593011,-1.931e-4,-0.0196225,-1.903091,-0.0013376,-0.1205228,5489
NU,15,1203,POPU,BAL,NA,-1.234664,-1.06e-5,-0.0954487,-1.369511,2.036e-4,-0.0529464,-2.582637,-0.001521,-0.0192428,159
NU,15,1203,POPU,BAL,BAL,-1.234664,-1.06e-5,-0.0954487,-1.369511,2.036e-4,-0.0529464,-2.582637,-0.001521,-0.0192428,159
NU,15,1211,POPU,BAL,GRA,-1.416169,0.00017340000000000001,-0.0525172,-1.57953,-8.08e-5,-0.0237883,-1.914785,-0.0014477,-0.118877,6203
NU,15,1301,BETU,ALL,NA,-1.895278,-1.697e-4,7.166e-4,-0.9609746,7.034e-4,-0.0351398,-1.971151,-4.807e-4,-0.140265,3493
NU,15,1303,BETU,PAP,NA,-1.801162,1.129e-4,-0.004922,-1.646935,-2.541e-4,0.0329792,-1.957627,-0.0011306,-0.0823318,10323
NU,15,1303,BETU,PAP,PAP,-1.801162,1.129e-4,-0.004922,-1.646935,-2.541e-4,0.0329792,-1.957627,-0.0011306,-0.0823318,10323
NU,15,1401,ACER,SAH,NA,-1.891291,-4.682e-4,-0.013641,-1.2731460000000001,1.408e-4,0.018753,-2.02563,-0.0011549,-0.1857551,3885
NU,15,1405,ACER,RUB,NA,-1.858343,-3.372e-4,-0.0064947,-1.508418,2.43e-5,0.0365552,-2.144958,-0.0012037,-0.0744568,1905
NU,15,1550,GENH,SPP,NA,-1.907153,-6.828e-4,-0.0151898,-2.558035,-0.0010482,0.2966087,-1.46093,-5.906e-4,-0.3045906,1479
ON,5,1301,BETU,ALL,NA,-1.891489,-1.566e-4,-6.239e-4,-1.022661,6.446e-4,-0.0205931,-1.943417,-3.611e-4,-0.1509185,3486
ON,5,1405,ACER,RUB,NA,-1.777956,-2.544e-4,-0.0269597,-1.532199,3.11e-5,0.0425225,-2.077601,-9.241e-4,-0.1020998,1886
ON,6,100,PICE,SPP,NA,-1.395061,-9.65e-5,-0.111724,-1.172055,-5.191e-4,-0.0892543,0.7832728,0.0014436,-0.6035758,28
ON,6,101,PICE,MAR,NA,-1.509282,2.518e-4,-0.0965674,-1.050838,-3.027e-4,-0.169682,-0.1726867,-0.0015534,-0.3214735,511
ON,6,103,PICE,ABI,NA,-1.804818,-2.371e-4,-0.0231154,-1.351139,0.0015015,-0.1030528,-1.857664,-2.695e-4,-0.0622931,552
ON,6,105,PICE,GLA,NA,-1.395061,-9.65e-5,-0.111724,-1.172055,-5.191e-4,-0.0892543,0.7832728,0.0014436,-0.6035758,28
ON,6,202,PINU,STR,NA,-1.148819,1.011e-4,-0.1400276,-0.0500724,5.466e-4,-0.3066687,-0.2621599,2.933e-4,-0.4010335,34
ON,6,203,PINU,BAN,NA,-1.606216,3.291e-4,-0.14716,-1.38882,-2.12e-4,-0.1394604,-0.8959865,-0.001026,-0.2765494,652
ON,6,204,PINU,CON,NA,-1.606216,3.291e-4,-0.14716,-1.38882,-2.12e-4,-0.1394604,-0.8959865,-0.001026,-0.2765494,652
ON,6,204,PINU,CON,LAT,-1.606216,3.291e-4,-0.14716,-1.38882,-2.12e-4,-0.1394604,-0.8959865,-0.001026,-0.2765494,652
ON,6,209,PINU,RES,NA,-1.699688,-8.2e-4,-0.0610734,-1.208245,-2.071e-4,-0.1219829,-0.1721932,-2.563e-4,-0.3584817,38
ON,6,210,PINU,RIG,NA,-1.699688,-8.2e-4,-0.0610734,-1.208245,-2.071e-4,-0.1219829,-0.1721932,-2.563e-4,-0.3584817,38
ON,6,211,PINU,SYL,NA,-1.699688,-8.2e-4,-0.0610734,-1.208245,-2.071e-4,-0.1219829,-0.1721932,-2.563e-4,-0.3584817,38
ON,6,300,ABIE,SPP,NA,-1.560998,7.886e-4,-0.0628455,-0.8711439,-8.81e-5,-0.1861151,0.4969701,-4.422e-4,-0.4965957,38
ON,6,302,ABIE,BAL,NA,-1.560998,7.886e-4,-0.0628455,-0.8711439,-8.81e-5,-0.1861151,0.4969701,-4.422e-4,-0.4965957,38
ON,6,401,TSUG,CAN,NA,-1.419469,4.378e-4,-0.0937058,-1.607357,-3.396e-4,0.0656758,-1.252853,3.706e-4,-0.2501411,424
ON,6,602,LARI,LAR,NA,-1.842229,2.288e-4,-0.0717547,-1.403837,6.745e-4,-0.0990883,-1.610469,-9.5e-4,-0.1173797,288
ON,6,700,THUJ,SPP,NA,-1.683233,-1.205e-4,-0.0430481,-0.4954128,-1.995e-4,-0.1699487,-0.5598242,-5.098e-4,-0.2268692,33
ON,6,701,THUJ,OCC,NA,-1.683233,-1.205e-4,-0.0430481,-0.4954128,-1.995e-4,-0.1699487,-0.5598242,-5.098e-4,-0.2268692,33
ON,6,801,JUNI,VIR,NA,-1.683233,-1.205e-4,-0.0430481,-0.4954128,-1.995e-4,-0.1699487,-0.5598242,-5.098e-4,-0.2268692,33
ON,6,1200,POPU,SPP,NA,-1.467607,1.084e-4,-0.0365715,-1.389039,-1.365e-4,-0.0868376,-0.9347667,-0.0018329,-0.3022304,358
ON,6,1201,POPU,TRE,NA,-1.467607,1.084e-4,-0.0365715,-1.389039,-1.365e-4,-0.0868376,-0.9347667,-0.0018329,-0.3022304,358
ON,6,1203,POPU,BAL,NA,-0.9116797,8.741e-4,-0.2108009,0.7404822,0.0011373,-0.489599,-1.119209,-6.765e-4,-0.4017716,18
ON,6,1203,POPU,BAL,BAL,-0.9116797,8.741e-4,-0.2108009,0.7404822,0.0011373,-0.489599,-1.119209,-6.765e-4,-0.4017716,18
ON,6,1205,POPU,DEL,NA,-1.200465,4.29e-5,-0.1050975,-1.408215,1.764e-4,-0.0446423,-2.559105,-0.0014282,-0.0297569,158
ON,6,1205,POPU,DEL,DEL,-1.200465,4.29e-5,-0.1050975,-1.408215,1.764e-4,-0.0446423,-2.559105,-0.0014282,-0.0297569,158
ON,6,1206,POPU,GRA,NA,-1.162839,2.953e-4,-0.1040862,-1.911206,-4.547e-4,0.0634999,-1.945525,-0.0010275,-0.1596158,553
ON,6,1301,BETU,ALL,NA,-1.891489,-1.566e-4,-6.239e-4,-1.022661,6.446e-4,-0.0205931,-1.943417,-3.611e-4,-0.1509185,3486
ON,6,1303,BETU,PAP,NA,-1.728622,-2.716e-4,-0.0065107,-1.520502,5.748e-4,-0.040946,-0.5591591,7.078e-4,-0.4255631,97
ON,6,1303,BETU,PAP,PAP,-1.728622,-2.716e-4,-0.0065107,-1.520502,5.748e-4,-0.040946,-0.5591591,7.078e-4,-0.4255631,97
ON,6,1304,BETU,POP,NA,-1.728622,-2.716e-4,-0.0065107,-1.520502,5.748e-4,-0.040946,-0.5591591,7.078e-4,-0.4255631,97
ON,6,1400,ACER,SPP,NA,-1.786029,-3.612e-4,-0.0391877,-1.349298,6.44e-5,0.0368698,-2.068382,-0.0010921,-0.1850084,3870
ON,6,1401,ACER,SAH,NA,-1.786029,-3.612e-4,-0.0391877,-1.349298,6.44e-5,0.0368698,-2.068382,-0.0010921,-0.1850084,3870
ON,6,1404,ACER,NEG,NA,-1.84543,-5.793e-4,-0.0142936,-1.518254,1.825e-4,0.0574431,-1.969103,-0.002027,-0.1423168,5790
ON,6,1405,ACER,RUB,NA,-1.777956,-2.544e-4,-0.0269597,-1.532199,3.11e-5,0.0425225,-2.077601,-9.241e-4,-0.1020998,1886
ON,6,1406,ACER,SAC,NA,-1.786029,-3.612e-4,-0.0391877,-1.349298,6.44e-5,0.0368698,-2.068382,-0.0010921,-0.1850084,3870
ON,6,1601,CARY,COR,NA,-1.764387,1.16e-5,-0.043693,-0.5558857,0.0041853,-0.2385356,-2.080259,0.0035258,-0.2688614,10
ON,6,1701,JUGL,CIN,NA,-1.506061,-6.789e-4,-0.0832641,0.851758,0.0061731,-0.5220217,2.762066,0.0059569,-1.315717,9
ON,6,1702,JUGL,NIG,NA,-1.506061,-6.789e-4,-0.0832641,0.851758,0.0061731,-0.5220217,2.762066,0.0059569,-1.315717,9
ON,6,1900,OSTR,SPP,NA,-1.637726,6.22e-5,-0.0671804,-1.819742,1.051e-4,0.14035,-2.301676,1.726e-4,-0.0996609,17
ON,6,1900,OSTR,VIR,NA,-1.637726,6.22e-5,-0.0671804,-1.819742,1.051e-4,0.14035,-2.301676,1.726e-4,-0.0996609,17
ON,6,1950,CARP,CAR,NA,-1.637726,6.22e-5,-0.0671804,-1.819742,1.051e-4,0.14035,-2.301676,1.726e-4,-0.0996609,17
ON,6,1950,CARP,SPP,NA,-1.637726,6.22e-5,-0.0671804,-1.819742,1.051e-4,0.14035,-2.301676,1.726e-4,-0.0996609,17
ON,6,2000,FAGU,GRA,NA,-2.030806,-3.541e-4,-0.0433065,-1.431304,-1.124e-4,0.0577686,-2.332301,-4.717e-4,-0.1772333,494
ON,6,2100,QUER,SPP,NA,-1.300623,4.06e-4,-0.156897,-2.308793,-0.0010167,0.267438,-2.170819,-2.147e-4,-0.1670376,333
ON,6,2101,QUER,ALB,NA,-1.300623,4.06e-4,-0.156897,-2.308793,-0.0010167,0.267438,-2.170819,-2.147e-4,-0.1670376,333
ON,6,2102,QUER,BIC,NA,-1.300623,4.06e-4,-0.156897,-2.308793,-0.0010167,0.267438,-2.170819,-2.147e-4,-0.1670376,333
ON,6,2104,QUER,MAC,NA,-1.300623,4.06e-4,-0.156897,-2.308793,-0.0010167,0.267438,-2.170819,-2.147e-4,-0.1670376,333
ON,6,2108,QUER,RUB,NA,-1.300623,4.06e-4,-0.156897,-2.308793,-0.0010167,0.267438,-2.170819,-2.147e-4,-0.1670376,333
ON,6,2200,ULMU,SPP,NA,-2.004286,-4.971e-4,0.0225603,-1.552935,-0.0015989,0.0605203,-2.409057,0.0015144,-0.1658169,33
ON,6,2201,ULMU,AME,NA,-2.004286,-4.971e-4,0.0225603,-1.552935,-0.0015989,0.0605203,-2.409057,0.0015144,-0.1658169,33
ON,6,2600,SASS,ALB,NA,-0.9116797,8.741e-4,-0.2108009,0.7404822,0.0011373,-0.489599,-1.119209,-6.765e-4,-0.4017716,18
ON,6,2700,PLAT,OCC,NA,-1.284272,4.142e-4,-0.1178986,-1.634672,-4.23e-4,0.0698097,-2.422426,-0.0010097,-0.0989249,96
ON,6,2801,PRUN,SER,NA,-1.826185,1.49e-4,-0.0345545,-1.708023,0.0014994,0.042398,-3.000335,-0.0043722,0.0994925,24
ON,6,2802,PRUN,PEN,NA,-3.292412,-0.0027894,0.2811039,-1.822642,7.436e-4,0.0674472,-1.827139,0.0024079,-0.1581994,134
ON,6,2804,PRUN,VIR,NA,-3.292412,-0.0027894,0.2811039,-1.822642,7.436e-4,0.0674472,-1.827139,0.0024079,-0.1581994,134
ON,6,2804,PRUN,VIR,VIR,-3.292412,-0.0027894,0.2811039,-1.822642,7.436e-4,0.0674472,-1.827139,0.0024079,-0.1581994,134
ON,6,2900,GLED,TRI,NA,-1.284272,4.142e-4,-0.1178986,-1.634672,-4.23e-4,0.0698097,-2.422426,-0.0010097,-0.0989249,96
ON,6,2901,ROBI,PSE,NA,-1.284272,4.142e-4,-0.1178986,-1.634672,-4.23e-4,0.0698097,-2.422426,-0.0010097,-0.0989249,96
ON,6,3000,TILI,AME,NA,-1.284272,4.142e-4,-0.1178986,-1.634672,-4.23e-4,0.0698097,-2.422426,-0.0010097,-0.0989249,96
ON,6,3400,FRAX,SPP,NA,-1.615786,-4.475e-4,-0.043724,-1.944972,-4.409e-4,0.0762601,-2.850412,-0.0013228,0.0205494,221
ON,6,3401,FRAX,AME,NA,-1.942822,-8.351e-4,0.0250382,-1.735688,-5.636e-4,0.127968,-3.311826,-0.0029452,0.1173902,13
ON,6,3402,FRAX,NIG,NA,-1.615786,-4.475e-4,-0.043724,-1.944972,-4.409e-4,0.0762601,-2.850412,-0.0013228,0.0205494,221
ON,6,3403,FRAX,PEN,NA,-1.615786,-4.475e-4,-0.043724,-1.944972,-4.409e-4,0.0762601,-2.850412,-0.0013228,0.0205494,221
ON,6,3405,FRAX,PEN,SUB,-1.615786,-4.475e-4,-0.043724,-1.944972,-4.409e-4,0.0762601,-2.850412,-0.0013228,0.0205494,221
ON,6,3405,FRAX,PEN,NA,-1.615786,-4.475e-4,-0.043724,-1.944972,-4.409e-4,0.0762601,-2.850412,-0.0013228,0.0205494,221
ON,6,3500,SALI,SPP,NA,-1.301498,4.756e-4,-0.0656881,-1.619354,-9.161e-4,0.0012204,-2.323466,-0.0033292,-0.0444235,104
ON,6,3501,SALI,NIG,NA,-1.301498,4.756e-4,-0.0656881,-1.619354,-9.161e-4,0.0012204,-2.323466,-0.0033292,-0.0444235,104
ON,6,3960,SORB,SPP,NA,-2.072981,0.0057176,-0.1748444,-1.48634,0.004428,-0.1079376,-2.642095,-0.0060359,0.2213901,11
ON,6,3980,CAST,DEN,NA,-2.030806,-3.541e-4,-0.0433065,-1.431304,-1.124e-4,0.0577686,-2.332301,-4.717e-4,-0.1772333,494
ON,6,3990,ASIM,TRI,NA,-3.292412,-0.0027894,0.2811039,-1.822642,7.436e-4,0.0674472,-1.827139,0.0024079,-0.1581994,134
ON,7,1301,BETU,ALL,NA,-1.847405,5.99e-6,-0.0160942,-0.6828793,2.344e-4,-0.0820371,-2.098711,-9.687e-4,-0.1202643,1170
ON,7,1405,ACER,RUB,NA,-1.553696,-8.92e-5,-0.0871895,-1.454188,-2.823e-4,0.0401181,-2.300879,-5.187e-4,-0.1222121,1588
ON,7,1900,OSTR,SPP,NA,-1.637726,6.22e-5,-0.0671804,-1.819742,1.051e-4,0.14035,-2.301676,1.726e-4,-0.0996609,17
ON,7,1900,OSTR,VIR,NA,-1.637726,6.22e-5,-0.0671804,-1.819742,1.051e-4,0.14035,-2.301676,1.726e-4,-0.0996609,17
ON,7,1950,CARP,CAR,NA,-1.637726,6.22e-5,-0.0671804,-1.819742,1.051e-4,0.14035,-2.301676,1.726e-4,-0.0996609,17
ON,7,1950,CARP,SPP,NA,-1.637726,6.22e-5,-0.0671804,-1.819742,1.051e-4,0.14035,-2.301676,1.726e-4,-0.0996609,17
ON,7,3930,MALU,COR,NA,-3.874523,0.015812,0.1522336,-1.904073,0.0082626,0.037117700000000003,-1.943188,-0.0027835,-0.1122578,10
ON,7,3930,MALU,FUS,NA,-3.874523,0.015812,0.1522336,-1.904073,0.0082626,0.037117700000000003,-1.943188,-0.0027835,-0.1122578,10
ON,7,3930,MALU,SPP,NA,-3.874523,0.015812,0.1522336,-1.904073,0.0082626,0.037117700000000003,-1.943188,-0.0027835,-0.1122578,10
ON,8,100,PICE,SPP,NA,-1.395061,-9.65e-5,-0.111724,-1.172055,-5.191e-4,-0.0892543,0.7832728,0.0014436,-0.6035758,28
ON,8,101,PICE,MAR,NA,-1.509282,2.518e-4,-0.0965674,-1.050838,-3.027e-4,-0.169682,-0.1726867,-0.0015534,-0.3214735,511
ON,8,103,PICE,ABI,NA,-1.58033,0.0024427,-0.215622,-2.171803,0.0020083,0.0459252,-3.211931,-2.711e-4,0.2684622,19
ON,8,105,PICE,GLA,NA,-1.395061,-9.65e-5,-0.111724,-1.172055,-5.191e-4,-0.0892543,0.7832728,0.0014436,-0.6035758,28
ON,8,202,PINU,STR,NA,-1.148819,1.011e-4,-0.1400276,-0.0500724,5.466e-4,-0.3066687,-0.2621599,2.933e-4,-0.4010335,34
ON,8,203,PINU,BAN,NA,-1.606216,3.291e-4,-0.14716,-1.38882,-2.12e-4,-0.1394604,-0.8959865,-0.001026,-0.2765494,652
ON,8,204,PINU,CON,NA,-1.606216,3.291e-4,-0.14716,-1.38882,-2.12e-4,-0.1394604,-0.8959865,-0.001026,-0.2765494,652
ON,8,204,PINU,CON,LAT,-1.606216,3.291e-4,-0.14716,-1.38882,-2.12e-4,-0.1394604,-0.8959865,-0.001026,-0.2765494,652
ON,8,209,PINU,RES,NA,-1.699688,-8.2e-4,-0.0610734,-1.208245,-2.071e-4,-0.1219829,-0.1721932,-2.563e-4,-0.3584817,38
ON,8,210,PINU,RIG,NA,-1.699688,-8.2e-4,-0.0610734,-1.208245,-2.071e-4,-0.1219829,-0.1721932,-2.563e-4,-0.3584817,38
ON,8,211,PINU,SYL,NA,-1.699688,-8.2e-4,-0.0610734,-1.208245,-2.071e-4,-0.1219829,-0.1721932,-2.563e-4,-0.3584817,38
ON,8,300,ABIE,SPP,NA,-1.560998,7.886e-4,-0.0628455,-0.8711439,-8.81e-5,-0.1861151,0.4969701,-4.422e-4,-0.4965957,38
ON,8,302,ABIE,BAL,NA,-1.560998,7.886e-4,-0.0628455,-0.8711439,-8.81e-5,-0.1861151,0.4969701,-4.422e-4,-0.4965957,38
ON,8,401,TSUG,CAN,NA,-1.490142,4.347e-4,-0.0839197,-1.391293,-2.407e-4,0.0116017,-1.796751,-2.356e-4,-0.0990839,199
ON,8,602,LARI,LAR,NA,-1.978855,-9.806e-4,-0.0079907,-2.36602,-0.002038,0.1485856,-1.950724,3.292e-4,-0.1000946,71
ON,8,700,THUJ,SPP,NA,-1.683233,-1.205e-4,-0.0430481,-0.4954128,-1.995e-4,-0.1699487,-0.5598242,-5.098e-4,-0.2268692,33
ON,8,701,THUJ,OCC,NA,-1.683233,-1.205e-4,-0.0430481,-0.4954128,-1.995e-4,-0.1699487,-0.5598242,-5.098e-4,-0.2268692,33
ON,8,801,JUNI,VIR,NA,-1.683233,-1.205e-4,-0.0430481,-0.4954128,-1.995e-4,-0.1699487,-0.5598242,-5.098e-4,-0.2268692,33
ON,8,1200,POPU,SPP,NA,-1.467607,1.084e-4,-0.0365715,-1.389039,-1.365e-4,-0.0868376,-0.9347667,-0.0018329,-0.3022304,358
ON,8,1201,POPU,TRE,NA,-1.467607,1.084e-4,-0.0365715,-1.389039,-1.365e-4,-0.0868376,-0.9347667,-0.0018329,-0.3022304,358
ON,8,1203,POPU,BAL,NA,-0.9116797,8.741e-4,-0.2108009,0.7404822,0.0011373,-0.489599,-1.119209,-6.765e-4,-0.4017716,18
ON,8,1203,POPU,BAL,BAL,-0.9116797,8.741e-4,-0.2108009,0.7404822,0.0011373,-0.489599,-1.119209,-6.765e-4,-0.4017716,18
ON,8,1205,POPU,DEL,NA,-1.757263,4.627e-4,-0.0570065,-2.389021,-7.302e-4,0.1917906,-3.314664,-0.0013213,0.0539076,9
ON,8,1205,POPU,DEL,DEL,-1.757263,4.627e-4,-0.0570065,-2.389021,-7.302e-4,0.1917906,-3.314664,-0.0013213,0.0539076,9
ON,8,1206,POPU,GRA,NA,-1.533334,-5.34e-4,-3.732e-4,-1.420583,8.548e-4,-0.0768488,-3.221707,-0.0021884,0.1167221,76
ON,8,1301,BETU,ALL,NA,-1.621757,3.8e-5,-0.064805,-1.11031,8.368e-4,-0.0390231,-3.154888,-0.0029838,0.1703752,71
ON,8,1303,BETU,PAP,NA,-1.728622,-2.716e-4,-0.0065107,-1.520502,5.748e-4,-0.040946,-0.5591591,7.078e-4,-0.4255631,97
ON,8,1303,BETU,PAP,PAP,-1.728622,-2.716e-4,-0.0065107,-1.520502,5.748e-4,-0.040946,-0.5591591,7.078e-4,-0.4255631,97
ON,8,1304,BETU,POP,NA,-1.728622,-2.716e-4,-0.0065107,-1.520502,5.748e-4,-0.040946,-0.5591591,7.078e-4,-0.4255631,97
ON,8,1400,ACER,SPP,NA,-1.597113,-4.628e-4,-0.072907,-1.266373,3.298e-4,-0.0092103,-1.754761,-5.665e-4,-0.294457,439
ON,8,1401,ACER,SAH,NA,-1.597113,-4.628e-4,-0.072907,-1.266373,3.298e-4,-0.0092103,-1.754761,-5.665e-4,-0.294457,439
ON,8,1404,ACER,NEG,NA,-1.84543,-5.793e-4,-0.0142936,-1.518254,1.825e-4,0.0574431,-1.969103,-0.002027,-0.1423168,5790
ON,8,1405,ACER,RUB,NA,-1.835025,-7.303e-4,-0.0072339,-1.410514,3.883e-4,0.0012495,-2.990159,-0.0026982,0.1068669,1076
ON,8,1406,ACER,SAC,NA,-1.647531,2.619e-4,-0.1077907,-2.744484,-0.0015029,0.429307,-2.014818,-9.976e-4,-0.1491912,72
ON,8,1411,ACER,SPI,NA,-1.947689,-0.0051132,0.0676621,-0.8565441,0.0057983,-0.2055466,-3.381384,-0.012075,0.362661,12
ON,8,1601,CARY,COR,NA,-1.764387,1.16e-5,-0.043693,-0.5558857,0.0041853,-0.2385356,-2.080259,0.0035258,-0.2688614,10
ON,8,1701,JUGL,CIN,NA,-1.506061,-6.789e-4,-0.0832641,0.851758,0.0061731,-0.5220217,2.762066,0.0059569,-1.315717,9
ON,8,1702,JUGL,NIG,NA,-1.506061,-6.789e-4,-0.0832641,0.851758,0.0061731,-0.5220217,2.762066,0.0059569,-1.315717,9
ON,8,1900,OSTR,SPP,NA,-1.738204,-5.817e-4,-0.025232,-1.750373,-7.563e-4,0.0991242,-2.525597,-0.0017586,-0.0449233,16
ON,8,1900,OSTR,VIR,NA,-1.738204,-5.817e-4,-0.025232,-1.750373,-7.563e-4,0.0991242,-2.525597,-0.0017586,-0.0449233,16
ON,8,1950,CARP,CAR,NA,-1.738204,-5.817e-4,-0.025232,-1.750373,-7.563e-4,0.0991242,-2.525597,-0.0017586,-0.0449233,16
ON,8,1950,CARP,SPP,NA,-1.738204,-5.817e-4,-0.025232,-1.750373,-7.563e-4,0.0991242,-2.525597,-0.0017586,-0.0449233,16
ON,8,2000,FAGU,GRA,NA,-1.121292,0.0018751,-0.3053747,-1.189482,4.781e-4,-0.0163217,-1.678686,6.924e-4,-0.3433121,59
ON,8,2100,QUER,SPP,NA,-2.003905,-0.0016334,0.033844,0.1777443,0.0067792,-0.3935474,-6.630842,-0.0172384,1.185916,11
ON,8,2101,QUER,ALB,NA,-2.003905,-0.0016334,0.033844,0.1777443,0.0067792,-0.3935474,-6.630842,-0.0172384,1.185916,11
ON,8,2102,QUER,BIC,NA,-4.698127,-0.0069607,0.779402,3.940765,0.0125272,-1.396146,-6.116179,-0.0116669,0.9604445,22
ON,8,2104,QUER,MAC,NA,-4.698127,-0.0069607,0.779402,3.940765,0.0125272,-1.396146,-6.116179,-0.0116669,0.9604445,22
ON,8,2108,QUER,RUB,NA,-4.698127,-0.0069607,0.779402,3.940765,0.0125272,-1.396146,-6.116179,-0.0116669,0.9604445,22
ON,8,2200,ULMU,SPP,NA,-2.004286,-4.971e-4,0.0225603,-1.552935,-0.0015989,0.0605203,-2.409057,0.0015144,-0.1658169,33
ON,8,2201,ULMU,AME,NA,-2.004286,-4.971e-4,0.0225603,-1.552935,-0.0015989,0.0605203,-2.409057,0.0015144,-0.1658169,33
ON,8,2600,SASS,ALB,NA,-0.9116797,8.741e-4,-0.2108009,0.7404822,0.0011373,-0.489599,-1.119209,-6.765e-4,-0.4017716,18
ON,8,2700,PLAT,OCC,NA,-1.237945,2.856e-4,-0.1324268,-2.096589,-5.649e-4,0.1743739,-2.728752,-0.001119,-0.0469908,22
ON,8,2801,PRUN,SER,NA,-1.591458,1.659e-4,-0.0802229,-2.076372,-3.649e-4,0.1508875,-1.303834,0.0014846,-0.4626484,11
ON,8,2802,PRUN,PEN,NA,-3.577715,-0.015236,0.550852,-3.573233,-0.0487799,0.9626181,-0.9764595,0.028067,-0.6877059,6
ON,8,2804,PRUN,VIR,VIR,-3.577715,-0.015236,0.550852,-3.573233,-0.0487799,0.9626181,-0.9764595,0.028067,-0.6877059,6
ON,8,2804,PRUN,VIR,NA,-3.577715,-0.015236,0.550852,-3.573233,-0.0487799,0.9626181,-0.9764595,0.028067,-0.6877059,6
ON,8,2900,GLED,TRI,NA,-1.237945,2.856e-4,-0.1324268,-2.096589,-5.649e-4,0.1743739,-2.728752,-0.001119,-0.0469908,22
ON,8,2901,ROBI,PSE,NA,-1.237945,2.856e-4,-0.1324268,-2.096589,-5.649e-4,0.1743739,-2.728752,-0.001119,-0.0469908,22
ON,8,3000,TILI,AME,NA,-1.237945,2.856e-4,-0.1324268,-2.096589,-5.649e-4,0.1743739,-2.728752,-0.001119,-0.0469908,22
ON,8,3400,FRAX,SPP,NA,-1.449431,-2.991e-4,-0.0849939,-1.47786,-1.262e-4,0.0014159,-2.619559,-0.00074489999999999995,-0.0669929,25
ON,8,3401,FRAX,AME,NA,-1.756651,-3.635e-4,-0.0138101,-2.033587,-9.706e-4,0.1553612,-2.42314,-0.0012634,-0.0927699,27
ON,8,3402,FRAX,NIG,NA,-1.449431,-2.991e-4,-0.0849939,-1.47786,-1.262e-4,0.0014159,-2.619559,-0.00074489999999999995,-0.0669929,25
ON,8,3403,FRAX,PEN,NA,-1.756651,-3.635e-4,-0.0138101,-2.033587,-9.706e-4,0.1553612,-2.42314,-0.0012634,-0.0927699,27
ON,8,3405,FRAX,PEN,SUB,-1.756651,-3.635e-4,-0.0138101,-2.033587,-9.706e-4,0.1553612,-2.42314,-0.0012634,-0.0927699,27
ON,8,3405,FRAX,PEN,NA,-1.756651,-3.635e-4,-0.0138101,-2.033587,-9.706e-4,0.1553612,-2.42314,-0.0012634,-0.0927699,27
ON,8,3500,SALI,SPP,NA,-5.309303,-0.0146588,1.093918,3.270966,0.0252626,-1.606411,-46.497,-0.1535472,12.95596,4
ON,8,3501,SALI,NIG,NA,-5.309303,-0.0146588,1.093918,3.270966,0.0252626,-1.606411,-46.497,-0.1535472,12.95596,4
ON,8,3902,CORY,AME,NA,-0.4512466,0.0054881,-0.3627796,1.942902,0.0017743,-0.5666862,0.9735454,-0.0068008,-0.278312,7
ON,8,3930,MALU,COR,NA,-3.874523,0.015812,0.1522336,-1.904073,0.0082626,0.037117700000000003,-1.943188,-0.0027835,-0.1122578,10
ON,8,3930,MALU,FUS,NA,-3.874523,0.015812,0.1522336,-1.904073,0.0082626,0.037117700000000003,-1.943188,-0.0027835,-0.1122578,10
ON,8,3930,MALU,SPP,NA,-3.874523,0.015812,0.1522336,-1.904073,0.0082626,0.037117700000000003,-1.943188,-0.0027835,-0.1122578,10
ON,8,3960,SORB,SPP,NA,-3.874523,0.015812,0.1522336,-1.904073,0.0082626,0.037117700000000003,-1.943188,-0.0027835,-0.1122578,10
ON,8,3980,CAST,DEN,NA,-1.121292,0.0018751,-0.3053747,-1.189482,4.781e-4,-0.0163217,-1.678686,6.924e-4,-0.3433121,59
ON,8,3990,ASIM,TRI,NA,-3.577715,-0.015236,0.550852,-3.573233,-0.0487799,0.9626181,-0.9764595,0.028067,-0.6877059,6
ON,15,100,PICE,SPP,NA,-1.395061,-9.65e-5,-0.111724,-1.172055,-5.191e-4,-0.0892543,0.7832728,0.0014436,-0.6035758,28
ON,15,101,PICE,MAR,NA,-1.509282,2.518e-4,-0.0965674,-1.050838,-3.027e-4,-0.169682,-0.1726867,-0.0015534,-0.3214735,511
ON,15,105,PICE,GLA,NA,-1.395061,-9.65e-5,-0.111724,-1.172055,-5.191e-4,-0.0892543,0.7832728,0.0014436,-0.6035758,28
ON,15,202,PINU,STR,NA,-1.148819,1.011e-4,-0.1400276,-0.0500724,5.466e-4,-0.3066687,-0.2621599,2.933e-4,-0.4010335,34
ON,15,203,PINU,BAN,NA,-1.606216,3.291e-4,-0.14716,-1.38882,-2.12e-4,-0.1394604,-0.8959865,-0.001026,-0.2765494,652
ON,15,204,PINU,CON,NA,-1.606216,3.291e-4,-0.14716,-1.38882,-2.12e-4,-0.1394604,-0.8959865,-0.001026,-0.2765494,652
ON,15,204,PINU,CON,LAT,-1.606216,3.291e-4,-0.14716,-1.38882,-2.12e-4,-0.1394604,-0.8959865,-0.001026,-0.2765494,652
ON,15,209,PINU,RES,NA,-1.699688,-8.2e-4,-0.0610734,-1.208245,-2.071e-4,-0.1219829,-0.1721932,-2.563e-4,-0.3584817,38
ON,15,210,PINU,RIG,NA,-1.699688,-8.2e-4,-0.0610734,-1.208245,-2.071e-4,-0.1219829,-0.1721932,-2.563e-4,-0.3584817,38
ON,15,211,PINU,SYL,NA,-1.699688,-8.2e-4,-0.0610734,-1.208245,-2.071e-4,-0.1219829,-0.1721932,-2.563e-4,-0.3584817,38
ON,15,300,ABIE,SPP,NA,-1.560998,7.886e-4,-0.0628455,-0.8711439,-8.81e-5,-0.1861151,0.4969701,-4.422e-4,-0.4965957,38
ON,15,302,ABIE,BAL,NA,-1.560998,7.886e-4,-0.0628455,-0.8711439,-8.81e-5,-0.1861151,0.4969701,-4.422e-4,-0.4965957,38
ON,15,602,LARI,LAR,NA,-1.842229,2.288e-4,-0.0717547,-1.403837,6.745e-4,-0.0990883,-1.610469,-9.5e-4,-0.1173797,288
ON,15,700,THUJ,SPP,NA,-1.683233,-1.205e-4,-0.0430481,-0.4954128,-1.995e-4,-0.1699487,-0.5598242,-5.098e-4,-0.2268692,33
ON,15,701,THUJ,OCC,NA,-1.683233,-1.205e-4,-0.0430481,-0.4954128,-1.995e-4,-0.1699487,-0.5598242,-5.098e-4,-0.2268692,33
ON,15,801,JUNI,VIR,NA,-1.683233,-1.205e-4,-0.0430481,-0.4954128,-1.995e-4,-0.1699487,-0.5598242,-5.098e-4,-0.2268692,33
ON,15,1200,POPU,SPP,NA,-1.467607,1.084e-4,-0.0365715,-1.389039,-1.365e-4,-0.0868376,-0.9347667,-0.0018329,-0.3022304,358
ON,15,1201,POPU,TRE,NA,-1.467607,1.084e-4,-0.0365715,-1.389039,-1.365e-4,-0.0868376,-0.9347667,-0.0018329,-0.3022304,358
ON,15,1203,POPU,BAL,NA,-0.9116797,8.741e-4,-0.2108009,0.7404822,0.0011373,-0.489599,-1.119209,-6.765e-4,-0.4017716,18
ON,15,1203,POPU,BAL,BAL,-0.9116797,8.741e-4,-0.2108009,0.7404822,0.0011373,-0.489599,-1.119209,-6.765e-4,-0.4017716,18
ON,15,1301,BETU,ALL,NA,-1.891489,-1.566e-4,-6.239e-4,-1.022661,6.446e-4,-0.0205931,-1.943417,-3.611e-4,-0.1509185,3486
ON,15,1303,BETU,PAP,NA,-1.728622,-2.716e-4,-0.0065107,-1.520502,5.748e-4,-0.040946,-0.5591591,7.078e-4,-0.4255631,97
ON,15,1303,BETU,PAP,PAP,-1.728622,-2.716e-4,-0.0065107,-1.520502,5.748e-4,-0.040946,-0.5591591,7.078e-4,-0.4255631,97
ON,15,1304,BETU,POP,NA,-1.728622,-2.716e-4,-0.0065107,-1.520502,5.748e-4,-0.040946,-0.5591591,7.078e-4,-0.4255631,97
ON,15,1400,ACER,SPP,NA,-1.786029,-3.612e-4,-0.0391877,-1.349298,6.44e-5,0.0368698,-2.068382,-0.0010921,-0.1850084,3870
ON,15,1405,ACER,RUB,NA,-1.777956,-2.544e-4,-0.0269597,-1.532199,3.11e-5,0.0425225,-2.077601,-9.241e-4,-0.1020998,1886
ON,15,2600,SASS,ALB,NA,-0.9116797,8.741e-4,-0.2108009,0.7404822,0.0011373,-0.489599,-1.119209,-6.765e-4,-0.4017716,18
ON,15,3402,FRAX,NIG,NA,-1.615786,-4.475e-4,-0.043724,-1.944972,-4.409e-4,0.0762601,-2.850412,-0.0013228,0.0205494,221
PE,7,100,PICE,SPP,NA,-0.9670274,9.152e-4,-0.2270321,0.3146319,0.0016087,-0.3671539,1.653536,0.002884,-0.7678619,279
PE,7,101,PICE,MAR,NA,-1.471423,4.302e-4,-0.1018065,0.1494845,-2.379e-4,-0.2447797,0.7610928,-0.003433,-0.3556183,117
PE,7,102,PICE,RUB,NA,-0.0546794,-1.157e-4,-0.3108434,-1.444669,0.0012756,-0.0884179,-0.4287231,-6.226e-4,-0.2743891,44
PE,7,105,PICE,GLA,NA,-0.9670274,9.152e-4,-0.2270321,0.3146319,0.0016087,-0.3671539,1.653536,0.002884,-0.7678619,279
PE,7,202,PINU,STR,NA,-1.447463,-0.0010379,-0.0193768,-1.008602,0.001784,-0.1423713,-0.8973339,-0.0019298,-0.133256,21
PE,7,203,PINU,BAN,NA,-1.960622,-2.851e-4,-0.0592026,-1.995684,-8.33e-5,0.1041662,-3.173064,-2.54e-4,0.1919569,19
PE,7,209,PINU,RES,NA,-1.067056,-4.509e-4,-0.1768409,-0.092996,-0.0015782,-0.285312,-0.4985552,-0.00162,-0.2843885,11
PE,7,211,PINU,SYL,NA,-1.067056,-4.509e-4,-0.1768409,-0.092996,-0.0015782,-0.285312,-0.4985552,-0.00162,-0.2843885,11
PE,7,302,ABIE,BAL,NA,-0.0825437,7.479e-4,-0.3295527,-0.9587398,1.6e-6,-0.0624903,0.7812855,-0.001257,-0.4930026,298
PE,7,401,TSUG,CAN,NA,-2.113511,-1.478e-4,0.0555618,2.151581,0.0036999,-0.7918269,0.5347289,0.0025277,-0.6300414,6
PE,7,602,LARI,LAR,NA,-0.8607394,8.947e-4,-0.2720086,-0.050279,0.0020312,-0.3560589,0.8364069,0.00385,-0.7791242,50
PE,7,605,LARI,KAE,NA,-0.8607394,8.947e-4,-0.2720086,-0.050279,0.0020312,-0.3560589,0.8364069,0.00385,-0.7791242,50
PE,7,701,THUJ,OCC,NA,0.0308183,0.0019831,-0.4042053,2.622565,0.0035381,-0.869661,2.023188,-0.0013722,-0.6415374,21
PE,7,801,JUNI,VIR,NA,0.0308183,0.0019831,-0.4042053,2.622565,0.0035381,-0.869661,2.023188,-0.0013722,-0.6415374,21
PE,7,1100,GENC,SPP,NA,-0.9670274,9.152e-4,-0.2270321,0.3146319,0.0016087,-0.3671539,1.653536,0.002884,-0.7678619,279
PE,7,1150,UNKN,SPP,NA,-0.9670274,9.152e-4,-0.2270321,0.3146319,0.0016087,-0.3671539,1.653536,0.002884,-0.7678619,279
PE,7,1200,POPU,SPP,NA,-1.288165,6.09e-4,-0.0771274,-2.107188,-6.909e-4,0.1628948,-2.123507,-4.876e-4,-0.0794672,4
PE,7,1201,POPU,TRE,NA,-0.2846144,0.0013743,-0.2956741,-3.339767,-0.0026916,0.485429,-2.000239,-0.0011847,-0.0518133,40
PE,7,1203,POPU,BAL,NA,-0.2846144,0.0013743,-0.2956741,-3.339767,-0.0026916,0.485429,-2.000239,-0.0011847,-0.0518133,40
PE,7,1203,POPU,BAL,BAL,-0.2846144,0.0013743,-0.2956741,-3.339767,-0.0026916,0.485429,-2.000239,-0.0011847,-0.0518133,40
PE,7,1206,POPU,GRA,NA,-0.6601578,0.001012,-0.19096,0.5500999,0.0032172,-0.4843144,7.349928,0.0097132,-2.251585,10
PE,7,1301,BETU,ALL,NA,-0.2857576,0.0022466,-0.3743138,2.140533,0.0043008,-0.7143292,3.127433,0.0053037,-1.25438,17
PE,7,1303,BETU,PAP,NA,-1.407846,-8.77e-5,-0.0732837,-0.2244744,0.0010543,-0.2172132,-0.6385031,0.0012168,-0.3885567,43
PE,7,1303,BETU,PAP,PAP,-1.407846,-8.77e-5,-0.0732837,-0.2244744,0.0010543,-0.2172132,-0.6385031,0.0012168,-0.3885567,43
PE,7,1304,BETU,POP,NA,-1.059404,-0.0040807,-0.0302201,-1.879149,-0.0043762,0.2108697,-0.0947679,-0.001654,-0.3545763,4
PE,7,1400,ACER,SPP,NA,0.1706286,0.0016077,-0.4386069,-0.7981933,-4.52e-5,-0.073576,-0.5122606,-3.752e-4,-0.3931147,234
PE,7,1401,ACER,SAH,NA,0.0513819,0.0023426,-0.4647206,5.067517,0.0062843,-1.36908,13.59153,0.0159975,-3.670849,49
PE,7,1405,ACER,RUB,NA,0.1706286,0.0016077,-0.4386069,-0.7981933,-4.52e-5,-0.073576,-0.5122606,-3.752e-4,-0.3931147,234
PE,7,1410,ACER,PEN,NA,-1.867216,-0.0042529,0.0399519,-0.8144778,0.0051026,-0.2073078,-3.521921,-0.0111981,0.3919382,12
PE,7,1411,ACER,SPI,NA,0.467202,0.0044316,-0.5808801,-0.8413011,-0.0040266,0.0608194,-1.881046,-0.0132172,0.2891566,12
PE,7,1550,GENH,SPP,NA,-0.7904932,2.472e-4,-0.2424845,0.633026,-4.61e-6,-0.313859,-0.4471359,-0.0102931,-0.0191669,64
PE,7,1800,ALNU,SPP,NA,-4.090051,-0.0735808,0.9442263,-5.82209,-0.1392367,2.179435,5.850035,0.3196604,-4.821479,5
PE,7,1803,ALNU,VIR,CRI,-4.090051,-0.0735808,0.9442263,-5.82209,-0.1392367,2.179435,5.850035,0.3196604,-4.821479,5
PE,7,1805,ALNU,INC,RUG,-4.090051,-0.0735808,0.9442263,-5.82209,-0.1392367,2.179435,5.850035,0.3196604,-4.821479,5
PE,7,1805,ALNU,INC,NA,-4.090051,-0.0735808,0.9442263,-5.82209,-0.1392367,2.179435,5.850035,0.3196604,-4.821479,5
PE,7,1900,OSTR,SPP,NA,-1.741674,-7.939e-4,-0.0182681,-1.51125,0.0021262,0.0114019,-2.412917,-9.872e-4,-0.0395182,17
PE,7,1900,OSTR,VIR,NA,-1.741674,-7.939e-4,-0.0182681,-1.51125,0.0021262,0.0114019,-2.412917,-9.872e-4,-0.0395182,17
PE,7,1950,CARP,CAR,NA,-1.741674,-7.939e-4,-0.0182681,-1.51125,0.0021262,0.0114019,-2.412917,-9.872e-4,-0.0395182,17
PE,7,1950,CARP,SPP,NA,-1.741674,-7.939e-4,-0.0182681,-1.51125,0.0021262,0.0114019,-2.412917,-9.872e-4,-0.0395182,17
PE,7,2000,FAGU,GRA,NA,-4.006905,-0.0036015,0.4685901,-2.899145,-0.0014353,0.4280376,-5.140895,-0.0057941,0.6704868,17
PE,7,2108,QUER,RUB,NA,-0.7433884,8.275e-4,-0.1973062,-1.387604,-0.0013256,0.0986045,-1.734152,-6.557e-4,-0.1630322,27
PE,7,2200,ULMU,SPP,NA,-3.053706,-0.0030573,0.353597,-0.4139682,-3.463e-4,-0.1196987,-4.336909,-0.0043566,0.5462875,5
PE,7,2201,ULMU,AME,NA,-3.053706,-0.0030573,0.353597,-0.4139682,-3.463e-4,-0.1196987,-4.336909,-0.0043566,0.5462875,5
PE,7,2802,PRUN,PEN,NA,-1.490264,-0.0021772,-0.0441442,-0.5709831,-0.0014313,-0.168919,-1.335456,0.003644,-0.2318767,9
PE,7,3401,FRAX,AME,NA,7.796832,0.0197836,-2.557501,1.938972,5.326e-4,-0.6126025,19.98419,0.0203763,-4.982497,9
PE,7,3900,CORY,COR,NA,-0.4512466,0.0054881,-0.3627796,1.942902,0.0017743,-0.5666862,0.9735454,-0.0068008,-0.278312,7
PE,7,3920,ILEX,VER,NA,-0.4512466,0.0054881,-0.3627796,1.942902,0.0017743,-0.5666862,0.9735454,-0.0068008,-0.278312,7
PE,7,3930,MALU,COR,NA,-2.954224,0.0269883,-0.2459811,-1.581298,0.0123194,-0.1068826,-2.053468,-0.0030825,-0.0734981,12
PE,7,3930,MALU,FUS,NA,-2.954224,0.0269883,-0.2459811,-1.581298,0.0123194,-0.1068826,-2.053468,-0.0030825,-0.0734981,12
PE,7,3930,MALU,SPP,NA,-2.954224,0.0269883,-0.2459811,-1.581298,0.0123194,-0.1068826,-2.053468,-0.0030825,-0.0734981,12
PE,7,3940,NEMO,MUC,NA,-1.295515,0.0054228,-0.2262538,-1.665629,-0.0143087,0.5186754,-0.8706722,-0.0118526,0.2027535,7
PE,7,3960,SORB,SPP,NA,-2.954224,0.0269883,-0.2459811,-1.581298,0.0123194,-0.1068826,-2.053468,-0.0030825,-0.0734981,12
QC,1,100,PICE,SPP,NA,-1.697558,-4.413e-4,-0.0162924,-1.113631,-7.713e-4,-0.05521,-0.9476055,-0.001812,-0.0740522,60
QC,1,101,PICE,MAR,NA,-1.697558,-4.413e-4,-0.0162924,-1.113631,-7.713e-4,-0.05521,-0.9476055,-0.001812,-0.0740522,60
QC,1,105,PICE,GLA,NA,-1.808728,1.812e-4,-0.0297335,-1.566606,-7.86e-5,-0.0034186,-0.6368722,0.0010007,-0.3070963,1702
QC,1,107,PICE,MAR,RUB,-1.697558,-4.413e-4,-0.0162924,-1.113631,-7.713e-4,-0.05521,-0.9476055,-0.001812,-0.0740522,60
QC,1,302,ABIE,BAL,NA,-1.688634,2.014e-4,-0.0238792,-1.566584,3.914e-4,-0.0179743,-1.139371,-5.735e-4,-0.1404251,9695
QC,1,304,ABIE,LAS,NA,-1.688634,2.014e-4,-0.0238792,-1.566584,3.914e-4,-0.0179743,-1.139371,-5.735e-4,-0.1404251,9695
QC,1,602,LARI,LAR,NA,-1.865544,1.958e-4,-0.0656808,-1.385851,7.411e-4,-0.1044756,-1.602777,-9.905e-4,-0.1172367,288
QC,1,605,LARI,KAE,NA,-1.865544,1.958e-4,-0.0656808,-1.385851,7.411e-4,-0.1044756,-1.602777,-9.905e-4,-0.1172367,288
QC,1,1100,GENC,SPP,NA,-1.808728,1.812e-4,-0.0297335,-1.566606,-7.86e-5,-0.0034186,-0.6368722,0.0010007,-0.3070963,1702
QC,1,1150,UNKN,SPP,NA,-1.808728,1.812e-4,-0.0297335,-1.566606,-7.86e-5,-0.0034186,-0.6368722,0.0010007,-0.3070963,1702
QC,1,1200,POPU,SPP,NA,-1.403874,2.452e-4,-0.0572315,-1.593011,-1.931e-4,-0.0196225,-1.903091,-0.0013376,-0.1205228,5489
QC,1,1201,POPU,TRE,NA,-1.403874,2.452e-4,-0.0572315,-1.593011,-1.931e-4,-0.0196225,-1.903091,-0.0013376,-0.1205228,5489
QC,1,1203,POPU,BAL,NA,-1.234664,-1.06e-5,-0.0954487,-1.369511,2.036e-4,-0.0529464,-2.582637,-0.001521,-0.0192428,159
QC,1,1203,POPU,BAL,BAL,-1.234664,-1.06e-5,-0.0954487,-1.369511,2.036e-4,-0.0529464,-2.582637,-0.001521,-0.0192428,159
QC,1,1303,BETU,PAP,PAP,-1.801162,1.129e-4,-0.004922,-1.646935,-2.541e-4,0.0329792,-1.957627,-0.0011306,-0.0823318,10323
QC,1,1303,BETU,PAP,NA,-1.801162,1.129e-4,-0.004922,-1.646935,-2.541e-4,0.0329792,-1.957627,-0.0011306,-0.0823318,10323
QC,2,100,PICE,SPP,NA,-1.697558,-4.413e-4,-0.0162924,-1.113631,-7.713e-4,-0.05521,-0.9476055,-0.001812,-0.0740522,60
QC,2,101,PICE,MAR,NA,-1.697558,-4.413e-4,-0.0162924,-1.113631,-7.713e-4,-0.05521,-0.9476055,-0.001812,-0.0740522,60
QC,2,105,PICE,GLA,NA,-1.808728,1.812e-4,-0.0297335,-1.566606,-7.86e-5,-0.0034186,-0.6368722,0.0010007,-0.3070963,1702
QC,2,107,PICE,MAR,RUB,-1.697558,-4.413e-4,-0.0162924,-1.113631,-7.713e-4,-0.05521,-0.9476055,-0.001812,-0.0740522,60
QC,2,302,ABIE,BAL,NA,-1.688634,2.014e-4,-0.0238792,-1.566584,3.914e-4,-0.0179743,-1.139371,-5.735e-4,-0.1404251,9695
QC,2,304,ABIE,LAS,NA,-1.688634,2.014e-4,-0.0238792,-1.566584,3.914e-4,-0.0179743,-1.139371,-5.735e-4,-0.1404251,9695
QC,2,602,LARI,LAR,NA,-1.865544,1.958e-4,-0.0656808,-1.385851,7.411e-4,-0.1044756,-1.602777,-9.905e-4,-0.1172367,288
QC,2,605,LARI,KAE,NA,-1.865544,1.958e-4,-0.0656808,-1.385851,7.411e-4,-0.1044756,-1.602777,-9.905e-4,-0.1172367,288
QC,2,1100,GENC,SPP,NA,-1.808728,1.812e-4,-0.0297335,-1.566606,-7.86e-5,-0.0034186,-0.6368722,0.0010007,-0.3070963,1702
QC,2,1150,UNKN,SPP,NA,-1.808728,1.812e-4,-0.0297335,-1.566606,-7.86e-5,-0.0034186,-0.6368722,0.0010007,-0.3070963,1702
QC,2,1200,POPU,SPP,NA,-1.403874,2.452e-4,-0.0572315,-1.593011,-1.931e-4,-0.0196225,-1.903091,-0.0013376,-0.1205228,5489
QC,2,1201,POPU,TRE,NA,-1.403874,2.452e-4,-0.0572315,-1.593011,-1.931e-4,-0.0196225,-1.903091,-0.0013376,-0.1205228,5489
QC,2,1203,POPU,BAL,NA,-1.234664,-1.06e-5,-0.0954487,-1.369511,2.036e-4,-0.0529464,-2.582637,-0.001521,-0.0192428,159
QC,2,1203,POPU,BAL,BAL,-1.234664,-1.06e-5,-0.0954487,-1.369511,2.036e-4,-0.0529464,-2.582637,-0.001521,-0.0192428,159
QC,2,1303,BETU,PAP,NA,-1.801162,1.129e-4,-0.004922,-1.646935,-2.541e-4,0.0329792,-1.957627,-0.0011306,-0.0823318,10323
QC,2,1303,BETU,PAP,PAP,-1.801162,1.129e-4,-0.004922,-1.646935,-2.541e-4,0.0329792,-1.957627,-0.0011306,-0.0823318,10323
QC,3,100,PICE,SPP,NA,-1.697558,-4.413e-4,-0.0162924,-1.113631,-7.713e-4,-0.05521,-0.9476055,-0.001812,-0.0740522,60
QC,3,101,PICE,MAR,NA,-1.697558,-4.413e-4,-0.0162924,-1.113631,-7.713e-4,-0.05521,-0.9476055,-0.001812,-0.0740522,60
QC,3,105,PICE,GLA,NA,-1.808728,1.812e-4,-0.0297335,-1.566606,-7.86e-5,-0.0034186,-0.6368722,0.0010007,-0.3070963,1702
QC,3,107,PICE,MAR,RUB,-1.697558,-4.413e-4,-0.0162924,-1.113631,-7.713e-4,-0.05521,-0.9476055,-0.001812,-0.0740522,60
QC,3,302,ABIE,BAL,NA,-1.688634,2.014e-4,-0.0238792,-1.566584,3.914e-4,-0.0179743,-1.139371,-5.735e-4,-0.1404251,9695
QC,3,304,ABIE,LAS,NA,-1.688634,2.014e-4,-0.0238792,-1.566584,3.914e-4,-0.0179743,-1.139371,-5.735e-4,-0.1404251,9695
QC,3,602,LARI,LAR,NA,-1.865544,1.958e-4,-0.0656808,-1.385851,7.411e-4,-0.1044756,-1.602777,-9.905e-4,-0.1172367,288
QC,3,605,LARI,KAE,NA,-1.865544,1.958e-4,-0.0656808,-1.385851,7.411e-4,-0.1044756,-1.602777,-9.905e-4,-0.1172367,288
QC,3,1100,GENC,SPP,NA,-1.808728,1.812e-4,-0.0297335,-1.566606,-7.86e-5,-0.0034186,-0.6368722,0.0010007,-0.3070963,1702
QC,3,1150,UNKN,SPP,NA,-1.808728,1.812e-4,-0.0297335,-1.566606,-7.86e-5,-0.0034186,-0.6368722,0.0010007,-0.3070963,1702
QC,3,1200,POPU,SPP,NA,-1.403874,2.452e-4,-0.0572315,-1.593011,-1.931e-4,-0.0196225,-1.903091,-0.0013376,-0.1205228,5489
QC,3,1201,POPU,TRE,NA,-1.403874,2.452e-4,-0.0572315,-1.593011,-1.931e-4,-0.0196225,-1.903091,-0.0013376,-0.1205228,5489
QC,3,1203,POPU,BAL,NA,-1.234664,-1.06e-5,-0.0954487,-1.369511,2.036e-4,-0.0529464,-2.582637,-0.001521,-0.0192428,159
QC,3,1203,POPU,BAL,BAL,-1.234664,-1.06e-5,-0.0954487,-1.369511,2.036e-4,-0.0529464,-2.582637,-0.001521,-0.0192428,159
QC,3,1303,BETU,PAP,NA,-1.801162,1.129e-4,-0.004922,-1.646935,-2.541e-4,0.0329792,-1.957627,-0.0011306,-0.0823318,10323
QC,3,1303,BETU,PAP,PAP,-1.801162,1.129e-4,-0.004922,-1.646935,-2.541e-4,0.0329792,-1.957627,-0.0011306,-0.0823318,10323
QC,3,1805,ALNU,INC,RUG,-4.090051,-0.0735808,0.9442263,-5.82209,-0.1392367,2.179435,5.850035,0.3196604,-4.821479,5
QC,3,1805,ALNU,INC,NA,-4.090051,-0.0735808,0.9442263,-5.82209,-0.1392367,2.179435,5.850035,0.3196604,-4.821479,5
QC,5,100,PICE,SPP,NA,-1.697558,-4.413e-4,-0.0162924,-1.113631,-7.713e-4,-0.05521,-0.9476055,-0.001812,-0.0740522,60
QC,5,101,PICE,MAR,NA,-1.697558,-4.413e-4,-0.0162924,-1.113631,-7.713e-4,-0.05521,-0.9476055,-0.001812,-0.0740522,60
QC,5,105,PICE,GLA,NA,-1.808728,1.812e-4,-0.0297335,-1.566606,-7.86e-5,-0.0034186,-0.6368722,0.0010007,-0.3070963,1702
QC,5,107,PICE,MAR,RUB,-1.697558,-4.413e-4,-0.0162924,-1.113631,-7.713e-4,-0.05521,-0.9476055,-0.001812,-0.0740522,60
QC,5,200,PINU,SPP,NA,-2.014926,1.975e-4,-0.0503355,-1.531432,5.198e-4,-0.1074977,-1.673766,-7.087e-4,-0.1158074,3708
QC,5,202,PINU,STR,NA,-1.735675,-6.41e-5,-0.0263015,-1.660423,-2.312e-4,0.034809,-0.7040932,5.628e-4,-0.3466756,1177
QC,5,203,PINU,BAN,NA,-2.014926,1.975e-4,-0.0503355,-1.531432,5.198e-4,-0.1074977,-1.673766,-7.087e-4,-0.1158074,3708
QC,5,209,PINU,RES,NA,-2.139051,-4.593e-4,0.0181259,-1.202895,-7.25e-5,-0.0909429,-0.5516267,9.338e-4,-0.3485037,171
QC,5,302,ABIE,BAL,NA,-1.688634,2.014e-4,-0.0238792,-1.566584,3.914e-4,-0.0179743,-1.139371,-5.735e-4,-0.1404251,9695
QC,5,304,ABIE,LAS,NA,-1.688634,2.014e-4,-0.0238792,-1.566584,3.914e-4,-0.0179743,-1.139371,-5.735e-4,-0.1404251,9695
QC,5,401,TSUG,CAN,NA,-1.380315,4.551e-4,-0.1015538,-1.612745,-3.346e-4,0.0664179,-1.201069,3.66e-4,-0.2581077,424
QC,5,602,LARI,LAR,NA,-1.865544,1.958e-4,-0.0656808,-1.385851,7.411e-4,-0.1044756,-1.602777,-9.905e-4,-0.1172367,288
QC,5,605,LARI,KAE,NA,-1.865544,1.958e-4,-0.0656808,-1.385851,7.411e-4,-0.1044756,-1.602777,-9.905e-4,-0.1172367,288
QC,5,701,THUJ,OCC,NA,-1.90106,-2.236e-4,0.006741,-1.504609,4.51e-5,0.0183753,-1.186076,4.646e-4,-0.1845263,1861
QC,5,801,JUNI,VIR,NA,-1.90106,-2.236e-4,0.006741,-1.504609,4.51e-5,0.0183753,-1.186076,4.646e-4,-0.1845263,1861
QC,5,1100,GENC,SPP,NA,-1.808728,1.812e-4,-0.0297335,-1.566606,-7.86e-5,-0.0034186,-0.6368722,0.0010007,-0.3070963,1702
QC,5,1150,UNKN,SPP,NA,-1.808728,1.812e-4,-0.0297335,-1.566606,-7.86e-5,-0.0034186,-0.6368722,0.0010007,-0.3070963,1702
QC,5,1200,POPU,SPP,NA,-1.403874,2.452e-4,-0.0572315,-1.593011,-1.931e-4,-0.0196225,-1.903091,-0.0013376,-0.1205228,5489
QC,5,1201,POPU,TRE,NA,-1.403874,2.452e-4,-0.0572315,-1.593011,-1.931e-4,-0.0196225,-1.903091,-0.0013376,-0.1205228,5489
QC,5,1203,POPU,BAL,NA,-1.234664,-1.06e-5,-0.0954487,-1.369511,2.036e-4,-0.0529464,-2.582637,-0.001521,-0.0192428,159
QC,5,1203,POPU,BAL,BAL,-1.234664,-1.06e-5,-0.0954487,-1.369511,2.036e-4,-0.0529464,-2.582637,-0.001521,-0.0192428,159
QC,5,1211,POPU,BAL,GRA,-1.416169,0.00017340000000000001,-0.0525172,-1.57953,-8.08e-5,-0.0237883,-1.914785,-0.0014477,-0.118877,6203
QC,5,1301,BETU,ALL,NA,-1.895278,-1.697e-4,7.166e-4,-0.9609746,7.034e-4,-0.0351398,-1.971151,-4.807e-4,-0.140265,3493
QC,5,1303,BETU,PAP,PAP,-1.801162,1.129e-4,-0.004922,-1.646935,-2.541e-4,0.0329792,-1.957627,-0.0011306,-0.0823318,10323
QC,5,1303,BETU,PAP,NA,-1.801162,1.129e-4,-0.004922,-1.646935,-2.541e-4,0.0329792,-1.957627,-0.0011306,-0.0823318,10323
QC,5,1400,ACER,SPP,NA,-1.891291,-4.682e-4,-0.013641,-1.2731460000000001,1.408e-4,0.018753,-2.02563,-0.0011549,-0.1857551,3885
QC,5,1401,ACER,SAH,NA,-1.891291,-4.682e-4,-0.013641,-1.2731460000000001,1.408e-4,0.018753,-2.02563,-0.0011549,-0.1857551,3885
QC,5,1405,ACER,RUB,NA,-1.858343,-3.372e-4,-0.0064947,-1.508418,2.43e-5,0.0365552,-2.144958,-0.0012037,-0.0744568,1905
QC,5,1550,GENH,SPP,NA,-1.907153,-6.828e-4,-0.0151898,-2.558035,-0.0010482,0.2966087,-1.46093,-5.906e-4,-0.3045906,1479
QC,6,100,PICE,SPP,NA,-1.798297,-7.85e-5,-0.02461,-1.413083,6.43e-5,-0.0816383,-0.9084307,-3.621e-4,-0.1980578,19065
QC,6,101,PICE,MAR,NA,-1.798297,-7.85e-5,-0.02461,-1.413083,6.43e-5,-0.0816383,-0.9084307,-3.621e-4,-0.1980578,19065
QC,6,102,PICE,RUB,NA,-1.815139,-2.355e-4,-0.0208139,-1.306489,0.0015693,-0.1148791,-1.843231,-2.724e-4,-0.0644663,552
QC,6,103,PICE,ABI,NA,-1.815139,-2.355e-4,-0.0208139,-1.306489,0.0015693,-0.1148791,-1.843231,-2.724e-4,-0.0644663,552
QC,6,105,PICE,GLA,NA,-1.808728,1.812e-4,-0.0297335,-1.566606,-7.86e-5,-0.0034186,-0.6368722,0.0010007,-0.3070963,1702
QC,6,107,PICE,MAR,RUB,-1.815139,-2.355e-4,-0.0208139,-1.306489,0.0015693,-0.1148791,-1.843231,-2.724e-4,-0.0644663,552
QC,6,200,PINU,SPP,NA,-2.014926,1.975e-4,-0.0503355,-1.531432,5.198e-4,-0.1074977,-1.673766,-7.087e-4,-0.1158074,3708
QC,6,202,PINU,STR,NA,-1.735675,-6.41e-5,-0.0263015,-1.660423,-2.312e-4,0.034809,-0.7040932,5.628e-4,-0.3466756,1177
QC,6,203,PINU,BAN,NA,-2.014926,1.975e-4,-0.0503355,-1.531432,5.198e-4,-0.1074977,-1.673766,-7.087e-4,-0.1158074,3708
QC,6,209,PINU,RES,NA,-2.139051,-4.593e-4,0.0181259,-1.202895,-7.25e-5,-0.0909429,-0.5516267,9.338e-4,-0.3485037,171
QC,6,211,PINU,SYL,NA,-2.139051,-4.593e-4,0.0181259,-1.202895,-7.25e-5,-0.0909429,-0.5516267,9.338e-4,-0.3485037,171
QC,6,302,ABIE,BAL,NA,-1.688634,2.014e-4,-0.0238792,-1.566584,3.914e-4,-0.0179743,-1.139371,-5.735e-4,-0.1404251,9695
QC,6,304,ABIE,LAS,NA,-1.688634,2.014e-4,-0.0238792,-1.566584,3.914e-4,-0.0179743,-1.139371,-5.735e-4,-0.1404251,9695
QC,6,401,TSUG,CAN,NA,-1.380315,4.551e-4,-0.1015538,-1.612745,-3.346e-4,0.0664179,-1.201069,3.66e-4,-0.2581077,424
QC,6,602,LARI,LAR,NA,-1.865544,1.958e-4,-0.0656808,-1.385851,7.411e-4,-0.1044756,-1.602777,-9.905e-4,-0.1172367,288
QC,6,605,LARI,KAE,NA,-1.865544,1.958e-4,-0.0656808,-1.385851,7.411e-4,-0.1044756,-1.602777,-9.905e-4,-0.1172367,288
QC,6,701,THUJ,OCC,NA,-1.90106,-2.236e-4,0.006741,-1.504609,4.51e-5,0.0183753,-1.186076,4.646e-4,-0.1845263,1861
QC,6,801,JUNI,VIR,NA,-1.90106,-2.236e-4,0.006741,-1.504609,4.51e-5,0.0183753,-1.186076,4.646e-4,-0.1845263,1861
QC,6,1100,GENC,SPP,NA,-1.808728,1.812e-4,-0.0297335,-1.566606,-7.86e-5,-0.0034186,-0.6368722,0.0010007,-0.3070963,1702
QC,6,1150,UNKN,SPP,NA,-1.808728,1.812e-4,-0.0297335,-1.566606,-7.86e-5,-0.0034186,-0.6368722,0.0010007,-0.3070963,1702
QC,6,1200,POPU,SPP,NA,-1.403874,2.452e-4,-0.0572315,-1.593011,-1.931e-4,-0.0196225,-1.903091,-0.0013376,-0.1205228,5489
QC,6,1201,POPU,TRE,NA,-1.403874,2.452e-4,-0.0572315,-1.593011,-1.931e-4,-0.0196225,-1.903091,-0.0013376,-0.1205228,5489
QC,6,1203,POPU,BAL,NA,-1.234664,-1.06e-5,-0.0954487,-1.369511,2.036e-4,-0.0529464,-2.582637,-0.001521,-0.0192428,159
QC,6,1203,POPU,BAL,BAL,-1.234664,-1.06e-5,-0.0954487,-1.369511,2.036e-4,-0.0529464,-2.582637,-0.001521,-0.0192428,159
QC,6,1205,POPU,DEL,NA,-1.234664,-1.06e-5,-0.0954487,-1.369511,2.036e-4,-0.0529464,-2.582637,-0.001521,-0.0192428,159
QC,6,1205,POPU,DEL,DEL,-1.234664,-1.06e-5,-0.0954487,-1.369511,2.036e-4,-0.0529464,-2.582637,-0.001521,-0.0192428,159
QC,6,1206,POPU,GRA,NA,-1.044988,3.622e-4,-0.1281153,-2.026868,-5.031e-4,0.0871775,-1.780086,-0.001069,-0.1838157,554
QC,6,1211,POPU,BAL,GRA,-1.416169,0.00017340000000000001,-0.0525172,-1.57953,-8.08e-5,-0.0237883,-1.914785,-0.0014477,-0.118877,6203
QC,6,1301,BETU,ALL,NA,-1.895278,-1.697e-4,7.166e-4,-0.9609746,7.034e-4,-0.0351398,-1.971151,-4.807e-4,-0.140265,3493
QC,6,1303,BETU,PAP,NA,-1.801162,1.129e-4,-0.004922,-1.646935,-2.541e-4,0.0329792,-1.957627,-0.0011306,-0.0823318,10323
QC,6,1303,BETU,PAP,PAP,-1.801162,1.129e-4,-0.004922,-1.646935,-2.541e-4,0.0329792,-1.957627,-0.0011306,-0.0823318,10323
QC,6,1304,BETU,POP,NA,-1.80525,5.91e-5,-0.007794,-2.293068,-0.0054138,0.1987852,-3.341476,-0.0085461,0.2487143,9
QC,6,1400,ACER,SPP,NA,-1.891291,-4.682e-4,-0.013641,-1.2731460000000001,1.408e-4,0.018753,-2.02563,-0.0011549,-0.1857551,3885
QC,6,1401,ACER,SAH,NA,-1.891291,-4.682e-4,-0.013641,-1.2731460000000001,1.408e-4,0.018753,-2.02563,-0.0011549,-0.1857551,3885
QC,6,1405,ACER,RUB,NA,-1.858343,-3.372e-4,-0.0064947,-1.508418,2.43e-5,0.0365552,-2.144958,-0.0012037,-0.0744568,1905
QC,6,1406,ACER,SAC,NA,-1.891291,-4.682e-4,-0.013641,-1.2731460000000001,1.408e-4,0.018753,-2.02563,-0.0011549,-0.1857551,3885
QC,6,1410,ACER,PEN,NA,-1.867216,-0.0042529,0.0399519,-0.8144778,0.0051026,-0.2073078,-3.521921,-0.0111981,0.3919382,12
QC,6,1411,ACER,SPI,NA,-1.867216,-0.0042529,0.0399519,-0.8144778,0.0051026,-0.2073078,-3.521921,-0.0111981,0.3919382,12
QC,6,1550,GENH,SPP,NA,-1.907153,-6.828e-4,-0.0151898,-2.558035,-0.0010482,0.2966087,-1.46093,-5.906e-4,-0.3045906,1479
QC,6,1601,CARY,COR,NA,-1.145177,0.0016382,-0.2155905,-0.5575695,0.002996,-0.2124864,-0.9829603,0.0055662,-0.5574207,10
QC,6,1701,JUGL,CIN,NA,-1.1698,-2.334e-4,-0.1609434,2.082461,0.0075856,-0.8197151,2.061389,0.0039326,-1.099152,8
QC,6,1702,JUGL,NIG,NA,-1.1698,-2.334e-4,-0.1609434,2.082461,0.0075856,-0.8197151,2.061389,0.0039326,-1.099152,8
QC,6,1800,ALNU,SPP,NA,-4.090051,-0.0735808,0.9442263,-5.82209,-0.1392367,2.179435,5.850035,0.3196604,-4.821479,5
QC,6,1803,ALNU,VIR,CRI,-4.090051,-0.0735808,0.9442263,-5.82209,-0.1392367,2.179435,5.850035,0.3196604,-4.821479,5
QC,6,1805,ALNU,INC,RUG,-4.090051,-0.0735808,0.9442263,-5.82209,-0.1392367,2.179435,5.850035,0.3196604,-4.821479,5
QC,6,1805,ALNU,INC,NA,-4.090051,-0.0735808,0.9442263,-5.82209,-0.1392367,2.179435,5.850035,0.3196604,-4.821479,5
QC,6,1900,OSTR,SPP,NA,-1.741674,-7.939e-4,-0.0182681,-1.51125,0.0021262,0.0114019,-2.412917,-9.872e-4,-0.0395182,17
QC,6,1900,OSTR,VIR,NA,-1.741674,-7.939e-4,-0.0182681,-1.51125,0.0021262,0.0114019,-2.412917,-9.872e-4,-0.0395182,17
QC,6,1950,CARP,CAR,NA,-1.741674,-7.939e-4,-0.0182681,-1.51125,0.0021262,0.0114019,-2.412917,-9.872e-4,-0.0395182,17
QC,6,1950,CARP,SPP,NA,-1.741674,-7.939e-4,-0.0182681,-1.51125,0.0021262,0.0114019,-2.412917,-9.872e-4,-0.0395182,17
QC,6,2000,FAGU,GRA,NA,-2.200097,-4.747e-4,-0.0051147,-1.449771,-1.603e-4,0.0625194,-2.375843,-5.21e-4,-0.1633794,500
QC,6,2101,QUER,ALB,NA,-1.13506,5.303e-4,-0.1912148,-2.462512,-0.0010863,0.2972093,-1.962803,-1.867e-4,-0.204254,333
QC,6,2102,QUER,BIC,NA,-1.13506,5.303e-4,-0.1912148,-2.462512,-0.0010863,0.2972093,-1.962803,-1.867e-4,-0.204254,333
QC,6,2104,QUER,MAC,NA,-1.13506,5.303e-4,-0.1912148,-2.462512,-0.0010863,0.2972093,-1.962803,-1.867e-4,-0.204254,333
QC,6,2108,QUER,RUB,NA,-1.13506,5.303e-4,-0.1912148,-2.462512,-0.0010863,0.2972093,-1.962803,-1.867e-4,-0.204254,333
QC,6,2200,ULMU,SPP,NA,-2.051406,-4.65e-4,0.0338694,-1.530465,-0.0013316,0.050565,-2.20855,0.0014794,-0.2068746,36
QC,6,2201,ULMU,AME,NA,-2.051406,-4.65e-4,0.0338694,-1.530465,-0.0013316,0.050565,-2.20855,0.0014794,-0.2068746,36
QC,6,2202,ULMU,RUB,NA,-2.051406,-4.65e-4,0.0338694,-1.530465,-0.0013316,0.050565,-2.20855,0.0014794,-0.2068746,36
QC,6,2203,ULMU,THO,NA,-2.051406,-4.65e-4,0.0338694,-1.530465,-0.0013316,0.050565,-2.20855,0.0014794,-0.2068746,36
QC,6,2801,PRUN,SER,NA,-1.890223,-1.707e-4,-0.0097463,-1.673258,0.0019393,0.0135023,-3.583137,-0.0060336,0.2809152,23
QC,6,2802,PRUN,PEN,NA,-3.977669,-0.0059737,0.4947032,-1.901395,9.846e-4,0.0825245,-1.752228,0.0021655,-0.1729241,145
QC,6,2804,PRUN,VIR,NA,-3.977669,-0.0059737,0.4947032,-1.901395,9.846e-4,0.0825245,-1.752228,0.0021655,-0.1729241,145
QC,6,2804,PRUN,VIR,VIR,-3.977669,-0.0059737,0.4947032,-1.901395,9.846e-4,0.0825245,-1.752228,0.0021655,-0.1729241,145
QC,6,3000,TILI,AME,NA,-1.220666,4.856e-4,-0.1321747,-1.616162,-3.705e-4,0.0640397,-2.411629,-0.0010691,-0.0947049,97
QC,6,3400,FRAX,SPP,NA,-1.756141,-6.472e-4,-0.0068123,-2.142479,-7.099e-4,0.1234644,-2.956939,-0.0014559,0.0493422,222
QC,6,3401,FRAX,AME,NA,-1.915781,-8.576e-4,0.0231167,-1.929469,-5.139e-4,0.1607359,-3.00464,-0.002878,0.0650462,13
QC,6,3402,FRAX,NIG,NA,-1.756141,-6.472e-4,-0.0068123,-2.142479,-7.099e-4,0.1234644,-2.956939,-0.0014559,0.0493422,222
QC,6,3403,FRAX,PEN,NA,-1.756141,-6.472e-4,-0.0068123,-2.142479,-7.099e-4,0.1234644,-2.956939,-0.0014559,0.0493422,222
QC,6,3500,SALI,SPP,NA,-1.293048,4.168e-4,-0.0667547,-1.627334,-9.963e-4,0.0048756,-2.403075,-0.0035284,-0.0177205,111
QC,6,3506,SALI,BEB,NA,-1.293048,4.168e-4,-0.0667547,-1.627334,-9.963e-4,0.0048756,-2.403075,-0.0035284,-0.0177205,111
QC,6,3910,CRAT,SPP,NA,-3.641619,-0.0010009,0.3151266,-1.730452,0.0032928,-0.0319252,-2.694463,-0.005902,0.2340624,12
QC,6,3930,MALU,COR,NA,-3.641619,-0.0010009,0.3151266,-1.730452,0.0032928,-0.0319252,-2.694463,-0.005902,0.2340624,12
QC,6,3930,MALU,FUS,NA,-3.641619,-0.0010009,0.3151266,-1.730452,0.0032928,-0.0319252,-2.694463,-0.005902,0.2340624,12
QC,6,3930,MALU,SPP,NA,-3.641619,-0.0010009,0.3151266,-1.730452,0.0032928,-0.0319252,-2.694463,-0.005902,0.2340624,12
QC,6,3960,SORB,SPP,NA,-3.641619,-0.0010009,0.3151266,-1.730452,0.0032928,-0.0319252,-2.694463,-0.005902,0.2340624,12
QC,6,3961,SORB,AME,NA,-3.641619,-0.0010009,0.3151266,-1.730452,0.0032928,-0.0319252,-2.694463,-0.005902,0.2340624,12
QC,6,3962,SORB,DEC,NA,-3.641619,-0.0010009,0.3151266,-1.730452,0.0032928,-0.0319252,-2.694463,-0.005902,0.2340624,12
QC,7,100,PICE,SPP,NA,-1.763384,3.456e-4,-0.046884,-0.7805361,-2.46e-5,-0.1050399,-1.023842,-8.314e-4,-0.1210173,1375
QC,7,101,PICE,MAR,NA,-1.763384,3.456e-4,-0.046884,-0.7805361,-2.46e-5,-0.1050399,-1.023842,-8.314e-4,-0.1210173,1375
QC,7,102,PICE,RUB,NA,-1.364476,2.249e-4,-0.121603,-1.749829,9.047e-4,-0.0269065,-1.632671,2.541e-4,-0.1449536,646
QC,7,103,PICE,ABI,NA,-1.845972,0.0019968,-0.1486154,-2.324012,0.0017257,0.0846007,-3.137715,-1.986e-4,0.2509315,21
QC,7,105,PICE,GLA,NA,-1.926836,5.15e-5,-0.0034234,-0.8797952,3.607e-4,-0.1134432,-1.172478,1.616e-4,-0.1778208,1098
QC,7,107,PICE,MAR,RUB,-1.364476,2.249e-4,-0.121603,-1.749829,9.047e-4,-0.0269065,-1.632671,2.541e-4,-0.1449536,646
QC,7,200,PINU,SPP,NA,-1.960622,-2.851e-4,-0.0592026,-1.995684,-8.33e-5,0.1041662,-3.173064,-2.54e-4,0.1919569,19
QC,7,202,PINU,STR,NA,-2.169438,-6.846e-4,0.076163,-0.972232,0.0010132,-0.1370732,-1.615826,3.69e-4,-0.18859,39
QC,7,203,PINU,BAN,NA,-1.960622,-2.851e-4,-0.0592026,-1.995684,-8.33e-5,0.1041662,-3.173064,-2.54e-4,0.1919569,19
QC,7,209,PINU,RES,NA,-3.112208,-0.0025312,0.2800621,-1.807805,-0.0013732,0.0330506,-2.211141,-0.0022188,0.0244445,28
QC,7,211,PINU,SYL,NA,-3.112208,-0.0025312,0.2800621,-1.807805,-0.0013732,0.0330506,-2.211141,-0.0022188,0.0244445,28
QC,7,302,ABIE,BAL,NA,-1.514654,4.61e-5,-0.0521432,-1.564564,-4.649e-4,0.0343274,-1.684396,-2.169e-4,-0.0962312,6055
QC,7,304,ABIE,LAS,NA,-1.514654,4.61e-5,-0.0521432,-1.564564,-4.649e-4,0.0343274,-1.684396,-2.169e-4,-0.0962312,6055
QC,7,401,TSUG,CAN,NA,-1.772819,1.66e-5,-0.0258172,-1.027037,3.959e-4,-0.0815163,-1.616646,3.341e-4,-0.1634931,106
QC,7,602,LARI,LAR,NA,-1.888174,-1.534e-4,-0.0382069,-0.8565727,0.0015556,-0.2386437,-2.859623,-0.002222,0.1082296,106
QC,7,605,LARI,KAE,NA,-1.888174,-1.534e-4,-0.0382069,-0.8565727,0.0015556,-0.2386437,-2.859623,-0.002222,0.1082296,106
QC,7,701,THUJ,OCC,NA,-1.610205,-7.73e-6,-0.045284,-1.364676,-3.238e-4,-0.0282215,-1.557657,7.84e-5,-0.1065469,1753
QC,7,801,JUNI,VIR,NA,-1.610205,-7.73e-6,-0.045284,-1.364676,-3.238e-4,-0.0282215,-1.557657,7.84e-5,-0.1065469,1753
QC,7,1100,GENC,SPP,NA,-1.926836,5.15e-5,-0.0034234,-0.8797952,3.607e-4,-0.1134432,-1.172478,1.616e-4,-0.1778208,1098
QC,7,1150,UNKN,SPP,NA,-1.926836,5.15e-5,-0.0034234,-0.8797952,3.607e-4,-0.1134432,-1.172478,1.616e-4,-0.1778208,1098
QC,7,1200,POPU,SPP,NA,-1.365768,1.893e-4,-0.0595585,-1.664023,4.218e-4,0.0420061,-2.851329,-0.0013305,0.048897,1888
QC,7,1201,POPU,TRE,NA,-1.365768,1.893e-4,-0.0595585,-1.664023,4.218e-4,0.0420061,-2.851329,-0.0013305,0.048897,1888
QC,7,1203,POPU,BAL,NA,-1.232169,5.83e-5,-0.0833757,-1.876657,-2.725e-4,0.08211,-2.499192,-9.392e-4,-0.0246229,253
QC,7,1203,POPU,BAL,BAL,-1.232169,5.83e-5,-0.0833757,-1.876657,-2.725e-4,0.08211,-2.499192,-9.392e-4,-0.0246229,253
QC,7,1205,POPU,DEL,NA,-1.232169,5.83e-5,-0.0833757,-1.876657,-2.725e-4,0.08211,-2.499192,-9.392e-4,-0.0246229,253
QC,7,1205,POPU,DEL,DEL,-1.232169,5.83e-5,-0.0833757,-1.876657,-2.725e-4,0.08211,-2.499192,-9.392e-4,-0.0246229,253
QC,7,1206,POPU,GRA,NA,-1.066093,2.602e-4,-0.117235,-2.207411,-7.558e-4,0.1466093,-1.201078,0.0010533,-0.3922743,46
QC,7,1211,POPU,BAL,GRA,-1.360796,1.299e-4,-0.0588136,-1.773522,7.26e-5,0.0709118,-2.758924,-0.0011953,0.0263947,2187
QC,7,1301,BETU,ALL,NA,-1.790471,4.71e-5,-0.0286907,-0.5869148,3.167e-4,-0.1032848,-2.194065,-0.0011905,-0.0911373,1178
QC,7,1303,BETU,PAP,NA,-1.820872,-1.406e-4,-7.532e-4,-1.167173,6.486e-4,-0.0404257,-2.494439,-0.0012847,0.0016362,1767
QC,7,1303,BETU,PAP,PAP,-1.820872,-1.406e-4,-7.532e-4,-1.167173,6.486e-4,-0.0404257,-2.494439,-0.0012847,0.0016362,1767
QC,7,1304,BETU,POP,NA,-1.722926,5.909e-4,-0.0358075,-1.57043,1.521e-4,0.0116229,-3.428933,-0.0043628,0.2028771,36
QC,7,1400,ACER,SPP,NA,-1.875106,3.315e-4,-0.0516245,-0.8272743,-9.569e-4,-0.0460213,-1.980436,-0.0020932,-0.1607839,2280
QC,7,1401,ACER,SAH,NA,-1.875106,3.315e-4,-0.0516245,-0.8272743,-9.569e-4,-0.0460213,-1.980436,-0.0020932,-0.1607839,2280
QC,7,1405,ACER,RUB,NA,-1.555861,-1.343e-4,-0.0821656,-1.478683,-2.731e-4,0.0445257,-2.30532,-6.483e-4,-0.1113396,1617
QC,7,1406,ACER,SAC,NA,-1.875106,3.315e-4,-0.0516245,-0.8272743,-9.569e-4,-0.0460213,-1.980436,-0.0020932,-0.1607839,2280
QC,7,1410,ACER,PEN,NA,-1.867216,-0.0042529,0.0399519,-0.8144778,0.0051026,-0.2073078,-3.521921,-0.0111981,0.3919382,12
QC,7,1411,ACER,SPI,NA,-1.867216,-0.0042529,0.0399519,-0.8144778,0.0051026,-0.2073078,-3.521921,-0.0111981,0.3919382,12
QC,7,1550,GENH,SPP,NA,-2.252463,-7.354e-4,0.0266672,-2.040266,-0.0012465,0.1998829,-1.709375,-0.0024842,-0.2117364,441
QC,7,1701,JUGL,CIN,NA,-1.1698,-2.334e-4,-0.1609434,2.082461,0.0075856,-0.8197151,2.061389,0.0039326,-1.099152,8
QC,7,1702,JUGL,NIG,NA,-1.1698,-2.334e-4,-0.1609434,2.082461,0.0075856,-0.8197151,2.061389,0.0039326,-1.099152,8
QC,7,1800,ALNU,SPP,NA,-4.090051,-0.0735808,0.9442263,-5.82209,-0.1392367,2.179435,5.850035,0.3196604,-4.821479,5
QC,7,1803,ALNU,VIR,CRI,-4.090051,-0.0735808,0.9442263,-5.82209,-0.1392367,2.179435,5.850035,0.3196604,-4.821479,5
QC,7,1805,ALNU,INC,NA,-4.090051,-0.0735808,0.9442263,-5.82209,-0.1392367,2.179435,5.850035,0.3196604,-4.821479,5
QC,7,1805,ALNU,INC,RUG,-4.090051,-0.0735808,0.9442263,-5.82209,-0.1392367,2.179435,5.850035,0.3196604,-4.821479,5
QC,7,1900,OSTR,SPP,NA,-1.741674,-7.939e-4,-0.0182681,-1.51125,0.0021262,0.0114019,-2.412917,-9.872e-4,-0.0395182,17
QC,7,1900,OSTR,VIR,NA,-1.741674,-7.939e-4,-0.0182681,-1.51125,0.0021262,0.0114019,-2.412917,-9.872e-4,-0.0395182,17
QC,7,1950,CARP,CAR,NA,-1.741674,-7.939e-4,-0.0182681,-1.51125,0.0021262,0.0114019,-2.412917,-9.872e-4,-0.0395182,17
QC,7,1950,CARP,SPP,NA,-1.741674,-7.939e-4,-0.0182681,-1.51125,0.0021262,0.0114019,-2.412917,-9.872e-4,-0.0395182,17
QC,7,2000,FAGU,GRA,NA,-2.589712,-4.464e-4,0.0577449,-1.04403,-0.00025090000000000003,-0.014895,-2.714292,-0.0019271,-0.0585126,172
QC,7,2108,QUER,RUB,NA,-1.13506,5.303e-4,-0.1912148,-2.462512,-0.0010863,0.2972093,-1.962803,-1.867e-4,-0.204254,333
QC,7,2200,ULMU,SPP,NA,-2.051406,-4.65e-4,0.0338694,-1.530465,-0.0013316,0.050565,-2.20855,0.0014794,-0.2068746,36
QC,7,2201,ULMU,AME,NA,-2.051406,-4.65e-4,0.0338694,-1.530465,-0.0013316,0.050565,-2.20855,0.0014794,-0.2068746,36
QC,7,2202,ULMU,RUB,NA,-2.051406,-4.65e-4,0.0338694,-1.530465,-0.0013316,0.050565,-2.20855,0.0014794,-0.2068746,36
QC,7,2203,ULMU,THO,NA,-2.051406,-4.65e-4,0.0338694,-1.530465,-0.0013316,0.050565,-2.20855,0.0014794,-0.2068746,36
QC,7,2801,PRUN,SER,NA,-1.451961,7.146e-4,-0.1354522,-1.91841,-5.012e-4,0.1388532,-2.727799,-2.884e-4,-0.0456231,24
QC,7,2802,PRUN,PEN,NA,-2.99783,-6.835e-4,0.1811305,-2.063056,-0.0054803,0.2283489,-1.799588,0.0031413,-0.1975811,103
QC,7,2804,PRUN,VIR,VIR,-2.99783,-6.835e-4,0.1811305,-2.063056,-0.0054803,0.2283489,-1.799588,0.0031413,-0.1975811,103
QC,7,2804,PRUN,VIR,NA,-2.99783,-6.835e-4,0.1811305,-2.063056,-0.0054803,0.2283489,-1.799588,0.0031413,-0.1975811,103
QC,7,3000,TILI,AME,NA,-1.220666,4.856e-4,-0.1321747,-1.616162,-3.705e-4,0.0640397,-2.411629,-0.0010691,-0.0947049,97
QC,7,3400,FRAX,SPP,NA,-1.219315,6.892e-4,-0.155966,-1.396964,-0.0012277,0.0070973,-2.745012,-0.0028593,0.0214984,55
QC,7,3401,FRAX,AME,NA,-1.731013,4.56e-5,-0.0776393,-0.9354685,-9.281e-4,-0.0274997,-2.192145,-0.0034976,-0.0401809,48
QC,7,3402,FRAX,NIG,NA,-1.219315,6.892e-4,-0.155966,-1.396964,-0.0012277,0.0070973,-2.745012,-0.0028593,0.0214984,55
QC,7,3403,FRAX,PEN,NA,-1.219315,6.892e-4,-0.155966,-1.396964,-0.0012277,0.0070973,-2.745012,-0.0028593,0.0214984,55
QC,7,3500,SALI,SPP,NA,-1.603545,-0.0087467,0.0758705,-1.512917,-7.943e-4,0.0322303,-2.230984,3.919e-4,-0.0457798,28
QC,7,3506,SALI,BEB,NA,-1.603545,-0.0087467,0.0758705,-1.512917,-7.943e-4,0.0322303,-2.230984,3.919e-4,-0.0457798,28
QC,7,3910,CRAT,SPP,NA,-2.954224,0.0269883,-0.2459811,-1.581298,0.0123194,-0.1068826,-2.053468,-0.0030825,-0.0734981,12
QC,7,3930,MALU,COR,NA,-2.954224,0.0269883,-0.2459811,-1.581298,0.0123194,-0.1068826,-2.053468,-0.0030825,-0.0734981,12
QC,7,3930,MALU,FUS,NA,-2.954224,0.0269883,-0.2459811,-1.581298,0.0123194,-0.1068826,-2.053468,-0.0030825,-0.0734981,12
QC,7,3930,MALU,SPP,NA,-2.954224,0.0269883,-0.2459811,-1.581298,0.0123194,-0.1068826,-2.053468,-0.0030825,-0.0734981,12
QC,7,3960,SORB,SPP,NA,-2.954224,0.0269883,-0.2459811,-1.581298,0.0123194,-0.1068826,-2.053468,-0.0030825,-0.0734981,12
QC,7,3961,SORB,AME,NA,-2.954224,0.0269883,-0.2459811,-1.581298,0.0123194,-0.1068826,-2.053468,-0.0030825,-0.0734981,12
QC,7,3962,SORB,DEC,NA,-2.954224,0.0269883,-0.2459811,-1.581298,0.0123194,-0.1068826,-2.053468,-0.0030825,-0.0734981,12
QC,8,100,PICE,SPP,NA,-1.497079,0.0012125,-0.1156138,-1.588661,8.388e-4,-0.0322849,-0.8778544,1.993e-4,-0.2346724,75
QC,8,101,PICE,MAR,NA,-1.497079,0.0012125,-0.1156138,-1.588661,8.388e-4,-0.0322849,-0.8778544,1.993e-4,-0.2346724,75
QC,8,102,PICE,RUB,NA,-1.75009,-1.264e-4,-0.0330156,-2.312641,1.75e-4,0.1095451,-1.952345,-7.019e-4,-0.0306325,88
QC,8,103,PICE,ABI,NA,-1.845972,0.0019968,-0.1486154,-2.324012,0.0017257,0.0846007,-3.137715,-1.986e-4,0.2509315,21
QC,8,105,PICE,GLA,NA,-1.817534,-2.894e-4,-0.0092472,-0.9759199,3.268e-4,-0.108955,0.1674467,0.0021775,-0.5037534,48
QC,8,107,PICE,MAR,RUB,-1.75009,-1.264e-4,-0.0330156,-2.312641,1.75e-4,0.1095451,-1.952345,-7.019e-4,-0.0306325,88
QC,8,200,PINU,SPP,NA,-1.582322,9.687e-4,-0.1513183,-0.8898985,0.0011482,-0.2729116,-0.4859891,0.0031409,-0.4991277,11
QC,8,202,PINU,STR,NA,-1.508719,1.31e-4,-0.0737172,-1.779571,-3.218e-4,0.0654547,-0.9736738,5.882e-4,-0.2919563,140
QC,8,203,PINU,BAN,NA,-1.582322,9.687e-4,-0.1513183,-0.8898985,0.0011482,-0.2729116,-0.4859891,0.0031409,-0.4991277,11
QC,8,209,PINU,RES,NA,-1.460616,-0.0011193,-0.0711379,-1.529718,-0.0018565,0.0445605,-1.295269,-4.928e-4,-0.0990008,6
QC,8,211,PINU,SYL,NA,-1.460616,-0.0011193,-0.0711379,-1.529718,-0.0018565,0.0445605,-1.295269,-4.928e-4,-0.0990008,6
QC,8,302,ABIE,BAL,NA,-1.63703,-4.62e-5,-0.0370789,-1.474429,6.221e-4,-0.0339606,-1.197096,-2.767e-4,-0.1745165,507
QC,8,304,ABIE,LAS,NA,-1.63703,-4.62e-5,-0.0370789,-1.474429,6.221e-4,-0.0339606,-1.197096,-2.767e-4,-0.1745165,507
QC,8,401,TSUG,CAN,NA,-1.451905,4.431e-4,-0.0913155,-1.369023,-2.32e-4,0.0072826,-1.575567,-5.59e-5,-0.1463018,200
QC,8,602,LARI,LAR,NA,-2.041263,-0.0011173,0.0103071,-2.530028,-0.0021682,0.1873343,-1.830192,4.27e-4,-0.1270527,71
QC,8,605,LARI,KAE,NA,-2.041263,-0.0011173,0.0103071,-2.530028,-0.0021682,0.1873343,-1.830192,4.27e-4,-0.1270527,71
QC,8,701,THUJ,OCC,NA,-1.751571,1.138e-4,-0.0473172,-1.586858,-6.475e-4,0.044252,-1.204681,9.401e-4,-0.2140812,214
QC,8,801,JUNI,VIR,NA,-1.751571,1.138e-4,-0.0473172,-1.586858,-6.475e-4,0.044252,-1.204681,9.401e-4,-0.2140812,214
QC,8,1100,GENC,SPP,NA,-1.817534,-2.894e-4,-0.0092472,-0.9759199,3.268e-4,-0.108955,0.1674467,0.0021775,-0.5037534,48
QC,8,1150,UNKN,SPP,NA,-1.817534,-2.894e-4,-0.0092472,-0.9759199,3.268e-4,-0.108955,0.1674467,0.0021775,-0.5037534,48
QC,8,1200,POPU,SPP,NA,-1.558322,-1.028e-4,-0.0145802,-1.934102,-3.515e-4,0.0623162,-2.37722,0.00059770000000000005,-0.1265199,266
QC,8,1201,POPU,TRE,NA,-1.558322,-1.028e-4,-0.0145802,-1.934102,-3.515e-4,0.0623162,-2.37722,0.00059770000000000005,-0.1265199,266
QC,8,1203,POPU,BAL,NA,-1.712668,-4.044e-4,-0.046469,-1.921839,-0.0012237,0.1044997,-1.586253,0.001585,-0.3113664,29
QC,8,1203,POPU,BAL,BAL,-1.712668,-4.044e-4,-0.046469,-1.921839,-0.0012237,0.1044997,-1.586253,0.001585,-0.3113664,29
QC,8,1205,POPU,DEL,NA,-1.938528,1.674e-4,-0.0114475,-1.510015,0.0011283,-0.0446564,-4.571521,-0.0041378,0.3992513,10
QC,8,1205,POPU,DEL,DEL,-1.938528,1.674e-4,-0.0114475,-1.510015,0.0011283,-0.0446564,-4.571521,-0.0041378,0.3992513,10
QC,8,1206,POPU,GRA,NA,-1.489079,-5.182e-4,-0.0072603,-1.490249,7.821e-4,-0.0621406,-3.145881,-0.0020069,0.1011546,77
QC,8,1211,POPU,BAL,GRA,-1.786205,-5.828e-4,0.0428106,-1.739434,1.132e-4,0.010986,-2.766896,-6.846e-4,-0.0125896,381
QC,8,1301,BETU,ALL,NA,-1.847804,-3.396e-4,-0.0067343,-0.3888073,0.0019028,-0.2172955,-3.188276,-0.0034208,0.1961467,72
QC,8,1303,BETU,PAP,NA,-1.482986,3.814e-4,-0.0808958,-1.35973,6.414e-4,-0.0350221,-2.490817,-1.163e-4,-0.0223473,45
QC,8,1303,BETU,PAP,PAP,-1.482986,3.814e-4,-0.0808958,-1.35973,6.414e-4,-0.0350221,-2.490817,-1.163e-4,-0.0223473,45
QC,8,1304,BETU,POP,NA,-1.695413,8.94e-5,-0.0401256,-2.222964,-0.0011742,0.1380152,-3.48134,6.282e-4,0.0956741,97
QC,8,1400,ACER,SPP,NA,-1.603337,-5.315e-4,-0.0665028,-1.188829,4.105e-4,-0.027687,-1.31432,-3.341e-4,-0.3798827,441
QC,8,1401,ACER,SAH,NA,-1.603337,-5.315e-4,-0.0665028,-1.188829,4.105e-4,-0.027687,-1.31432,-3.341e-4,-0.3798827,441
QC,8,1404,ACER,NEG,NA,-1.603337,-5.315e-4,-0.0665028,-1.188829,4.105e-4,-0.027687,-1.31432,-3.341e-4,-0.3798827,441
QC,8,1405,ACER,RUB,NA,-1.852379,-7.96e-4,0.0015905,-1.408108,4.111e-4,-0.0014706,-3.182471,-0.0030006,0.1619624,1101
QC,8,1406,ACER,SAC,NA,-1.573318,2.989e-4,-0.1216681,-3.443164,-0.0022853,0.58745,-1.785193,-7.637e-4,-0.1939775,74
QC,8,1410,ACER,PEN,NA,-1.867216,-0.0042529,0.0399519,-0.8144778,0.0051026,-0.2073078,-3.521921,-0.0111981,0.3919382,12
QC,8,1411,ACER,SPI,NA,-1.867216,-0.0042529,0.0399519,-0.8144778,0.0051026,-0.2073078,-3.521921,-0.0111981,0.3919382,12
QC,8,1550,GENH,SPP,NA,-1.504899,-4.696e-4,-0.0829467,-2.148843,1.42e-5,0.1773613,-2.525855,-0.00178,-0.0572774,290
QC,8,1601,CARY,COR,NA,-1.145177,0.0016382,-0.2155905,-0.5575695,0.002996,-0.2124864,-0.9829603,0.0055662,-0.5574207,10
QC,8,1701,JUGL,CIN,NA,-1.1698,-2.334e-4,-0.1609434,2.082461,0.0075856,-0.8197151,2.061389,0.0039326,-1.099152,8
QC,8,1702,JUGL,NIG,NA,-1.1698,-2.334e-4,-0.1609434,2.082461,0.0075856,-0.8197151,2.061389,0.0039326,-1.099152,8
QC,8,1800,ALNU,SPP,NA,-4.090051,-0.0735808,0.9442263,-5.82209,-0.1392367,2.179435,5.850035,0.3196604,-4.821479,5
QC,8,1803,ALNU,VIR,CRI,-4.090051,-0.0735808,0.9442263,-5.82209,-0.1392367,2.179435,5.850035,0.3196604,-4.821479,5
QC,8,1805,ALNU,INC,RUG,-4.090051,-0.0735808,0.9442263,-5.82209,-0.1392367,2.179435,5.850035,0.3196604,-4.821479,5
QC,8,1805,ALNU,INC,NA,-4.090051,-0.0735808,0.9442263,-5.82209,-0.1392367,2.179435,5.850035,0.3196604,-4.821479,5
QC,8,1900,OSTR,SPP,NA,-1.656004,-4.844e-4,-0.0375522,-1.765333,-4.14e-4,0.0891049,-1.960212,-8.303e-4,-0.1691705,17
QC,8,1900,OSTR,VIR,NA,-1.656004,-4.844e-4,-0.0375522,-1.765333,-4.14e-4,0.0891049,-1.960212,-8.303e-4,-0.1691705,17
QC,8,1950,CARP,CAR,NA,-1.656004,-4.844e-4,-0.0375522,-1.765333,-4.14e-4,0.0891049,-1.960212,-8.303e-4,-0.1691705,17
QC,8,1950,CARP,SPP,NA,-1.656004,-4.844e-4,-0.0375522,-1.765333,-4.14e-4,0.0891049,-1.960212,-8.303e-4,-0.1691705,17
QC,8,2000,FAGU,GRA,NA,0.3114664,0.0034953,-0.6386089,-1.376906,2.018e-4,0.0288399,-0.3684019,0.0022328,-0.6460581,58
QC,8,2101,QUER,ALB,NA,-1.800541,-0.0010107,-0.0221184,0.4531409,0.0072491,-0.4679784,-5.961592,-0.0146073,0.987855,11
QC,8,2102,QUER,BIC,NA,-6.218036,-0.008695,1.135878,5.804493,0.0139685,-1.812098,-5.33777,-0.0103691,0.7763642,22
QC,8,2104,QUER,MAC,NA,-6.218036,-0.008695,1.135878,5.804493,0.0139685,-1.812098,-5.33777,-0.0103691,0.7763642,22
QC,8,2108,QUER,RUB,NA,-6.218036,-0.008695,1.135878,5.804493,0.0139685,-1.812098,-5.33777,-0.0103691,0.7763642,22
QC,8,2200,ULMU,SPP,NA,-2.051406,-4.65e-4,0.0338694,-1.530465,-0.0013316,0.050565,-2.20855,0.0014794,-0.2068746,36
QC,8,2201,ULMU,AME,NA,-2.051406,-4.65e-4,0.0338694,-1.530465,-0.0013316,0.050565,-2.20855,0.0014794,-0.2068746,36
QC,8,2202,ULMU,RUB,NA,-2.051406,-4.65e-4,0.0338694,-1.530465,-0.0013316,0.050565,-2.20855,0.0014794,-0.2068746,36
QC,8,2203,ULMU,THO,NA,-2.051406,-4.65e-4,0.0338694,-1.530465,-0.0013316,0.050565,-2.20855,0.0014794,-0.2068746,36
QC,8,2801,PRUN,SER,NA,-1.921093,-4.547e-4,0.0109306,-1.098905,0.0013379,-0.1106087,-2.863843,-0.0019938,-0.0089473,12
QC,8,2802,PRUN,PEN,NA,-2.283118,0.0241941,-0.1865036,-3.764879,-0.0386361,0.9687406,-0.9881677,0.021427,-0.6350806,7
QC,8,2804,PRUN,VIR,NA,-2.283118,0.0241941,-0.1865036,-3.764879,-0.0386361,0.9687406,-0.9881677,0.021427,-0.6350806,7
QC,8,2804,PRUN,VIR,VIR,-2.283118,0.0241941,-0.1865036,-3.764879,-0.0386361,0.9687406,-0.9881677,0.021427,-0.6350806,7
QC,8,3000,TILI,AME,NA,-1.175002,1.94e-4,-0.137144,-2.374412,-6.748e-4,0.2281615,-2.903736,-0.001446,0.0065343,23
QC,8,3400,FRAX,SPP,NA,-1.96562,-0.0015753,0.0624439,-1.434005,-5.39e-6,-0.0102926,-2.481033,-0.001071,-0.080002,24
QC,8,3401,FRAX,AME,NA,-1.914833,-4.209e-4,0.0226854,-2.076635,-8.201e-4,0.1575647,-2.78493,-0.001578,0.002077,27
QC,8,3402,FRAX,NIG,NA,-1.96562,-0.0015753,0.0624439,-1.434005,-5.39e-6,-0.0102926,-2.481033,-0.001071,-0.080002,24
QC,8,3403,FRAX,PEN,NA,-1.914833,-4.209e-4,0.0226854,-2.076635,-8.201e-4,0.1575647,-2.78493,-0.001578,0.002077,27
QC,8,3405,FRAX,PEN,NA,-2.110042,-0.0021075,0.139867,-2.221723,-9.433e-4,0.1725754,-3.735788,-0.004661,0.2802405,28
QC,8,3405,FRAX,PEN,SUB,-2.110042,-0.0021075,0.139867,-2.221723,-9.433e-4,0.1725754,-3.735788,-0.004661,0.2802405,28
QC,8,3500,SALI,SPP,NA,-1.242921,-8.966e-4,-0.0964494,-1.627639,0.0083885,-0.1890185,-2.760801,-0.0024404,0.0010316,7
QC,8,3506,SALI,BEB,NA,-1.242921,-8.966e-4,-0.0964494,-1.627639,0.0083885,-0.1890185,-2.760801,-0.0024404,0.0010316,7
QC,8,3910,CRAT,SPP,NA,-2.954224,0.0269883,-0.2459811,-1.581298,0.0123194,-0.1068826,-2.053468,-0.0030825,-0.0734981,12
QC,8,3930,MALU,COR,NA,-2.954224,0.0269883,-0.2459811,-1.581298,0.0123194,-0.1068826,-2.053468,-0.0030825,-0.0734981,12
QC,8,3930,MALU,FUS,NA,-2.954224,0.0269883,-0.2459811,-1.581298,0.0123194,-0.1068826,-2.053468,-0.0030825,-0.0734981,12
QC,8,3930,MALU,SPP,NA,-2.954224,0.0269883,-0.2459811,-1.581298,0.0123194,-0.1068826,-2.053468,-0.0030825,-0.0734981,12
QC,8,3960,SORB,SPP,NA,-2.954224,0.0269883,-0.2459811,-1.581298,0.0123194,-0.1068826,-2.053468,-0.0030825,-0.0734981,12
QC,8,3961,SORB,AME,NA,-2.954224,0.0269883,-0.2459811,-1.581298,0.0123194,-0.1068826,-2.053468,-0.0030825,-0.0734981,12
QC,8,3962,SORB,DEC,NA,-2.954224,0.0269883,-0.2459811,-1.581298,0.0123194,-0.1068826,-2.053468,-0.0030825,-0.0734981,12
QC,15,100,PICE,SPP,NA,-1.72163,-1.848e-4,-0.0210519,-1.239439,-1.02e-5,-0.092484,-0.9577603,-8.775e-4,-0.1389684,77
QC,15,101,PICE,MAR,NA,-1.72163,-1.848e-4,-0.0210519,-1.239439,-1.02e-5,-0.092484,-0.9577603,-8.775e-4,-0.1389684,77
QC,15,105,PICE,GLA,NA,-1.808728,1.812e-4,-0.0297335,-1.566606,-7.86e-5,-0.0034186,-0.6368722,0.0010007,-0.3070963,1702
QC,15,107,PICE,MAR,RUB,-1.72163,-1.848e-4,-0.0210519,-1.239439,-1.02e-5,-0.092484,-0.9577603,-8.775e-4,-0.1389684,77
QC,15,200,PINU,SPP,NA,-1.283378,0.0028036,-0.2541196,-0.371036,0.0053032,-0.4656689,-0.3165296,0.0073356,-0.5718081,11
QC,15,202,PINU,STR,NA,-1.735675,-6.41e-5,-0.0263015,-1.660423,-2.312e-4,0.034809,-0.7040932,5.628e-4,-0.3466756,1177
QC,15,203,PINU,BAN,NA,-1.283378,0.0028036,-0.2541196,-0.371036,0.0053032,-0.4656689,-0.3165296,0.0073356,-0.5718081,11
QC,15,209,PINU,RES,NA,-2.139051,-4.593e-4,0.0181259,-1.202895,-7.25e-5,-0.0909429,-0.5516267,9.338e-4,-0.3485037,171
QC,15,302,ABIE,BAL,NA,-1.688634,2.014e-4,-0.0238792,-1.566584,3.914e-4,-0.0179743,-1.139371,-5.735e-4,-0.1404251,9695
QC,15,304,ABIE,LAS,NA,-1.688634,2.014e-4,-0.0238792,-1.566584,3.914e-4,-0.0179743,-1.139371,-5.735e-4,-0.1404251,9695
QC,15,401,TSUG,CAN,NA,-1.380315,4.551e-4,-0.1015538,-1.612745,-3.346e-4,0.0664179,-1.201069,3.66e-4,-0.2581077,424
QC,15,602,LARI,LAR,NA,-1.865544,1.958e-4,-0.0656808,-1.385851,7.411e-4,-0.1044756,-1.602777,-9.905e-4,-0.1172367,288
QC,15,605,LARI,KAE,NA,-1.865544,1.958e-4,-0.0656808,-1.385851,7.411e-4,-0.1044756,-1.602777,-9.905e-4,-0.1172367,288
QC,15,701,THUJ,OCC,NA,-1.90106,-2.236e-4,0.006741,-1.504609,4.51e-5,0.0183753,-1.186076,4.646e-4,-0.1845263,1861
QC,15,801,JUNI,VIR,NA,-1.90106,-2.236e-4,0.006741,-1.504609,4.51e-5,0.0183753,-1.186076,4.646e-4,-0.1845263,1861
QC,15,1100,GENC,SPP,NA,-1.808728,1.812e-4,-0.0297335,-1.566606,-7.86e-5,-0.0034186,-0.6368722,0.0010007,-0.3070963,1702
QC,15,1150,UNKN,SPP,NA,-1.808728,1.812e-4,-0.0297335,-1.566606,-7.86e-5,-0.0034186,-0.6368722,0.0010007,-0.3070963,1702
QC,15,1200,POPU,SPP,NA,-1.403874,2.452e-4,-0.0572315,-1.593011,-1.931e-4,-0.0196225,-1.903091,-0.0013376,-0.1205228,5489
QC,15,1201,POPU,TRE,NA,-1.403874,2.452e-4,-0.0572315,-1.593011,-1.931e-4,-0.0196225,-1.903091,-0.0013376,-0.1205228,5489
QC,15,1203,POPU,BAL,NA,-1.234664,-1.06e-5,-0.0954487,-1.369511,2.036e-4,-0.0529464,-2.582637,-0.001521,-0.0192428,159
QC,15,1203,POPU,BAL,BAL,-1.234664,-1.06e-5,-0.0954487,-1.369511,2.036e-4,-0.0529464,-2.582637,-0.001521,-0.0192428,159
QC,15,1211,POPU,BAL,GRA,-1.416169,0.00017340000000000001,-0.0525172,-1.57953,-8.08e-5,-0.0237883,-1.914785,-0.0014477,-0.118877,6203
QC,15,1301,BETU,ALL,NA,-1.895278,-1.697e-4,7.166e-4,-0.9609746,7.034e-4,-0.0351398,-1.971151,-4.807e-4,-0.140265,3493
QC,15,1303,BETU,PAP,NA,-1.801162,1.129e-4,-0.004922,-1.646935,-2.541e-4,0.0329792,-1.957627,-0.0011306,-0.0823318,10323
QC,15,1303,BETU,PAP,PAP,-1.801162,1.129e-4,-0.004922,-1.646935,-2.541e-4,0.0329792,-1.957627,-0.0011306,-0.0823318,10323
QC,15,1400,ACER,SPP,NA,-1.891291,-4.682e-4,-0.013641,-1.2731460000000001,1.408e-4,0.018753,-2.02563,-0.0011549,-0.1857551,3885
QC,15,1401,ACER,SAH,NA,-1.891291,-4.682e-4,-0.013641,-1.2731460000000001,1.408e-4,0.018753,-2.02563,-0.0011549,-0.1857551,3885
QC,15,1405,ACER,RUB,NA,-1.858343,-3.372e-4,-0.0064947,-1.508418,2.43e-5,0.0365552,-2.144958,-0.0012037,-0.0744568,1905
QC,15,1550,GENH,SPP,NA,-1.907153,-6.828e-4,-0.0151898,-2.558035,-0.0010482,0.2966087,-1.46093,-5.906e-4,-0.3045906,1479
QC,15,1805,ALNU,INC,RUG,-4.090051,-0.0735808,0.9442263,-5.82209,-0.1392367,2.179435,5.850035,0.3196604,-4.821479,5
QC,15,1805,ALNU,INC,NA,-4.090051,-0.0735808,0.9442263,-5.82209,-0.1392367,2.179435,5.850035,0.3196604,-4.821479,5
QC,15,3500,SALI,SPP,NA,-1.293048,4.168e-4,-0.0667547,-1.627334,-9.963e-4,0.0048756,-2.403075,-0.0035284,-0.0177205,111
SK,5,100,PICE,SPP,NA,-1.126967,3.605e-4,-0.1684221,-0.7042654,-5.865e-4,-0.2440041,2.781473,0.0020736,-1.033224,24
SK,5,101,PICE,MAR,NA,-1.126967,3.605e-4,-0.1684221,-0.7042654,-5.865e-4,-0.2440041,2.781473,0.0020736,-1.033224,24
SK,5,103,PICE,ABI,NA,-1.651888,1.75e-5,-0.0360664,0.5738987,5.447e-4,-0.4454046,0.5525959,7.43e-4,-0.5459,890
SK,5,105,PICE,GLA,NA,-1.651888,1.75e-5,-0.0360664,0.5738987,5.447e-4,-0.4454046,0.5525959,7.43e-4,-0.5459,890
SK,5,203,PINU,BAN,NA,-1.461792,9.756e-4,-0.2030123,-1.974315,-1.226e-4,-0.0505149,-0.626237,7.103e-4,-0.4058084,49
SK,5,204,PINU,CON,NA,-1.461792,9.756e-4,-0.2030123,-1.974315,-1.226e-4,-0.0505149,-0.626237,7.103e-4,-0.4058084,49
SK,5,204,PINU,CON,LAT,-1.461792,9.756e-4,-0.2030123,-1.974315,-1.226e-4,-0.0505149,-0.626237,7.103e-4,-0.4058084,49
SK,5,206,PINU,ALB,NA,-1.461792,9.756e-4,-0.2030123,-1.974315,-1.226e-4,-0.0505149,-0.626237,7.103e-4,-0.4058084,49
SK,5,302,ABIE,BAL,NA,-1.704716,-2.335e-4,0.0017432,-1.716841,-3.466e-4,0.020566,-1.362164,3.35e-5,-0.1602114,12
SK,5,304,ABIE,LAS,NA,-1.704716,-2.335e-4,0.0017432,-1.716841,-3.466e-4,0.020566,-1.362164,3.35e-5,-0.1602114,12
SK,5,602,LARI,LAR,NA,-1.970997,-6.047e-4,-0.027565,-1.429406,-0.0018351,-0.0146442,-1.045645,-0.0013869,-0.2051812,349
SK,5,1200,POPU,SPP,NA,-1.408132,-8.354e-4,-0.0057776,-1.743163,-0.0011054,0.0316987,-1.770119,-8.562e-4,-0.1302106,34
SK,5,1201,POPU,TRE,NA,-1.408132,-8.354e-4,-0.0057776,-1.743163,-0.0011054,0.0316987,-1.770119,-8.562e-4,-0.1302106,34
SK,5,1203,POPU,BAL,NA,-1.408132,-8.354e-4,-0.0057776,-1.743163,-0.0011054,0.0316987,-1.770119,-8.562e-4,-0.1302106,34
SK,5,1203,POPU,BAL,BAL,-1.408132,-8.354e-4,-0.0057776,-1.743163,-0.0011054,0.0316987,-1.770119,-8.562e-4,-0.1302106,34
SK,5,1206,POPU,GRA,NA,-1.408132,-8.354e-4,-0.0057776,-1.743163,-0.0011054,0.0316987,-1.770119,-8.562e-4,-0.1302106,34
SK,5,1303,BETU,PAP,NA,-1.871648,-0.0015939,0.0477415,-1.813167,8.134e-4,-0.0279303,-3.185174,-0.0084367,0.3212254,5
SK,5,1303,BETU,PAP,PAP,-1.871648,-0.0015939,0.0477415,-1.813167,8.134e-4,-0.0279303,-3.185174,-0.0084367,0.3212254,5
SK,6,100,PICE,SPP,NA,-1.126967,3.605e-4,-0.1684221,-0.7042654,-5.865e-4,-0.2440041,2.781473,0.0020736,-1.033224,24
SK,6,101,PICE,MAR,NA,-1.126967,3.605e-4,-0.1684221,-0.7042654,-5.865e-4,-0.2440041,2.781473,0.0020736,-1.033224,24
SK,6,103,PICE,ABI,NA,-7.006639,-0.0052004,1.156764,1.117546,8.181e-4,-0.6246375,-11.22084,-0.0092148,2.049295,7
SK,6,105,PICE,GLA,NA,-7.006639,-0.0052004,1.156764,1.117546,8.181e-4,-0.6246375,-11.22084,-0.0092148,2.049295,7
SK,6,203,PINU,BAN,NA,-1.461792,9.756e-4,-0.2030123,-1.974315,-1.226e-4,-0.0505149,-0.626237,7.103e-4,-0.4058084,49
SK,6,204,PINU,CON,NA,-1.461792,9.756e-4,-0.2030123,-1.974315,-1.226e-4,-0.0505149,-0.626237,7.103e-4,-0.4058084,49
SK,6,204,PINU,CON,LAT,-1.461792,9.756e-4,-0.2030123,-1.974315,-1.226e-4,-0.0505149,-0.626237,7.103e-4,-0.4058084,49
SK,6,206,PINU,ALB,NA,-1.461792,9.756e-4,-0.2030123,-1.974315,-1.226e-4,-0.0505149,-0.626237,7.103e-4,-0.4058084,49
SK,6,302,ABIE,BAL,NA,-1.704716,-2.335e-4,0.0017432,-1.716841,-3.466e-4,0.020566,-1.362164,3.35e-5,-0.1602114,12
SK,6,304,ABIE,LAS,NA,-1.704716,-2.335e-4,0.0017432,-1.716841,-3.466e-4,0.020566,-1.362164,3.35e-5,-0.1602114,12
SK,6,602,LARI,LAR,NA,-1.970997,-6.047e-4,-0.027565,-1.429406,-0.0018351,-0.0146442,-1.045645,-0.0013869,-0.2051812,349
SK,6,700,THUJ,SPP,NA,-1.912451,-3.23e-4,0.0115122,-0.4041833,6.499e-4,-0.2317277,0.3622236,0.0015883,-0.467506,108
SK,6,701,THUJ,OCC,NA,-1.912451,-3.23e-4,0.0115122,-0.4041833,6.499e-4,-0.2317277,0.3622236,0.0015883,-0.467506,108
SK,6,801,JUNI,VIR,NA,-1.912451,-3.23e-4,0.0115122,-0.4041833,6.499e-4,-0.2317277,0.3622236,0.0015883,-0.467506,108
SK,6,1200,POPU,SPP,NA,-1.408132,-8.354e-4,-0.0057776,-1.743163,-0.0011054,0.0316987,-1.770119,-8.562e-4,-0.1302106,34
SK,6,1201,POPU,TRE,NA,-1.408132,-8.354e-4,-0.0057776,-1.743163,-0.0011054,0.0316987,-1.770119,-8.562e-4,-0.1302106,34
SK,6,1203,POPU,BAL,NA,-1.408132,-8.354e-4,-0.0057776,-1.743163,-0.0011054,0.0316987,-1.770119,-8.562e-4,-0.1302106,34
SK,6,1203,POPU,BAL,BAL,-1.408132,-8.354e-4,-0.0057776,-1.743163,-0.0011054,0.0316987,-1.770119,-8.562e-4,-0.1302106,34
SK,6,1206,POPU,GRA,NA,-1.408132,-8.354e-4,-0.0057776,-1.743163,-0.0011054,0.0316987,-1.770119,-8.562e-4,-0.1302106,34
SK,6,1303,BETU,PAP,NA,-1.871648,-0.0015939,0.0477415,-1.813167,8.134e-4,-0.0279303,-3.185174,-0.0084367,0.3212254,5
SK,6,1303,BETU,PAP,PAP,-1.871648,-0.0015939,0.0477415,-1.813167,8.134e-4,-0.0279303,-3.185174,-0.0084367,0.3212254,5
SK,6,1404,ACER,NEG,NA,-1.866352,-3.583e-4,0.0147543,-1.435435,0.0015429,-0.023589,-1.930152,-0.001368,-0.0935584,13825
SK,6,1500,GENH,SPP,NA,-1.907153,-6.828e-4,-0.0151898,-2.558035,-0.0010482,0.2966087,-1.46093,-5.906e-4,-0.3045906,1479
SK,6,3400,FRAX,SPP,NA,-1.055961,-2.159e-4,-0.1441731,-1.24864,-5.785e-4,-0.1045506,-2.454106,-0.0024742,-0.0751329,176
SK,9,100,PICE,SPP,NA,-1.063659,1.603e-4,-0.1474799,-0.2904561,3e-4,-0.293009,0.6587004,5.521e-4,-0.4791908,394
SK,9,101,PICE,MAR,NA,-1.063659,1.603e-4,-0.1474799,-0.2904561,3e-4,-0.293009,0.6587004,5.521e-4,-0.4791908,394
SK,9,103,PICE,ABI,NA,-1.651888,1.75e-5,-0.0360664,0.5738987,5.447e-4,-0.4454046,0.5525959,7.43e-4,-0.5459,890
SK,9,105,PICE,GLA,NA,-1.651888,1.75e-5,-0.0360664,0.5738987,5.447e-4,-0.4454046,0.5525959,7.43e-4,-0.5459,890
SK,9,107,PICE,MAR,RUB,-1.063659,1.603e-4,-0.1474799,-0.2904561,3e-4,-0.293009,0.6587004,5.521e-4,-0.4791908,394
SK,9,203,PINU,BAN,NA,-0.3748135,2.844e-4,-0.3779376,-0.0490099,7.94e-4,-0.4711329,1.063793,9.957e-4,-0.768174,328
SK,9,204,PINU,CON,NA,-0.3748135,2.844e-4,-0.3779376,-0.0490099,7.94e-4,-0.4711329,1.063793,9.957e-4,-0.768174,328
SK,9,204,PINU,CON,LAT,-0.3748135,2.844e-4,-0.3779376,-0.0490099,7.94e-4,-0.4711329,1.063793,9.957e-4,-0.768174,328
SK,9,206,PINU,ALB,NA,-0.3748135,2.844e-4,-0.3779376,-0.0490099,7.94e-4,-0.4711329,1.063793,9.957e-4,-0.768174,328
SK,9,302,ABIE,BAL,NA,-1.704716,-2.335e-4,0.0017432,-1.716841,-3.466e-4,0.020566,-1.362164,3.35e-5,-0.1602114,12
SK,9,304,ABIE,LAS,NA,-1.704716,-2.335e-4,0.0017432,-1.716841,-3.466e-4,0.020566,-1.362164,3.35e-5,-0.1602114,12
SK,9,602,LARI,LAR,NA,-1.970997,-6.047e-4,-0.027565,-1.429406,-0.0018351,-0.0146442,-1.045645,-0.0013869,-0.2051812,349
SK,9,700,THUJ,SPP,NA,-1.912451,-3.23e-4,0.0115122,-0.4041833,6.499e-4,-0.2317277,0.3622236,0.0015883,-0.467506,108
SK,9,701,THUJ,OCC,NA,-1.912451,-3.23e-4,0.0115122,-0.4041833,6.499e-4,-0.2317277,0.3622236,0.0015883,-0.467506,108
SK,9,801,JUNI,VIR,NA,-1.912451,-3.23e-4,0.0115122,-0.4041833,6.499e-4,-0.2317277,0.3622236,0.0015883,-0.467506,108
SK,9,1200,POPU,SPP,NA,-0.5714486,2.265e-4,-0.1591925,-1.271922,3.569e-4,-0.1777843,-1.171385,7.673e-4,-0.4410431,1249
SK,9,1201,POPU,TRE,NA,-0.5714486,2.265e-4,-0.1591925,-1.271922,3.569e-4,-0.1777843,-1.171385,7.673e-4,-0.4410431,1249
SK,9,1203,POPU,BAL,NA,-1.179716,-0.0010272,-0.0134853,-1.923773,7.063e-4,-8.589e-4,-0.5156059,0.003085,-0.5899663,22
SK,9,1203,POPU,BAL,BAL,-1.179716,-0.0010272,-0.0134853,-1.923773,7.063e-4,-8.589e-4,-0.5156059,0.003085,-0.5899663,22
SK,9,1205,POPU,DEL,NA,-0.5714486,2.265e-4,-0.1591925,-1.271922,3.569e-4,-0.1777843,-1.171385,7.673e-4,-0.4410431,1249
SK,9,1205,POPU,DEL,DEL,-0.5714486,2.265e-4,-0.1591925,-1.271922,3.569e-4,-0.1777843,-1.171385,7.673e-4,-0.4410431,1249
SK,9,1206,POPU,GRA,NA,-0.5714486,2.265e-4,-0.1591925,-1.271922,3.569e-4,-0.1777843,-1.171385,7.673e-4,-0.4410431,1249
SK,9,1303,BETU,PAP,NA,-1.421609,6.32e-5,-0.0492719,-1.475157,-0.00025090000000000003,-0.0074284,0.2584611,0.0011461,-0.6219065,15
SK,9,1303,BETU,PAP,PAP,-1.421609,6.32e-5,-0.0492719,-1.475157,-0.00025090000000000003,-0.0074284,0.2584611,0.0011461,-0.6219065,15
SK,9,1404,ACER,NEG,NA,-1.866352,-3.583e-4,0.0147543,-1.435435,0.0015429,-0.023589,-1.930152,-0.001368,-0.0935584,13825
SK,9,1500,GENH,SPP,NA,-1.907153,-6.828e-4,-0.0151898,-2.558035,-0.0010482,0.2966087,-1.46093,-5.906e-4,-0.3045906,1479
SK,9,2201,ULMU,AME,NA,-2.051406,-4.65e-4,0.0338694,-1.530465,-0.0013316,0.050565,-2.20855,0.0014794,-0.2068746,36
SK,9,3405,FRAX,PEN,SUB,-1.756141,-6.472e-4,-0.0068123,-2.142479,-7.099e-4,0.1234644,-2.956939,-0.0014559,0.0493422,222
SK,9,3405,FRAX,PEN,NA,-1.756141,-6.472e-4,-0.0068123,-2.142479,-7.099e-4,0.1234644,-2.956939,-0.0014559,0.0493422,222
SK,10,100,PICE,SPP,NA,-1.063659,1.603e-4,-0.1474799,-0.2904561,3e-4,-0.293009,0.6587004,5.521e-4,-0.4791908,394
SK,10,101,PICE,MAR,NA,-1.063659,1.603e-4,-0.1474799,-0.2904561,3e-4,-0.293009,0.6587004,5.521e-4,-0.4791908,394
SK,10,103,PICE,ABI,NA,-1.651888,1.75e-5,-0.0360664,0.5738987,5.447e-4,-0.4454046,0.5525959,7.43e-4,-0.5459,890
SK,10,105,PICE,GLA,NA,-1.651888,1.75e-5,-0.0360664,0.5738987,5.447e-4,-0.4454046,0.5525959,7.43e-4,-0.5459,890
SK,10,203,PINU,BAN,NA,-0.3748135,2.844e-4,-0.3779376,-0.0490099,7.94e-4,-0.4711329,1.063793,9.957e-4,-0.768174,328
SK,10,204,PINU,CON,NA,-0.3748135,2.844e-4,-0.3779376,-0.0490099,7.94e-4,-0.4711329,1.063793,9.957e-4,-0.768174,328
SK,10,204,PINU,CON,LAT,-0.3748135,2.844e-4,-0.3779376,-0.0490099,7.94e-4,-0.4711329,1.063793,9.957e-4,-0.768174,328
SK,10,206,PINU,ALB,NA,-0.3748135,2.844e-4,-0.3779376,-0.0490099,7.94e-4,-0.4711329,1.063793,9.957e-4,-0.768174,328
SK,10,302,ABIE,BAL,NA,-1.704716,-2.335e-4,0.0017432,-1.716841,-3.466e-4,0.020566,-1.362164,3.35e-5,-0.1602114,12
SK,10,304,ABIE,LAS,NA,-1.704716,-2.335e-4,0.0017432,-1.716841,-3.466e-4,0.020566,-1.362164,3.35e-5,-0.1602114,12
SK,10,602,LARI,LAR,NA,-1.970997,-6.047e-4,-0.027565,-1.429406,-0.0018351,-0.0146442,-1.045645,-0.0013869,-0.2051812,349
SK,10,1200,POPU,SPP,NA,-0.5714486,2.265e-4,-0.1591925,-1.271922,3.569e-4,-0.1777843,-1.171385,7.673e-4,-0.4410431,1249
SK,10,1201,POPU,TRE,NA,-0.5714486,2.265e-4,-0.1591925,-1.271922,3.569e-4,-0.1777843,-1.171385,7.673e-4,-0.4410431,1249
SK,10,1203,POPU,BAL,NA,-1.179716,-0.0010272,-0.0134853,-1.923773,7.063e-4,-8.589e-4,-0.5156059,0.003085,-0.5899663,22
SK,10,1203,POPU,BAL,BAL,-1.179716,-0.0010272,-0.0134853,-1.923773,7.063e-4,-8.589e-4,-0.5156059,0.003085,-0.5899663,22
SK,10,1206,POPU,GRA,NA,-0.5714486,2.265e-4,-0.1591925,-1.271922,3.569e-4,-0.1777843,-1.171385,7.673e-4,-0.4410431,1249
SK,10,1303,BETU,PAP,NA,-1.421609,6.32e-5,-0.0492719,-1.475157,-0.00025090000000000003,-0.0074284,0.2584611,0.0011461,-0.6219065,15
SK,10,1303,BETU,PAP,PAP,-1.421609,6.32e-5,-0.0492719,-1.475157,-0.00025090000000000003,-0.0074284,0.2584611,0.0011461,-0.6219065,15
SK,10,1404,ACER,NEG,NA,-1.866352,-3.583e-4,0.0147543,-1.435435,0.0015429,-0.023589,-1.930152,-0.001368,-0.0935584,13825
SK,10,2201,ULMU,AME,NA,-2.051406,-4.65e-4,0.0338694,-1.530465,-0.0013316,0.050565,-2.20855,0.0014794,-0.2068746,36
SK,10,3405,FRAX,PEN,SUB,-1.756141,-6.472e-4,-0.0068123,-2.142479,-7.099e-4,0.1234644,-2.956939,-0.0014559,0.0493422,222
SK,10,3405,FRAX,PEN,NA,-1.756141,-6.472e-4,-0.0068123,-2.142479,-7.099e-4,0.1234644,-2.956939,-0.0014559,0.0493422,222
YT,2,100,PICE,SPP,NA,-1.330691,-7.334e-4,-0.0744316,-0.9229124,-0.0023769,-0.0618659,-0.9638116,-0.0024767,-0.1254096,119
YT,2,101,PICE,MAR,NA,-1.387192,9.039e-4,-0.1207942,-1.247222,-0.0010712,-0.1599147,-1.187227,-7.637e-4,-0.2263445,20
YT,2,105,PICE,GLA,NA,-1.330691,-7.334e-4,-0.0744316,-0.9229124,-0.0023769,-0.0618659,-0.9638116,-0.0024767,-0.1254096,119
YT,2,203,PINU,BAN,NA,-2.145356,-0.0016456,0.025224,-2.594705,-0.0039187,0.2129151,-2.244572,-0.0030921,0.0138154,82
YT,2,204,PINU,CON,NA,-2.145356,-0.0016456,0.025224,-2.594705,-0.0039187,0.2129151,-2.244572,-0.0030921,0.0138154,82
YT,2,204,PINU,CON,LAT,-2.145356,-0.0016456,0.025224,-2.594705,-0.0039187,0.2129151,-2.244572,-0.0030921,0.0138154,82
YT,3,100,PICE,SPP,NA,-1.330691,-7.334e-4,-0.0744316,-0.9229124,-0.0023769,-0.0618659,-0.9638116,-0.0024767,-0.1254096,119
YT,3,101,PICE,MAR,NA,-1.387192,9.039e-4,-0.1207942,-1.247222,-0.0010712,-0.1599147,-1.187227,-7.637e-4,-0.2263445,20
YT,3,105,PICE,GLA,NA,-1.330691,-7.334e-4,-0.0744316,-0.9229124,-0.0023769,-0.0618659,-0.9638116,-0.0024767,-0.1254096,119
YT,3,203,PINU,BAN,NA,-2.145356,-0.0016456,0.025224,-2.594705,-0.0039187,0.2129151,-2.244572,-0.0030921,0.0138154,82
YT,3,204,PINU,CON,NA,-2.145356,-0.0016456,0.025224,-2.594705,-0.0039187,0.2129151,-2.244572,-0.0030921,0.0138154,82
YT,3,204,PINU,CON,LAT,-2.145356,-0.0016456,0.025224,-2.594705,-0.0039187,0.2129151,-2.244572,-0.0030921,0.0138154,82
YT,3,300,ABIE,SPP,NA,-1.558933,-9.666e-4,-0.0224363,-1.630098,-0.0030498,0.0956851,-1.564873,-0.0030418,0.0082755,139
YT,3,302,ABIE,BAL,NA,-1.558933,-9.666e-4,-0.0224363,-1.630098,-0.0030498,0.0956851,-1.564873,-0.0030418,0.0082755,139
YT,3,304,ABIE,LAS,NA,-1.558933,-9.666e-4,-0.0224363,-1.630098,-0.0030498,0.0956851,-1.564873,-0.0030418,0.0082755,139
YT,3,602,LARI,LAR,NA,-2.145356,-0.0016456,0.025224,-2.594705,-0.0039187,0.2129151,-2.244572,-0.0030921,0.0138154,82
YT,3,604,LARI,LYA,NA,-2.145356,-0.0016456,0.025224,-2.594705,-0.0039187,0.2129151,-2.244572,-0.0030921,0.0138154,82
YT,3,1200,POPU,SPP,NA,-1.733621,-0.0024198,0.0834193,-2.575905,-0.0055146,0.3473892,-2.017279,-0.0041833,-0.0965576,19
YT,3,1201,POPU,TRE,NA,-1.733621,-0.0024198,0.0834193,-2.575905,-0.0055146,0.3473892,-2.017279,-0.0041833,-0.0965576,19
YT,3,1203,POPU,BAL,NA,-1.733621,-0.0024198,0.0834193,-2.575905,-0.0055146,0.3473892,-2.017279,-0.0041833,-0.0965576,19
YT,3,1203,POPU,BAL,BAL,-1.733621,-0.0024198,0.0834193,-2.575905,-0.0055146,0.3473892,-2.017279,-0.0041833,-0.0965576,19
YT,3,1300,BETU,SPP,NA,-1.733621,-0.0024198,0.0834193,-2.575905,-0.0055146,0.3473892,-2.017279,-0.0041833,-0.0965576,19
YT,3,1303,BETU,PAP,NA,-1.733621,-0.0024198,0.0834193,-2.575905,-0.0055146,0.3473892,-2.017279,-0.0041833,-0.0965576,19
YT,3,1303,BETU,PAP,PAP,-1.733621,-0.0024198,0.0834193,-2.575905,-0.0055146,0.3473892,-2.017279,-0.0041833,-0.0965576,19
YT,3,1308,BETU,PAP,NEO,-1.733621,-0.0024198,0.0834193,-2.575905,-0.0055146,0.3473892,-2.017279,-0.0041833,-0.0965576,19
YT,4,100,PICE,SPP,NA,-1.330691,-7.334e-4,-0.0744316,-0.9229124,-0.0023769,-0.0618659,-0.9638116,-0.0024767,-0.1254096,119
YT,4,101,PICE,MAR,NA,-1.387192,9.039e-4,-0.1207942,-1.247222,-0.0010712,-0.1599147,-1.187227,-7.637e-4,-0.2263445,20
YT,4,105,PICE,GLA,NA,-1.330691,-7.334e-4,-0.0744316,-0.9229124,-0.0023769,-0.0618659,-0.9638116,-0.0024767,-0.1254096,119
YT,4,203,PINU,BAN,NA,-2.145356,-0.0016456,0.025224,-2.594705,-0.0039187,0.2129151,-2.244572,-0.0030921,0.0138154,82
YT,4,204,PINU,CON,NA,-2.145356,-0.0016456,0.025224,-2.594705,-0.0039187,0.2129151,-2.244572,-0.0030921,0.0138154,82
YT,4,204,PINU,CON,LAT,-2.145356,-0.0016456,0.025224,-2.594705,-0.0039187,0.2129151,-2.244572,-0.0030921,0.0138154,82
YT,4,300,ABIE,SPP,NA,-1.558933,-9.666e-4,-0.0224363,-1.630098,-0.0030498,0.0956851,-1.564873,-0.0030418,0.0082755,139
YT,4,302,ABIE,BAL,NA,-1.558933,-9.666e-4,-0.0224363,-1.630098,-0.0030498,0.0956851,-1.564873,-0.0030418,0.0082755,139
YT,4,304,ABIE,LAS,NA,-1.558933,-9.666e-4,-0.0224363,-1.630098,-0.0030498,0.0956851,-1.564873,-0.0030418,0.0082755,139
YT,4,602,LARI,LAR,NA,-2.145356,-0.0016456,0.025224,-2.594705,-0.0039187,0.2129151,-2.244572,-0.0030921,0.0138154,82
YT,4,604,LARI,LYA,NA,-2.145356,-0.0016456,0.025224,-2.594705,-0.0039187,0.2129151,-2.244572,-0.0030921,0.0138154,82
YT,4,1200,POPU,SPP,NA,-1.733621,-0.0024198,0.0834193,-2.575905,-0.0055146,0.3473892,-2.017279,-0.0041833,-0.0965576,19
YT,4,1201,POPU,TRE,NA,-1.733621,-0.0024198,0.0834193,-2.575905,-0.0055146,0.3473892,-2.017279,-0.0041833,-0.0965576,19
YT,4,1203,POPU,BAL,NA,-1.733621,-0.0024198,0.0834193,-2.575905,-0.0055146,0.3473892,-2.017279,-0.0041833,-0.0965576,19
YT,4,1203,POPU,BAL,BAL,-1.733621,-0.0024198,0.0834193,-2.575905,-0.0055146,0.3473892,-2.017279,-0.0041833,-0.0965576,19
YT,4,1300,BETU,SPP,NA,-1.733621,-0.0024198,0.0834193,-2.575905,-0.0055146,0.3473892,-2.017279,-0.0041833,-0.0965576,19
YT,4,1303,BETU,PAP,NA,-1.733621,-0.0024198,0.0834193,-2.575905,-0.0055146,0.3473892,-2.017279,-0.0041833,-0.0965576,19
YT,4,1303,BETU,PAP,PAP,-1.733621,-0.0024198,0.0834193,-2.575905,-0.0055146,0.3473892,-2.017279,-0.0041833,-0.0965576,19
YT,4,1308,BETU,PAP,NEO,-1.733621,-0.0024198,0.0834193,-2.575905,-0.0055146,0.3473892,-2.017279,-0.0041833,-0.0965576,19
YT,11,100,PICE,SPP,NA,-1.330691,-7.334e-4,-0.0744316,-0.9229124,-0.0023769,-0.0618659,-0.9638116,-0.0024767,-0.1254096,119
YT,11,101,PICE,MAR,NA,-1.387192,9.039e-4,-0.1207942,-1.247222,-0.0010712,-0.1599147,-1.187227,-7.637e-4,-0.2263445,20
YT,11,105,PICE,GLA,NA,-1.330691,-7.334e-4,-0.0744316,-0.9229124,-0.0023769,-0.0618659,-0.9638116,-0.0024767,-0.1254096,119
YT,11,203,PINU,BAN,NA,-2.145356,-0.0016456,0.025224,-2.594705,-0.0039187,0.2129151,-2.244572,-0.0030921,0.0138154,82
YT,11,204,PINU,CON,NA,-2.145356,-0.0016456,0.025224,-2.594705,-0.0039187,0.2129151,-2.244572,-0.0030921,0.0138154,82
YT,11,204,PINU,CON,LAT,-2.145356,-0.0016456,0.025224,-2.594705,-0.0039187,0.2129151,-2.244572,-0.0030921,0.0138154,82
YT,11,300,ABIE,SPP,NA,-1.558933,-9.666e-4,-0.0224363,-1.630098,-0.0030498,0.0956851,-1.564873,-0.0030418,0.0082755,139
YT,11,302,ABIE,BAL,NA,-1.558933,-9.666e-4,-0.0224363,-1.630098,-0.0030498,0.0956851,-1.564873,-0.0030418,0.0082755,139
YT,11,304,ABIE,LAS,NA,-1.558933,-9.666e-4,-0.0224363,-1.630098,-0.0030498,0.0956851,-1.564873,-0.0030418,0.0082755,139
YT,11,602,LARI,LAR,NA,-2.145356,-0.0016456,0.025224,-2.594705,-0.0039187,0.2129151,-2.244572,-0.0030921,0.0138154,82
YT,11,604,LARI,LYA,NA,-2.145356,-0.0016456,0.025224,-2.594705,-0.0039187,0.2129151,-2.244572,-0.0030921,0.0138154,82
YT,11,1200,POPU,SPP,NA,-1.733621,-0.0024198,0.0834193,-2.575905,-0.0055146,0.3473892,-2.017279,-0.0041833,-0.0965576,19
YT,11,1201,POPU,TRE,NA,-1.733621,-0.0024198,0.0834193,-2.575905,-0.0055146,0.3473892,-2.017279,-0.0041833,-0.0965576,19
YT,11,1203,POPU,BAL,NA,-1.733621,-0.0024198,0.0834193,-2.575905,-0.0055146,0.3473892,-2.017279,-0.0041833,-0.0965576,19
YT,11,1203,POPU,BAL,BAL,-1.733621,-0.0024198,0.0834193,-2.575905,-0.0055146,0.3473892,-2.017279,-0.0041833,-0.0965576,19
YT,11,1300,BETU,SPP,NA,-1.733621,-0.0024198,0.0834193,-2.575905,-0.0055146,0.3473892,-2.017279,-0.0041833,-0.0965576,19
YT,11,1303,BETU,PAP,NA,-1.733621,-0.0024198,0.0834193,-2.575905,-0.0055146,0.3473892,-2.017279,-0.0041833,-0.0965576,19
YT,11,1303,BETU,PAP,PAP,-1.733621,-0.0024198,0.0834193,-2.575905,-0.0055146,0.3473892,-2.017279,-0.0041833,-0.0965576,19
YT,11,1308,BETU,PAP,NEO,-1.733621,-0.0024198,0.0834193,-2.575905,-0.0055146,0.3473892,-2.017279,-0.0041833,-0.0965576,19
YT,12,100,PICE,SPP,NA,-1.330691,-7.334e-4,-0.0744316,-0.9229124,-0.0023769,-0.0618659,-0.9638116,-0.0024767,-0.1254096,119
YT,12,101,PICE,MAR,NA,-1.387192,9.039e-4,-0.1207942,-1.247222,-0.0010712,-0.1599147,-1.187227,-7.637e-4,-0.2263445,20
YT,12,105,PICE,GLA,NA,-1.330691,-7.334e-4,-0.0744316,-0.9229124,-0.0023769,-0.0618659,-0.9638116,-0.0024767,-0.1254096,119
YT,12,203,PINU,BAN,NA,-2.145356,-0.0016456,0.025224,-2.594705,-0.0039187,0.2129151,-2.244572,-0.0030921,0.0138154,82
YT,12,204,PINU,CON,NA,-2.145356,-0.0016456,0.025224,-2.594705,-0.0039187,0.2129151,-2.244572,-0.0030921,0.0138154,82
YT,12,204,PINU,CON,LAT,-2.145356,-0.0016456,0.025224,-2.594705,-0.0039187,0.2129151,-2.244572,-0.0030921,0.0138154,82
YT,12,300,ABIE,SPP,NA,-1.558933,-9.666e-4,-0.0224363,-1.630098,-0.0030498,0.0956851,-1.564873,-0.0030418,0.0082755,139
YT,12,302,ABIE,BAL,NA,-1.558933,-9.666e-4,-0.0224363,-1.630098,-0.0030498,0.0956851,-1.564873,-0.0030418,0.0082755,139
YT,12,304,ABIE,LAS,NA,-1.558933,-9.666e-4,-0.0224363,-1.630098,-0.0030498,0.0956851,-1.564873,-0.0030418,0.0082755,139
YT,12,602,LARI,LAR,NA,-2.145356,-0.0016456,0.025224,-2.594705,-0.0039187,0.2129151,-2.244572,-0.0030921,0.0138154,82
YT,12,604,LARI,LYA,NA,-2.145356,-0.0016456,0.025224,-2.594705,-0.0039187,0.2129151,-2.244572,-0.0030921,0.0138154,82
YT,12,1200,POPU,SPP,NA,-1.733621,-0.0024198,0.0834193,-2.575905,-0.0055146,0.3473892,-2.017279,-0.0041833,-0.0965576,19
YT,12,1201,POPU,TRE,NA,-1.733621,-0.0024198,0.0834193,-2.575905,-0.0055146,0.3473892,-2.017279,-0.0041833,-0.0965576,19
YT,12,1203,POPU,BAL,NA,-1.733621,-0.0024198,0.0834193,-2.575905,-0.0055146,0.3473892,-2.017279,-0.0041833,-0.0965576,19
YT,12,1203,POPU,BAL,BAL,-1.733621,-0.0024198,0.0834193,-2.575905,-0.0055146,0.3473892,-2.017279,-0.0041833,-0.0965576,19
YT,12,1300,BETU,SPP,NA,-1.733621,-0.0024198,0.0834193,-2.575905,-0.0055146,0.3473892,-2.017279,-0.0041833,-0.0965576,19
YT,12,1303,BETU,PAP,NA,-1.733621,-0.0024198,0.0834193,-2.575905,-0.0055146,0.3473892,-2.017279,-0.0041833,-0.0965576,19
YT,12,1303,BETU,PAP,PAP,-1.733621,-0.0024198,0.0834193,-2.575905,-0.0055146,0.3473892,-2.017279,-0.0041833,-0.0965576,19
YT,12,1308,BETU,PAP,NEO,-1.733621,-0.0024198,0.0834193,-2.575905,-0.0055146,0.3473892,-2.017279,-0.0041833,-0.0965576,19
YT,13,101,PICE,MAR,NA,-1.387192,9.039e-4,-0.1207942,-1.247222,-0.0010712,-0.1599147,-1.187227,-7.637e-4,-0.2263445,20
YT,13,105,PICE,GLA,NA,-1.330691,-7.334e-4,-0.0744316,-0.9229124,-0.0023769,-0.0618659,-0.9638116,-0.0024767,-0.1254096,119
YT,13,204,PINU,CON,NA,-2.145356,-0.0016456,0.025224,-2.594705,-0.0039187,0.2129151,-2.244572,-0.0030921,0.0138154,82
YT,13,204,PINU,CON,LAT,-2.145356,-0.0016456,0.025224,-2.594705,-0.0039187,0.2129151,-2.244572,-0.0030921,0.0138154,82
YT,13,304,ABIE,LAS,NA,-1.558933,-9.666e-4,-0.0224363,-1.630098,-0.0030498,0.0956851,-1.564873,-0.0030418,0.0082755,139
YT,13,602,LARI,LAR,NA,-2.145356,-0.0016456,0.025224,-2.594705,-0.0039187,0.2129151,-2.244572,-0.0030921,0.0138154,82
YT,13,1201,POPU,TRE,NA,-1.733621,-0.0024198,0.0834193,-2.575905,-0.0055146,0.3473892,-2.017279,-0.0041833,-0.0965576,19
YT,13,1203,POPU,BAL,NA,-1.733621,-0.0024198,0.0834193,-2.575905,-0.0055146,0.3473892,-2.017279,-0.0041833,-0.0965576,19
YT,13,1203,POPU,BAL,BAL,-1.733621,-0.0024198,0.0834193,-2.575905,-0.0055146,0.3473892,-2.017279,-0.0041833,-0.0965576,19
YT,13,1308,BETU,PAP,NEO,-1.733621,-0.0024198,0.0834193,-2.575905,-0.0055146,0.3473892,-2.017279,-0.0041833,-0.0965576,19
